solid OpenSCAD_Model
  facet normal -1 0 0
    outer loop
      vertex 14.508333333333333 62 6
      vertex 14.508333333333333 70 10.058181818181819
      vertex 14.508333333333333 70 6
    endloop
  endfacet
  facet normal 0 -1 0
    outer loop
      vertex 14.508333333333333 62 6
      vertex 26.616666666666667 62 6
      vertex 14.508333333333333 62 10.058181818181819
    endloop
  endfacet
  facet normal -1 0 0
    outer loop
      vertex 14.508333333333333 62 6
      vertex 14.508333333333333 62 10.058181818181819
      vertex 14.508333333333333 70 10.058181818181819
    endloop
  endfacet
  facet normal 0 0 1
    outer loop
      vertex 14.508333333333333 62 10.058181818181819
      vertex 26.616666666666667 62 10.058181818181819
      vertex 14.508333333333333 70 10.058181818181819
    endloop
  endfacet
  facet normal 0 1 0
    outer loop
      vertex 14.508333333333333 70 6
      vertex 14.508333333333333 70 10.058181818181819
      vertex 26.616666666666667 70 10.058181818181819
    endloop
  endfacet
  facet normal 0 1 0
    outer loop
      vertex 14.508333333333333 70 6
      vertex 26.616666666666667 70 10.058181818181819
      vertex 26.616666666666667 70 6
    endloop
  endfacet
  facet normal 1 0 0
    outer loop
      vertex 26.616666666666667 62 6
      vertex 26.616666666666667 70 6
      vertex 26.616666666666667 62 10.058181818181819
    endloop
  endfacet
  facet normal 0 -1 0
    outer loop
      vertex 14.508333333333333 62 10.058181818181819
      vertex 26.616666666666667 62 6
      vertex 26.616666666666667 62 10.058181818181819
    endloop
  endfacet
  facet normal 0 0 1
    outer loop
      vertex 14.508333333333333 70 10.058181818181819
      vertex 26.616666666666667 62 10.058181818181819
      vertex 26.616666666666667 70 10.058181818181819
    endloop
  endfacet
  facet normal 1 0 0
    outer loop
      vertex 26.616666666666667 70 6
      vertex 26.616666666666667 70 10.058181818181819
      vertex 26.616666666666667 62 10.058181818181819
    endloop
  endfacet
  facet normal 0 -1 0
    outer loop
      vertex 41.925000000000004 62 6
      vertex 54.03333333333334 62 6
      vertex 41.925000000000004 62 10.058181818181819
    endloop
  endfacet
  facet normal -1 0 0
    outer loop
      vertex 41.925000000000004 62 6
      vertex 41.925000000000004 70 10.058181818181819
      vertex 41.925000000000004 70 6
    endloop
  endfacet
  facet normal 0 1 0
    outer loop
      vertex 41.925000000000004 70 6
      vertex 54.03333333333334 70 10.058181818181819
      vertex 54.03333333333334 70 6
    endloop
  endfacet
  facet normal 1 0 0
    outer loop
      vertex 54.03333333333334 62 6
      vertex 54.03333333333334 70 6
      vertex 54.03333333333334 62 10.058181818181819
    endloop
  endfacet
  facet normal -1 0 0
    outer loop
      vertex 41.925000000000004 62 6
      vertex 41.925000000000004 62 10.058181818181819
      vertex 41.925000000000004 70 10.058181818181819
    endloop
  endfacet
  facet normal 0 0 1
    outer loop
      vertex 41.925000000000004 62 10.058181818181819
      vertex 54.03333333333334 62 10.058181818181819
      vertex 41.925000000000004 70 10.058181818181819
    endloop
  endfacet
  facet normal 0 1 0
    outer loop
      vertex 41.925000000000004 70 6
      vertex 41.925000000000004 70 10.058181818181819
      vertex 54.03333333333334 70 10.058181818181819
    endloop
  endfacet
  facet normal 0 -1 0
    outer loop
      vertex 54.03333333333334 62 6
      vertex 54.03333333333334 62 10.058181818181819
      vertex 41.925000000000004 62 10.058181818181819
    endloop
  endfacet
  facet normal 0 0 1
    outer loop
      vertex 41.925000000000004 70 10.058181818181819
      vertex 54.03333333333334 62 10.058181818181819
      vertex 54.03333333333334 70 10.058181818181819
    endloop
  endfacet
  facet normal 1 0 0
    outer loop
      vertex 54.03333333333334 70 6
      vertex 54.03333333333334 70 10.058181818181819
      vertex 54.03333333333334 62 10.058181818181819
    endloop
  endfacet
  facet normal 0 -1 0
    outer loop
      vertex 83.05000000000001 62 6
      vertex 95.15833333333335 62 6
      vertex 83.05000000000001 62 10.058181818181819
    endloop
  endfacet
  facet normal -1 0 0
    outer loop
      vertex 83.05000000000001 62 6
      vertex 83.05000000000001 70 10.058181818181819
      vertex 83.05000000000001 70 6
    endloop
  endfacet
  facet normal 0 1 0
    outer loop
      vertex 83.05000000000001 70 6
      vertex 95.15833333333335 70 10.058181818181819
      vertex 95.15833333333335 70 6
    endloop
  endfacet
  facet normal 1 0 0
    outer loop
      vertex 95.15833333333335 62 6
      vertex 95.15833333333335 70 6
      vertex 95.15833333333335 62 10.058181818181819
    endloop
  endfacet
  facet normal -1 0 0
    outer loop
      vertex 83.05000000000001 62 6
      vertex 83.05000000000001 62 10.058181818181819
      vertex 83.05000000000001 70 10.058181818181819
    endloop
  endfacet
  facet normal 0 0 1
    outer loop
      vertex 83.05000000000001 62 10.058181818181819
      vertex 95.15833333333335 62 10.058181818181819
      vertex 83.05000000000001 70 10.058181818181819
    endloop
  endfacet
  facet normal 0 1 0
    outer loop
      vertex 83.05000000000001 70 6
      vertex 83.05000000000001 70 10.058181818181819
      vertex 95.15833333333335 70 10.058181818181819
    endloop
  endfacet
  facet normal 0 -1 0
    outer loop
      vertex 95.15833333333335 62 6
      vertex 95.15833333333335 62 10.058181818181819
      vertex 83.05000000000001 62 10.058181818181819
    endloop
  endfacet
  facet normal 0 0 1
    outer loop
      vertex 83.05000000000001 70 10.058181818181819
      vertex 95.15833333333335 62 10.058181818181819
      vertex 95.15833333333335 70 10.058181818181819
    endloop
  endfacet
  facet normal 1 0 0
    outer loop
      vertex 95.15833333333335 70 6
      vertex 95.15833333333335 70 10.058181818181819
      vertex 95.15833333333335 62 10.058181818181819
    endloop
  endfacet
  facet normal -1 0 0
    outer loop
      vertex 110.46666666666667 62 6
      vertex 110.46666666666667 70 10.058181818181819
      vertex 110.46666666666667 70 6
    endloop
  endfacet
  facet normal 0 -1 0
    outer loop
      vertex 110.46666666666667 62 6
      vertex 122.575 62 6
      vertex 110.46666666666667 62 10.058181818181819
    endloop
  endfacet
  facet normal 1 0 0
    outer loop
      vertex 122.575 62 6
      vertex 122.575 70 6
      vertex 122.575 62 10.058181818181819
    endloop
  endfacet
  facet normal 0 1 0
    outer loop
      vertex 110.46666666666667 70 6
      vertex 122.575 70 10.058181818181819
      vertex 122.575 70 6
    endloop
  endfacet
  facet normal -1 0 0
    outer loop
      vertex 110.46666666666667 62 6
      vertex 110.46666666666667 62 10.058181818181819
      vertex 110.46666666666667 70 10.058181818181819
    endloop
  endfacet
  facet normal 0 0 1
    outer loop
      vertex 110.46666666666667 62 10.058181818181819
      vertex 122.575 62 10.058181818181819
      vertex 110.46666666666667 70 10.058181818181819
    endloop
  endfacet
  facet normal 0 1 0
    outer loop
      vertex 110.46666666666667 70 6
      vertex 110.46666666666667 70 10.058181818181819
      vertex 122.575 70 10.058181818181819
    endloop
  endfacet
  facet normal 0 -1 0
    outer loop
      vertex 122.575 62 6
      vertex 122.575 62 10.058181818181819
      vertex 110.46666666666667 62 10.058181818181819
    endloop
  endfacet
  facet normal 1 0 0
    outer loop
      vertex 122.575 70 6
      vertex 122.575 70 10.058181818181819
      vertex 122.575 62 10.058181818181819
    endloop
  endfacet
  facet normal 0 0 1
    outer loop
      vertex 110.46666666666667 70 10.058181818181819
      vertex 122.575 62 10.058181818181819
      vertex 122.575 70 10.058181818181819
    endloop
  endfacet
  facet normal -1 0 0
    outer loop
      vertex 137.88333333333333 62 6
      vertex 137.88333333333333 70 10.058181818181819
      vertex 137.88333333333333 70 6
    endloop
  endfacet
  facet normal 0 -1 0
    outer loop
      vertex 137.88333333333333 62 6
      vertex 149.99166666666667 62 6
      vertex 137.88333333333333 62 10.058181818181819
    endloop
  endfacet
  facet normal -1 0 0
    outer loop
      vertex 137.88333333333333 62 6
      vertex 137.88333333333333 62 10.058181818181819
      vertex 137.88333333333333 70 10.058181818181819
    endloop
  endfacet
  facet normal 0 0 1
    outer loop
      vertex 137.88333333333333 62 10.058181818181819
      vertex 149.99166666666667 62 10.058181818181819
      vertex 137.88333333333333 70 10.058181818181819
    endloop
  endfacet
  facet normal 0 1 0
    outer loop
      vertex 137.88333333333333 70 6
      vertex 137.88333333333333 70 10.058181818181819
      vertex 149.99166666666667 70 10.058181818181819
    endloop
  endfacet
  facet normal 0 1 0
    outer loop
      vertex 137.88333333333333 70 6
      vertex 149.99166666666667 70 10.058181818181819
      vertex 149.99166666666667 70 6
    endloop
  endfacet
  facet normal 1 0 0
    outer loop
      vertex 149.99166666666667 62 6
      vertex 149.99166666666667 70 6
      vertex 149.99166666666667 62 10.058181818181819
    endloop
  endfacet
  facet normal 0 -1 0
    outer loop
      vertex 137.88333333333333 62 10.058181818181819
      vertex 149.99166666666667 62 6
      vertex 149.99166666666667 62 10.058181818181819
    endloop
  endfacet
  facet normal 0 0 1
    outer loop
      vertex 137.88333333333333 70 10.058181818181819
      vertex 149.99166666666667 62 10.058181818181819
      vertex 149.99166666666667 70 10.058181818181819
    endloop
  endfacet
  facet normal 1 0 0
    outer loop
      vertex 149.99166666666667 70 6
      vertex 149.99166666666667 70 10.058181818181819
      vertex 149.99166666666667 62 10.058181818181819
    endloop
  endfacet
  facet normal 0 -1 0
    outer loop
      vertex 0 30 6
      vertex 0.65 30 6
      vertex 0.65 30 24
    endloop
  endfacet
  facet normal 1 0 0
    outer loop
      vertex 0.65 30 6
      vertex 0.65 42 6
      vertex 0.65 30 24
    endloop
  endfacet
  facet normal 0 1 0
    outer loop
      vertex 0 42 6
      vertex 0.65 42 24
      vertex 0.65 42 6
    endloop
  endfacet
  facet normal 0 -1 0
    outer loop
      vertex 0 30 6
      vertex 0.65 30 24
      vertex 0 30 24
    endloop
  endfacet
  facet normal 1 0 0
    outer loop
      vertex 0.65 42 6
      vertex 0.65 42 24
      vertex 0.65 30 24
    endloop
  endfacet
  facet normal 0 1 0
    outer loop
      vertex 0 42 6
      vertex 0 42 24
      vertex 0.65 42 24
    endloop
  endfacet
  facet normal 0 0 1
    outer loop
      vertex 0 30 24
      vertex 0.65 30 24
      vertex 0.65 42 24
    endloop
  endfacet
  facet normal 0 0 1
    outer loop
      vertex 0 30 24
      vertex 0.65 42 24
      vertex 0 42 24
    endloop
  endfacet
  facet normal 0 -1 0
    outer loop
      vertex 22.85 30 6
      vertex 24.150000000000002 30 6
      vertex 22.85 30 24
    endloop
  endfacet
  facet normal 1 0 0
    outer loop
      vertex 24.150000000000002 30 6
      vertex 24.150000000000002 42 6
      vertex 24.150000000000002 30 24
    endloop
  endfacet
  facet normal -1 0 0
    outer loop
      vertex 22.85 30 6
      vertex 22.85 42 24
      vertex 22.85 42 6
    endloop
  endfacet
  facet normal 0 1 0
    outer loop
      vertex 22.85 42 6
      vertex 24.150000000000002 42 24
      vertex 24.150000000000002 42 6
    endloop
  endfacet
  facet normal -1 0 0
    outer loop
      vertex 22.85 30 6
      vertex 22.85 30 24
      vertex 22.85 42 24
    endloop
  endfacet
  facet normal 0 -1 0
    outer loop
      vertex 24.150000000000002 30 6
      vertex 24.150000000000002 30 24
      vertex 22.85 30 24
    endloop
  endfacet
  facet normal 1 0 0
    outer loop
      vertex 24.150000000000002 42 6
      vertex 24.150000000000002 42 24
      vertex 24.150000000000002 30 24
    endloop
  endfacet
  facet normal 0 1 0
    outer loop
      vertex 22.85 42 6
      vertex 22.85 42 24
      vertex 24.150000000000002 42 24
    endloop
  endfacet
  facet normal 0 0 1
    outer loop
      vertex 22.85 30 24
      vertex 24.150000000000002 30 24
      vertex 22.85 42 24
    endloop
  endfacet
  facet normal 0 0 1
    outer loop
      vertex 24.150000000000002 30 24
      vertex 24.150000000000002 42 24
      vertex 22.85 42 24
    endloop
  endfacet
  facet normal 0 -1 0
    outer loop
      vertex 46.35 30 6
      vertex 47.65 30 6
      vertex 46.35 30 24
    endloop
  endfacet
  facet normal 1 0 0
    outer loop
      vertex 47.65 30 6
      vertex 47.65 42 6
      vertex 47.65 30 24
    endloop
  endfacet
  facet normal -1 0 0
    outer loop
      vertex 46.35 30 6
      vertex 46.35 42 24
      vertex 46.35 42 6
    endloop
  endfacet
  facet normal 0 1 0
    outer loop
      vertex 46.35 42 6
      vertex 47.65 42 24
      vertex 47.65 42 6
    endloop
  endfacet
  facet normal 0 -1 0
    outer loop
      vertex 47.65 30 6
      vertex 47.65 30 24
      vertex 46.35 30 24
    endloop
  endfacet
  facet normal -1 0 0
    outer loop
      vertex 46.35 30 6
      vertex 46.35 30 24
      vertex 46.35 42 24
    endloop
  endfacet
  facet normal 1 0 0
    outer loop
      vertex 47.65 42 6
      vertex 47.65 42 24
      vertex 47.65 30 24
    endloop
  endfacet
  facet normal 0 1 0
    outer loop
      vertex 46.35 42 6
      vertex 46.35 42 24
      vertex 47.65 42 24
    endloop
  endfacet
  facet normal 0 0 1
    outer loop
      vertex 46.35 30 24
      vertex 47.65 30 24
      vertex 46.35 42 24
    endloop
  endfacet
  facet normal 0 0 1
    outer loop
      vertex 47.65 30 24
      vertex 47.65 42 24
      vertex 46.35 42 24
    endloop
  endfacet
  facet normal 0 -1 0
    outer loop
      vertex 69.85 30 6
      vertex 71.14999999999999 30 6
      vertex 69.85 30 24
    endloop
  endfacet
  facet normal 1 0 0
    outer loop
      vertex 71.14999999999999 30 6
      vertex 71.14999999999999 42 6
      vertex 71.14999999999999 30 24
    endloop
  endfacet
  facet normal -1 0 0
    outer loop
      vertex 69.85 30 6
      vertex 69.85 42 24
      vertex 69.85 42 6
    endloop
  endfacet
  facet normal 0 1 0
    outer loop
      vertex 69.85 42 6
      vertex 71.14999999999999 42 24
      vertex 71.14999999999999 42 6
    endloop
  endfacet
  facet normal 0 -1 0
    outer loop
      vertex 71.14999999999999 30 6
      vertex 71.14999999999999 30 24
      vertex 69.85 30 24
    endloop
  endfacet
  facet normal -1 0 0
    outer loop
      vertex 69.85 30 6
      vertex 69.85 30 24
      vertex 69.85 42 24
    endloop
  endfacet
  facet normal 1 0 0
    outer loop
      vertex 71.14999999999999 42 6
      vertex 71.14999999999999 42 24
      vertex 71.14999999999999 30 24
    endloop
  endfacet
  facet normal 0 1 0
    outer loop
      vertex 69.85 42 6
      vertex 69.85 42 24
      vertex 71.14999999999999 42 24
    endloop
  endfacet
  facet normal 0 0 1
    outer loop
      vertex 69.85 30 24
      vertex 71.14999999999999 30 24
      vertex 69.85 42 24
    endloop
  endfacet
  facet normal 0 0 1
    outer loop
      vertex 71.14999999999999 30 24
      vertex 71.14999999999999 42 24
      vertex 69.85 42 24
    endloop
  endfacet
  facet normal 0 -1 0
    outer loop
      vertex 93.35 30 6
      vertex 94.64999999999999 30 6
      vertex 93.35 30 24
    endloop
  endfacet
  facet normal 1 0 0
    outer loop
      vertex 94.64999999999999 30 6
      vertex 94.64999999999999 42 6
      vertex 94.64999999999999 30 24
    endloop
  endfacet
  facet normal -1 0 0
    outer loop
      vertex 93.35 30 6
      vertex 93.35 42 24
      vertex 93.35 42 6
    endloop
  endfacet
  facet normal 0 1 0
    outer loop
      vertex 93.35 42 6
      vertex 94.64999999999999 42 24
      vertex 94.64999999999999 42 6
    endloop
  endfacet
  facet normal 0 -1 0
    outer loop
      vertex 94.64999999999999 30 6
      vertex 94.64999999999999 30 24
      vertex 93.35 30 24
    endloop
  endfacet
  facet normal -1 0 0
    outer loop
      vertex 93.35 30 6
      vertex 93.35 30 24
      vertex 93.35 42 24
    endloop
  endfacet
  facet normal 1 0 0
    outer loop
      vertex 94.64999999999999 42 6
      vertex 94.64999999999999 42 24
      vertex 94.64999999999999 30 24
    endloop
  endfacet
  facet normal 0 1 0
    outer loop
      vertex 93.35 42 6
      vertex 93.35 42 24
      vertex 94.64999999999999 42 24
    endloop
  endfacet
  facet normal 0 0 1
    outer loop
      vertex 93.35 30 24
      vertex 94.64999999999999 30 24
      vertex 93.35 42 24
    endloop
  endfacet
  facet normal 0 0 1
    outer loop
      vertex 94.64999999999999 30 24
      vertex 94.64999999999999 42 24
      vertex 93.35 42 24
    endloop
  endfacet
  facet normal 0 -1 0
    outer loop
      vertex 116.85 30 6
      vertex 118.14999999999999 30 6
      vertex 116.85 30 24
    endloop
  endfacet
  facet normal 1 0 0
    outer loop
      vertex 118.14999999999999 30 6
      vertex 118.14999999999999 42 6
      vertex 118.14999999999999 30 24
    endloop
  endfacet
  facet normal -1 0 0
    outer loop
      vertex 116.85 30 6
      vertex 116.85 42 24
      vertex 116.85 42 6
    endloop
  endfacet
  facet normal 0 1 0
    outer loop
      vertex 116.85 42 6
      vertex 118.14999999999999 42 24
      vertex 118.14999999999999 42 6
    endloop
  endfacet
  facet normal 0 -1 0
    outer loop
      vertex 118.14999999999999 30 6
      vertex 118.14999999999999 30 24
      vertex 116.85 30 24
    endloop
  endfacet
  facet normal -1 0 0
    outer loop
      vertex 116.85 30 6
      vertex 116.85 30 24
      vertex 116.85 42 24
    endloop
  endfacet
  facet normal 1 0 0
    outer loop
      vertex 118.14999999999999 42 6
      vertex 118.14999999999999 42 24
      vertex 118.14999999999999 30 24
    endloop
  endfacet
  facet normal 0 1 0
    outer loop
      vertex 116.85 42 6
      vertex 116.85 42 24
      vertex 118.14999999999999 42 24
    endloop
  endfacet
  facet normal 0 0 1
    outer loop
      vertex 116.85 30 24
      vertex 118.14999999999999 30 24
      vertex 116.85 42 24
    endloop
  endfacet
  facet normal 0 0 1
    outer loop
      vertex 118.14999999999999 30 24
      vertex 118.14999999999999 42 24
      vertex 116.85 42 24
    endloop
  endfacet
  facet normal 0 -1 0
    outer loop
      vertex 140.35 30 6
      vertex 141.65 30 6
      vertex 140.35 30 24
    endloop
  endfacet
  facet normal 1 0 0
    outer loop
      vertex 141.65 30 6
      vertex 141.65 42 6
      vertex 141.65 30 24
    endloop
  endfacet
  facet normal -1 0 0
    outer loop
      vertex 140.35 30 6
      vertex 140.35 42 24
      vertex 140.35 42 6
    endloop
  endfacet
  facet normal 0 1 0
    outer loop
      vertex 140.35 42 6
      vertex 141.65 42 24
      vertex 141.65 42 6
    endloop
  endfacet
  facet normal 0 -1 0
    outer loop
      vertex 141.65 30 6
      vertex 141.65 30 24
      vertex 140.35 30 24
    endloop
  endfacet
  facet normal -1 0 0
    outer loop
      vertex 140.35 30 6
      vertex 140.35 30 24
      vertex 140.35 42 24
    endloop
  endfacet
  facet normal 0 1 0
    outer loop
      vertex 140.35 42 6
      vertex 140.35 42 24
      vertex 141.65 42 24
    endloop
  endfacet
  facet normal 1 0 0
    outer loop
      vertex 141.65 42 6
      vertex 141.65 42 24
      vertex 141.65 30 24
    endloop
  endfacet
  facet normal 0 0 1
    outer loop
      vertex 140.35 30 24
      vertex 141.65 30 24
      vertex 140.35 42 24
    endloop
  endfacet
  facet normal 0 0 1
    outer loop
      vertex 141.65 30 24
      vertex 141.65 42 24
      vertex 140.35 42 24
    endloop
  endfacet
  facet normal 0 -1 0
    outer loop
      vertex 163.85 30 6
      vertex 164.5 30 6
      vertex 163.85 30 24
    endloop
  endfacet
  facet normal -1 0 0
    outer loop
      vertex 163.85 30 6
      vertex 163.85 42 24
      vertex 163.85 42 6
    endloop
  endfacet
  facet normal 0 1 0
    outer loop
      vertex 163.85 42 6
      vertex 163.85 42 24
      vertex 164.5 42 6
    endloop
  endfacet
  facet normal 0 -1 0
    outer loop
      vertex 164.5 30 6
      vertex 164.5 30 24
      vertex 163.85 30 24
    endloop
  endfacet
  facet normal -1 0 0
    outer loop
      vertex 163.85 30 6
      vertex 163.85 30 24
      vertex 163.85 42 24
    endloop
  endfacet
  facet normal 0 1 0
    outer loop
      vertex 164.5 42 6
      vertex 163.85 42 24
      vertex 164.5 42 24
    endloop
  endfacet
  facet normal 0 0 1
    outer loop
      vertex 163.85 30 24
      vertex 164.5 30 24
      vertex 164.5 42 24
    endloop
  endfacet
  facet normal 0 0 1
    outer loop
      vertex 163.85 30 24
      vertex 164.5 42 24
      vertex 163.85 42 24
    endloop
  endfacet
  facet normal 0 -1 0
    outer loop
      vertex 13.058333333333334 72 6
      vertex 14.358333333333334 72 6
      vertex 13.058333333333334 72 24
    endloop
  endfacet
  facet normal 1 0 0
    outer loop
      vertex 14.358333333333334 72 6
      vertex 14.358333333333334 78 6
      vertex 14.358333333333334 72 24
    endloop
  endfacet
  facet normal -1 0 0
    outer loop
      vertex 13.058333333333334 72 6
      vertex 13.058333333333334 78 24
      vertex 13.058333333333334 78 6
    endloop
  endfacet
  facet normal 0 1 0
    outer loop
      vertex 13.058333333333334 78 6
      vertex 14.358333333333334 78 24
      vertex 14.358333333333334 78 6
    endloop
  endfacet
  facet normal 0 -1 0
    outer loop
      vertex 14.358333333333334 72 6
      vertex 14.358333333333334 72 24
      vertex 13.058333333333334 72 24
    endloop
  endfacet
  facet normal -1 0 0
    outer loop
      vertex 13.058333333333334 72 6
      vertex 13.058333333333334 72 24
      vertex 13.058333333333334 78 24
    endloop
  endfacet
  facet normal 0 1 0
    outer loop
      vertex 13.058333333333334 78 6
      vertex 13.058333333333334 78 24
      vertex 14.358333333333334 78 24
    endloop
  endfacet
  facet normal 1 0 0
    outer loop
      vertex 14.358333333333334 78 6
      vertex 14.358333333333334 78 24
      vertex 14.358333333333334 72 24
    endloop
  endfacet
  facet normal 0 0 1
    outer loop
      vertex 13.058333333333334 72 24
      vertex 14.358333333333334 72 24
      vertex 13.058333333333334 78 24
    endloop
  endfacet
  facet normal 0 0 1
    outer loop
      vertex 14.358333333333334 72 24
      vertex 14.358333333333334 78 24
      vertex 13.058333333333334 78 24
    endloop
  endfacet
  facet normal 0 -1 0
    outer loop
      vertex 26.76666666666667 72 6
      vertex 28.06666666666667 72 6
      vertex 26.76666666666667 72 24
    endloop
  endfacet
  facet normal 1 0 0
    outer loop
      vertex 28.06666666666667 72 6
      vertex 28.06666666666667 78 6
      vertex 28.06666666666667 72 24
    endloop
  endfacet
  facet normal -1 0 0
    outer loop
      vertex 26.76666666666667 72 6
      vertex 26.76666666666667 78 24
      vertex 26.76666666666667 78 6
    endloop
  endfacet
  facet normal 0 1 0
    outer loop
      vertex 26.76666666666667 78 6
      vertex 28.06666666666667 78 24
      vertex 28.06666666666667 78 6
    endloop
  endfacet
  facet normal -1 0 0
    outer loop
      vertex 26.76666666666667 72 6
      vertex 26.76666666666667 72 24
      vertex 26.76666666666667 78 24
    endloop
  endfacet
  facet normal 0 -1 0
    outer loop
      vertex 28.06666666666667 72 6
      vertex 28.06666666666667 72 24
      vertex 26.76666666666667 72 24
    endloop
  endfacet
  facet normal 1 0 0
    outer loop
      vertex 28.06666666666667 78 6
      vertex 28.06666666666667 78 24
      vertex 28.06666666666667 72 24
    endloop
  endfacet
  facet normal 0 1 0
    outer loop
      vertex 26.76666666666667 78 6
      vertex 26.76666666666667 78 24
      vertex 28.06666666666667 78 24
    endloop
  endfacet
  facet normal 0 0 1
    outer loop
      vertex 26.76666666666667 72 24
      vertex 28.06666666666667 72 24
      vertex 26.76666666666667 78 24
    endloop
  endfacet
  facet normal 0 0 1
    outer loop
      vertex 28.06666666666667 72 24
      vertex 28.06666666666667 78 24
      vertex 26.76666666666667 78 24
    endloop
  endfacet
  facet normal 0 -1 0
    outer loop
      vertex 40.475 72 6
      vertex 41.775 72 6
      vertex 40.475 72 24
    endloop
  endfacet
  facet normal -1 0 0
    outer loop
      vertex 40.475 72 6
      vertex 40.475 78 24
      vertex 40.475 78 6
    endloop
  endfacet
  facet normal -1 0 0
    outer loop
      vertex 40.475 72 6
      vertex 40.475 72 24
      vertex 40.475 78 24
    endloop
  endfacet
  facet normal 0 1 0
    outer loop
      vertex 40.475 78 6
      vertex 40.475 78 24
      vertex 41.775 78 24
    endloop
  endfacet
  facet normal 0 0 1
    outer loop
      vertex 40.475 72 24
      vertex 41.775 72 24
      vertex 40.475 78 24
    endloop
  endfacet
  facet normal 1 0 0
    outer loop
      vertex 41.775 72 6
      vertex 41.775 78 6
      vertex 41.775 72 24
    endloop
  endfacet
  facet normal 0 1 0
    outer loop
      vertex 40.475 78 6
      vertex 41.775 78 24
      vertex 41.775 78 6
    endloop
  endfacet
  facet normal 0 -1 0
    outer loop
      vertex 40.475 72 24
      vertex 41.775 72 6
      vertex 41.775 72 24
    endloop
  endfacet
  facet normal 1 0 0
    outer loop
      vertex 41.775 78 6
      vertex 41.775 78 24
      vertex 41.775 72 24
    endloop
  endfacet
  facet normal 0 0 1
    outer loop
      vertex 40.475 78 24
      vertex 41.775 72 24
      vertex 41.775 78 24
    endloop
  endfacet
  facet normal 0 -1 0
    outer loop
      vertex 54.18333333333334 72 6
      vertex 55.483333333333334 72 6
      vertex 54.18333333333334 72 24
    endloop
  endfacet
  facet normal 1 0 0
    outer loop
      vertex 55.483333333333334 72 6
      vertex 55.483333333333334 78 6
      vertex 55.483333333333334 72 24
    endloop
  endfacet
  facet normal -1 0 0
    outer loop
      vertex 54.18333333333334 72 6
      vertex 54.18333333333334 78 24
      vertex 54.18333333333334 78 6
    endloop
  endfacet
  facet normal 0 1 0
    outer loop
      vertex 54.18333333333334 78 6
      vertex 55.483333333333334 78 24
      vertex 55.483333333333334 78 6
    endloop
  endfacet
  facet normal 0 -1 0
    outer loop
      vertex 55.483333333333334 72 6
      vertex 55.483333333333334 72 24
      vertex 54.18333333333334 72 24
    endloop
  endfacet
  facet normal -1 0 0
    outer loop
      vertex 54.18333333333334 72 6
      vertex 54.18333333333334 72 24
      vertex 54.18333333333334 78 24
    endloop
  endfacet
  facet normal 0 1 0
    outer loop
      vertex 54.18333333333334 78 6
      vertex 54.18333333333334 78 24
      vertex 55.483333333333334 78 24
    endloop
  endfacet
  facet normal 1 0 0
    outer loop
      vertex 55.483333333333334 78 6
      vertex 55.483333333333334 78 24
      vertex 55.483333333333334 72 24
    endloop
  endfacet
  facet normal 0 0 1
    outer loop
      vertex 54.18333333333334 72 24
      vertex 55.483333333333334 72 24
      vertex 54.18333333333334 78 24
    endloop
  endfacet
  facet normal 0 0 1
    outer loop
      vertex 55.483333333333334 72 24
      vertex 55.483333333333334 78 24
      vertex 54.18333333333334 78 24
    endloop
  endfacet
  facet normal 0 -1 0
    outer loop
      vertex 81.6 72 6
      vertex 82.89999999999999 72 6
      vertex 81.6 72 24
    endloop
  endfacet
  facet normal -1 0 0
    outer loop
      vertex 81.6 72 6
      vertex 81.6 78 24
      vertex 81.6 78 6
    endloop
  endfacet
  facet normal -1 0 0
    outer loop
      vertex 81.6 72 6
      vertex 81.6 72 24
      vertex 81.6 78 24
    endloop
  endfacet
  facet normal 0 1 0
    outer loop
      vertex 81.6 78 6
      vertex 81.6 78 24
      vertex 82.89999999999999 78 24
    endloop
  endfacet
  facet normal 0 0 1
    outer loop
      vertex 81.6 72 24
      vertex 82.89999999999999 72 24
      vertex 81.6 78 24
    endloop
  endfacet
  facet normal 1 0 0
    outer loop
      vertex 82.89999999999999 72 6
      vertex 82.89999999999999 78 6
      vertex 82.89999999999999 72 24
    endloop
  endfacet
  facet normal 0 1 0
    outer loop
      vertex 81.6 78 6
      vertex 82.89999999999999 78 24
      vertex 82.89999999999999 78 6
    endloop
  endfacet
  facet normal 0 -1 0
    outer loop
      vertex 81.6 72 24
      vertex 82.89999999999999 72 6
      vertex 82.89999999999999 72 24
    endloop
  endfacet
  facet normal 1 0 0
    outer loop
      vertex 82.89999999999999 78 6
      vertex 82.89999999999999 78 24
      vertex 82.89999999999999 72 24
    endloop
  endfacet
  facet normal 0 0 1
    outer loop
      vertex 81.6 78 24
      vertex 82.89999999999999 72 24
      vertex 82.89999999999999 78 24
    endloop
  endfacet
  facet normal 0 -1 0
    outer loop
      vertex 95.30833333333334 72 6
      vertex 96.60833333333333 72 6
      vertex 95.30833333333334 72 24
    endloop
  endfacet
  facet normal 1 0 0
    outer loop
      vertex 96.60833333333333 72 6
      vertex 96.60833333333333 78 6
      vertex 96.60833333333333 72 24
    endloop
  endfacet
  facet normal -1 0 0
    outer loop
      vertex 95.30833333333334 72 6
      vertex 95.30833333333334 78 24
      vertex 95.30833333333334 78 6
    endloop
  endfacet
  facet normal 0 1 0
    outer loop
      vertex 95.30833333333334 78 6
      vertex 96.60833333333333 78 24
      vertex 96.60833333333333 78 6
    endloop
  endfacet
  facet normal 0 -1 0
    outer loop
      vertex 96.60833333333333 72 6
      vertex 96.60833333333333 72 24
      vertex 95.30833333333334 72 24
    endloop
  endfacet
  facet normal -1 0 0
    outer loop
      vertex 95.30833333333334 72 6
      vertex 95.30833333333334 72 24
      vertex 95.30833333333334 78 24
    endloop
  endfacet
  facet normal 0 1 0
    outer loop
      vertex 95.30833333333334 78 6
      vertex 95.30833333333334 78 24
      vertex 96.60833333333333 78 24
    endloop
  endfacet
  facet normal 1 0 0
    outer loop
      vertex 96.60833333333333 78 6
      vertex 96.60833333333333 78 24
      vertex 96.60833333333333 72 24
    endloop
  endfacet
  facet normal 0 0 1
    outer loop
      vertex 95.30833333333334 72 24
      vertex 96.60833333333333 72 24
      vertex 95.30833333333334 78 24
    endloop
  endfacet
  facet normal 0 0 1
    outer loop
      vertex 96.60833333333333 72 24
      vertex 96.60833333333333 78 24
      vertex 95.30833333333334 78 24
    endloop
  endfacet
  facet normal 0 -1 0
    outer loop
      vertex 109.01666666666667 72 6
      vertex 110.31666666666666 72 6
      vertex 109.01666666666667 72 24
    endloop
  endfacet
  facet normal 1 0 0
    outer loop
      vertex 110.31666666666666 72 6
      vertex 110.31666666666666 78 6
      vertex 110.31666666666666 72 24
    endloop
  endfacet
  facet normal -1 0 0
    outer loop
      vertex 109.01666666666667 72 6
      vertex 109.01666666666667 78 24
      vertex 109.01666666666667 78 6
    endloop
  endfacet
  facet normal 0 1 0
    outer loop
      vertex 109.01666666666667 78 6
      vertex 110.31666666666666 78 24
      vertex 110.31666666666666 78 6
    endloop
  endfacet
  facet normal -1 0 0
    outer loop
      vertex 109.01666666666667 72 6
      vertex 109.01666666666667 72 24
      vertex 109.01666666666667 78 24
    endloop
  endfacet
  facet normal 0 -1 0
    outer loop
      vertex 110.31666666666666 72 6
      vertex 110.31666666666666 72 24
      vertex 109.01666666666667 72 24
    endloop
  endfacet
  facet normal 1 0 0
    outer loop
      vertex 110.31666666666666 78 6
      vertex 110.31666666666666 78 24
      vertex 110.31666666666666 72 24
    endloop
  endfacet
  facet normal 0 1 0
    outer loop
      vertex 109.01666666666667 78 6
      vertex 109.01666666666667 78 24
      vertex 110.31666666666666 78 24
    endloop
  endfacet
  facet normal 0 0 1
    outer loop
      vertex 109.01666666666667 72 24
      vertex 110.31666666666666 72 24
      vertex 109.01666666666667 78 24
    endloop
  endfacet
  facet normal 0 0 1
    outer loop
      vertex 110.31666666666666 72 24
      vertex 110.31666666666666 78 24
      vertex 109.01666666666667 78 24
    endloop
  endfacet
  facet normal 0 -1 0
    outer loop
      vertex 122.725 72 6
      vertex 124.02499999999999 72 6
      vertex 122.725 72 24
    endloop
  endfacet
  facet normal -1 0 0
    outer loop
      vertex 122.725 72 6
      vertex 122.725 78 24
      vertex 122.725 78 6
    endloop
  endfacet
  facet normal -1 0 0
    outer loop
      vertex 122.725 72 6
      vertex 122.725 72 24
      vertex 122.725 78 24
    endloop
  endfacet
  facet normal 0 1 0
    outer loop
      vertex 122.725 78 6
      vertex 122.725 78 24
      vertex 124.02499999999999 78 24
    endloop
  endfacet
  facet normal 0 0 1
    outer loop
      vertex 122.725 72 24
      vertex 124.02499999999999 72 24
      vertex 122.725 78 24
    endloop
  endfacet
  facet normal 1 0 0
    outer loop
      vertex 124.02499999999999 72 6
      vertex 124.02499999999999 78 6
      vertex 124.02499999999999 72 24
    endloop
  endfacet
  facet normal 0 1 0
    outer loop
      vertex 122.725 78 6
      vertex 124.02499999999999 78 24
      vertex 124.02499999999999 78 6
    endloop
  endfacet
  facet normal 0 -1 0
    outer loop
      vertex 122.725 72 24
      vertex 124.02499999999999 72 6
      vertex 124.02499999999999 72 24
    endloop
  endfacet
  facet normal 1 0 0
    outer loop
      vertex 124.02499999999999 78 6
      vertex 124.02499999999999 78 24
      vertex 124.02499999999999 72 24
    endloop
  endfacet
  facet normal 0 0 1
    outer loop
      vertex 122.725 78 24
      vertex 124.02499999999999 72 24
      vertex 124.02499999999999 78 24
    endloop
  endfacet
  facet normal 0 -1 0
    outer loop
      vertex 136.43333333333334 72 6
      vertex 137.73333333333335 72 6
      vertex 136.43333333333334 72 24
    endloop
  endfacet
  facet normal 1 0 0
    outer loop
      vertex 137.73333333333335 72 6
      vertex 137.73333333333335 78 6
      vertex 137.73333333333335 72 24
    endloop
  endfacet
  facet normal -1 0 0
    outer loop
      vertex 136.43333333333334 72 6
      vertex 136.43333333333334 78 24
      vertex 136.43333333333334 78 6
    endloop
  endfacet
  facet normal 0 1 0
    outer loop
      vertex 136.43333333333334 78 6
      vertex 137.73333333333335 78 24
      vertex 137.73333333333335 78 6
    endloop
  endfacet
  facet normal 0 -1 0
    outer loop
      vertex 137.73333333333335 72 6
      vertex 137.73333333333335 72 24
      vertex 136.43333333333334 72 24
    endloop
  endfacet
  facet normal -1 0 0
    outer loop
      vertex 136.43333333333334 72 6
      vertex 136.43333333333334 72 24
      vertex 136.43333333333334 78 24
    endloop
  endfacet
  facet normal 0 1 0
    outer loop
      vertex 136.43333333333334 78 6
      vertex 136.43333333333334 78 24
      vertex 137.73333333333335 78 24
    endloop
  endfacet
  facet normal 1 0 0
    outer loop
      vertex 137.73333333333335 78 6
      vertex 137.73333333333335 78 24
      vertex 137.73333333333335 72 24
    endloop
  endfacet
  facet normal 0 0 1
    outer loop
      vertex 136.43333333333334 72 24
      vertex 137.73333333333335 72 24
      vertex 136.43333333333334 78 24
    endloop
  endfacet
  facet normal 0 0 1
    outer loop
      vertex 137.73333333333335 72 24
      vertex 137.73333333333335 78 24
      vertex 136.43333333333334 78 24
    endloop
  endfacet
  facet normal 0 -1 0
    outer loop
      vertex 150.14166666666668 72 6
      vertex 151.4416666666667 72 6
      vertex 150.14166666666668 72 24
    endloop
  endfacet
  facet normal 1 0 0
    outer loop
      vertex 151.4416666666667 72 6
      vertex 151.4416666666667 78 6
      vertex 151.4416666666667 72 24
    endloop
  endfacet
  facet normal -1 0 0
    outer loop
      vertex 150.14166666666668 72 6
      vertex 150.14166666666668 78 24
      vertex 150.14166666666668 78 6
    endloop
  endfacet
  facet normal 0 1 0
    outer loop
      vertex 150.14166666666668 78 6
      vertex 151.4416666666667 78 24
      vertex 151.4416666666667 78 6
    endloop
  endfacet
  facet normal -1 0 0
    outer loop
      vertex 150.14166666666668 72 6
      vertex 150.14166666666668 72 24
      vertex 150.14166666666668 78 24
    endloop
  endfacet
  facet normal 0 -1 0
    outer loop
      vertex 151.4416666666667 72 6
      vertex 151.4416666666667 72 24
      vertex 150.14166666666668 72 24
    endloop
  endfacet
  facet normal 1 0 0
    outer loop
      vertex 151.4416666666667 78 6
      vertex 151.4416666666667 78 24
      vertex 151.4416666666667 72 24
    endloop
  endfacet
  facet normal 0 1 0
    outer loop
      vertex 150.14166666666668 78 6
      vertex 150.14166666666668 78 24
      vertex 151.4416666666667 78 24
    endloop
  endfacet
  facet normal 0 0 1
    outer loop
      vertex 150.14166666666668 72 24
      vertex 151.4416666666667 72 24
      vertex 150.14166666666668 78 24
    endloop
  endfacet
  facet normal 0 0 1
    outer loop
      vertex 151.4416666666667 72 24
      vertex 151.4416666666667 78 24
      vertex 150.14166666666668 78 24
    endloop
  endfacet
  facet normal 0 -1 0
    outer loop
      vertex 0 142 6
      vertex 0.65 142 6
      vertex 0.65 142 24
    endloop
  endfacet
  facet normal 1 0 0
    outer loop
      vertex 0.65 142 6
      vertex 0.65 154 6
      vertex 0.65 142 24
    endloop
  endfacet
  facet normal 0 1 0
    outer loop
      vertex 0 154 6
      vertex 0.65 154 24
      vertex 0.65 154 6
    endloop
  endfacet
  facet normal 0 -1 0
    outer loop
      vertex 0 142 6
      vertex 0.65 142 24
      vertex 0 142 24
    endloop
  endfacet
  facet normal 1 0 0
    outer loop
      vertex 0.65 154 6
      vertex 0.65 154 24
      vertex 0.65 142 24
    endloop
  endfacet
  facet normal 0 1 0
    outer loop
      vertex 0 154 6
      vertex 0 154 24
      vertex 0.65 154 24
    endloop
  endfacet
  facet normal 0 0 1
    outer loop
      vertex 0 142 24
      vertex 0.65 142 24
      vertex 0.65 154 24
    endloop
  endfacet
  facet normal 0 0 1
    outer loop
      vertex 0 142 24
      vertex 0.65 154 24
      vertex 0 154 24
    endloop
  endfacet
  facet normal 0 -1 0
    outer loop
      vertex 13.058333333333334 142 6
      vertex 14.358333333333334 142 6
      vertex 13.058333333333334 142 24
    endloop
  endfacet
  facet normal 1 0 0
    outer loop
      vertex 14.358333333333334 142 6
      vertex 14.358333333333334 154 6
      vertex 14.358333333333334 142 24
    endloop
  endfacet
  facet normal -1 0 0
    outer loop
      vertex 13.058333333333334 142 6
      vertex 13.058333333333334 154 24
      vertex 13.058333333333334 154 6
    endloop
  endfacet
  facet normal 0 1 0
    outer loop
      vertex 13.058333333333334 154 6
      vertex 14.358333333333334 154 24
      vertex 14.358333333333334 154 6
    endloop
  endfacet
  facet normal 0 -1 0
    outer loop
      vertex 14.358333333333334 142 6
      vertex 14.358333333333334 142 24
      vertex 13.058333333333334 142 24
    endloop
  endfacet
  facet normal -1 0 0
    outer loop
      vertex 13.058333333333334 142 6
      vertex 13.058333333333334 142 24
      vertex 13.058333333333334 154 24
    endloop
  endfacet
  facet normal 1 0 0
    outer loop
      vertex 14.358333333333334 154 6
      vertex 14.358333333333334 154 24
      vertex 14.358333333333334 142 24
    endloop
  endfacet
  facet normal 0 1 0
    outer loop
      vertex 13.058333333333334 154 6
      vertex 13.058333333333334 154 24
      vertex 14.358333333333334 154 24
    endloop
  endfacet
  facet normal 0 0 1
    outer loop
      vertex 13.058333333333334 142 24
      vertex 14.358333333333334 142 24
      vertex 13.058333333333334 154 24
    endloop
  endfacet
  facet normal 0 0 1
    outer loop
      vertex 14.358333333333334 142 24
      vertex 14.358333333333334 154 24
      vertex 13.058333333333334 154 24
    endloop
  endfacet
  facet normal 0 -1 0
    outer loop
      vertex 26.76666666666667 142 6
      vertex 28.06666666666667 142 6
      vertex 26.76666666666667 142 24
    endloop
  endfacet
  facet normal 1 0 0
    outer loop
      vertex 28.06666666666667 142 6
      vertex 28.06666666666667 154 6
      vertex 28.06666666666667 142 24
    endloop
  endfacet
  facet normal -1 0 0
    outer loop
      vertex 26.76666666666667 142 6
      vertex 26.76666666666667 154 24
      vertex 26.76666666666667 154 6
    endloop
  endfacet
  facet normal 0 1 0
    outer loop
      vertex 26.76666666666667 154 6
      vertex 28.06666666666667 154 24
      vertex 28.06666666666667 154 6
    endloop
  endfacet
  facet normal 0 -1 0
    outer loop
      vertex 28.06666666666667 142 6
      vertex 28.06666666666667 142 24
      vertex 26.76666666666667 142 24
    endloop
  endfacet
  facet normal -1 0 0
    outer loop
      vertex 26.76666666666667 142 6
      vertex 26.76666666666667 142 24
      vertex 26.76666666666667 154 24
    endloop
  endfacet
  facet normal 1 0 0
    outer loop
      vertex 28.06666666666667 154 6
      vertex 28.06666666666667 154 24
      vertex 28.06666666666667 142 24
    endloop
  endfacet
  facet normal 0 1 0
    outer loop
      vertex 26.76666666666667 154 6
      vertex 26.76666666666667 154 24
      vertex 28.06666666666667 154 24
    endloop
  endfacet
  facet normal 0 0 1
    outer loop
      vertex 26.76666666666667 142 24
      vertex 28.06666666666667 142 24
      vertex 26.76666666666667 154 24
    endloop
  endfacet
  facet normal 0 0 1
    outer loop
      vertex 28.06666666666667 142 24
      vertex 28.06666666666667 154 24
      vertex 26.76666666666667 154 24
    endloop
  endfacet
  facet normal 0 -1 0
    outer loop
      vertex 40.475 142 6
      vertex 41.775 142 6
      vertex 40.475 142 24
    endloop
  endfacet
  facet normal -1 0 0
    outer loop
      vertex 40.475 142 6
      vertex 40.475 154 24
      vertex 40.475 154 6
    endloop
  endfacet
  facet normal -1 0 0
    outer loop
      vertex 40.475 142 6
      vertex 40.475 142 24
      vertex 40.475 154 24
    endloop
  endfacet
  facet normal 0 1 0
    outer loop
      vertex 40.475 154 6
      vertex 40.475 154 24
      vertex 41.775 154 24
    endloop
  endfacet
  facet normal 0 0 1
    outer loop
      vertex 40.475 142 24
      vertex 41.775 142 24
      vertex 40.475 154 24
    endloop
  endfacet
  facet normal 1 0 0
    outer loop
      vertex 41.775 142 6
      vertex 41.775 154 6
      vertex 41.775 142 24
    endloop
  endfacet
  facet normal 0 1 0
    outer loop
      vertex 40.475 154 6
      vertex 41.775 154 24
      vertex 41.775 154 6
    endloop
  endfacet
  facet normal 0 -1 0
    outer loop
      vertex 40.475 142 24
      vertex 41.775 142 6
      vertex 41.775 142 24
    endloop
  endfacet
  facet normal 1 0 0
    outer loop
      vertex 41.775 154 6
      vertex 41.775 154 24
      vertex 41.775 142 24
    endloop
  endfacet
  facet normal 0 0 1
    outer loop
      vertex 40.475 154 24
      vertex 41.775 142 24
      vertex 41.775 154 24
    endloop
  endfacet
  facet normal 0 -1 0
    outer loop
      vertex 54.18333333333334 142 6
      vertex 55.483333333333334 142 6
      vertex 54.18333333333334 142 24
    endloop
  endfacet
  facet normal 1 0 0
    outer loop
      vertex 55.483333333333334 142 6
      vertex 55.483333333333334 154 6
      vertex 55.483333333333334 142 24
    endloop
  endfacet
  facet normal -1 0 0
    outer loop
      vertex 54.18333333333334 142 6
      vertex 54.18333333333334 154 24
      vertex 54.18333333333334 154 6
    endloop
  endfacet
  facet normal 0 1 0
    outer loop
      vertex 54.18333333333334 154 6
      vertex 55.483333333333334 154 24
      vertex 55.483333333333334 154 6
    endloop
  endfacet
  facet normal 0 -1 0
    outer loop
      vertex 55.483333333333334 142 6
      vertex 55.483333333333334 142 24
      vertex 54.18333333333334 142 24
    endloop
  endfacet
  facet normal -1 0 0
    outer loop
      vertex 54.18333333333334 142 6
      vertex 54.18333333333334 142 24
      vertex 54.18333333333334 154 24
    endloop
  endfacet
  facet normal 1 0 0
    outer loop
      vertex 55.483333333333334 154 6
      vertex 55.483333333333334 154 24
      vertex 55.483333333333334 142 24
    endloop
  endfacet
  facet normal 0 1 0
    outer loop
      vertex 54.18333333333334 154 6
      vertex 54.18333333333334 154 24
      vertex 55.483333333333334 154 24
    endloop
  endfacet
  facet normal 0 0 1
    outer loop
      vertex 54.18333333333334 142 24
      vertex 55.483333333333334 142 24
      vertex 54.18333333333334 154 24
    endloop
  endfacet
  facet normal 0 0 1
    outer loop
      vertex 55.483333333333334 142 24
      vertex 55.483333333333334 154 24
      vertex 54.18333333333334 154 24
    endloop
  endfacet
  facet normal 0 -1 0
    outer loop
      vertex 67.89166666666667 142 6
      vertex 69.19166666666666 142 6
      vertex 67.89166666666667 142 24
    endloop
  endfacet
  facet normal 1 0 0
    outer loop
      vertex 69.19166666666666 142 6
      vertex 69.19166666666666 154 6
      vertex 69.19166666666666 142 24
    endloop
  endfacet
  facet normal -1 0 0
    outer loop
      vertex 67.89166666666667 142 6
      vertex 67.89166666666667 154 24
      vertex 67.89166666666667 154 6
    endloop
  endfacet
  facet normal 0 1 0
    outer loop
      vertex 67.89166666666667 154 6
      vertex 69.19166666666666 154 24
      vertex 69.19166666666666 154 6
    endloop
  endfacet
  facet normal 0 -1 0
    outer loop
      vertex 69.19166666666666 142 6
      vertex 69.19166666666666 142 24
      vertex 67.89166666666667 142 24
    endloop
  endfacet
  facet normal -1 0 0
    outer loop
      vertex 67.89166666666667 142 6
      vertex 67.89166666666667 142 24
      vertex 67.89166666666667 154 24
    endloop
  endfacet
  facet normal 1 0 0
    outer loop
      vertex 69.19166666666666 154 6
      vertex 69.19166666666666 154 24
      vertex 69.19166666666666 142 24
    endloop
  endfacet
  facet normal 0 1 0
    outer loop
      vertex 67.89166666666667 154 6
      vertex 67.89166666666667 154 24
      vertex 69.19166666666666 154 24
    endloop
  endfacet
  facet normal 0 0 1
    outer loop
      vertex 67.89166666666667 142 24
      vertex 69.19166666666666 142 24
      vertex 67.89166666666667 154 24
    endloop
  endfacet
  facet normal 0 0 1
    outer loop
      vertex 69.19166666666666 142 24
      vertex 69.19166666666666 154 24
      vertex 67.89166666666667 154 24
    endloop
  endfacet
  facet normal 0 -1 0
    outer loop
      vertex 81.6 142 6
      vertex 82.89999999999999 142 6
      vertex 81.6 142 24
    endloop
  endfacet
  facet normal -1 0 0
    outer loop
      vertex 81.6 142 6
      vertex 81.6 154 24
      vertex 81.6 154 6
    endloop
  endfacet
  facet normal -1 0 0
    outer loop
      vertex 81.6 142 6
      vertex 81.6 142 24
      vertex 81.6 154 24
    endloop
  endfacet
  facet normal 0 1 0
    outer loop
      vertex 81.6 154 6
      vertex 81.6 154 24
      vertex 82.89999999999999 154 24
    endloop
  endfacet
  facet normal 0 0 1
    outer loop
      vertex 81.6 142 24
      vertex 82.89999999999999 142 24
      vertex 81.6 154 24
    endloop
  endfacet
  facet normal 1 0 0
    outer loop
      vertex 82.89999999999999 142 6
      vertex 82.89999999999999 154 6
      vertex 82.89999999999999 142 24
    endloop
  endfacet
  facet normal 0 1 0
    outer loop
      vertex 81.6 154 6
      vertex 82.89999999999999 154 24
      vertex 82.89999999999999 154 6
    endloop
  endfacet
  facet normal 0 -1 0
    outer loop
      vertex 81.6 142 24
      vertex 82.89999999999999 142 6
      vertex 82.89999999999999 142 24
    endloop
  endfacet
  facet normal 1 0 0
    outer loop
      vertex 82.89999999999999 154 6
      vertex 82.89999999999999 154 24
      vertex 82.89999999999999 142 24
    endloop
  endfacet
  facet normal 0 0 1
    outer loop
      vertex 81.6 154 24
      vertex 82.89999999999999 142 24
      vertex 82.89999999999999 154 24
    endloop
  endfacet
  facet normal 0 -1 0
    outer loop
      vertex 95.30833333333334 142 6
      vertex 96.60833333333333 142 6
      vertex 95.30833333333334 142 24
    endloop
  endfacet
  facet normal 1 0 0
    outer loop
      vertex 96.60833333333333 142 6
      vertex 96.60833333333333 154 6
      vertex 96.60833333333333 142 24
    endloop
  endfacet
  facet normal -1 0 0
    outer loop
      vertex 95.30833333333334 142 6
      vertex 95.30833333333334 154 24
      vertex 95.30833333333334 154 6
    endloop
  endfacet
  facet normal 0 1 0
    outer loop
      vertex 95.30833333333334 154 6
      vertex 96.60833333333333 154 24
      vertex 96.60833333333333 154 6
    endloop
  endfacet
  facet normal 0 -1 0
    outer loop
      vertex 96.60833333333333 142 6
      vertex 96.60833333333333 142 24
      vertex 95.30833333333334 142 24
    endloop
  endfacet
  facet normal -1 0 0
    outer loop
      vertex 95.30833333333334 142 6
      vertex 95.30833333333334 142 24
      vertex 95.30833333333334 154 24
    endloop
  endfacet
  facet normal 1 0 0
    outer loop
      vertex 96.60833333333333 154 6
      vertex 96.60833333333333 154 24
      vertex 96.60833333333333 142 24
    endloop
  endfacet
  facet normal 0 1 0
    outer loop
      vertex 95.30833333333334 154 6
      vertex 95.30833333333334 154 24
      vertex 96.60833333333333 154 24
    endloop
  endfacet
  facet normal 0 0 1
    outer loop
      vertex 95.30833333333334 142 24
      vertex 96.60833333333333 142 24
      vertex 95.30833333333334 154 24
    endloop
  endfacet
  facet normal 0 0 1
    outer loop
      vertex 96.60833333333333 142 24
      vertex 96.60833333333333 154 24
      vertex 95.30833333333334 154 24
    endloop
  endfacet
  facet normal 0 -1 0
    outer loop
      vertex 109.01666666666667 142 6
      vertex 110.31666666666666 142 6
      vertex 109.01666666666667 142 24
    endloop
  endfacet
  facet normal 1 0 0
    outer loop
      vertex 110.31666666666666 142 6
      vertex 110.31666666666666 154 6
      vertex 110.31666666666666 142 24
    endloop
  endfacet
  facet normal -1 0 0
    outer loop
      vertex 109.01666666666667 142 6
      vertex 109.01666666666667 154 24
      vertex 109.01666666666667 154 6
    endloop
  endfacet
  facet normal 0 1 0
    outer loop
      vertex 109.01666666666667 154 6
      vertex 110.31666666666666 154 24
      vertex 110.31666666666666 154 6
    endloop
  endfacet
  facet normal 0 -1 0
    outer loop
      vertex 110.31666666666666 142 6
      vertex 110.31666666666666 142 24
      vertex 109.01666666666667 142 24
    endloop
  endfacet
  facet normal -1 0 0
    outer loop
      vertex 109.01666666666667 142 6
      vertex 109.01666666666667 142 24
      vertex 109.01666666666667 154 24
    endloop
  endfacet
  facet normal 1 0 0
    outer loop
      vertex 110.31666666666666 154 6
      vertex 110.31666666666666 154 24
      vertex 110.31666666666666 142 24
    endloop
  endfacet
  facet normal 0 1 0
    outer loop
      vertex 109.01666666666667 154 6
      vertex 109.01666666666667 154 24
      vertex 110.31666666666666 154 24
    endloop
  endfacet
  facet normal 0 0 1
    outer loop
      vertex 109.01666666666667 142 24
      vertex 110.31666666666666 142 24
      vertex 109.01666666666667 154 24
    endloop
  endfacet
  facet normal 0 0 1
    outer loop
      vertex 110.31666666666666 142 24
      vertex 110.31666666666666 154 24
      vertex 109.01666666666667 154 24
    endloop
  endfacet
  facet normal 0 -1 0
    outer loop
      vertex 122.725 142 6
      vertex 124.02499999999999 142 6
      vertex 122.725 142 24
    endloop
  endfacet
  facet normal -1 0 0
    outer loop
      vertex 122.725 142 6
      vertex 122.725 154 24
      vertex 122.725 154 6
    endloop
  endfacet
  facet normal -1 0 0
    outer loop
      vertex 122.725 142 6
      vertex 122.725 142 24
      vertex 122.725 154 24
    endloop
  endfacet
  facet normal 0 1 0
    outer loop
      vertex 122.725 154 6
      vertex 122.725 154 24
      vertex 124.02499999999999 154 24
    endloop
  endfacet
  facet normal 0 0 1
    outer loop
      vertex 122.725 142 24
      vertex 124.02499999999999 142 24
      vertex 122.725 154 24
    endloop
  endfacet
  facet normal 1 0 0
    outer loop
      vertex 124.02499999999999 142 6
      vertex 124.02499999999999 154 6
      vertex 124.02499999999999 142 24
    endloop
  endfacet
  facet normal 0 1 0
    outer loop
      vertex 122.725 154 6
      vertex 124.02499999999999 154 24
      vertex 124.02499999999999 154 6
    endloop
  endfacet
  facet normal 0 -1 0
    outer loop
      vertex 122.725 142 24
      vertex 124.02499999999999 142 6
      vertex 124.02499999999999 142 24
    endloop
  endfacet
  facet normal 1 0 0
    outer loop
      vertex 124.02499999999999 154 6
      vertex 124.02499999999999 154 24
      vertex 124.02499999999999 142 24
    endloop
  endfacet
  facet normal 0 0 1
    outer loop
      vertex 122.725 154 24
      vertex 124.02499999999999 142 24
      vertex 124.02499999999999 154 24
    endloop
  endfacet
  facet normal 0 -1 0
    outer loop
      vertex 136.43333333333334 142 6
      vertex 137.73333333333335 142 6
      vertex 136.43333333333334 142 24
    endloop
  endfacet
  facet normal 1 0 0
    outer loop
      vertex 137.73333333333335 142 6
      vertex 137.73333333333335 154 6
      vertex 137.73333333333335 142 24
    endloop
  endfacet
  facet normal -1 0 0
    outer loop
      vertex 136.43333333333334 142 6
      vertex 136.43333333333334 154 24
      vertex 136.43333333333334 154 6
    endloop
  endfacet
  facet normal 0 1 0
    outer loop
      vertex 136.43333333333334 154 6
      vertex 137.73333333333335 154 24
      vertex 137.73333333333335 154 6
    endloop
  endfacet
  facet normal 0 -1 0
    outer loop
      vertex 137.73333333333335 142 6
      vertex 137.73333333333335 142 24
      vertex 136.43333333333334 142 24
    endloop
  endfacet
  facet normal -1 0 0
    outer loop
      vertex 136.43333333333334 142 6
      vertex 136.43333333333334 142 24
      vertex 136.43333333333334 154 24
    endloop
  endfacet
  facet normal 1 0 0
    outer loop
      vertex 137.73333333333335 154 6
      vertex 137.73333333333335 154 24
      vertex 137.73333333333335 142 24
    endloop
  endfacet
  facet normal 0 1 0
    outer loop
      vertex 136.43333333333334 154 6
      vertex 136.43333333333334 154 24
      vertex 137.73333333333335 154 24
    endloop
  endfacet
  facet normal 0 0 1
    outer loop
      vertex 136.43333333333334 142 24
      vertex 137.73333333333335 142 24
      vertex 136.43333333333334 154 24
    endloop
  endfacet
  facet normal 0 0 1
    outer loop
      vertex 137.73333333333335 142 24
      vertex 137.73333333333335 154 24
      vertex 136.43333333333334 154 24
    endloop
  endfacet
  facet normal 0 -1 0
    outer loop
      vertex 150.14166666666668 142 6
      vertex 151.4416666666667 142 6
      vertex 150.14166666666668 142 24
    endloop
  endfacet
  facet normal 1 0 0
    outer loop
      vertex 151.4416666666667 142 6
      vertex 151.4416666666667 154 6
      vertex 151.4416666666667 142 24
    endloop
  endfacet
  facet normal -1 0 0
    outer loop
      vertex 150.14166666666668 142 6
      vertex 150.14166666666668 154 24
      vertex 150.14166666666668 154 6
    endloop
  endfacet
  facet normal 0 1 0
    outer loop
      vertex 150.14166666666668 154 6
      vertex 151.4416666666667 154 24
      vertex 151.4416666666667 154 6
    endloop
  endfacet
  facet normal 0 -1 0
    outer loop
      vertex 151.4416666666667 142 6
      vertex 151.4416666666667 142 24
      vertex 150.14166666666668 142 24
    endloop
  endfacet
  facet normal -1 0 0
    outer loop
      vertex 150.14166666666668 142 6
      vertex 150.14166666666668 142 24
      vertex 150.14166666666668 154 24
    endloop
  endfacet
  facet normal 1 0 0
    outer loop
      vertex 151.4416666666667 154 6
      vertex 151.4416666666667 154 24
      vertex 151.4416666666667 142 24
    endloop
  endfacet
  facet normal 0 1 0
    outer loop
      vertex 150.14166666666668 154 6
      vertex 150.14166666666668 154 24
      vertex 151.4416666666667 154 24
    endloop
  endfacet
  facet normal 0 0 1
    outer loop
      vertex 150.14166666666668 142 24
      vertex 151.4416666666667 142 24
      vertex 150.14166666666668 154 24
    endloop
  endfacet
  facet normal 0 0 1
    outer loop
      vertex 151.4416666666667 142 24
      vertex 151.4416666666667 154 24
      vertex 150.14166666666668 154 24
    endloop
  endfacet
  facet normal 0 -1 0
    outer loop
      vertex 163.85 142 6
      vertex 164.5 142 6
      vertex 163.85 142 24
    endloop
  endfacet
  facet normal -1 0 0
    outer loop
      vertex 163.85 142 6
      vertex 163.85 154 24
      vertex 163.85 154 6
    endloop
  endfacet
  facet normal 0 1 0
    outer loop
      vertex 163.85 154 6
      vertex 163.85 154 24
      vertex 164.5 154 6
    endloop
  endfacet
  facet normal 0 -1 0
    outer loop
      vertex 164.5 142 6
      vertex 164.5 142 24
      vertex 163.85 142 24
    endloop
  endfacet
  facet normal -1 0 0
    outer loop
      vertex 163.85 142 6
      vertex 163.85 142 24
      vertex 163.85 154 24
    endloop
  endfacet
  facet normal 0 1 0
    outer loop
      vertex 164.5 154 6
      vertex 163.85 154 24
      vertex 164.5 154 24
    endloop
  endfacet
  facet normal 0 0 1
    outer loop
      vertex 163.85 142 24
      vertex 164.5 142 24
      vertex 164.5 154 24
    endloop
  endfacet
  facet normal 0 0 1
    outer loop
      vertex 163.85 142 24
      vertex 164.5 154 24
      vertex 163.85 154 24
    endloop
  endfacet
  facet normal 0 1 0
    outer loop
      vertex 0.8041666666666671 157.2 9.2
      vertex 0.8041666666666671 157.2 12.2
      vertex 12.904166666666667 157.2 9.2
    endloop
  endfacet
  facet normal 0 1 0
    outer loop
      vertex 0.8041666666666671 157.2 12.2
      vertex 12.904166666666667 157.2 12.2
      vertex 12.904166666666667 157.2 9.2
    endloop
  endfacet
  facet normal 1 0 0
    outer loop
      vertex 0.8041666666666671 157.2 9.2
      vertex 0.8041666666666671 172.8 12.2
      vertex 0.8041666666666671 157.2 12.2
    endloop
  endfacet
  facet normal 0 0 1
    outer loop
      vertex 0.8041666666666671 157.2 9.2
      vertex 12.904166666666667 172.8 9.2
      vertex 0.8041666666666671 172.8 9.2
    endloop
  endfacet
  facet normal 1 0 0
    outer loop
      vertex 0.8041666666666671 157.2 9.2
      vertex 0.8041666666666671 172.8 9.2
      vertex 0.8041666666666671 172.8 12.2
    endloop
  endfacet
  facet normal 0 0 1
    outer loop
      vertex 0.8041666666666671 157.2 9.2
      vertex 12.904166666666667 157.2 9.2
      vertex 12.904166666666667 172.8 9.2
    endloop
  endfacet
  facet normal -1 0 0
    outer loop
      vertex 12.904166666666667 157.2 9.2
      vertex 12.904166666666667 157.2 12.2
      vertex 12.904166666666667 172.8 9.2
    endloop
  endfacet
  facet normal -1 0 0
    outer loop
      vertex 12.904166666666667 157.2 12.2
      vertex 12.904166666666667 172.8 12.2
      vertex 12.904166666666667 172.8 9.2
    endloop
  endfacet
  facet normal 0 -1 0
    outer loop
      vertex 0.8041666666666671 172.8 9.2
      vertex 12.904166666666667 172.8 12.2
      vertex 0.8041666666666671 172.8 12.2
    endloop
  endfacet
  facet normal 0 -1 0
    outer loop
      vertex 0.8041666666666671 172.8 9.2
      vertex 12.904166666666667 172.8 9.2
      vertex 12.904166666666667 172.8 12.2
    endloop
  endfacet
  facet normal 0 1 0
    outer loop
      vertex 14.5125 157.2 9.2
      vertex 14.5125 157.2 12.2
      vertex 26.612499999999997 157.2 9.2
    endloop
  endfacet
  facet normal 1 0 0
    outer loop
      vertex 14.5125 157.2 9.2
      vertex 14.5125 172.8 12.2
      vertex 14.5125 157.2 12.2
    endloop
  endfacet
  facet normal 1 0 0
    outer loop
      vertex 14.5125 157.2 9.2
      vertex 14.5125 172.8 9.2
      vertex 14.5125 172.8 12.2
    endloop
  endfacet
  facet normal 0 0 1
    outer loop
      vertex 14.5125 157.2 9.2
      vertex 26.612499999999997 172.8 9.2
      vertex 14.5125 172.8 9.2
    endloop
  endfacet
  facet normal 0 1 0
    outer loop
      vertex 14.5125 157.2 12.2
      vertex 26.612499999999997 157.2 12.2
      vertex 26.612499999999997 157.2 9.2
    endloop
  endfacet
  facet normal 0 0 1
    outer loop
      vertex 14.5125 157.2 9.2
      vertex 26.612499999999997 157.2 9.2
      vertex 26.612499999999997 172.8 9.2
    endloop
  endfacet
  facet normal -1 0 0
    outer loop
      vertex 26.612499999999997 157.2 9.2
      vertex 26.612499999999997 157.2 12.2
      vertex 26.612499999999997 172.8 9.2
    endloop
  endfacet
  facet normal -1 0 0
    outer loop
      vertex 26.612499999999997 157.2 12.2
      vertex 26.612499999999997 172.8 12.2
      vertex 26.612499999999997 172.8 9.2
    endloop
  endfacet
  facet normal 0 -1 0
    outer loop
      vertex 14.5125 172.8 9.2
      vertex 26.612499999999997 172.8 12.2
      vertex 14.5125 172.8 12.2
    endloop
  endfacet
  facet normal 0 -1 0
    outer loop
      vertex 14.5125 172.8 9.2
      vertex 26.612499999999997 172.8 9.2
      vertex 26.612499999999997 172.8 12.2
    endloop
  endfacet
  facet normal 1 0 0
    outer loop
      vertex 28.220833333333335 157.2 9.2
      vertex 28.220833333333335 172.8 12.2
      vertex 28.220833333333335 157.2 12.2
    endloop
  endfacet
  facet normal 1 0 0
    outer loop
      vertex 28.220833333333335 157.2 9.2
      vertex 28.220833333333335 172.8 9.2
      vertex 28.220833333333335 172.8 12.2
    endloop
  endfacet
  facet normal 0 1 0
    outer loop
      vertex 28.220833333333335 157.2 9.2
      vertex 28.220833333333335 157.2 12.2
      vertex 40.32083333333333 157.2 9.2
    endloop
  endfacet
  facet normal 0 1 0
    outer loop
      vertex 28.220833333333335 157.2 12.2
      vertex 40.32083333333333 157.2 12.2
      vertex 40.32083333333333 157.2 9.2
    endloop
  endfacet
  facet normal 0 0 1
    outer loop
      vertex 28.220833333333335 157.2 9.2
      vertex 40.32083333333333 172.8 9.2
      vertex 28.220833333333335 172.8 9.2
    endloop
  endfacet
  facet normal 0 0 1
    outer loop
      vertex 28.220833333333335 157.2 9.2
      vertex 40.32083333333333 157.2 9.2
      vertex 40.32083333333333 172.8 9.2
    endloop
  endfacet
  facet normal -1 0 0
    outer loop
      vertex 40.32083333333333 157.2 9.2
      vertex 40.32083333333333 157.2 12.2
      vertex 40.32083333333333 172.8 9.2
    endloop
  endfacet
  facet normal -1 0 0
    outer loop
      vertex 40.32083333333333 157.2 12.2
      vertex 40.32083333333333 172.8 12.2
      vertex 40.32083333333333 172.8 9.2
    endloop
  endfacet
  facet normal 0 -1 0
    outer loop
      vertex 28.220833333333335 172.8 9.2
      vertex 40.32083333333333 172.8 12.2
      vertex 28.220833333333335 172.8 12.2
    endloop
  endfacet
  facet normal 0 -1 0
    outer loop
      vertex 28.220833333333335 172.8 9.2
      vertex 40.32083333333333 172.8 9.2
      vertex 40.32083333333333 172.8 12.2
    endloop
  endfacet
  facet normal 0 1 0
    outer loop
      vertex 41.929166666666674 157.2 9.2
      vertex 41.929166666666674 157.2 12.2
      vertex 54.029166666666676 157.2 9.2
    endloop
  endfacet
  facet normal 0 1 0
    outer loop
      vertex 41.929166666666674 157.2 12.2
      vertex 54.029166666666676 157.2 12.2
      vertex 54.029166666666676 157.2 9.2
    endloop
  endfacet
  facet normal 1 0 0
    outer loop
      vertex 41.929166666666674 157.2 9.2
      vertex 41.929166666666674 172.8 12.2
      vertex 41.929166666666674 157.2 12.2
    endloop
  endfacet
  facet normal 0 0 1
    outer loop
      vertex 41.929166666666674 157.2 9.2
      vertex 54.029166666666676 172.8 9.2
      vertex 41.929166666666674 172.8 9.2
    endloop
  endfacet
  facet normal 1 0 0
    outer loop
      vertex 41.929166666666674 157.2 9.2
      vertex 41.929166666666674 172.8 9.2
      vertex 41.929166666666674 172.8 12.2
    endloop
  endfacet
  facet normal 0 0 1
    outer loop
      vertex 41.929166666666674 157.2 9.2
      vertex 54.029166666666676 157.2 9.2
      vertex 54.029166666666676 172.8 9.2
    endloop
  endfacet
  facet normal -1 0 0
    outer loop
      vertex 54.029166666666676 157.2 9.2
      vertex 54.029166666666676 157.2 12.2
      vertex 54.029166666666676 172.8 9.2
    endloop
  endfacet
  facet normal -1 0 0
    outer loop
      vertex 54.029166666666676 157.2 12.2
      vertex 54.029166666666676 172.8 12.2
      vertex 54.029166666666676 172.8 9.2
    endloop
  endfacet
  facet normal 0 -1 0
    outer loop
      vertex 41.929166666666674 172.8 9.2
      vertex 54.029166666666676 172.8 12.2
      vertex 41.929166666666674 172.8 12.2
    endloop
  endfacet
  facet normal 0 -1 0
    outer loop
      vertex 41.929166666666674 172.8 9.2
      vertex 54.029166666666676 172.8 9.2
      vertex 54.029166666666676 172.8 12.2
    endloop
  endfacet
  facet normal 0 1 0
    outer loop
      vertex 55.6375 157.2 9.2
      vertex 55.6375 157.2 12.2
      vertex 67.7375 157.2 9.2
    endloop
  endfacet
  facet normal 1 0 0
    outer loop
      vertex 55.6375 157.2 9.2
      vertex 55.6375 172.8 12.2
      vertex 55.6375 157.2 12.2
    endloop
  endfacet
  facet normal 1 0 0
    outer loop
      vertex 55.6375 157.2 9.2
      vertex 55.6375 172.8 9.2
      vertex 55.6375 172.8 12.2
    endloop
  endfacet
  facet normal 0 0 1
    outer loop
      vertex 55.6375 157.2 9.2
      vertex 67.7375 172.8 9.2
      vertex 55.6375 172.8 9.2
    endloop
  endfacet
  facet normal 0 1 0
    outer loop
      vertex 55.6375 157.2 12.2
      vertex 67.7375 157.2 12.2
      vertex 67.7375 157.2 9.2
    endloop
  endfacet
  facet normal 0 0 1
    outer loop
      vertex 55.6375 157.2 9.2
      vertex 67.7375 157.2 9.2
      vertex 67.7375 172.8 9.2
    endloop
  endfacet
  facet normal -1 0 0
    outer loop
      vertex 67.7375 157.2 9.2
      vertex 67.7375 157.2 12.2
      vertex 67.7375 172.8 9.2
    endloop
  endfacet
  facet normal -1 0 0
    outer loop
      vertex 67.7375 157.2 12.2
      vertex 67.7375 172.8 12.2
      vertex 67.7375 172.8 9.2
    endloop
  endfacet
  facet normal 0 -1 0
    outer loop
      vertex 55.6375 172.8 9.2
      vertex 67.7375 172.8 12.2
      vertex 55.6375 172.8 12.2
    endloop
  endfacet
  facet normal 0 -1 0
    outer loop
      vertex 55.6375 172.8 9.2
      vertex 67.7375 172.8 9.2
      vertex 67.7375 172.8 12.2
    endloop
  endfacet
  facet normal 1 0 0
    outer loop
      vertex 69.34583333333335 157.2 9.2
      vertex 69.34583333333335 172.8 12.2
      vertex 69.34583333333335 157.2 12.2
    endloop
  endfacet
  facet normal 1 0 0
    outer loop
      vertex 69.34583333333335 157.2 9.2
      vertex 69.34583333333335 172.8 9.2
      vertex 69.34583333333335 172.8 12.2
    endloop
  endfacet
  facet normal 0 1 0
    outer loop
      vertex 69.34583333333335 157.2 9.2
      vertex 69.34583333333335 157.2 12.2
      vertex 81.44583333333334 157.2 9.2
    endloop
  endfacet
  facet normal 0 1 0
    outer loop
      vertex 69.34583333333335 157.2 12.2
      vertex 81.44583333333334 157.2 12.2
      vertex 81.44583333333334 157.2 9.2
    endloop
  endfacet
  facet normal 0 0 1
    outer loop
      vertex 69.34583333333335 157.2 9.2
      vertex 81.44583333333334 172.8 9.2
      vertex 69.34583333333335 172.8 9.2
    endloop
  endfacet
  facet normal 0 0 1
    outer loop
      vertex 69.34583333333335 157.2 9.2
      vertex 81.44583333333334 157.2 9.2
      vertex 81.44583333333334 172.8 9.2
    endloop
  endfacet
  facet normal -1 0 0
    outer loop
      vertex 81.44583333333334 157.2 9.2
      vertex 81.44583333333334 157.2 12.2
      vertex 81.44583333333334 172.8 9.2
    endloop
  endfacet
  facet normal -1 0 0
    outer loop
      vertex 81.44583333333334 157.2 12.2
      vertex 81.44583333333334 172.8 12.2
      vertex 81.44583333333334 172.8 9.2
    endloop
  endfacet
  facet normal 0 -1 0
    outer loop
      vertex 69.34583333333335 172.8 9.2
      vertex 81.44583333333334 172.8 12.2
      vertex 69.34583333333335 172.8 12.2
    endloop
  endfacet
  facet normal 0 -1 0
    outer loop
      vertex 69.34583333333335 172.8 9.2
      vertex 81.44583333333334 172.8 9.2
      vertex 81.44583333333334 172.8 12.2
    endloop
  endfacet
  facet normal 0 1 0
    outer loop
      vertex 83.05416666666667 157.2 9.2
      vertex 83.05416666666667 157.2 12.2
      vertex 95.15416666666667 157.2 9.2
    endloop
  endfacet
  facet normal 0 1 0
    outer loop
      vertex 83.05416666666667 157.2 12.2
      vertex 95.15416666666667 157.2 12.2
      vertex 95.15416666666667 157.2 9.2
    endloop
  endfacet
  facet normal 1 0 0
    outer loop
      vertex 83.05416666666667 157.2 9.2
      vertex 83.05416666666667 172.8 12.2
      vertex 83.05416666666667 157.2 12.2
    endloop
  endfacet
  facet normal 0 0 1
    outer loop
      vertex 83.05416666666667 157.2 9.2
      vertex 95.15416666666667 172.8 9.2
      vertex 83.05416666666667 172.8 9.2
    endloop
  endfacet
  facet normal 1 0 0
    outer loop
      vertex 83.05416666666667 157.2 9.2
      vertex 83.05416666666667 172.8 9.2
      vertex 83.05416666666667 172.8 12.2
    endloop
  endfacet
  facet normal 0 0 1
    outer loop
      vertex 83.05416666666667 157.2 9.2
      vertex 95.15416666666667 157.2 9.2
      vertex 95.15416666666667 172.8 9.2
    endloop
  endfacet
  facet normal -1 0 0
    outer loop
      vertex 95.15416666666667 157.2 9.2
      vertex 95.15416666666667 157.2 12.2
      vertex 95.15416666666667 172.8 9.2
    endloop
  endfacet
  facet normal -1 0 0
    outer loop
      vertex 95.15416666666667 157.2 12.2
      vertex 95.15416666666667 172.8 12.2
      vertex 95.15416666666667 172.8 9.2
    endloop
  endfacet
  facet normal 0 -1 0
    outer loop
      vertex 83.05416666666667 172.8 9.2
      vertex 95.15416666666667 172.8 12.2
      vertex 83.05416666666667 172.8 12.2
    endloop
  endfacet
  facet normal 0 -1 0
    outer loop
      vertex 83.05416666666667 172.8 9.2
      vertex 95.15416666666667 172.8 9.2
      vertex 95.15416666666667 172.8 12.2
    endloop
  endfacet
  facet normal 0 1 0
    outer loop
      vertex 96.7625 157.2 9.2
      vertex 96.7625 157.2 12.2
      vertex 108.8625 157.2 9.2
    endloop
  endfacet
  facet normal 1 0 0
    outer loop
      vertex 96.7625 157.2 9.2
      vertex 96.7625 172.8 12.2
      vertex 96.7625 157.2 12.2
    endloop
  endfacet
  facet normal 1 0 0
    outer loop
      vertex 96.7625 157.2 9.2
      vertex 96.7625 172.8 9.2
      vertex 96.7625 172.8 12.2
    endloop
  endfacet
  facet normal 0 0 1
    outer loop
      vertex 96.7625 157.2 9.2
      vertex 108.8625 172.8 9.2
      vertex 96.7625 172.8 9.2
    endloop
  endfacet
  facet normal 0 1 0
    outer loop
      vertex 96.7625 157.2 12.2
      vertex 108.8625 157.2 12.2
      vertex 108.8625 157.2 9.2
    endloop
  endfacet
  facet normal 0 0 1
    outer loop
      vertex 96.7625 157.2 9.2
      vertex 108.8625 157.2 9.2
      vertex 108.8625 172.8 9.2
    endloop
  endfacet
  facet normal -1 0 0
    outer loop
      vertex 108.8625 157.2 9.2
      vertex 108.8625 157.2 12.2
      vertex 108.8625 172.8 9.2
    endloop
  endfacet
  facet normal -1 0 0
    outer loop
      vertex 108.8625 157.2 12.2
      vertex 108.8625 172.8 12.2
      vertex 108.8625 172.8 9.2
    endloop
  endfacet
  facet normal 0 -1 0
    outer loop
      vertex 96.7625 172.8 9.2
      vertex 108.8625 172.8 12.2
      vertex 96.7625 172.8 12.2
    endloop
  endfacet
  facet normal 0 -1 0
    outer loop
      vertex 96.7625 172.8 9.2
      vertex 108.8625 172.8 9.2
      vertex 108.8625 172.8 12.2
    endloop
  endfacet
  facet normal 1 0 0
    outer loop
      vertex 110.47083333333335 157.2 9.2
      vertex 110.47083333333335 172.8 12.2
      vertex 110.47083333333335 157.2 12.2
    endloop
  endfacet
  facet normal 1 0 0
    outer loop
      vertex 110.47083333333335 157.2 9.2
      vertex 110.47083333333335 172.8 9.2
      vertex 110.47083333333335 172.8 12.2
    endloop
  endfacet
  facet normal 0 1 0
    outer loop
      vertex 110.47083333333335 157.2 9.2
      vertex 110.47083333333335 157.2 12.2
      vertex 122.57083333333334 157.2 9.2
    endloop
  endfacet
  facet normal 0 1 0
    outer loop
      vertex 110.47083333333335 157.2 12.2
      vertex 122.57083333333334 157.2 12.2
      vertex 122.57083333333334 157.2 9.2
    endloop
  endfacet
  facet normal 0 0 1
    outer loop
      vertex 110.47083333333335 157.2 9.2
      vertex 122.57083333333334 172.8 9.2
      vertex 110.47083333333335 172.8 9.2
    endloop
  endfacet
  facet normal 0 0 1
    outer loop
      vertex 110.47083333333335 157.2 9.2
      vertex 122.57083333333334 157.2 9.2
      vertex 122.57083333333334 172.8 9.2
    endloop
  endfacet
  facet normal -1 0 0
    outer loop
      vertex 122.57083333333334 157.2 9.2
      vertex 122.57083333333334 157.2 12.2
      vertex 122.57083333333334 172.8 9.2
    endloop
  endfacet
  facet normal -1 0 0
    outer loop
      vertex 122.57083333333334 157.2 12.2
      vertex 122.57083333333334 172.8 12.2
      vertex 122.57083333333334 172.8 9.2
    endloop
  endfacet
  facet normal 0 -1 0
    outer loop
      vertex 110.47083333333335 172.8 9.2
      vertex 122.57083333333334 172.8 12.2
      vertex 110.47083333333335 172.8 12.2
    endloop
  endfacet
  facet normal 0 -1 0
    outer loop
      vertex 110.47083333333335 172.8 9.2
      vertex 122.57083333333334 172.8 9.2
      vertex 122.57083333333334 172.8 12.2
    endloop
  endfacet
  facet normal 0 1 0
    outer loop
      vertex 124.17916666666669 157.2 9.2
      vertex 124.17916666666669 157.2 12.2
      vertex 136.2791666666667 157.2 9.2
    endloop
  endfacet
  facet normal 0 1 0
    outer loop
      vertex 124.17916666666669 157.2 12.2
      vertex 136.2791666666667 157.2 12.2
      vertex 136.2791666666667 157.2 9.2
    endloop
  endfacet
  facet normal 1 0 0
    outer loop
      vertex 124.17916666666669 157.2 9.2
      vertex 124.17916666666669 172.8 12.2
      vertex 124.17916666666669 157.2 12.2
    endloop
  endfacet
  facet normal 0 0 1
    outer loop
      vertex 124.17916666666669 157.2 9.2
      vertex 136.2791666666667 172.8 9.2
      vertex 124.17916666666669 172.8 9.2
    endloop
  endfacet
  facet normal 1 0 0
    outer loop
      vertex 124.17916666666669 157.2 9.2
      vertex 124.17916666666669 172.8 9.2
      vertex 124.17916666666669 172.8 12.2
    endloop
  endfacet
  facet normal 0 0 1
    outer loop
      vertex 124.17916666666669 157.2 9.2
      vertex 136.2791666666667 157.2 9.2
      vertex 136.2791666666667 172.8 9.2
    endloop
  endfacet
  facet normal -1 0 0
    outer loop
      vertex 136.2791666666667 157.2 9.2
      vertex 136.2791666666667 157.2 12.2
      vertex 136.2791666666667 172.8 9.2
    endloop
  endfacet
  facet normal -1 0 0
    outer loop
      vertex 136.2791666666667 157.2 12.2
      vertex 136.2791666666667 172.8 12.2
      vertex 136.2791666666667 172.8 9.2
    endloop
  endfacet
  facet normal 0 -1 0
    outer loop
      vertex 124.17916666666669 172.8 9.2
      vertex 136.2791666666667 172.8 12.2
      vertex 124.17916666666669 172.8 12.2
    endloop
  endfacet
  facet normal 0 -1 0
    outer loop
      vertex 124.17916666666669 172.8 9.2
      vertex 136.2791666666667 172.8 9.2
      vertex 136.2791666666667 172.8 12.2
    endloop
  endfacet
  facet normal 0 1 0
    outer loop
      vertex 137.8875 157.2 9.2
      vertex 137.8875 157.2 12.2
      vertex 149.98749999999998 157.2 9.2
    endloop
  endfacet
  facet normal 1 0 0
    outer loop
      vertex 137.8875 157.2 9.2
      vertex 137.8875 172.8 12.2
      vertex 137.8875 157.2 12.2
    endloop
  endfacet
  facet normal 1 0 0
    outer loop
      vertex 137.8875 157.2 9.2
      vertex 137.8875 172.8 9.2
      vertex 137.8875 172.8 12.2
    endloop
  endfacet
  facet normal 0 0 1
    outer loop
      vertex 137.8875 157.2 9.2
      vertex 149.98749999999998 172.8 9.2
      vertex 137.8875 172.8 9.2
    endloop
  endfacet
  facet normal 0 1 0
    outer loop
      vertex 137.8875 157.2 12.2
      vertex 149.98749999999998 157.2 12.2
      vertex 149.98749999999998 157.2 9.2
    endloop
  endfacet
  facet normal 0 0 1
    outer loop
      vertex 137.8875 157.2 9.2
      vertex 149.98749999999998 157.2 9.2
      vertex 149.98749999999998 172.8 9.2
    endloop
  endfacet
  facet normal -1 0 0
    outer loop
      vertex 149.98749999999998 157.2 9.2
      vertex 149.98749999999998 157.2 12.2
      vertex 149.98749999999998 172.8 9.2
    endloop
  endfacet
  facet normal -1 0 0
    outer loop
      vertex 149.98749999999998 157.2 12.2
      vertex 149.98749999999998 172.8 12.2
      vertex 149.98749999999998 172.8 9.2
    endloop
  endfacet
  facet normal 0 -1 0
    outer loop
      vertex 137.8875 172.8 9.2
      vertex 149.98749999999998 172.8 12.2
      vertex 137.8875 172.8 12.2
    endloop
  endfacet
  facet normal 0 -1 0
    outer loop
      vertex 137.8875 172.8 9.2
      vertex 149.98749999999998 172.8 9.2
      vertex 149.98749999999998 172.8 12.2
    endloop
  endfacet
  facet normal 1 0 0
    outer loop
      vertex 151.59583333333333 157.2 9.2
      vertex 151.59583333333333 172.8 12.2
      vertex 151.59583333333333 157.2 12.2
    endloop
  endfacet
  facet normal 1 0 0
    outer loop
      vertex 151.59583333333333 157.2 9.2
      vertex 151.59583333333333 172.8 9.2
      vertex 151.59583333333333 172.8 12.2
    endloop
  endfacet
  facet normal 0 1 0
    outer loop
      vertex 151.59583333333333 157.2 9.2
      vertex 151.59583333333333 157.2 12.2
      vertex 163.69583333333333 157.2 9.2
    endloop
  endfacet
  facet normal 0 1 0
    outer loop
      vertex 151.59583333333333 157.2 12.2
      vertex 163.69583333333333 157.2 12.2
      vertex 163.69583333333333 157.2 9.2
    endloop
  endfacet
  facet normal 0 0 1
    outer loop
      vertex 151.59583333333333 157.2 9.2
      vertex 163.69583333333333 172.8 9.2
      vertex 151.59583333333333 172.8 9.2
    endloop
  endfacet
  facet normal 0 0 1
    outer loop
      vertex 151.59583333333333 157.2 9.2
      vertex 163.69583333333333 157.2 9.2
      vertex 163.69583333333333 172.8 9.2
    endloop
  endfacet
  facet normal -1 0 0
    outer loop
      vertex 163.69583333333333 157.2 9.2
      vertex 163.69583333333333 157.2 12.2
      vertex 163.69583333333333 172.8 9.2
    endloop
  endfacet
  facet normal -1 0 0
    outer loop
      vertex 163.69583333333333 157.2 12.2
      vertex 163.69583333333333 172.8 12.2
      vertex 163.69583333333333 172.8 9.2
    endloop
  endfacet
  facet normal 0 -1 0
    outer loop
      vertex 151.59583333333333 172.8 9.2
      vertex 163.69583333333333 172.8 12.2
      vertex 151.59583333333333 172.8 12.2
    endloop
  endfacet
  facet normal 0 -1 0
    outer loop
      vertex 151.59583333333333 172.8 9.2
      vertex 163.69583333333333 172.8 9.2
      vertex 163.69583333333333 172.8 12.2
    endloop
  endfacet
  facet normal -1 0 0
    outer loop
      vertex 0 155 4.043478260869565
      vertex 0 155 6
      vertex 0 157.81453683586807 6
    endloop
  endfacet
  facet normal -1 0 0
    outer loop
      vertex 0 155 6
      vertex 0 155 12.2
      vertex 0 157.81453683586807 6
    endloop
  endfacet
  facet normal 0 0 1
    outer loop
      vertex 0 155 12.2
      vertex 12.904166666666667 157.2 12.2
      vertex 0.8041666666666671 157.2 12.2
    endloop
  endfacet
  facet normal 0 0 1
    outer loop
      vertex 0 155 12.2
      vertex 14.5125 157.2 12.2
      vertex 12.904166666666667 157.2 12.2
    endloop
  endfacet
  facet normal -1 0 0
    outer loop
      vertex 0 157.81453683586807 6
      vertex 0 155 12.2
      vertex 0 174 12.2
    endloop
  endfacet
  facet normal -1 0 0
    outer loop
      vertex 0 157.81453683586807 6
      vertex 0 174 12.2
      vertex 0 174 6
    endloop
  endfacet
  facet normal 0 0 1
    outer loop
      vertex 0 155 12.2
      vertex 0.8041666666666671 157.2 12.2
      vertex 0.8041666666666671 172.8 12.2
    endloop
  endfacet
  facet normal 0 0 1
    outer loop
      vertex 0 155 12.2
      vertex 0.8041666666666671 172.8 12.2
      vertex 0 174 12.2
    endloop
  endfacet
  facet normal 0 0 1
    outer loop
      vertex 0 155 12.2
      vertex 26.612499999999997 157.2 12.2
      vertex 14.5125 157.2 12.2
    endloop
  endfacet
  facet normal 0 0 1
    outer loop
      vertex 0 155 12.2
      vertex 28.220833333333335 157.2 12.2
      vertex 26.612499999999997 157.2 12.2
    endloop
  endfacet
  facet normal 0 0 1
    outer loop
      vertex 12.904166666666667 157.2 12.2
      vertex 14.5125 157.2 12.2
      vertex 14.5125 172.8 12.2
    endloop
  endfacet
  facet normal 0 0 1
    outer loop
      vertex 12.904166666666667 157.2 12.2
      vertex 14.5125 172.8 12.2
      vertex 12.904166666666667 172.8 12.2
    endloop
  endfacet
  facet normal 0 0 1
    outer loop
      vertex 26.612499999999997 157.2 12.2
      vertex 28.220833333333335 157.2 12.2
      vertex 28.220833333333335 172.8 12.2
    endloop
  endfacet
  facet normal 0 0 1
    outer loop
      vertex 26.612499999999997 157.2 12.2
      vertex 28.220833333333335 172.8 12.2
      vertex 26.612499999999997 172.8 12.2
    endloop
  endfacet
  facet normal 0 0 1
    outer loop
      vertex 40.32083333333333 157.2 12.2
      vertex 41.929166666666674 172.8 12.2
      vertex 40.32083333333333 172.8 12.2
    endloop
  endfacet
  facet normal 0 0 1
    outer loop
      vertex 0 174 12.2
      vertex 0.8041666666666671 172.8 12.2
      vertex 12.904166666666667 172.8 12.2
    endloop
  endfacet
  facet normal 0 0 1
    outer loop
      vertex 0 174 12.2
      vertex 12.904166666666667 172.8 12.2
      vertex 14.5125 172.8 12.2
    endloop
  endfacet
  facet normal 0 0 1
    outer loop
      vertex 0 174 12.2
      vertex 14.5125 172.8 12.2
      vertex 26.612499999999997 172.8 12.2
    endloop
  endfacet
  facet normal 0 0 1
    outer loop
      vertex 40.32083333333333 157.2 12.2
      vertex 41.929166666666674 157.2 12.2
      vertex 41.929166666666674 172.8 12.2
    endloop
  endfacet
  facet normal 0 -1 0
    outer loop
      vertex 0 155 6
      vertex 164.5 155 6
      vertex 0 155 12.2
    endloop
  endfacet
  facet normal 0 0 1
    outer loop
      vertex 54.029166666666676 157.2 12.2
      vertex 55.6375 157.2 12.2
      vertex 55.6375 172.8 12.2
    endloop
  endfacet
  facet normal 0 0 1
    outer loop
      vertex 54.029166666666676 157.2 12.2
      vertex 55.6375 172.8 12.2
      vertex 54.029166666666676 172.8 12.2
    endloop
  endfacet
  facet normal 0 0 1
    outer loop
      vertex 0 155 12.2
      vertex 164.5 155 12.2
      vertex 28.220833333333335 157.2 12.2
    endloop
  endfacet
  facet normal 0 0 1
    outer loop
      vertex 67.7375 157.2 12.2
      vertex 69.34583333333335 157.2 12.2
      vertex 69.34583333333335 172.8 12.2
    endloop
  endfacet
  facet normal 0 0 1
    outer loop
      vertex 67.7375 157.2 12.2
      vertex 69.34583333333335 172.8 12.2
      vertex 67.7375 172.8 12.2
    endloop
  endfacet
  facet normal 0 0 1
    outer loop
      vertex 28.220833333333335 157.2 12.2
      vertex 164.5 155 12.2
      vertex 40.32083333333333 157.2 12.2
    endloop
  endfacet
  facet normal 0 0 1
    outer loop
      vertex 81.44583333333334 157.2 12.2
      vertex 83.05416666666667 172.8 12.2
      vertex 81.44583333333334 172.8 12.2
    endloop
  endfacet
  facet normal 0 1 0
    outer loop
      vertex 0 174 6
      vertex 0 174 12.2
      vertex 164.5 174 12.2
    endloop
  endfacet
  facet normal 0 0 1
    outer loop
      vertex 0 174 12.2
      vertex 26.612499999999997 172.8 12.2
      vertex 164.5 174 12.2
    endloop
  endfacet
  facet normal 0 0 1
    outer loop
      vertex 26.612499999999997 172.8 12.2
      vertex 28.220833333333335 172.8 12.2
      vertex 164.5 174 12.2
    endloop
  endfacet
  facet normal 0 0 1
    outer loop
      vertex 28.220833333333335 172.8 12.2
      vertex 40.32083333333333 172.8 12.2
      vertex 164.5 174 12.2
    endloop
  endfacet
  facet normal 0 0 1
    outer loop
      vertex 40.32083333333333 157.2 12.2
      vertex 164.5 155 12.2
      vertex 41.929166666666674 157.2 12.2
    endloop
  endfacet
  facet normal 0 0 1
    outer loop
      vertex 41.929166666666674 157.2 12.2
      vertex 164.5 155 12.2
      vertex 54.029166666666676 157.2 12.2
    endloop
  endfacet
  facet normal 0 0 1
    outer loop
      vertex 54.029166666666676 157.2 12.2
      vertex 164.5 155 12.2
      vertex 55.6375 157.2 12.2
    endloop
  endfacet
  facet normal 0 0 1
    outer loop
      vertex 81.44583333333334 157.2 12.2
      vertex 83.05416666666667 157.2 12.2
      vertex 83.05416666666667 172.8 12.2
    endloop
  endfacet
  facet normal 0 0 1
    outer loop
      vertex 55.6375 157.2 12.2
      vertex 164.5 155 12.2
      vertex 67.7375 157.2 12.2
    endloop
  endfacet
  facet normal 0 0 1
    outer loop
      vertex 67.7375 157.2 12.2
      vertex 164.5 155 12.2
      vertex 69.34583333333335 157.2 12.2
    endloop
  endfacet
  facet normal 0 0 1
    outer loop
      vertex 95.15416666666667 157.2 12.2
      vertex 96.7625 157.2 12.2
      vertex 96.7625 172.8 12.2
    endloop
  endfacet
  facet normal 0 0 1
    outer loop
      vertex 95.15416666666667 157.2 12.2
      vertex 96.7625 172.8 12.2
      vertex 95.15416666666667 172.8 12.2
    endloop
  endfacet
  facet normal 0 -1 0
    outer loop
      vertex 0 155 12.2
      vertex 164.5 155 6
      vertex 164.5 155 12.2
    endloop
  endfacet
  facet normal 0 0 1
    outer loop
      vertex 69.34583333333335 157.2 12.2
      vertex 164.5 155 12.2
      vertex 81.44583333333334 157.2 12.2
    endloop
  endfacet
  facet normal 0 0 1
    outer loop
      vertex 81.44583333333334 157.2 12.2
      vertex 164.5 155 12.2
      vertex 83.05416666666667 157.2 12.2
    endloop
  endfacet
  facet normal 0 0 1
    outer loop
      vertex 108.8625 157.2 12.2
      vertex 110.47083333333335 157.2 12.2
      vertex 110.47083333333335 172.8 12.2
    endloop
  endfacet
  facet normal 0 0 1
    outer loop
      vertex 108.8625 157.2 12.2
      vertex 110.47083333333335 172.8 12.2
      vertex 108.8625 172.8 12.2
    endloop
  endfacet
  facet normal 0 0 1
    outer loop
      vertex 83.05416666666667 157.2 12.2
      vertex 164.5 155 12.2
      vertex 95.15416666666667 157.2 12.2
    endloop
  endfacet
  facet normal 0 0 1
    outer loop
      vertex 95.15416666666667 157.2 12.2
      vertex 164.5 155 12.2
      vertex 96.7625 157.2 12.2
    endloop
  endfacet
  facet normal 0 0 1
    outer loop
      vertex 122.57083333333334 157.2 12.2
      vertex 124.17916666666669 172.8 12.2
      vertex 122.57083333333334 172.8 12.2
    endloop
  endfacet
  facet normal 0 0 1
    outer loop
      vertex 40.32083333333333 172.8 12.2
      vertex 41.929166666666674 172.8 12.2
      vertex 164.5 174 12.2
    endloop
  endfacet
  facet normal 0 0 1
    outer loop
      vertex 41.929166666666674 172.8 12.2
      vertex 54.029166666666676 172.8 12.2
      vertex 164.5 174 12.2
    endloop
  endfacet
  facet normal 0 0 1
    outer loop
      vertex 54.029166666666676 172.8 12.2
      vertex 55.6375 172.8 12.2
      vertex 164.5 174 12.2
    endloop
  endfacet
  facet normal 0 0 1
    outer loop
      vertex 55.6375 172.8 12.2
      vertex 67.7375 172.8 12.2
      vertex 164.5 174 12.2
    endloop
  endfacet
  facet normal 0 0 1
    outer loop
      vertex 67.7375 172.8 12.2
      vertex 69.34583333333335 172.8 12.2
      vertex 164.5 174 12.2
    endloop
  endfacet
  facet normal 0 1 0
    outer loop
      vertex 0 174 6
      vertex 164.5 174 12.2
      vertex 164.5 174 6
    endloop
  endfacet
  facet normal 0 0 1
    outer loop
      vertex 69.34583333333335 172.8 12.2
      vertex 81.44583333333334 172.8 12.2
      vertex 164.5 174 12.2
    endloop
  endfacet
  facet normal 0 0 1
    outer loop
      vertex 81.44583333333334 172.8 12.2
      vertex 83.05416666666667 172.8 12.2
      vertex 164.5 174 12.2
    endloop
  endfacet
  facet normal 0 0 1
    outer loop
      vertex 83.05416666666667 172.8 12.2
      vertex 95.15416666666667 172.8 12.2
      vertex 164.5 174 12.2
    endloop
  endfacet
  facet normal 0 0 1
    outer loop
      vertex 95.15416666666667 172.8 12.2
      vertex 96.7625 172.8 12.2
      vertex 164.5 174 12.2
    endloop
  endfacet
  facet normal 0 0 1
    outer loop
      vertex 96.7625 157.2 12.2
      vertex 164.5 155 12.2
      vertex 108.8625 157.2 12.2
    endloop
  endfacet
  facet normal 0 0 1
    outer loop
      vertex 108.8625 157.2 12.2
      vertex 164.5 155 12.2
      vertex 110.47083333333335 157.2 12.2
    endloop
  endfacet
  facet normal 0 0 1
    outer loop
      vertex 110.47083333333335 157.2 12.2
      vertex 164.5 155 12.2
      vertex 122.57083333333334 157.2 12.2
    endloop
  endfacet
  facet normal 0 0 1
    outer loop
      vertex 122.57083333333334 157.2 12.2
      vertex 124.17916666666669 157.2 12.2
      vertex 124.17916666666669 172.8 12.2
    endloop
  endfacet
  facet normal 0 0 1
    outer loop
      vertex 122.57083333333334 157.2 12.2
      vertex 164.5 155 12.2
      vertex 124.17916666666669 157.2 12.2
    endloop
  endfacet
  facet normal 0 0 1
    outer loop
      vertex 124.17916666666669 157.2 12.2
      vertex 164.5 155 12.2
      vertex 136.2791666666667 157.2 12.2
    endloop
  endfacet
  facet normal 0 0 1
    outer loop
      vertex 136.2791666666667 157.2 12.2
      vertex 137.8875 157.2 12.2
      vertex 137.8875 172.8 12.2
    endloop
  endfacet
  facet normal 0 0 1
    outer loop
      vertex 136.2791666666667 157.2 12.2
      vertex 137.8875 172.8 12.2
      vertex 136.2791666666667 172.8 12.2
    endloop
  endfacet
  facet normal 0 0 1
    outer loop
      vertex 136.2791666666667 157.2 12.2
      vertex 164.5 155 12.2
      vertex 137.8875 157.2 12.2
    endloop
  endfacet
  facet normal 0 0 1
    outer loop
      vertex 137.8875 157.2 12.2
      vertex 164.5 155 12.2
      vertex 149.98749999999998 157.2 12.2
    endloop
  endfacet
  facet normal 0 0 1
    outer loop
      vertex 149.98749999999998 157.2 12.2
      vertex 151.59583333333333 157.2 12.2
      vertex 151.59583333333333 172.8 12.2
    endloop
  endfacet
  facet normal 0 0 1
    outer loop
      vertex 149.98749999999998 157.2 12.2
      vertex 151.59583333333333 172.8 12.2
      vertex 149.98749999999998 172.8 12.2
    endloop
  endfacet
  facet normal 0 0 1
    outer loop
      vertex 149.98749999999998 157.2 12.2
      vertex 164.5 155 12.2
      vertex 151.59583333333333 157.2 12.2
    endloop
  endfacet
  facet normal 0 0 1
    outer loop
      vertex 151.59583333333333 157.2 12.2
      vertex 164.5 155 12.2
      vertex 163.69583333333333 157.2 12.2
    endloop
  endfacet
  facet normal 1 0 0
    outer loop
      vertex 164.5 155 6
      vertex 164.5 174 6
      vertex 164.5 155 12.2
    endloop
  endfacet
  facet normal 1 0 0
    outer loop
      vertex 164.5 155 12.2
      vertex 164.5 174 6
      vertex 164.5 174 12.2
    endloop
  endfacet
  facet normal 0 0 1
    outer loop
      vertex 164.5 155 12.2
      vertex 164.5 174 12.2
      vertex 163.69583333333333 157.2 12.2
    endloop
  endfacet
  facet normal 0 0 1
    outer loop
      vertex 163.69583333333333 157.2 12.2
      vertex 164.5 174 12.2
      vertex 163.69583333333333 172.8 12.2
    endloop
  endfacet
  facet normal 0 0 1
    outer loop
      vertex 96.7625 172.8 12.2
      vertex 108.8625 172.8 12.2
      vertex 164.5 174 12.2
    endloop
  endfacet
  facet normal 0 0 1
    outer loop
      vertex 108.8625 172.8 12.2
      vertex 110.47083333333335 172.8 12.2
      vertex 164.5 174 12.2
    endloop
  endfacet
  facet normal 0 0 1
    outer loop
      vertex 110.47083333333335 172.8 12.2
      vertex 122.57083333333334 172.8 12.2
      vertex 164.5 174 12.2
    endloop
  endfacet
  facet normal 0 0 1
    outer loop
      vertex 122.57083333333334 172.8 12.2
      vertex 124.17916666666669 172.8 12.2
      vertex 164.5 174 12.2
    endloop
  endfacet
  facet normal 0 0 1
    outer loop
      vertex 124.17916666666669 172.8 12.2
      vertex 136.2791666666667 172.8 12.2
      vertex 164.5 174 12.2
    endloop
  endfacet
  facet normal 0 0 1
    outer loop
      vertex 136.2791666666667 172.8 12.2
      vertex 137.8875 172.8 12.2
      vertex 164.5 174 12.2
    endloop
  endfacet
  facet normal 0 0 1
    outer loop
      vertex 137.8875 172.8 12.2
      vertex 149.98749999999998 172.8 12.2
      vertex 164.5 174 12.2
    endloop
  endfacet
  facet normal 0 0 1
    outer loop
      vertex 149.98749999999998 172.8 12.2
      vertex 151.59583333333333 172.8 12.2
      vertex 164.5 174 12.2
    endloop
  endfacet
  facet normal 0 0 1
    outer loop
      vertex 151.59583333333333 172.8 12.2
      vertex 163.69583333333333 172.8 12.2
      vertex 164.5 174 12.2
    endloop
  endfacet
  facet normal -0.8526401643540905 -0.5224985647159517 0
    outer loop
      vertex 1.3269804274348962 82.63802850078136 6
      vertex 1.5729490168751576 82.23664424312258 6
      vertex 1.3269804274348962 82.63802850078136 6.2
    endloop
  endfacet
  facet normal -0.8526401643540905 -0.5224985647159517 0
    outer loop
      vertex 1.5729490168751576 82.23664424312258 6
      vertex 1.5729490168751576 82.23664424312258 6.2
      vertex 1.3269804274348962 82.63802850078136 6.2
    endloop
  endfacet
  facet normal -0.7604059656000363 -0.6494480483301773 0
    outer loop
      vertex 1.5729490168751576 82.23664424312258 6
      vertex 1.8786796564403572 81.87867965644035 6
      vertex 1.5729490168751576 82.23664424312258 6.2
    endloop
  endfacet
  facet normal -0.7604059656000363 -0.6494480483301773 0
    outer loop
      vertex 1.8786796564403572 81.87867965644035 6
      vertex 1.8786796564403572 81.87867965644035 6.2
      vertex 1.5729490168751576 82.23664424312258 6.2
    endloop
  endfacet
  facet normal -0.6494480483301807 -0.7604059656000334 3.333945001560157e-17
    outer loop
      vertex 1.8786796564403572 81.87867965644035 6
      vertex 2.236644243122581 81.57294901687516 6
      vertex 2.236644243122581 81.57294901687516 6.2
    endloop
  endfacet
  facet normal -0.5224985647159573 -0.852640164354087 0
    outer loop
      vertex 2.236644243122581 81.57294901687516 6
      vertex 2.6380285007813598 81.32698042743489 6.2
      vertex 2.236644243122581 81.57294901687516 6.2
    endloop
  endfacet
  facet normal -0.5224985647159573 -0.852640164354087 3.016395844705845e-17
    outer loop
      vertex 2.236644243122581 81.57294901687516 6
      vertex 2.6380285007813598 81.32698042743489 6
      vertex 2.6380285007813598 81.32698042743489 6.2
    endloop
  endfacet
  facet normal -0.6494480483301807 -0.7604059656000334 0
    outer loop
      vertex 1.8786796564403572 81.87867965644035 6
      vertex 2.236644243122581 81.57294901687516 6.2
      vertex 1.8786796564403572 81.87867965644035 6.2
    endloop
  endfacet
  facet normal -0.9238795325112867 -0.3826834323650898 0
    outer loop
      vertex 1.3269804274348962 82.63802850078136 6
      vertex 1.3269804274348962 82.63802850078136 6.2
      vertex 1.1468304511145395 83.07294901687516 6.2
    endloop
  endfacet
  facet normal -0.9238795325112867 -0.3826834323650898 6.592421211099807e-17
    outer loop
      vertex 1.3269804274348962 82.63802850078136 6
      vertex 1.1468304511145395 83.07294901687516 6.2
      vertex 1.1468304511145395 83.07294901687516 6
    endloop
  endfacet
  facet normal -0.9723699203976768 -0.23344536385590442 0
    outer loop
      vertex 1.1468304511145395 83.07294901687516 6
      vertex 1.1468304511145395 83.07294901687516 6.2
      vertex 1.0369349782145867 83.53069660487931 6.2
    endloop
  endfacet
  facet normal -0.9723699203976768 -0.23344536385590442 -2.1095146085782436e-17
    outer loop
      vertex 1.1468304511145395 83.07294901687516 6
      vertex 1.0369349782145867 83.53069660487931 6.2
      vertex 1.0369349782145867 83.53069660487931 6
    endloop
  endfacet
  facet normal 0 0 1
    outer loop
      vertex 1.3269804274348962 82.63802850078136 6.2
      vertex 1.1468304511145395 84.92705098312484 6.2
      vertex 1.1468304511145395 83.07294901687516 6.2
    endloop
  endfacet
  facet normal -0.9969173337331281 -0.07845909572784511 0
    outer loop
      vertex 1.0369349782145867 83.53069660487931 6
      vertex 1.0369349782145867 83.53069660487931 6.2
      vertex 1 84 6.2
    endloop
  endfacet
  facet normal -0.9969173337331281 -0.07845909572784511 -1.3513064135623595e-17
    outer loop
      vertex 1.0369349782145867 83.53069660487931 6
      vertex 1 84 6.2
      vertex 1 84 6
    endloop
  endfacet
  facet normal 0 0 1
    outer loop
      vertex 1.1468304511145395 83.07294901687516 6.2
      vertex 1.0369349782145867 84.46930339512069 6.2
      vertex 1.0369349782145867 83.53069660487931 6.2
    endloop
  endfacet
  facet normal 0 0 1
    outer loop
      vertex 1.0369349782145867 83.53069660487931 6.2
      vertex 1.0369349782145867 84.46930339512069 6.2
      vertex 1 84 6.2
    endloop
  endfacet
  facet normal -0.9969173337331281 0.07845909572784511 0
    outer loop
      vertex 1 84 6
      vertex 1 84 6.2
      vertex 1.0369349782145867 84.46930339512069 6.2
    endloop
  endfacet
  facet normal -0.9969173337331281 0.07845909572784511 1.3513064135623595e-17
    outer loop
      vertex 1 84 6
      vertex 1.0369349782145867 84.46930339512069 6.2
      vertex 1.0369349782145867 84.46930339512069 6
    endloop
  endfacet
  facet normal 0 0 1
    outer loop
      vertex 1.1468304511145395 83.07294901687516 6.2
      vertex 1.1468304511145395 84.92705098312484 6.2
      vertex 1.0369349782145867 84.46930339512069 6.2
    endloop
  endfacet
  facet normal 0 0 1
    outer loop
      vertex 1.3269804274348962 82.63802850078136 6.2
      vertex 1.3269804274348962 85.36197149921864 6.2
      vertex 1.1468304511145395 84.92705098312484 6.2
    endloop
  endfacet
  facet normal -0.9723699203976768 0.23344536385590442 0
    outer loop
      vertex 1.0369349782145867 84.46930339512069 6
      vertex 1.0369349782145867 84.46930339512069 6.2
      vertex 1.1468304511145395 84.92705098312484 6.2
    endloop
  endfacet
  facet normal -0.9723699203976768 0.23344536385590442 2.1095146085782436e-17
    outer loop
      vertex 1.0369349782145867 84.46930339512069 6
      vertex 1.1468304511145395 84.92705098312484 6.2
      vertex 1.1468304511145395 84.92705098312484 6
    endloop
  endfacet
  facet normal -0.9238795325112867 0.3826834323650898 0
    outer loop
      vertex 1.1468304511145395 84.92705098312484 6
      vertex 1.1468304511145395 84.92705098312484 6.2
      vertex 1.3269804274348962 85.36197149921864 6.2
    endloop
  endfacet
  facet normal -0.9238795325112867 0.3826834323650898 -6.592421211099807e-17
    outer loop
      vertex 1.1468304511145395 84.92705098312484 6
      vertex 1.3269804274348962 85.36197149921864 6.2
      vertex 1.3269804274348962 85.36197149921864 6
    endloop
  endfacet
  facet normal 0 0 1
    outer loop
      vertex 1.3269804274348962 82.63802850078136 6.2
      vertex 1.5729490168751576 82.23664424312258 6.2
      vertex 1.3269804274348962 85.36197149921864 6.2
    endloop
  endfacet
  facet normal 0 0 1
    outer loop
      vertex 1.5729490168751576 82.23664424312258 6.2
      vertex 1.8786796564403572 81.87867965644035 6.2
      vertex 1.5729490168751576 85.76335575687742 6.2
    endloop
  endfacet
  facet normal 0 0 1
    outer loop
      vertex 1.8786796564403572 81.87867965644035 6.2
      vertex 2.236644243122581 81.57294901687516 6.2
      vertex 1.8786796564403572 86.12132034355965 6.2
    endloop
  endfacet
  facet normal 0 0 1
    outer loop
      vertex 2.236644243122581 81.57294901687516 6.2
      vertex 2.6380285007813598 81.32698042743489 6.2
      vertex 2.236644243122581 86.42705098312484 6.2
    endloop
  endfacet
  facet normal 0 0 1
    outer loop
      vertex 1.5729490168751576 82.23664424312258 6.2
      vertex 1.5729490168751576 85.76335575687742 6.2
      vertex 1.3269804274348962 85.36197149921864 6.2
    endloop
  endfacet
  facet normal 0 0 1
    outer loop
      vertex 1.8786796564403572 81.87867965644035 6.2
      vertex 1.8786796564403572 86.12132034355965 6.2
      vertex 1.5729490168751576 85.76335575687742 6.2
    endloop
  endfacet
  facet normal -0.8526401643540905 0.5224985647159517 0
    outer loop
      vertex 1.3269804274348962 85.36197149921864 6
      vertex 1.3269804274348962 85.36197149921864 6.2
      vertex 1.5729490168751576 85.76335575687742 6.2
    endloop
  endfacet
  facet normal -0.8526401643540905 0.5224985647159517 6.453659795703002e-17
    outer loop
      vertex 1.3269804274348962 85.36197149921864 6
      vertex 1.5729490168751576 85.76335575687742 6.2
      vertex 1.5729490168751576 85.76335575687742 6
    endloop
  endfacet
  facet normal -0.7604059656000363 0.6494480483301773 0
    outer loop
      vertex 1.5729490168751576 85.76335575687742 6
      vertex 1.5729490168751576 85.76335575687742 6.2
      vertex 1.8786796564403572 86.12132034355965 6.2
    endloop
  endfacet
  facet normal -0.7604059656000363 0.6494480483301773 -9.067650654252433e-19
    outer loop
      vertex 1.5729490168751576 85.76335575687742 6
      vertex 1.8786796564403572 86.12132034355965 6.2
      vertex 1.8786796564403572 86.12132034355965 6
    endloop
  endfacet
  facet normal 0 0 1
    outer loop
      vertex 2.236644243122581 81.57294901687516 6.2
      vertex 2.236644243122581 86.42705098312484 6.2
      vertex 1.8786796564403572 86.12132034355965 6.2
    endloop
  endfacet
  facet normal 0 0 1
    outer loop
      vertex 2.6380285007813598 81.32698042743489 6.2
      vertex 2.6380285007813598 86.67301957256511 6.2
      vertex 2.236644243122581 86.42705098312484 6.2
    endloop
  endfacet
  facet normal -0.6494480483301807 0.7604059656000334 0
    outer loop
      vertex 1.8786796564403572 86.12132034355965 6
      vertex 1.8786796564403572 86.12132034355965 6.2
      vertex 2.236644243122581 86.42705098312484 6
    endloop
  endfacet
  facet normal -0.3826834323650787 -0.9238795325112914 0
    outer loop
      vertex 2.6380285007813598 81.32698042743489 6
      vertex 3.0729490168751576 81.14683045111454 6.2
      vertex 2.6380285007813598 81.32698042743489 6.2
    endloop
  endfacet
  facet normal -0.3826834323650787 -0.9238795325112914 -2.2908065314474087e-17
    outer loop
      vertex 2.6380285007813598 81.32698042743489 6
      vertex 3.0729490168751576 81.14683045111454 6
      vertex 3.0729490168751576 81.14683045111454 6.2
    endloop
  endfacet
  facet normal -0.2334453638559008 -0.9723699203976778 0
    outer loop
      vertex 3.0729490168751576 81.14683045111454 6
      vertex 3.5306966048793074 81.03693497821459 6.2
      vertex 3.0729490168751576 81.14683045111454 6.2
    endloop
  endfacet
  facet normal -0.2334453638559008 -0.9723699203976778 -1.8032487490993898e-17
    outer loop
      vertex 3.0729490168751576 81.14683045111454 6
      vertex 3.5306966048793074 81.03693497821459 6
      vertex 3.5306966048793074 81.03693497821459 6.2
    endloop
  endfacet
  facet normal -0.07845909572784936 -0.9969173337331276 0
    outer loop
      vertex 3.5306966048793074 81.03693497821459 6
      vertex 4 81 6.2
      vertex 3.5306966048793074 81.03693497821459 6.2
    endloop
  endfacet
  facet normal -0.07845909572784936 -0.9969173337331276 -3.2038084935197426e-18
    outer loop
      vertex 3.5306966048793074 81.03693497821459 6
      vertex 4 81 6
      vertex 4 81 6.2
    endloop
  endfacet
  facet normal 0.07845909572784936 -0.9969173337331276 0
    outer loop
      vertex 4 81 6
      vertex 4.469303395120693 81.03693497821459 6.2
      vertex 4 81 6.2
    endloop
  endfacet
  facet normal 0.07845909572784936 -0.9969173337331276 3.2038084935197426e-18
    outer loop
      vertex 4 81 6
      vertex 4.469303395120693 81.03693497821459 6
      vertex 4.469303395120693 81.03693497821459 6.2
    endloop
  endfacet
  facet normal 0.2334453638559008 -0.9723699203976778 0
    outer loop
      vertex 4.469303395120693 81.03693497821459 6
      vertex 4.927050983124842 81.14683045111454 6.2
      vertex 4.469303395120693 81.03693497821459 6.2
    endloop
  endfacet
  facet normal 0.2334453638559008 -0.9723699203976778 1.8032487490993898e-17
    outer loop
      vertex 4.469303395120693 81.03693497821459 6
      vertex 4.927050983124842 81.14683045111454 6
      vertex 4.927050983124842 81.14683045111454 6.2
    endloop
  endfacet
  facet normal 0.3826834323650787 -0.9238795325112914 0
    outer loop
      vertex 4.927050983124842 81.14683045111454 6
      vertex 5.36197149921864 81.32698042743489 6.2
      vertex 4.927050983124842 81.14683045111454 6.2
    endloop
  endfacet
  facet normal 0 0 1
    outer loop
      vertex 2.6380285007813598 81.32698042743489 6.2
      vertex 3.0729490168751576 81.14683045111454 6.2
      vertex 2.6380285007813598 86.67301957256511 6.2
    endloop
  endfacet
  facet normal 0 0 1
    outer loop
      vertex 3.0729490168751576 81.14683045111454 6.2
      vertex 3.5306966048793074 81.03693497821459 6.2
      vertex 3.0729490168751576 86.85316954888546 6.2
    endloop
  endfacet
  facet normal 0 0 1
    outer loop
      vertex 3.5306966048793074 81.03693497821459 6.2
      vertex 4 81 6.2
      vertex 3.5306966048793074 86.96306502178541 6.2
    endloop
  endfacet
  facet normal 0 0 1
    outer loop
      vertex 3.0729490168751576 81.14683045111454 6.2
      vertex 3.0729490168751576 86.85316954888546 6.2
      vertex 2.6380285007813598 86.67301957256511 6.2
    endloop
  endfacet
  facet normal 0 0 1
    outer loop
      vertex 3.5306966048793074 81.03693497821459 6.2
      vertex 3.5306966048793074 86.96306502178541 6.2
      vertex 3.0729490168751576 86.85316954888546 6.2
    endloop
  endfacet
  facet normal 0 0 1
    outer loop
      vertex 4 81 6.2
      vertex 4 87 6.2
      vertex 3.5306966048793074 86.96306502178541 6.2
    endloop
  endfacet
  facet normal 0 0 1
    outer loop
      vertex 4 81 6.2
      vertex 4.469303395120693 81.03693497821459 6.2
      vertex 4 87 6.2
    endloop
  endfacet
  facet normal 0 0 1
    outer loop
      vertex 4.469303395120693 81.03693497821459 6.2
      vertex 4.927050983124842 81.14683045111454 6.2
      vertex 4.469303395120693 86.96306502178541 6.2
    endloop
  endfacet
  facet normal 0 0 1
    outer loop
      vertex 4.927050983124842 81.14683045111454 6.2
      vertex 5.36197149921864 81.32698042743489 6.2
      vertex 4.927050983124842 86.85316954888546 6.2
    endloop
  endfacet
  facet normal 0 0 1
    outer loop
      vertex 4.469303395120693 81.03693497821459 6.2
      vertex 4.469303395120693 86.96306502178541 6.2
      vertex 4 87 6.2
    endloop
  endfacet
  facet normal 0 0 1
    outer loop
      vertex 4.927050983124842 81.14683045111454 6.2
      vertex 4.927050983124842 86.85316954888546 6.2
      vertex 4.469303395120693 86.96306502178541 6.2
    endloop
  endfacet
  facet normal 0.3826834323650787 -0.9238795325112914 2.2908065314474087e-17
    outer loop
      vertex 4.927050983124842 81.14683045111454 6
      vertex 5.36197149921864 81.32698042743489 6
      vertex 5.36197149921864 81.32698042743489 6.2
    endloop
  endfacet
  facet normal 0.5224985647159573 -0.852640164354087 0
    outer loop
      vertex 5.36197149921864 81.32698042743489 6
      vertex 5.763355756877419 81.57294901687516 6.2
      vertex 5.36197149921864 81.32698042743489 6.2
    endloop
  endfacet
  facet normal 0.5224985647159573 -0.852640164354087 -3.016395844705845e-17
    outer loop
      vertex 5.36197149921864 81.32698042743489 6
      vertex 5.763355756877419 81.57294901687516 6
      vertex 5.763355756877419 81.57294901687516 6.2
    endloop
  endfacet
  facet normal 0.6494480483301807 -0.7604059656000334 0
    outer loop
      vertex 5.763355756877419 81.57294901687516 6
      vertex 6.121320343559643 81.87867965644035 6.2
      vertex 5.763355756877419 81.57294901687516 6.2
    endloop
  endfacet
  facet normal 0.6494480483301807 -0.7604059656000334 -3.333945001560157e-17
    outer loop
      vertex 5.763355756877419 81.57294901687516 6
      vertex 6.121320343559643 81.87867965644035 6
      vertex 6.121320343559643 81.87867965644035 6.2
    endloop
  endfacet
  facet normal 0.7604059656000363 -0.6494480483301773 0
    outer loop
      vertex 6.121320343559643 81.87867965644035 6
      vertex 6.427050983124842 82.23664424312258 6
      vertex 6.121320343559643 81.87867965644035 6.2
    endloop
  endfacet
  facet normal 0.7604059656000363 -0.6494480483301773 -9.067650654252433e-19
    outer loop
      vertex 6.121320343559643 81.87867965644035 6.2
      vertex 6.427050983124842 82.23664424312258 6
      vertex 6.427050983124842 82.23664424312258 6.2
    endloop
  endfacet
  facet normal 0.8526401643540905 -0.5224985647159517 0
    outer loop
      vertex 6.427050983124842 82.23664424312258 6
      vertex 6.673019572565104 82.63802850078136 6
      vertex 6.427050983124842 82.23664424312258 6.2
    endloop
  endfacet
  facet normal 0.8526401643540905 -0.5224985647159517 0
    outer loop
      vertex 6.673019572565104 82.63802850078136 6
      vertex 6.673019572565104 82.63802850078136 6.2
      vertex 6.427050983124842 82.23664424312258 6.2
    endloop
  endfacet
  facet normal 0 0 1
    outer loop
      vertex 5.36197149921864 81.32698042743489 6.2
      vertex 5.763355756877419 81.57294901687516 6.2
      vertex 5.36197149921864 86.67301957256511 6.2
    endloop
  endfacet
  facet normal 0 0 1
    outer loop
      vertex 5.763355756877419 81.57294901687516 6.2
      vertex 6.121320343559643 81.87867965644035 6.2
      vertex 5.763355756877419 86.42705098312484 6.2
    endloop
  endfacet
  facet normal 0 0 1
    outer loop
      vertex 6.121320343559643 81.87867965644035 6.2
      vertex 6.427050983124842 82.23664424312258 6.2
      vertex 6.121320343559643 86.12132034355965 6.2
    endloop
  endfacet
  facet normal 0 0 1
    outer loop
      vertex 5.36197149921864 81.32698042743489 6.2
      vertex 5.36197149921864 86.67301957256511 6.2
      vertex 4.927050983124842 86.85316954888546 6.2
    endloop
  endfacet
  facet normal 0 0 1
    outer loop
      vertex 5.763355756877419 81.57294901687516 6.2
      vertex 5.763355756877419 86.42705098312484 6.2
      vertex 5.36197149921864 86.67301957256511 6.2
    endloop
  endfacet
  facet normal 0 0 1
    outer loop
      vertex 6.121320343559643 81.87867965644035 6.2
      vertex 6.121320343559643 86.12132034355965 6.2
      vertex 5.763355756877419 86.42705098312484 6.2
    endloop
  endfacet
  facet normal 0 0 1
    outer loop
      vertex 6.427050983124842 82.23664424312258 6.2
      vertex 6.427050983124842 85.76335575687742 6.2
      vertex 6.121320343559643 86.12132034355965 6.2
    endloop
  endfacet
  facet normal 0.6494480483301807 0.7604059656000334 0
    outer loop
      vertex 6.121320343559643 86.12132034355965 6
      vertex 5.763355756877419 86.42705098312484 6.2
      vertex 6.121320343559643 86.12132034355965 6.2
    endloop
  endfacet
  facet normal 0.7604059656000363 0.6494480483301773 0
    outer loop
      vertex 6.121320343559643 86.12132034355965 6
      vertex 6.121320343559643 86.12132034355965 6.2
      vertex 6.427050983124842 85.76335575687742 6.2
    endloop
  endfacet
  facet normal 0.7604059656000363 0.6494480483301773 9.067650654252433e-19
    outer loop
      vertex 6.121320343559643 86.12132034355965 6
      vertex 6.427050983124842 85.76335575687742 6.2
      vertex 6.427050983124842 85.76335575687742 6
    endloop
  endfacet
  facet normal 0.9238795325112864 -0.38268343236509056 0
    outer loop
      vertex 6.673019572565104 82.63802850078136 6
      vertex 6.853169548885461 83.07294901687516 6
      vertex 6.673019572565104 82.63802850078136 6.2
    endloop
  endfacet
  facet normal 0 0 1
    outer loop
      vertex 6.427050983124842 82.23664424312258 6.2
      vertex 6.673019572565104 82.63802850078136 6.2
      vertex 6.427050983124842 85.76335575687742 6.2
    endloop
  endfacet
  facet normal 0.9238795325112864 -0.38268343236509056 6.930832232806063e-17
    outer loop
      vertex 6.673019572565104 82.63802850078136 6.2
      vertex 6.853169548885461 83.07294901687516 6
      vertex 6.853169548885461 83.07294901687516 6.2
    endloop
  endfacet
  facet normal 0.9723699203976772 -0.23344536385590264 0
    outer loop
      vertex 6.853169548885461 83.07294901687516 6
      vertex 6.963065021785413 83.53069660487931 6
      vertex 6.853169548885461 83.07294901687516 6.2
    endloop
  endfacet
  facet normal 0.9723699203976772 -0.23344536385590264 0
    outer loop
      vertex 6.963065021785413 83.53069660487931 6
      vertex 6.963065021785413 83.53069660487931 6.2
      vertex 6.853169548885461 83.07294901687516 6.2
    endloop
  endfacet
  facet normal 0 0 1
    outer loop
      vertex 6.673019572565104 82.63802850078136 6.2
      vertex 6.853169548885461 83.07294901687516 6.2
      vertex 6.673019572565104 85.36197149921864 6.2
    endloop
  endfacet
  facet normal 0.996917333733128 -0.07845909572784604 0
    outer loop
      vertex 6.963065021785413 83.53069660487931 6
      vertex 7 84 6
      vertex 6.963065021785413 83.53069660487931 6.2
    endloop
  endfacet
  facet normal 0.996917333733128 -0.07845909572784604 1.6123307511511237e-17
    outer loop
      vertex 6.963065021785413 83.53069660487931 6.2
      vertex 7 84 6
      vertex 7 84 6.2
    endloop
  endfacet
  facet normal 0 0 1
    outer loop
      vertex 6.853169548885461 83.07294901687516 6.2
      vertex 6.963065021785413 83.53069660487931 6.2
      vertex 6.853169548885461 84.92705098312484 6.2
    endloop
  endfacet
  facet normal 0 0 1
    outer loop
      vertex 6.963065021785413 83.53069660487931 6.2
      vertex 7 84 6.2
      vertex 6.963065021785413 84.46930339512069 6.2
    endloop
  endfacet
  facet normal 0.996917333733128 0.07845909572784604 0
    outer loop
      vertex 7 84 6
      vertex 6.963065021785413 84.46930339512069 6
      vertex 7 84 6.2
    endloop
  endfacet
  facet normal 0.996917333733128 0.07845909572784604 -1.6123307511511237e-17
    outer loop
      vertex 7 84 6.2
      vertex 6.963065021785413 84.46930339512069 6
      vertex 6.963065021785413 84.46930339512069 6.2
    endloop
  endfacet
  facet normal 0 0 1
    outer loop
      vertex 6.963065021785413 83.53069660487931 6.2
      vertex 6.963065021785413 84.46930339512069 6.2
      vertex 6.853169548885461 84.92705098312484 6.2
    endloop
  endfacet
  facet normal 0 0 1
    outer loop
      vertex 6.673019572565104 82.63802850078136 6.2
      vertex 6.673019572565104 85.36197149921864 6.2
      vertex 6.427050983124842 85.76335575687742 6.2
    endloop
  endfacet
  facet normal 0.9238795325112864 0.38268343236509056 -6.930832232806063e-17
    outer loop
      vertex 6.853169548885461 84.92705098312484 6.2
      vertex 6.673019572565104 85.36197149921864 6
      vertex 6.673019572565104 85.36197149921864 6.2
    endloop
  endfacet
  facet normal 0.9723699203976772 0.23344536385590264 0
    outer loop
      vertex 6.853169548885461 84.92705098312484 6
      vertex 6.853169548885461 84.92705098312484 6.2
      vertex 6.963065021785413 84.46930339512069 6.2
    endloop
  endfacet
  facet normal 0.9723699203976772 0.23344536385590264 0
    outer loop
      vertex 6.963065021785413 84.46930339512069 6
      vertex 6.853169548885461 84.92705098312484 6
      vertex 6.963065021785413 84.46930339512069 6.2
    endloop
  endfacet
  facet normal 0 0 1
    outer loop
      vertex 6.853169548885461 83.07294901687516 6.2
      vertex 6.853169548885461 84.92705098312484 6.2
      vertex 6.673019572565104 85.36197149921864 6.2
    endloop
  endfacet
  facet normal 0.9238795325112864 0.38268343236509056 0
    outer loop
      vertex 6.853169548885461 84.92705098312484 6
      vertex 6.673019572565104 85.36197149921864 6
      vertex 6.853169548885461 84.92705098312484 6.2
    endloop
  endfacet
  facet normal 0.8526401643540905 0.5224985647159517 0
    outer loop
      vertex 6.427050983124842 85.76335575687742 6
      vertex 6.427050983124842 85.76335575687742 6.2
      vertex 6.673019572565104 85.36197149921864 6.2
    endloop
  endfacet
  facet normal 0.8526401643540905 0.5224985647159517 -6.453659795703002e-17
    outer loop
      vertex 6.427050983124842 85.76335575687742 6
      vertex 6.673019572565104 85.36197149921864 6.2
      vertex 6.673019572565104 85.36197149921864 6
    endloop
  endfacet
  facet normal -0.6494480483301807 0.7604059656000334 -3.333945001560157e-17
    outer loop
      vertex 1.8786796564403572 86.12132034355965 6.2
      vertex 2.236644243122581 86.42705098312484 6.2
      vertex 2.236644243122581 86.42705098312484 6
    endloop
  endfacet
  facet normal -0.5224985647159573 0.852640164354087 0
    outer loop
      vertex 2.236644243122581 86.42705098312484 6
      vertex 2.236644243122581 86.42705098312484 6.2
      vertex 2.6380285007813598 86.67301957256511 6
    endloop
  endfacet
  facet normal -0.5224985647159573 0.852640164354087 -3.016395844705845e-17
    outer loop
      vertex 2.236644243122581 86.42705098312484 6.2
      vertex 2.6380285007813598 86.67301957256511 6.2
      vertex 2.6380285007813598 86.67301957256511 6
    endloop
  endfacet
  facet normal -0.3826834323650787 0.9238795325112914 0
    outer loop
      vertex 2.6380285007813598 86.67301957256511 6
      vertex 2.6380285007813598 86.67301957256511 6.2
      vertex 3.0729490168751576 86.85316954888546 6
    endloop
  endfacet
  facet normal -0.3826834323650787 0.9238795325112914 0
    outer loop
      vertex 3.0729490168751576 86.85316954888546 6
      vertex 2.6380285007813598 86.67301957256511 6.2
      vertex 3.0729490168751576 86.85316954888546 6.2
    endloop
  endfacet
  facet normal -0.2334453638559008 0.9723699203976778 0
    outer loop
      vertex 3.0729490168751576 86.85316954888546 6
      vertex 3.0729490168751576 86.85316954888546 6.2
      vertex 3.5306966048793074 86.96306502178541 6
    endloop
  endfacet
  facet normal -0.2334453638559008 0.9723699203976778 1.8032487490993898e-17
    outer loop
      vertex 3.0729490168751576 86.85316954888546 6.2
      vertex 3.5306966048793074 86.96306502178541 6.2
      vertex 3.5306966048793074 86.96306502178541 6
    endloop
  endfacet
  facet normal -0.07845909572784936 0.9969173337331276 0
    outer loop
      vertex 3.5306966048793074 86.96306502178541 6
      vertex 3.5306966048793074 86.96306502178541 6.2
      vertex 4 87 6
    endloop
  endfacet
  facet normal -0.07845909572784936 0.9969173337331276 3.2038084935197426e-18
    outer loop
      vertex 3.5306966048793074 86.96306502178541 6.2
      vertex 4 87 6.2
      vertex 4 87 6
    endloop
  endfacet
  facet normal 0.07845909572784936 0.9969173337331276 0
    outer loop
      vertex 4 87 6
      vertex 4 87 6.2
      vertex 4.469303395120693 86.96306502178541 6
    endloop
  endfacet
  facet normal 0.07845909572784936 0.9969173337331276 0
    outer loop
      vertex 4.469303395120693 86.96306502178541 6
      vertex 4 87 6.2
      vertex 4.469303395120693 86.96306502178541 6.2
    endloop
  endfacet
  facet normal 0.2334453638559008 0.9723699203976778 0
    outer loop
      vertex 4.469303395120693 86.96306502178541 6
      vertex 4.469303395120693 86.96306502178541 6.2
      vertex 4.927050983124842 86.85316954888546 6
    endloop
  endfacet
  facet normal 0.2334453638559008 0.9723699203976778 -1.8032487490993898e-17
    outer loop
      vertex 4.469303395120693 86.96306502178541 6.2
      vertex 4.927050983124842 86.85316954888546 6.2
      vertex 4.927050983124842 86.85316954888546 6
    endloop
  endfacet
  facet normal 0.3826834323650787 0.9238795325112914 0
    outer loop
      vertex 4.927050983124842 86.85316954888546 6
      vertex 4.927050983124842 86.85316954888546 6.2
      vertex 5.36197149921864 86.67301957256511 6
    endloop
  endfacet
  facet normal 0.3826834323650787 0.9238795325112914 -2.2908065314474087e-17
    outer loop
      vertex 4.927050983124842 86.85316954888546 6.2
      vertex 5.36197149921864 86.67301957256511 6.2
      vertex 5.36197149921864 86.67301957256511 6
    endloop
  endfacet
  facet normal 0.5224985647159573 0.852640164354087 0
    outer loop
      vertex 5.36197149921864 86.67301957256511 6
      vertex 5.36197149921864 86.67301957256511 6.2
      vertex 5.763355756877419 86.42705098312484 6
    endloop
  endfacet
  facet normal 0.5224985647159573 0.852640164354087 0
    outer loop
      vertex 5.763355756877419 86.42705098312484 6
      vertex 5.36197149921864 86.67301957256511 6.2
      vertex 5.763355756877419 86.42705098312484 6.2
    endloop
  endfacet
  facet normal 0.6494480483301807 0.7604059656000334 3.333945001560157e-17
    outer loop
      vertex 6.121320343559643 86.12132034355965 6
      vertex 5.763355756877419 86.42705098312484 6
      vertex 5.763355756877419 86.42705098312484 6.2
    endloop
  endfacet
  facet normal -0.9238795325112867 -0.3826834323650898 0
    outer loop
      vertex 1.1468304511145395 135.07294901687516 6
      vertex 1.3269804274348962 134.63802850078136 6
      vertex 1.1468304511145395 135.07294901687516 6.2
    endloop
  endfacet
  facet normal -0.9238795325112867 -0.3826834323650898 6.592421211099807e-17
    outer loop
      vertex 1.1468304511145395 135.07294901687516 6.2
      vertex 1.3269804274348962 134.63802850078136 6
      vertex 1.3269804274348962 134.63802850078136 6.2
    endloop
  endfacet
  facet normal -0.9723699203976751 -0.23344536385591122 -1.623623567437212e-17
    outer loop
      vertex 1.1468304511145395 135.07294901687516 6
      vertex 1.0369349782145867 135.5306966048793 6.2
      vertex 1.0369349782145867 135.5306966048793 6
    endloop
  endfacet
  facet normal -0.9723699203976751 -0.23344536385591122 0
    outer loop
      vertex 1.1468304511145395 135.07294901687516 6
      vertex 1.1468304511145395 135.07294901687516 6.2
      vertex 1.0369349782145867 135.5306966048793 6.2
    endloop
  endfacet
  facet normal 0 0 1
    outer loop
      vertex 1.1468304511145395 135.07294901687516 6.2
      vertex 1.3269804274348962 134.63802850078136 6.2
      vertex 1.1468304511145395 136.92705098312484 6.2
    endloop
  endfacet
  facet normal -0.9969173337331282 -0.07845909572784275 1.2809859902224729e-17
    outer loop
      vertex 1.0369349782145867 135.5306966048793 6
      vertex 1 136 6.2
      vertex 1 136 6
    endloop
  endfacet
  facet normal -0.9969173337331282 -0.07845909572784275 0
    outer loop
      vertex 1.0369349782145867 135.5306966048793 6
      vertex 1.0369349782145867 135.5306966048793 6.2
      vertex 1 136 6.2
    endloop
  endfacet
  facet normal 0 0 1
    outer loop
      vertex 1.1468304511145395 135.07294901687516 6.2
      vertex 1.0369349782145867 136.4693033951207 6.2
      vertex 1.0369349782145867 135.5306966048793 6.2
    endloop
  endfacet
  facet normal 0 0 1
    outer loop
      vertex 1.0369349782145867 135.5306966048793 6.2
      vertex 1.0369349782145867 136.4693033951207 6.2
      vertex 1 136 6.2
    endloop
  endfacet
  facet normal -0.9969173337331282 0.07845909572784275 -1.2809859902224729e-17
    outer loop
      vertex 1 136 6
      vertex 1.0369349782145867 136.4693033951207 6.2
      vertex 1.0369349782145867 136.4693033951207 6
    endloop
  endfacet
  facet normal -0.9969173337331282 0.07845909572784275 0
    outer loop
      vertex 1 136 6
      vertex 1 136 6.2
      vertex 1.0369349782145867 136.4693033951207 6.2
    endloop
  endfacet
  facet normal 0 0 1
    outer loop
      vertex 1.1468304511145395 135.07294901687516 6.2
      vertex 1.1468304511145395 136.92705098312484 6.2
      vertex 1.0369349782145867 136.4693033951207 6.2
    endloop
  endfacet
  facet normal 0 0 1
    outer loop
      vertex 1.3269804274348962 134.63802850078136 6.2
      vertex 1.3269804274348962 137.36197149921864 6.2
      vertex 1.1468304511145395 136.92705098312484 6.2
    endloop
  endfacet
  facet normal -0.8526401643540905 -0.5224985647159517 -6.453659795703002e-17
    outer loop
      vertex 1.5729490168751576 134.23664424312258 6
      vertex 1.3269804274348962 134.63802850078136 6.2
      vertex 1.3269804274348962 134.63802850078136 6
    endloop
  endfacet
  facet normal -0.8526401643540905 -0.5224985647159517 0
    outer loop
      vertex 1.5729490168751576 134.23664424312258 6
      vertex 1.5729490168751576 134.23664424312258 6.2
      vertex 1.3269804274348962 134.63802850078136 6.2
    endloop
  endfacet
  facet normal -0.7604059656000236 -0.6494480483301922 0
    outer loop
      vertex 1.5729490168751576 134.23664424312258 6
      vertex 1.8786796564403572 133.87867965644037 6
      vertex 1.5729490168751576 134.23664424312258 6.2
    endloop
  endfacet
  facet normal -0.7604059656000236 -0.6494480483301922 0
    outer loop
      vertex 1.8786796564403572 133.87867965644037 6
      vertex 1.8786796564403572 133.87867965644037 6.2
      vertex 1.5729490168751576 134.23664424312258 6.2
    endloop
  endfacet
  facet normal -0.6494480483301983 -0.7604059656000185 0
    outer loop
      vertex 1.8786796564403572 133.87867965644037 6
      vertex 2.236644243122581 133.57294901687516 6.2
      vertex 1.8786796564403572 133.87867965644037 6.2
    endloop
  endfacet
  facet normal -0.6494480483301983 -0.7604059656000185 -4.857581207922007e-17
    outer loop
      vertex 1.8786796564403572 133.87867965644037 6
      vertex 2.236644243122581 133.57294901687516 6
      vertex 2.236644243122581 133.57294901687516 6.2
    endloop
  endfacet
  facet normal -0.5224985647159355 -0.8526401643541005 3.274047665401564e-17
    outer loop
      vertex 2.236644243122581 133.57294901687516 6
      vertex 2.6380285007813598 133.3269804274349 6
      vertex 2.6380285007813598 133.3269804274349 6.2
    endloop
  endfacet
  facet normal -0.5224985647159355 -0.8526401643541005 0
    outer loop
      vertex 2.236644243122581 133.57294901687516 6
      vertex 2.6380285007813598 133.3269804274349 6.2
      vertex 2.236644243122581 133.57294901687516 6.2
    endloop
  endfacet
  facet normal 0 0 1
    outer loop
      vertex 1.5729490168751576 134.23664424312258 6.2
      vertex 1.3269804274348962 137.36197149921864 6.2
      vertex 1.3269804274348962 134.63802850078136 6.2
    endloop
  endfacet
  facet normal 0 0 1
    outer loop
      vertex 1.5729490168751576 134.23664424312258 6.2
      vertex 1.8786796564403572 133.87867965644037 6.2
      vertex 1.5729490168751576 137.76335575687742 6.2
    endloop
  endfacet
  facet normal 0 0 1
    outer loop
      vertex 1.5729490168751576 134.23664424312258 6.2
      vertex 1.5729490168751576 137.76335575687742 6.2
      vertex 1.3269804274348962 137.36197149921864 6.2
    endloop
  endfacet
  facet normal 0 0 1
    outer loop
      vertex 1.8786796564403572 133.87867965644037 6.2
      vertex 2.236644243122581 133.57294901687516 6.2
      vertex 1.8786796564403572 138.12132034355963 6.2
    endloop
  endfacet
  facet normal 0 0 1
    outer loop
      vertex 2.236644243122581 133.57294901687516 6.2
      vertex 2.6380285007813598 133.3269804274349 6.2
      vertex 2.236644243122581 138.42705098312484 6.2
    endloop
  endfacet
  facet normal -0.38268343236510444 -0.9238795325112806 0
    outer loop
      vertex 2.6380285007813598 133.3269804274349 6
      vertex 3.0729490168751576 133.14683045111454 6.2
      vertex 2.6380285007813598 133.3269804274349 6.2
    endloop
  endfacet
  facet normal -0.38268343236510444 -0.9238795325112806 7.163265611747887e-17
    outer loop
      vertex 2.6380285007813598 133.3269804274349 6
      vertex 3.0729490168751576 133.14683045111454 6
      vertex 3.0729490168751576 133.14683045111454 6.2
    endloop
  endfacet
  facet normal -0.2334453638559008 -0.9723699203976778 0
    outer loop
      vertex 3.0729490168751576 133.14683045111454 6
      vertex 3.5306966048793074 133.0369349782146 6.2
      vertex 3.0729490168751576 133.14683045111454 6.2
    endloop
  endfacet
  facet normal -0.2334453638559008 -0.9723699203976778 -1.8032487490993898e-17
    outer loop
      vertex 3.0729490168751576 133.14683045111454 6
      vertex 3.5306966048793074 133.0369349782146 6
      vertex 3.5306966048793074 133.0369349782146 6.2
    endloop
  endfacet
  facet normal -0.07845909572784936 -0.9969173337331276 0
    outer loop
      vertex 3.5306966048793074 133.0369349782146 6
      vertex 4 133 6.2
      vertex 3.5306966048793074 133.0369349782146 6.2
    endloop
  endfacet
  facet normal -0.07845909572784936 -0.9969173337331276 -3.2038084935197426e-18
    outer loop
      vertex 3.5306966048793074 133.0369349782146 6
      vertex 4 133 6
      vertex 4 133 6.2
    endloop
  endfacet
  facet normal 0 0 1
    outer loop
      vertex 2.6380285007813598 133.3269804274349 6.2
      vertex 3.0729490168751576 133.14683045111454 6.2
      vertex 2.6380285007813598 138.6730195725651 6.2
    endloop
  endfacet
  facet normal 0 0 1
    outer loop
      vertex 3.0729490168751576 133.14683045111454 6.2
      vertex 3.5306966048793074 133.0369349782146 6.2
      vertex 3.0729490168751576 138.85316954888546 6.2
    endloop
  endfacet
  facet normal 0 0 1
    outer loop
      vertex 3.5306966048793074 133.0369349782146 6.2
      vertex 4 133 6.2
      vertex 3.5306966048793074 138.9630650217854 6.2
    endloop
  endfacet
  facet normal 0.07845909572784936 -0.9969173337331276 0
    outer loop
      vertex 4 133 6
      vertex 4.469303395120693 133.0369349782146 6.2
      vertex 4 133 6.2
    endloop
  endfacet
  facet normal 0.07845909572784936 -0.9969173337331276 3.2038084935197426e-18
    outer loop
      vertex 4 133 6
      vertex 4.469303395120693 133.0369349782146 6
      vertex 4.469303395120693 133.0369349782146 6.2
    endloop
  endfacet
  facet normal 0.2334453638559008 -0.9723699203976778 0
    outer loop
      vertex 4.469303395120693 133.0369349782146 6
      vertex 4.927050983124842 133.14683045111454 6.2
      vertex 4.469303395120693 133.0369349782146 6.2
    endloop
  endfacet
  facet normal 0.2334453638559008 -0.9723699203976778 1.8032487490993898e-17
    outer loop
      vertex 4.469303395120693 133.0369349782146 6
      vertex 4.927050983124842 133.14683045111454 6
      vertex 4.927050983124842 133.14683045111454 6.2
    endloop
  endfacet
  facet normal 0.38268343236510444 -0.9238795325112806 0
    outer loop
      vertex 4.927050983124842 133.14683045111454 6
      vertex 5.36197149921864 133.3269804274349 6.2
      vertex 4.927050983124842 133.14683045111454 6.2
    endloop
  endfacet
  facet normal 0 0 1
    outer loop
      vertex 4 133 6.2
      vertex 4.469303395120693 133.0369349782146 6.2
      vertex 4 139 6.2
    endloop
  endfacet
  facet normal 0 0 1
    outer loop
      vertex 4.469303395120693 133.0369349782146 6.2
      vertex 4.927050983124842 133.14683045111454 6.2
      vertex 4.469303395120693 138.9630650217854 6.2
    endloop
  endfacet
  facet normal 0 0 1
    outer loop
      vertex 4.927050983124842 133.14683045111454 6.2
      vertex 5.36197149921864 133.3269804274349 6.2
      vertex 4.927050983124842 138.85316954888546 6.2
    endloop
  endfacet
  facet normal -0.9723699203976751 0.23344536385591122 1.623623567437212e-17
    outer loop
      vertex 1.0369349782145867 136.4693033951207 6
      vertex 1.1468304511145395 136.92705098312484 6.2
      vertex 1.1468304511145395 136.92705098312484 6
    endloop
  endfacet
  facet normal -0.9723699203976751 0.23344536385591122 0
    outer loop
      vertex 1.0369349782145867 136.4693033951207 6
      vertex 1.0369349782145867 136.4693033951207 6.2
      vertex 1.1468304511145395 136.92705098312484 6.2
    endloop
  endfacet
  facet normal -0.9238795325112867 0.3826834323650898 -6.592421211099807e-17
    outer loop
      vertex 1.1468304511145395 136.92705098312484 6
      vertex 1.3269804274348962 137.36197149921864 6.2
      vertex 1.3269804274348962 137.36197149921864 6
    endloop
  endfacet
  facet normal -0.9238795325112867 0.3826834323650898 0
    outer loop
      vertex 1.1468304511145395 136.92705098312484 6
      vertex 1.1468304511145395 136.92705098312484 6.2
      vertex 1.3269804274348962 137.36197149921864 6.2
    endloop
  endfacet
  facet normal 0 0 1
    outer loop
      vertex 1.8786796564403572 133.87867965644037 6.2
      vertex 1.8786796564403572 138.12132034355963 6.2
      vertex 1.5729490168751576 137.76335575687742 6.2
    endloop
  endfacet
  facet normal -0.8526401643540905 0.5224985647159517 0
    outer loop
      vertex 1.3269804274348962 137.36197149921864 6
      vertex 1.3269804274348962 137.36197149921864 6.2
      vertex 1.5729490168751576 137.76335575687742 6.2
    endloop
  endfacet
  facet normal -0.8526401643540905 0.5224985647159517 6.453659795703002e-17
    outer loop
      vertex 1.3269804274348962 137.36197149921864 6
      vertex 1.5729490168751576 137.76335575687742 6.2
      vertex 1.5729490168751576 137.76335575687742 6
    endloop
  endfacet
  facet normal -0.7604059656000236 0.6494480483301922 0
    outer loop
      vertex 1.5729490168751576 137.76335575687742 6
      vertex 1.5729490168751576 137.76335575687742 6.2
      vertex 1.8786796564403572 138.12132034355963 6.2
    endloop
  endfacet
  facet normal -0.7604059656000236 0.6494480483301922 -1.0955706195599548e-17
    outer loop
      vertex 1.5729490168751576 137.76335575687742 6
      vertex 1.8786796564403572 138.12132034355963 6.2
      vertex 1.8786796564403572 138.12132034355963 6
    endloop
  endfacet
  facet normal 0 0 1
    outer loop
      vertex 2.236644243122581 133.57294901687516 6.2
      vertex 2.236644243122581 138.42705098312484 6.2
      vertex 1.8786796564403572 138.12132034355963 6.2
    endloop
  endfacet
  facet normal 0 0 1
    outer loop
      vertex 2.6380285007813598 133.3269804274349 6.2
      vertex 2.6380285007813598 138.6730195725651 6.2
      vertex 2.236644243122581 138.42705098312484 6.2
    endloop
  endfacet
  facet normal -0.6494480483301983 0.7604059656000185 0
    outer loop
      vertex 1.8786796564403572 138.12132034355963 6
      vertex 1.8786796564403572 138.12132034355963 6.2
      vertex 2.236644243122581 138.42705098312484 6
    endloop
  endfacet
  facet normal -0.6494480483301983 0.7604059656000185 4.857581207922007e-17
    outer loop
      vertex 1.8786796564403572 138.12132034355963 6.2
      vertex 2.236644243122581 138.42705098312484 6.2
      vertex 2.236644243122581 138.42705098312484 6
    endloop
  endfacet
  facet normal -0.5224985647159355 0.8526401643541005 0
    outer loop
      vertex 2.236644243122581 138.42705098312484 6
      vertex 2.236644243122581 138.42705098312484 6.2
      vertex 2.6380285007813598 138.6730195725651 6
    endloop
  endfacet
  facet normal -0.5224985647159355 0.8526401643541005 -3.274047665401564e-17
    outer loop
      vertex 2.236644243122581 138.42705098312484 6.2
      vertex 2.6380285007813598 138.6730195725651 6.2
      vertex 2.6380285007813598 138.6730195725651 6
    endloop
  endfacet
  facet normal 0 0 1
    outer loop
      vertex 3.0729490168751576 133.14683045111454 6.2
      vertex 3.0729490168751576 138.85316954888546 6.2
      vertex 2.6380285007813598 138.6730195725651 6.2
    endloop
  endfacet
  facet normal 0 0 1
    outer loop
      vertex 3.5306966048793074 133.0369349782146 6.2
      vertex 3.5306966048793074 138.9630650217854 6.2
      vertex 3.0729490168751576 138.85316954888546 6.2
    endloop
  endfacet
  facet normal 0 0 1
    outer loop
      vertex 4 133 6.2
      vertex 4 139 6.2
      vertex 3.5306966048793074 138.9630650217854 6.2
    endloop
  endfacet
  facet normal -0.38268343236510444 0.9238795325112806 0
    outer loop
      vertex 2.6380285007813598 138.6730195725651 6
      vertex 2.6380285007813598 138.6730195725651 6.2
      vertex 3.0729490168751576 138.85316954888546 6
    endloop
  endfacet
  facet normal -0.38268343236510444 0.9238795325112806 0
    outer loop
      vertex 3.0729490168751576 138.85316954888546 6
      vertex 2.6380285007813598 138.6730195725651 6.2
      vertex 3.0729490168751576 138.85316954888546 6.2
    endloop
  endfacet
  facet normal -0.2334453638559008 0.9723699203976778 0
    outer loop
      vertex 3.0729490168751576 138.85316954888546 6
      vertex 3.0729490168751576 138.85316954888546 6.2
      vertex 3.5306966048793074 138.9630650217854 6
    endloop
  endfacet
  facet normal -0.2334453638559008 0.9723699203976778 1.8032487490993898e-17
    outer loop
      vertex 3.0729490168751576 138.85316954888546 6.2
      vertex 3.5306966048793074 138.9630650217854 6.2
      vertex 3.5306966048793074 138.9630650217854 6
    endloop
  endfacet
  facet normal -0.07845909572784936 0.9969173337331276 0
    outer loop
      vertex 3.5306966048793074 138.9630650217854 6
      vertex 3.5306966048793074 138.9630650217854 6.2
      vertex 4 139 6
    endloop
  endfacet
  facet normal -0.07845909572784936 0.9969173337331276 3.2038084935197426e-18
    outer loop
      vertex 3.5306966048793074 138.9630650217854 6.2
      vertex 4 139 6.2
      vertex 4 139 6
    endloop
  endfacet
  facet normal 0 0 1
    outer loop
      vertex 4.469303395120693 133.0369349782146 6.2
      vertex 4.469303395120693 138.9630650217854 6.2
      vertex 4 139 6.2
    endloop
  endfacet
  facet normal 0 0 1
    outer loop
      vertex 4.927050983124842 133.14683045111454 6.2
      vertex 4.927050983124842 138.85316954888546 6.2
      vertex 4.469303395120693 138.9630650217854 6.2
    endloop
  endfacet
  facet normal 0.07845909572784936 0.9969173337331276 0
    outer loop
      vertex 4 139 6
      vertex 4 139 6.2
      vertex 4.469303395120693 138.9630650217854 6
    endloop
  endfacet
  facet normal 0.07845909572784936 0.9969173337331276 0
    outer loop
      vertex 4.469303395120693 138.9630650217854 6
      vertex 4 139 6.2
      vertex 4.469303395120693 138.9630650217854 6.2
    endloop
  endfacet
  facet normal 0.2334453638559008 0.9723699203976778 0
    outer loop
      vertex 4.469303395120693 138.9630650217854 6
      vertex 4.469303395120693 138.9630650217854 6.2
      vertex 4.927050983124842 138.85316954888546 6
    endloop
  endfacet
  facet normal 0.2334453638559008 0.9723699203976778 -1.8032487490993898e-17
    outer loop
      vertex 4.469303395120693 138.9630650217854 6.2
      vertex 4.927050983124842 138.85316954888546 6.2
      vertex 4.927050983124842 138.85316954888546 6
    endloop
  endfacet
  facet normal 0.38268343236510444 0.9238795325112806 0
    outer loop
      vertex 4.927050983124842 138.85316954888546 6
      vertex 4.927050983124842 138.85316954888546 6.2
      vertex 5.36197149921864 138.6730195725651 6
    endloop
  endfacet
  facet normal 0.38268343236510444 -0.9238795325112806 -7.163265611747887e-17
    outer loop
      vertex 4.927050983124842 133.14683045111454 6
      vertex 5.36197149921864 133.3269804274349 6
      vertex 5.36197149921864 133.3269804274349 6.2
    endloop
  endfacet
  facet normal 0.5224985647159355 -0.8526401643541005 0
    outer loop
      vertex 5.36197149921864 133.3269804274349 6
      vertex 5.763355756877419 133.57294901687516 6.2
      vertex 5.36197149921864 133.3269804274349 6.2
    endloop
  endfacet
  facet normal 0.5224985647159355 -0.8526401643541005 -3.274047665401564e-17
    outer loop
      vertex 5.36197149921864 133.3269804274349 6
      vertex 5.763355756877419 133.57294901687516 6
      vertex 5.763355756877419 133.57294901687516 6.2
    endloop
  endfacet
  facet normal 0.6494480483301983 -0.7604059656000185 0
    outer loop
      vertex 5.763355756877419 133.57294901687516 6
      vertex 6.121320343559643 133.87867965644037 6.2
      vertex 5.763355756877419 133.57294901687516 6.2
    endloop
  endfacet
  facet normal 0.6494480483301983 -0.7604059656000185 4.857581207922007e-17
    outer loop
      vertex 5.763355756877419 133.57294901687516 6
      vertex 6.121320343559643 133.87867965644037 6
      vertex 6.121320343559643 133.87867965644037 6.2
    endloop
  endfacet
  facet normal 0.7604059656000236 -0.6494480483301922 0
    outer loop
      vertex 6.121320343559643 133.87867965644037 6
      vertex 6.427050983124842 134.23664424312258 6
      vertex 6.121320343559643 133.87867965644037 6.2
    endloop
  endfacet
  facet normal 0.7604059656000236 -0.6494480483301922 -1.0955706195599548e-17
    outer loop
      vertex 6.121320343559643 133.87867965644037 6.2
      vertex 6.427050983124842 134.23664424312258 6
      vertex 6.427050983124842 134.23664424312258 6.2
    endloop
  endfacet
  facet normal 0 0 1
    outer loop
      vertex 5.36197149921864 133.3269804274349 6.2
      vertex 5.763355756877419 133.57294901687516 6.2
      vertex 5.36197149921864 138.6730195725651 6.2
    endloop
  endfacet
  facet normal 0 0 1
    outer loop
      vertex 5.763355756877419 133.57294901687516 6.2
      vertex 6.121320343559643 133.87867965644037 6.2
      vertex 5.763355756877419 138.42705098312484 6.2
    endloop
  endfacet
  facet normal 0 0 1
    outer loop
      vertex 6.121320343559643 133.87867965644037 6.2
      vertex 6.427050983124842 134.23664424312258 6.2
      vertex 6.121320343559643 138.12132034355963 6.2
    endloop
  endfacet
  facet normal 0.8526401643540905 -0.5224985647159517 0
    outer loop
      vertex 6.427050983124842 134.23664424312258 6
      vertex 6.673019572565104 134.63802850078136 6
      vertex 6.427050983124842 134.23664424312258 6.2
    endloop
  endfacet
  facet normal 0.8526401643540905 -0.5224985647159517 0
    outer loop
      vertex 6.673019572565104 134.63802850078136 6
      vertex 6.673019572565104 134.63802850078136 6.2
      vertex 6.427050983124842 134.23664424312258 6.2
    endloop
  endfacet
  facet normal 0.9238795325112864 -0.38268343236509056 0
    outer loop
      vertex 6.673019572565104 134.63802850078136 6
      vertex 6.853169548885461 135.07294901687516 6
      vertex 6.673019572565104 134.63802850078136 6.2
    endloop
  endfacet
  facet normal 0 0 1
    outer loop
      vertex 6.427050983124842 134.23664424312258 6.2
      vertex 6.673019572565104 134.63802850078136 6.2
      vertex 6.427050983124842 137.76335575687742 6.2
    endloop
  endfacet
  facet normal 0.9238795325112864 -0.38268343236509056 6.930832232806063e-17
    outer loop
      vertex 6.673019572565104 134.63802850078136 6.2
      vertex 6.853169548885461 135.07294901687516 6
      vertex 6.853169548885461 135.07294901687516 6.2
    endloop
  endfacet
  facet normal 0.9723699203976757 -0.23344536385590947 0
    outer loop
      vertex 6.853169548885461 135.07294901687516 6
      vertex 6.963065021785413 135.5306966048793 6
      vertex 6.853169548885461 135.07294901687516 6.2
    endloop
  endfacet
  facet normal 0.9723699203976757 -0.23344536385590947 0
    outer loop
      vertex 6.963065021785413 135.5306966048793 6
      vertex 6.963065021785413 135.5306966048793 6.2
      vertex 6.853169548885461 135.07294901687516 6.2
    endloop
  endfacet
  facet normal 0 0 1
    outer loop
      vertex 6.673019572565104 134.63802850078136 6.2
      vertex 6.853169548885461 135.07294901687516 6.2
      vertex 6.673019572565104 137.36197149921864 6.2
    endloop
  endfacet
  facet normal 0.9969173337331281 -0.07845909572784368 0
    outer loop
      vertex 6.963065021785413 135.5306966048793 6
      vertex 7 136 6
      vertex 6.963065021785413 135.5306966048793 6.2
    endloop
  endfacet
  facet normal 0.9969173337331281 -0.07845909572784368 -1.0199616526270134e-17
    outer loop
      vertex 6.963065021785413 135.5306966048793 6.2
      vertex 7 136 6
      vertex 7 136 6.2
    endloop
  endfacet
  facet normal 0 0 1
    outer loop
      vertex 6.853169548885461 135.07294901687516 6.2
      vertex 6.963065021785413 135.5306966048793 6.2
      vertex 6.853169548885461 136.92705098312484 6.2
    endloop
  endfacet
  facet normal 0 0 1
    outer loop
      vertex 6.963065021785413 135.5306966048793 6.2
      vertex 7 136 6.2
      vertex 6.963065021785413 136.4693033951207 6.2
    endloop
  endfacet
  facet normal 0.9969173337331281 0.07845909572784368 0
    outer loop
      vertex 7 136 6
      vertex 6.963065021785413 136.4693033951207 6
      vertex 7 136 6.2
    endloop
  endfacet
  facet normal 0.9969173337331281 0.07845909572784368 0
    outer loop
      vertex 6.963065021785413 136.4693033951207 6
      vertex 6.963065021785413 136.4693033951207 6.2
      vertex 7 136 6.2
    endloop
  endfacet
  facet normal 0 0 1
    outer loop
      vertex 6.853169548885461 135.07294901687516 6.2
      vertex 6.853169548885461 136.92705098312484 6.2
      vertex 6.673019572565104 137.36197149921864 6.2
    endloop
  endfacet
  facet normal 0 0 1
    outer loop
      vertex 6.963065021785413 135.5306966048793 6.2
      vertex 6.963065021785413 136.4693033951207 6.2
      vertex 6.853169548885461 136.92705098312484 6.2
    endloop
  endfacet
  facet normal 0 0 1
    outer loop
      vertex 4.927050983124842 138.85316954888546 6.2
      vertex 5.36197149921864 133.3269804274349 6.2
      vertex 5.36197149921864 138.6730195725651 6.2
    endloop
  endfacet
  facet normal 0 0 1
    outer loop
      vertex 5.763355756877419 133.57294901687516 6.2
      vertex 5.763355756877419 138.42705098312484 6.2
      vertex 5.36197149921864 138.6730195725651 6.2
    endloop
  endfacet
  facet normal 0 0 1
    outer loop
      vertex 6.121320343559643 133.87867965644037 6.2
      vertex 6.121320343559643 138.12132034355963 6.2
      vertex 5.763355756877419 138.42705098312484 6.2
    endloop
  endfacet
  facet normal 0 0 1
    outer loop
      vertex 6.427050983124842 134.23664424312258 6.2
      vertex 6.427050983124842 137.76335575687742 6.2
      vertex 6.121320343559643 138.12132034355963 6.2
    endloop
  endfacet
  facet normal 0.6494480483301983 0.7604059656000185 -4.857581207922007e-17
    outer loop
      vertex 6.121320343559643 138.12132034355963 6
      vertex 5.763355756877419 138.42705098312484 6
      vertex 5.763355756877419 138.42705098312484 6.2
    endloop
  endfacet
  facet normal 0.6494480483301983 0.7604059656000185 0
    outer loop
      vertex 6.121320343559643 138.12132034355963 6
      vertex 5.763355756877419 138.42705098312484 6.2
      vertex 6.121320343559643 138.12132034355963 6.2
    endloop
  endfacet
  facet normal 0.7604059656000236 0.6494480483301922 1.0955706195599548e-17
    outer loop
      vertex 6.121320343559643 138.12132034355963 6
      vertex 6.427050983124842 137.76335575687742 6.2
      vertex 6.427050983124842 137.76335575687742 6
    endloop
  endfacet
  facet normal 0.7604059656000236 0.6494480483301922 0
    outer loop
      vertex 6.121320343559643 138.12132034355963 6
      vertex 6.121320343559643 138.12132034355963 6.2
      vertex 6.427050983124842 137.76335575687742 6.2
    endloop
  endfacet
  facet normal 0.38268343236510444 0.9238795325112806 7.163265611747887e-17
    outer loop
      vertex 4.927050983124842 138.85316954888546 6.2
      vertex 5.36197149921864 138.6730195725651 6.2
      vertex 5.36197149921864 138.6730195725651 6
    endloop
  endfacet
  facet normal 0.5224985647159355 0.8526401643541005 0
    outer loop
      vertex 5.36197149921864 138.6730195725651 6
      vertex 5.36197149921864 138.6730195725651 6.2
      vertex 5.763355756877419 138.42705098312484 6
    endloop
  endfacet
  facet normal 0.5224985647159355 0.8526401643541005 0
    outer loop
      vertex 5.763355756877419 138.42705098312484 6
      vertex 5.36197149921864 138.6730195725651 6.2
      vertex 5.763355756877419 138.42705098312484 6.2
    endloop
  endfacet
  facet normal 0 0 1
    outer loop
      vertex 6.673019572565104 134.63802850078136 6.2
      vertex 6.673019572565104 137.36197149921864 6.2
      vertex 6.427050983124842 137.76335575687742 6.2
    endloop
  endfacet
  facet normal 0.9238795325112864 0.38268343236509056 0
    outer loop
      vertex 6.673019572565104 137.36197149921864 6
      vertex 6.673019572565104 137.36197149921864 6.2
      vertex 6.853169548885461 136.92705098312484 6.2
    endloop
  endfacet
  facet normal 0.9723699203976757 0.23344536385590947 2.737123127335931e-17
    outer loop
      vertex 6.963065021785413 136.4693033951207 6.2
      vertex 6.853169548885461 136.92705098312484 6
      vertex 6.853169548885461 136.92705098312484 6.2
    endloop
  endfacet
  facet normal 0.9723699203976757 0.23344536385590947 0
    outer loop
      vertex 6.963065021785413 136.4693033951207 6
      vertex 6.853169548885461 136.92705098312484 6
      vertex 6.963065021785413 136.4693033951207 6.2
    endloop
  endfacet
  facet normal 0.9238795325112864 0.38268343236509056 -6.930832232806063e-17
    outer loop
      vertex 6.673019572565104 137.36197149921864 6
      vertex 6.853169548885461 136.92705098312484 6.2
      vertex 6.853169548885461 136.92705098312484 6
    endloop
  endfacet
  facet normal 0.8526401643540905 0.5224985647159517 -6.453659795703002e-17
    outer loop
      vertex 6.673019572565104 137.36197149921864 6.2
      vertex 6.427050983124842 137.76335575687742 6
      vertex 6.427050983124842 137.76335575687742 6.2
    endloop
  endfacet
  facet normal 0.8526401643540905 0.5224985647159517 0
    outer loop
      vertex 6.673019572565104 137.36197149921864 6
      vertex 6.427050983124842 137.76335575687742 6
      vertex 6.673019572565104 137.36197149921864 6.2
    endloop
  endfacet
  facet normal -0.852640164354099 -0.5224985647159379 0
    outer loop
      vertex 157.8269804274349 82.63802850078136 6
      vertex 158.07294901687516 82.23664424312258 6
      vertex 157.8269804274349 82.63802850078136 6.2
    endloop
  endfacet
  facet normal -0.852640164354099 -0.5224985647159379 0
    outer loop
      vertex 158.07294901687516 82.23664424312258 6
      vertex 158.07294901687516 82.23664424312258 6.2
      vertex 157.8269804274349 82.63802850078136 6.2
    endloop
  endfacet
  facet normal -0.6494480483301901 -0.7604059656000255 -1.5654734571731926e-17
    outer loop
      vertex 158.37867965644037 81.87867965644035 6
      vertex 158.73664424312258 81.57294901687516 6
      vertex 158.73664424312258 81.57294901687516 6.2
    endloop
  endfacet
  facet normal -0.7604059656000233 -0.6494480483301927 0
    outer loop
      vertex 158.07294901687516 82.23664424312258 6
      vertex 158.37867965644037 81.87867965644035 6
      vertex 158.07294901687516 82.23664424312258 6.2
    endloop
  endfacet
  facet normal -0.7604059656000233 -0.6494480483301927 3.9780456318799654e-17
    outer loop
      vertex 158.07294901687516 82.23664424312258 6.2
      vertex 158.37867965644037 81.87867965644035 6
      vertex 158.37867965644037 81.87867965644035 6.2
    endloop
  endfacet
  facet normal -0.6494480483301901 -0.7604059656000255 0
    outer loop
      vertex 158.37867965644037 81.87867965644035 6
      vertex 158.73664424312258 81.57294901687516 6.2
      vertex 158.37867965644037 81.87867965644035 6.2
    endloop
  endfacet
  facet normal -0.5224985647159599 -0.8526401643540855 0
    outer loop
      vertex 158.73664424312258 81.57294901687516 6
      vertex 159.13802850078136 81.32698042743489 6.2
      vertex 158.73664424312258 81.57294901687516 6.2
    endloop
  endfacet
  facet normal -0.5224985647159599 -0.8526401643540855 6.347167756706933e-17
    outer loop
      vertex 158.73664424312258 81.57294901687516 6
      vertex 159.13802850078136 81.32698042743489 6
      vertex 159.13802850078136 81.32698042743489 6.2
    endloop
  endfacet
  facet normal -0.38268343236507935 -0.9238795325112912 0
    outer loop
      vertex 159.13802850078136 81.32698042743489 6
      vertex 159.57294901687516 81.14683045111454 6.2
      vertex 159.13802850078136 81.32698042743489 6.2
    endloop
  endfacet
  facet normal -0.9238795325112804 -0.3826834323651051 2.295757741996775e-18
    outer loop
      vertex 157.8269804274349 82.63802850078136 6
      vertex 157.64683045111454 83.07294901687516 6.2
      vertex 157.64683045111454 83.07294901687516 6
    endloop
  endfacet
  facet normal -0.9723699203976781 -0.2334453638558991 3.602755769977818e-17
    outer loop
      vertex 157.64683045111454 83.07294901687516 6
      vertex 157.5369349782146 83.53069660487931 6.2
      vertex 157.5369349782146 83.53069660487931 6
    endloop
  endfacet
  facet normal -0.9723699203976781 -0.2334453638558991 0
    outer loop
      vertex 157.64683045111454 83.07294901687516 6
      vertex 157.64683045111454 83.07294901687516 6.2
      vertex 157.5369349782146 83.53069660487931 6.2
    endloop
  endfacet
  facet normal 0 0 1
    outer loop
      vertex 157.8269804274349 82.63802850078136 6.2
      vertex 157.64683045111454 84.92705098312484 6.2
      vertex 157.64683045111454 83.07294901687516 6.2
    endloop
  endfacet
  facet normal -0.9238795325112804 -0.3826834323651051 0
    outer loop
      vertex 157.8269804274349 82.63802850078136 6
      vertex 157.8269804274349 82.63802850078136 6.2
      vertex 157.64683045111454 83.07294901687516 6.2
    endloop
  endfacet
  facet normal 0 0 1
    outer loop
      vertex 157.8269804274349 82.63802850078136 6.2
      vertex 158.07294901687516 82.23664424312258 6.2
      vertex 157.8269804274349 85.36197149921864 6.2
    endloop
  endfacet
  facet normal -0.9969173337331276 -0.0784590957278498 0
    outer loop
      vertex 157.5369349782146 83.53069660487931 6
      vertex 157.5369349782146 83.53069660487931 6.2
      vertex 157.5 84 6.2
    endloop
  endfacet
  facet normal -0.9969173337331276 -0.0784590957278498 1.0285567513954694e-17
    outer loop
      vertex 157.5369349782146 83.53069660487931 6
      vertex 157.5 84 6.2
      vertex 157.5 84 6
    endloop
  endfacet
  facet normal 0 0 1
    outer loop
      vertex 157.64683045111454 83.07294901687516 6.2
      vertex 157.5369349782146 84.46930339512069 6.2
      vertex 157.5369349782146 83.53069660487931 6.2
    endloop
  endfacet
  facet normal 0 0 1
    outer loop
      vertex 157.5369349782146 83.53069660487931 6.2
      vertex 157.5369349782146 84.46930339512069 6.2
      vertex 157.5 84 6.2
    endloop
  endfacet
  facet normal -0.9969173337331276 0.0784590957278498 0
    outer loop
      vertex 157.5 84 6
      vertex 157.5 84 6.2
      vertex 157.5369349782146 84.46930339512069 6.2
    endloop
  endfacet
  facet normal -0.9969173337331276 0.0784590957278498 -1.0285567513954694e-17
    outer loop
      vertex 157.5 84 6
      vertex 157.5369349782146 84.46930339512069 6.2
      vertex 157.5369349782146 84.46930339512069 6
    endloop
  endfacet
  facet normal 0 0 1
    outer loop
      vertex 157.64683045111454 83.07294901687516 6.2
      vertex 157.64683045111454 84.92705098312484 6.2
      vertex 157.5369349782146 84.46930339512069 6.2
    endloop
  endfacet
  facet normal 0 0 1
    outer loop
      vertex 157.8269804274349 82.63802850078136 6.2
      vertex 157.8269804274349 85.36197149921864 6.2
      vertex 157.64683045111454 84.92705098312484 6.2
    endloop
  endfacet
  facet normal -0.9723699203976781 0.2334453638558991 0
    outer loop
      vertex 157.5369349782146 84.46930339512069 6
      vertex 157.5369349782146 84.46930339512069 6.2
      vertex 157.64683045111454 84.92705098312484 6.2
    endloop
  endfacet
  facet normal -0.9723699203976781 0.2334453638558991 -3.602755769977818e-17
    outer loop
      vertex 157.5369349782146 84.46930339512069 6
      vertex 157.64683045111454 84.92705098312484 6.2
      vertex 157.64683045111454 84.92705098312484 6
    endloop
  endfacet
  facet normal -0.9238795325112804 0.3826834323651051 0
    outer loop
      vertex 157.64683045111454 84.92705098312484 6
      vertex 157.64683045111454 84.92705098312484 6.2
      vertex 157.8269804274349 85.36197149921864 6.2
    endloop
  endfacet
  facet normal 0 0 1
    outer loop
      vertex 158.07294901687516 82.23664424312258 6.2
      vertex 158.07294901687516 85.76335575687742 6.2
      vertex 157.8269804274349 85.36197149921864 6.2
    endloop
  endfacet
  facet normal -0.9238795325112804 0.3826834323651051 -2.295757741996775e-18
    outer loop
      vertex 157.64683045111454 84.92705098312484 6
      vertex 157.8269804274349 85.36197149921864 6.2
      vertex 157.8269804274349 85.36197149921864 6
    endloop
  endfacet
  facet normal -0.852640164354099 0.5224985647159379 0
    outer loop
      vertex 157.8269804274349 85.36197149921864 6
      vertex 157.8269804274349 85.36197149921864 6.2
      vertex 158.07294901687516 85.76335575687742 6.2
    endloop
  endfacet
  facet normal -0.852640164354099 0.5224985647159379 -6.604819577362487e-17
    outer loop
      vertex 157.8269804274349 85.36197149921864 6
      vertex 158.07294901687516 85.76335575687742 6.2
      vertex 158.07294901687516 85.76335575687742 6
    endloop
  endfacet
  facet normal 0 0 1
    outer loop
      vertex 158.07294901687516 82.23664424312258 6.2
      vertex 158.37867965644037 81.87867965644035 6.2
      vertex 158.07294901687516 85.76335575687742 6.2
    endloop
  endfacet
  facet normal 0 0 1
    outer loop
      vertex 158.37867965644037 81.87867965644035 6.2
      vertex 158.73664424312258 81.57294901687516 6.2
      vertex 158.37867965644037 86.12132034355965 6.2
    endloop
  endfacet
  facet normal 0 0 1
    outer loop
      vertex 158.73664424312258 81.57294901687516 6.2
      vertex 159.13802850078136 81.32698042743489 6.2
      vertex 158.73664424312258 86.42705098312484 6.2
    endloop
  endfacet
  facet normal 0 0 1
    outer loop
      vertex 159.13802850078136 81.32698042743489 6.2
      vertex 159.57294901687516 81.14683045111454 6.2
      vertex 159.13802850078136 86.67301957256511 6.2
    endloop
  endfacet
  facet normal 0 0 1
    outer loop
      vertex 158.37867965644037 81.87867965644035 6.2
      vertex 158.37867965644037 86.12132034355965 6.2
      vertex 158.07294901687516 85.76335575687742 6.2
    endloop
  endfacet
  facet normal 0 0 1
    outer loop
      vertex 158.73664424312258 81.57294901687516 6.2
      vertex 158.73664424312258 86.42705098312484 6.2
      vertex 158.37867965644037 86.12132034355965 6.2
    endloop
  endfacet
  facet normal -0.7604059656000233 0.6494480483301927 0
    outer loop
      vertex 158.07294901687516 85.76335575687742 6
      vertex 158.07294901687516 85.76335575687742 6.2
      vertex 158.37867965644037 86.12132034355965 6.2
    endloop
  endfacet
  facet normal -0.7604059656000233 0.6494480483301927 -3.9780456318799654e-17
    outer loop
      vertex 158.07294901687516 85.76335575687742 6
      vertex 158.37867965644037 86.12132034355965 6.2
      vertex 158.37867965644037 86.12132034355965 6
    endloop
  endfacet
  facet normal -0.6494480483301901 0.7604059656000255 0
    outer loop
      vertex 158.37867965644037 86.12132034355965 6
      vertex 158.37867965644037 86.12132034355965 6.2
      vertex 158.73664424312258 86.42705098312484 6
    endloop
  endfacet
  facet normal 0 0 1
    outer loop
      vertex 159.13802850078136 81.32698042743489 6.2
      vertex 159.13802850078136 86.67301957256511 6.2
      vertex 158.73664424312258 86.42705098312484 6.2
    endloop
  endfacet
  facet normal -0.38268343236507935 -0.9238795325112912 5.515443042597505e-17
    outer loop
      vertex 159.13802850078136 81.32698042743489 6
      vertex 159.57294901687516 81.14683045111454 6
      vertex 159.57294901687516 81.14683045111454 6.2
    endloop
  endfacet
  facet normal -0.23344536385590592 -0.9723699203976766 0
    outer loop
      vertex 159.57294901687516 81.14683045111454 6
      vertex 160.0306966048793 81.03693497821459 6.2
      vertex 159.57294901687516 81.14683045111454 6.2
    endloop
  endfacet
  facet normal -0.23344536385590592 -0.9723699203976766 -3.28132289472463e-17
    outer loop
      vertex 159.57294901687516 81.14683045111454 6
      vertex 160.0306966048793 81.03693497821459 6
      vertex 160.0306966048793 81.03693497821459 6.2
    endloop
  endfacet
  facet normal -0.07845909572784744 -0.9969173337331277 0
    outer loop
      vertex 160.0306966048793 81.03693497821459 6
      vertex 160.5 81 6.2
      vertex 160.0306966048793 81.03693497821459 6.2
    endloop
  endfacet
  facet normal -0.07845909572784744 -0.9969173337331277 -2.4135697754823885e-19
    outer loop
      vertex 160.0306966048793 81.03693497821459 6
      vertex 160.5 81 6
      vertex 160.5 81 6.2
    endloop
  endfacet
  facet normal 0.07845909572784744 -0.9969173337331277 0
    outer loop
      vertex 160.5 81 6
      vertex 160.9693033951207 81.03693497821459 6.2
      vertex 160.5 81 6.2
    endloop
  endfacet
  facet normal 0.07845909572784744 -0.9969173337331277 2.4135697754823885e-19
    outer loop
      vertex 160.5 81 6
      vertex 160.9693033951207 81.03693497821459 6
      vertex 160.9693033951207 81.03693497821459 6.2
    endloop
  endfacet
  facet normal 0.23344536385590592 -0.9723699203976766 0
    outer loop
      vertex 160.9693033951207 81.03693497821459 6
      vertex 161.42705098312484 81.14683045111454 6.2
      vertex 160.9693033951207 81.03693497821459 6.2
    endloop
  endfacet
  facet normal 0.23344536385590592 -0.9723699203976766 3.28132289472463e-17
    outer loop
      vertex 160.9693033951207 81.03693497821459 6
      vertex 161.42705098312484 81.14683045111454 6
      vertex 161.42705098312484 81.14683045111454 6.2
    endloop
  endfacet
  facet normal 0.38268343236507935 -0.9238795325112912 0
    outer loop
      vertex 161.42705098312484 81.14683045111454 6
      vertex 161.86197149921864 81.32698042743489 6.2
      vertex 161.42705098312484 81.14683045111454 6.2
    endloop
  endfacet
  facet normal 0.38268343236507935 -0.9238795325112912 -5.515443042597505e-17
    outer loop
      vertex 161.42705098312484 81.14683045111454 6
      vertex 161.86197149921864 81.32698042743489 6
      vertex 161.86197149921864 81.32698042743489 6.2
    endloop
  endfacet
  facet normal 0 0 1
    outer loop
      vertex 159.57294901687516 81.14683045111454 6.2
      vertex 160.0306966048793 81.03693497821459 6.2
      vertex 159.57294901687516 86.85316954888546 6.2
    endloop
  endfacet
  facet normal 0 0 1
    outer loop
      vertex 160.0306966048793 81.03693497821459 6.2
      vertex 160.5 81 6.2
      vertex 160.0306966048793 86.96306502178541 6.2
    endloop
  endfacet
  facet normal 0 0 1
    outer loop
      vertex 159.57294901687516 81.14683045111454 6.2
      vertex 159.57294901687516 86.85316954888546 6.2
      vertex 159.13802850078136 86.67301957256511 6.2
    endloop
  endfacet
  facet normal 0 0 1
    outer loop
      vertex 160.0306966048793 81.03693497821459 6.2
      vertex 160.0306966048793 86.96306502178541 6.2
      vertex 159.57294901687516 86.85316954888546 6.2
    endloop
  endfacet
  facet normal 0 0 1
    outer loop
      vertex 160.5 81 6.2
      vertex 160.5 87 6.2
      vertex 160.0306966048793 86.96306502178541 6.2
    endloop
  endfacet
  facet normal 0 0 1
    outer loop
      vertex 160.5 81 6.2
      vertex 160.9693033951207 81.03693497821459 6.2
      vertex 160.5 87 6.2
    endloop
  endfacet
  facet normal 0 0 1
    outer loop
      vertex 160.9693033951207 81.03693497821459 6.2
      vertex 161.42705098312484 81.14683045111454 6.2
      vertex 160.9693033951207 86.96306502178541 6.2
    endloop
  endfacet
  facet normal 0 0 1
    outer loop
      vertex 161.42705098312484 81.14683045111454 6.2
      vertex 161.86197149921864 81.32698042743489 6.2
      vertex 161.42705098312484 86.85316954888546 6.2
    endloop
  endfacet
  facet normal 0 0 1
    outer loop
      vertex 160.9693033951207 81.03693497821459 6.2
      vertex 160.9693033951207 86.96306502178541 6.2
      vertex 160.5 87 6.2
    endloop
  endfacet
  facet normal 0 0 1
    outer loop
      vertex 161.42705098312484 81.14683045111454 6.2
      vertex 161.42705098312484 86.85316954888546 6.2
      vertex 160.9693033951207 86.96306502178541 6.2
    endloop
  endfacet
  facet normal 0 0 1
    outer loop
      vertex 161.86197149921864 81.32698042743489 6.2
      vertex 161.86197149921864 86.67301957256511 6.2
      vertex 161.42705098312484 86.85316954888546 6.2
    endloop
  endfacet
  facet normal 0.5224985647159599 -0.8526401643540855 0
    outer loop
      vertex 161.86197149921864 81.32698042743489 6
      vertex 162.26335575687742 81.57294901687516 6.2
      vertex 161.86197149921864 81.32698042743489 6.2
    endloop
  endfacet
  facet normal 0.5224985647159599 -0.8526401643540855 -6.347167756706933e-17
    outer loop
      vertex 161.86197149921864 81.32698042743489 6
      vertex 162.26335575687742 81.57294901687516 6
      vertex 162.26335575687742 81.57294901687516 6.2
    endloop
  endfacet
  facet normal 0.6494480483301901 -0.7604059656000255 0
    outer loop
      vertex 162.26335575687742 81.57294901687516 6
      vertex 162.62132034355963 81.87867965644035 6.2
      vertex 162.26335575687742 81.57294901687516 6.2
    endloop
  endfacet
  facet normal 0.6494480483301901 -0.7604059656000255 1.5654734571731926e-17
    outer loop
      vertex 162.26335575687742 81.57294901687516 6
      vertex 162.62132034355963 81.87867965644035 6
      vertex 162.62132034355963 81.87867965644035 6.2
    endloop
  endfacet
  facet normal 0.7604059656000233 -0.6494480483301927 0
    outer loop
      vertex 162.62132034355963 81.87867965644035 6
      vertex 162.92705098312484 82.23664424312258 6
      vertex 162.62132034355963 81.87867965644035 6.2
    endloop
  endfacet
  facet normal 0.7604059656000233 -0.6494480483301927 0
    outer loop
      vertex 162.92705098312484 82.23664424312258 6
      vertex 162.92705098312484 82.23664424312258 6.2
      vertex 162.62132034355963 81.87867965644035 6.2
    endloop
  endfacet
  facet normal 0.852640164354099 -0.5224985647159379 0
    outer loop
      vertex 162.92705098312484 82.23664424312258 6
      vertex 163.1730195725651 82.63802850078136 6
      vertex 162.92705098312484 82.23664424312258 6.2
    endloop
  endfacet
  facet normal 0.852640164354099 -0.5224985647159379 0
    outer loop
      vertex 163.1730195725651 82.63802850078136 6
      vertex 163.1730195725651 82.63802850078136 6.2
      vertex 162.92705098312484 82.23664424312258 6.2
    endloop
  endfacet
  facet normal 0 0 1
    outer loop
      vertex 161.86197149921864 81.32698042743489 6.2
      vertex 162.26335575687742 81.57294901687516 6.2
      vertex 161.86197149921864 86.67301957256511 6.2
    endloop
  endfacet
  facet normal 0 0 1
    outer loop
      vertex 162.26335575687742 81.57294901687516 6.2
      vertex 162.62132034355963 81.87867965644035 6.2
      vertex 162.26335575687742 86.42705098312484 6.2
    endloop
  endfacet
  facet normal 0 0 1
    outer loop
      vertex 162.62132034355963 81.87867965644035 6.2
      vertex 162.92705098312484 82.23664424312258 6.2
      vertex 162.62132034355963 86.12132034355965 6.2
    endloop
  endfacet
  facet normal 0 0 1
    outer loop
      vertex 162.92705098312484 82.23664424312258 6.2
      vertex 163.1730195725651 82.63802850078136 6.2
      vertex 162.92705098312484 85.76335575687742 6.2
    endloop
  endfacet
  facet normal 0 0 1
    outer loop
      vertex 162.26335575687742 81.57294901687516 6.2
      vertex 162.26335575687742 86.42705098312484 6.2
      vertex 161.86197149921864 86.67301957256511 6.2
    endloop
  endfacet
  facet normal 0 0 1
    outer loop
      vertex 162.62132034355963 81.87867965644035 6.2
      vertex 162.62132034355963 86.12132034355965 6.2
      vertex 162.26335575687742 86.42705098312484 6.2
    endloop
  endfacet
  facet normal 0.6494480483301901 0.7604059656000255 0
    outer loop
      vertex 162.62132034355963 86.12132034355965 6
      vertex 162.26335575687742 86.42705098312484 6.2
      vertex 162.62132034355963 86.12132034355965 6.2
    endloop
  endfacet
  facet normal 0 0 1
    outer loop
      vertex 162.92705098312484 82.23664424312258 6.2
      vertex 162.92705098312484 85.76335575687742 6.2
      vertex 162.62132034355963 86.12132034355965 6.2
    endloop
  endfacet
  facet normal 0 0 1
    outer loop
      vertex 163.1730195725651 82.63802850078136 6.2
      vertex 163.1730195725651 85.36197149921864 6.2
      vertex 162.92705098312484 85.76335575687742 6.2
    endloop
  endfacet
  facet normal 0.7604059656000233 0.6494480483301927 0
    outer loop
      vertex 162.62132034355963 86.12132034355965 6
      vertex 162.62132034355963 86.12132034355965 6.2
      vertex 162.92705098312484 85.76335575687742 6.2
    endloop
  endfacet
  facet normal 0.7604059656000233 0.6494480483301927 3.9780456318799654e-17
    outer loop
      vertex 162.62132034355963 86.12132034355965 6
      vertex 162.92705098312484 85.76335575687742 6.2
      vertex 162.92705098312484 85.76335575687742 6
    endloop
  endfacet
  facet normal 0.852640164354099 0.5224985647159379 0
    outer loop
      vertex 162.92705098312484 85.76335575687742 6
      vertex 162.92705098312484 85.76335575687742 6.2
      vertex 163.1730195725651 85.36197149921864 6.2
    endloop
  endfacet
  facet normal 0.852640164354099 0.5224985647159379 6.604819577362487e-17
    outer loop
      vertex 162.92705098312484 85.76335575687742 6
      vertex 163.1730195725651 85.36197149921864 6.2
      vertex 163.1730195725651 85.36197149921864 6
    endloop
  endfacet
  facet normal 0.9238795325112804 -0.3826834323651051 0
    outer loop
      vertex 163.1730195725651 82.63802850078136 6
      vertex 163.35316954888546 83.07294901687516 6
      vertex 163.1730195725651 82.63802850078136 6.2
    endloop
  endfacet
  facet normal 0.9238795325112804 -0.3826834323651051 -2.295757741996775e-18
    outer loop
      vertex 163.1730195725651 82.63802850078136 6.2
      vertex 163.35316954888546 83.07294901687516 6
      vertex 163.35316954888546 83.07294901687516 6.2
    endloop
  endfacet
  facet normal 0.9723699203976781 -0.2334453638558991 0
    outer loop
      vertex 163.35316954888546 83.07294901687516 6
      vertex 163.4630650217854 83.53069660487931 6
      vertex 163.35316954888546 83.07294901687516 6.2
    endloop
  endfacet
  facet normal 0.9723699203976781 -0.2334453638558991 0
    outer loop
      vertex 163.4630650217854 83.53069660487931 6
      vertex 163.4630650217854 83.53069660487931 6.2
      vertex 163.35316954888546 83.07294901687516 6.2
    endloop
  endfacet
  facet normal 0.9969173337331276 -0.0784590957278498 0
    outer loop
      vertex 163.4630650217854 83.53069660487931 6
      vertex 163.5 84 6
      vertex 163.4630650217854 83.53069660487931 6.2
    endloop
  endfacet
  facet normal 0.9969173337331276 -0.0784590957278498 -1.0285567513954694e-17
    outer loop
      vertex 163.4630650217854 83.53069660487931 6.2
      vertex 163.5 84 6
      vertex 163.5 84 6.2
    endloop
  endfacet
  facet normal 0 0 1
    outer loop
      vertex 163.1730195725651 82.63802850078136 6.2
      vertex 163.35316954888546 83.07294901687516 6.2
      vertex 163.1730195725651 85.36197149921864 6.2
    endloop
  endfacet
  facet normal 0 0 1
    outer loop
      vertex 163.35316954888546 83.07294901687516 6.2
      vertex 163.4630650217854 83.53069660487931 6.2
      vertex 163.35316954888546 84.92705098312484 6.2
    endloop
  endfacet
  facet normal 0 0 1
    outer loop
      vertex 163.4630650217854 83.53069660487931 6.2
      vertex 163.5 84 6.2
      vertex 163.4630650217854 84.46930339512069 6.2
    endloop
  endfacet
  facet normal 0.9969173337331276 0.0784590957278498 0
    outer loop
      vertex 163.5 84 6
      vertex 163.4630650217854 84.46930339512069 6
      vertex 163.5 84 6.2
    endloop
  endfacet
  facet normal 0.9969173337331276 0.0784590957278498 1.0285567513954694e-17
    outer loop
      vertex 163.5 84 6.2
      vertex 163.4630650217854 84.46930339512069 6
      vertex 163.4630650217854 84.46930339512069 6.2
    endloop
  endfacet
  facet normal 0 0 1
    outer loop
      vertex 163.4630650217854 83.53069660487931 6.2
      vertex 163.4630650217854 84.46930339512069 6.2
      vertex 163.35316954888546 84.92705098312484 6.2
    endloop
  endfacet
  facet normal 0.9723699203976781 0.2334453638558991 0
    outer loop
      vertex 163.4630650217854 84.46930339512069 6
      vertex 163.35316954888546 84.92705098312484 6
      vertex 163.4630650217854 84.46930339512069 6.2
    endloop
  endfacet
  facet normal 0.9723699203976781 0.2334453638558991 0
    outer loop
      vertex 163.35316954888546 84.92705098312484 6
      vertex 163.35316954888546 84.92705098312484 6.2
      vertex 163.4630650217854 84.46930339512069 6.2
    endloop
  endfacet
  facet normal 0 0 1
    outer loop
      vertex 163.1730195725651 85.36197149921864 6.2
      vertex 163.35316954888546 83.07294901687516 6.2
      vertex 163.35316954888546 84.92705098312484 6.2
    endloop
  endfacet
  facet normal 0.9238795325112804 0.3826834323651051 2.295757741996775e-18
    outer loop
      vertex 163.1730195725651 85.36197149921864 6
      vertex 163.35316954888546 84.92705098312484 6.2
      vertex 163.35316954888546 84.92705098312484 6
    endloop
  endfacet
  facet normal 0.9238795325112804 0.3826834323651051 0
    outer loop
      vertex 163.1730195725651 85.36197149921864 6
      vertex 163.1730195725651 85.36197149921864 6.2
      vertex 163.35316954888546 84.92705098312484 6.2
    endloop
  endfacet
  facet normal -0.6494480483301901 0.7604059656000255 1.5654734571731926e-17
    outer loop
      vertex 158.37867965644037 86.12132034355965 6.2
      vertex 158.73664424312258 86.42705098312484 6.2
      vertex 158.73664424312258 86.42705098312484 6
    endloop
  endfacet
  facet normal -0.5224985647159599 0.8526401643540855 0
    outer loop
      vertex 158.73664424312258 86.42705098312484 6
      vertex 158.73664424312258 86.42705098312484 6.2
      vertex 159.13802850078136 86.67301957256511 6
    endloop
  endfacet
  facet normal -0.5224985647159599 0.8526401643540855 0
    outer loop
      vertex 159.13802850078136 86.67301957256511 6
      vertex 158.73664424312258 86.42705098312484 6.2
      vertex 159.13802850078136 86.67301957256511 6.2
    endloop
  endfacet
  facet normal -0.38268343236507935 0.9238795325112912 0
    outer loop
      vertex 159.13802850078136 86.67301957256511 6
      vertex 159.13802850078136 86.67301957256511 6.2
      vertex 159.57294901687516 86.85316954888546 6
    endloop
  endfacet
  facet normal -0.38268343236507935 0.9238795325112912 -5.515443042597505e-17
    outer loop
      vertex 159.13802850078136 86.67301957256511 6.2
      vertex 159.57294901687516 86.85316954888546 6.2
      vertex 159.57294901687516 86.85316954888546 6
    endloop
  endfacet
  facet normal -0.23344536385590592 0.9723699203976766 0
    outer loop
      vertex 159.57294901687516 86.85316954888546 6
      vertex 159.57294901687516 86.85316954888546 6.2
      vertex 160.0306966048793 86.96306502178541 6
    endloop
  endfacet
  facet normal -0.23344536385590592 0.9723699203976766 3.28132289472463e-17
    outer loop
      vertex 159.57294901687516 86.85316954888546 6.2
      vertex 160.0306966048793 86.96306502178541 6.2
      vertex 160.0306966048793 86.96306502178541 6
    endloop
  endfacet
  facet normal -0.07845909572784744 0.9969173337331277 0
    outer loop
      vertex 160.0306966048793 86.96306502178541 6
      vertex 160.0306966048793 86.96306502178541 6.2
      vertex 160.5 87 6
    endloop
  endfacet
  facet normal -0.07845909572784744 0.9969173337331277 0
    outer loop
      vertex 160.5 87 6
      vertex 160.0306966048793 86.96306502178541 6.2
      vertex 160.5 87 6.2
    endloop
  endfacet
  facet normal 0.07845909572784744 0.9969173337331277 0
    outer loop
      vertex 160.5 87 6
      vertex 160.5 87 6.2
      vertex 160.9693033951207 86.96306502178541 6
    endloop
  endfacet
  facet normal 0.07845909572784744 0.9969173337331277 -2.4135697754823885e-19
    outer loop
      vertex 160.5 87 6.2
      vertex 160.9693033951207 86.96306502178541 6.2
      vertex 160.9693033951207 86.96306502178541 6
    endloop
  endfacet
  facet normal 0.23344536385590592 0.9723699203976766 0
    outer loop
      vertex 160.9693033951207 86.96306502178541 6
      vertex 160.9693033951207 86.96306502178541 6.2
      vertex 161.42705098312484 86.85316954888546 6
    endloop
  endfacet
  facet normal 0.23344536385590592 0.9723699203976766 -3.28132289472463e-17
    outer loop
      vertex 160.9693033951207 86.96306502178541 6.2
      vertex 161.42705098312484 86.85316954888546 6.2
      vertex 161.42705098312484 86.85316954888546 6
    endloop
  endfacet
  facet normal 0.38268343236507935 0.9238795325112912 0
    outer loop
      vertex 161.42705098312484 86.85316954888546 6
      vertex 161.42705098312484 86.85316954888546 6.2
      vertex 161.86197149921864 86.67301957256511 6
    endloop
  endfacet
  facet normal 0.38268343236507935 0.9238795325112912 0
    outer loop
      vertex 161.86197149921864 86.67301957256511 6
      vertex 161.42705098312484 86.85316954888546 6.2
      vertex 161.86197149921864 86.67301957256511 6.2
    endloop
  endfacet
  facet normal 0.5224985647159599 0.8526401643540855 0
    outer loop
      vertex 161.86197149921864 86.67301957256511 6
      vertex 161.86197149921864 86.67301957256511 6.2
      vertex 162.26335575687742 86.42705098312484 6
    endloop
  endfacet
  facet normal 0.5224985647159599 0.8526401643540855 6.347167756706933e-17
    outer loop
      vertex 161.86197149921864 86.67301957256511 6.2
      vertex 162.26335575687742 86.42705098312484 6.2
      vertex 162.26335575687742 86.42705098312484 6
    endloop
  endfacet
  facet normal 0.6494480483301901 0.7604059656000255 -1.5654734571731926e-17
    outer loop
      vertex 162.62132034355963 86.12132034355965 6
      vertex 162.26335575687742 86.42705098312484 6
      vertex 162.26335575687742 86.42705098312484 6.2
    endloop
  endfacet
  facet normal -0.852640164354099 -0.5224985647159379 6.604819577362487e-17
    outer loop
      vertex 158.07294901687516 134.23664424312258 6
      vertex 157.8269804274349 134.63802850078136 6.2
      vertex 157.8269804274349 134.63802850078136 6
    endloop
  endfacet
  facet normal -0.852640164354099 -0.5224985647159379 0
    outer loop
      vertex 158.07294901687516 134.23664424312258 6
      vertex 158.07294901687516 134.23664424312258 6.2
      vertex 157.8269804274349 134.63802850078136 6.2
    endloop
  endfacet
  facet normal -0.9238795325112804 -0.3826834323651051 2.295757741996775e-18
    outer loop
      vertex 157.8269804274349 134.63802850078136 6
      vertex 157.64683045111454 135.07294901687516 6.2
      vertex 157.64683045111454 135.07294901687516 6
    endloop
  endfacet
  facet normal -0.9723699203976766 -0.23344536385590592 -3.28132289472463e-17
    outer loop
      vertex 157.64683045111454 135.07294901687516 6
      vertex 157.5369349782146 135.5306966048793 6.2
      vertex 157.5369349782146 135.5306966048793 6
    endloop
  endfacet
  facet normal -0.9723699203976766 -0.23344536385590592 0
    outer loop
      vertex 157.64683045111454 135.07294901687516 6
      vertex 157.64683045111454 135.07294901687516 6.2
      vertex 157.5369349782146 135.5306966048793 6.2
    endloop
  endfacet
  facet normal 0 0 1
    outer loop
      vertex 157.8269804274349 134.63802850078136 6.2
      vertex 157.64683045111454 136.92705098312484 6.2
      vertex 157.64683045111454 135.07294901687516 6.2
    endloop
  endfacet
  facet normal -0.9238795325112804 -0.3826834323651051 0
    outer loop
      vertex 157.8269804274349 134.63802850078136 6
      vertex 157.8269804274349 134.63802850078136 6.2
      vertex 157.64683045111454 135.07294901687516 6.2
    endloop
  endfacet
  facet normal 0 0 1
    outer loop
      vertex 158.07294901687516 134.23664424312258 6.2
      vertex 157.8269804274349 137.36197149921864 6.2
      vertex 157.8269804274349 134.63802850078136 6.2
    endloop
  endfacet
  facet normal -0.9969173337331277 -0.07845909572784744 -2.4135697754823885e-19
    outer loop
      vertex 157.5369349782146 135.5306966048793 6
      vertex 157.5 136 6.2
      vertex 157.5 136 6
    endloop
  endfacet
  facet normal -0.9969173337331277 -0.07845909572784744 0
    outer loop
      vertex 157.5369349782146 135.5306966048793 6
      vertex 157.5369349782146 135.5306966048793 6.2
      vertex 157.5 136 6.2
    endloop
  endfacet
  facet normal 0 0 1
    outer loop
      vertex 157.64683045111454 135.07294901687516 6.2
      vertex 157.5369349782146 136.4693033951207 6.2
      vertex 157.5369349782146 135.5306966048793 6.2
    endloop
  endfacet
  facet normal 0 0 1
    outer loop
      vertex 157.5369349782146 135.5306966048793 6.2
      vertex 157.5369349782146 136.4693033951207 6.2
      vertex 157.5 136 6.2
    endloop
  endfacet
  facet normal -0.9969173337331277 0.07845909572784744 2.4135697754823885e-19
    outer loop
      vertex 157.5 136 6
      vertex 157.5369349782146 136.4693033951207 6.2
      vertex 157.5369349782146 136.4693033951207 6
    endloop
  endfacet
  facet normal -0.9969173337331277 0.07845909572784744 0
    outer loop
      vertex 157.5 136 6
      vertex 157.5 136 6.2
      vertex 157.5369349782146 136.4693033951207 6.2
    endloop
  endfacet
  facet normal 0 0 1
    outer loop
      vertex 157.64683045111454 135.07294901687516 6.2
      vertex 157.64683045111454 136.92705098312484 6.2
      vertex 157.5369349782146 136.4693033951207 6.2
    endloop
  endfacet
  facet normal 0 0 1
    outer loop
      vertex 157.8269804274349 134.63802850078136 6.2
      vertex 157.8269804274349 137.36197149921864 6.2
      vertex 157.64683045111454 136.92705098312484 6.2
    endloop
  endfacet
  facet normal 0 0 1
    outer loop
      vertex 158.07294901687516 134.23664424312258 6.2
      vertex 158.07294901687516 137.76335575687742 6.2
      vertex 157.8269804274349 137.36197149921864 6.2
    endloop
  endfacet
  facet normal -0.6494480483302075 -0.7604059656000104 0
    outer loop
      vertex 158.37867965644037 133.87867965644037 6
      vertex 158.73664424312258 133.57294901687516 6.2
      vertex 158.37867965644037 133.87867965644037 6.2
    endloop
  endfacet
  facet normal -0.6494480483302075 -0.7604059656000104 4.98293974508515e-17
    outer loop
      vertex 158.37867965644037 133.87867965644037 6
      vertex 158.73664424312258 133.57294901687516 6
      vertex 158.73664424312258 133.57294901687516 6.2
    endloop
  endfacet
  facet normal -0.7604059656000104 -0.6494480483302075 0
    outer loop
      vertex 158.07294901687516 134.23664424312258 6
      vertex 158.37867965644037 133.87867965644037 6
      vertex 158.07294901687516 134.23664424312258 6.2
    endloop
  endfacet
  facet normal -0.7604059656000104 -0.6494480483302075 4.98293974508515e-17
    outer loop
      vertex 158.07294901687516 134.23664424312258 6.2
      vertex 158.37867965644037 133.87867965644037 6
      vertex 158.37867965644037 133.87867965644037 6.2
    endloop
  endfacet
  facet normal -0.5224985647159379 -0.852640164354099 6.604819577362487e-17
    outer loop
      vertex 158.73664424312258 133.57294901687516 6
      vertex 159.13802850078136 133.3269804274349 6
      vertex 159.13802850078136 133.3269804274349 6.2
    endloop
  endfacet
  facet normal -0.5224985647159379 -0.852640164354099 0
    outer loop
      vertex 158.73664424312258 133.57294901687516 6
      vertex 159.13802850078136 133.3269804274349 6.2
      vertex 158.73664424312258 133.57294901687516 6.2
    endloop
  endfacet
  facet normal -0.3826834323651051 -0.9238795325112804 0
    outer loop
      vertex 159.13802850078136 133.3269804274349 6
      vertex 159.57294901687516 133.14683045111454 6.2
      vertex 159.13802850078136 133.3269804274349 6.2
    endloop
  endfacet
  facet normal 0 0 1
    outer loop
      vertex 158.07294901687516 134.23664424312258 6.2
      vertex 158.37867965644037 133.87867965644037 6.2
      vertex 158.07294901687516 137.76335575687742 6.2
    endloop
  endfacet
  facet normal 0 0 1
    outer loop
      vertex 158.37867965644037 133.87867965644037 6.2
      vertex 158.73664424312258 133.57294901687516 6.2
      vertex 158.37867965644037 138.12132034355963 6.2
    endloop
  endfacet
  facet normal 0 0 1
    outer loop
      vertex 158.73664424312258 133.57294901687516 6.2
      vertex 159.13802850078136 133.3269804274349 6.2
      vertex 158.73664424312258 138.42705098312484 6.2
    endloop
  endfacet
  facet normal 0 0 1
    outer loop
      vertex 159.13802850078136 133.3269804274349 6.2
      vertex 159.57294901687516 133.14683045111454 6.2
      vertex 159.13802850078136 138.6730195725651 6.2
    endloop
  endfacet
  facet normal -0.9723699203976766 0.23344536385590592 0
    outer loop
      vertex 157.5369349782146 136.4693033951207 6
      vertex 157.5369349782146 136.4693033951207 6.2
      vertex 157.64683045111454 136.92705098312484 6.2
    endloop
  endfacet
  facet normal -0.9723699203976766 0.23344536385590592 3.28132289472463e-17
    outer loop
      vertex 157.5369349782146 136.4693033951207 6
      vertex 157.64683045111454 136.92705098312484 6.2
      vertex 157.64683045111454 136.92705098312484 6
    endloop
  endfacet
  facet normal -0.9238795325112804 0.3826834323651051 0
    outer loop
      vertex 157.64683045111454 136.92705098312484 6
      vertex 157.64683045111454 136.92705098312484 6.2
      vertex 157.8269804274349 137.36197149921864 6.2
    endloop
  endfacet
  facet normal -0.9238795325112804 0.3826834323651051 -2.295757741996775e-18
    outer loop
      vertex 157.64683045111454 136.92705098312484 6
      vertex 157.8269804274349 137.36197149921864 6.2
      vertex 157.8269804274349 137.36197149921864 6
    endloop
  endfacet
  facet normal -0.852640164354099 0.5224985647159379 0
    outer loop
      vertex 157.8269804274349 137.36197149921864 6
      vertex 157.8269804274349 137.36197149921864 6.2
      vertex 158.07294901687516 137.76335575687742 6.2
    endloop
  endfacet
  facet normal -0.852640164354099 0.5224985647159379 -6.604819577362487e-17
    outer loop
      vertex 157.8269804274349 137.36197149921864 6
      vertex 158.07294901687516 137.76335575687742 6.2
      vertex 158.07294901687516 137.76335575687742 6
    endloop
  endfacet
  facet normal 0 0 1
    outer loop
      vertex 158.37867965644037 133.87867965644037 6.2
      vertex 158.37867965644037 138.12132034355963 6.2
      vertex 158.07294901687516 137.76335575687742 6.2
    endloop
  endfacet
  facet normal 0 0 1
    outer loop
      vertex 158.73664424312258 133.57294901687516 6.2
      vertex 158.73664424312258 138.42705098312484 6.2
      vertex 158.37867965644037 138.12132034355963 6.2
    endloop
  endfacet
  facet normal -0.7604059656000104 0.6494480483302075 0
    outer loop
      vertex 158.07294901687516 137.76335575687742 6
      vertex 158.07294901687516 137.76335575687742 6.2
      vertex 158.37867965644037 138.12132034355963 6.2
    endloop
  endfacet
  facet normal -0.7604059656000104 0.6494480483302075 -4.98293974508515e-17
    outer loop
      vertex 158.07294901687516 137.76335575687742 6
      vertex 158.37867965644037 138.12132034355963 6.2
      vertex 158.37867965644037 138.12132034355963 6
    endloop
  endfacet
  facet normal -0.6494480483302075 0.7604059656000104 0
    outer loop
      vertex 158.37867965644037 138.12132034355963 6
      vertex 158.37867965644037 138.12132034355963 6.2
      vertex 158.73664424312258 138.42705098312484 6
    endloop
  endfacet
  facet normal -0.6494480483302075 0.7604059656000104 -4.98293974508515e-17
    outer loop
      vertex 158.37867965644037 138.12132034355963 6.2
      vertex 158.73664424312258 138.42705098312484 6.2
      vertex 158.73664424312258 138.42705098312484 6
    endloop
  endfacet
  facet normal 0 0 1
    outer loop
      vertex 159.13802850078136 133.3269804274349 6.2
      vertex 159.13802850078136 138.6730195725651 6.2
      vertex 158.73664424312258 138.42705098312484 6.2
    endloop
  endfacet
  facet normal -0.5224985647159379 0.852640164354099 0
    outer loop
      vertex 158.73664424312258 138.42705098312484 6
      vertex 158.73664424312258 138.42705098312484 6.2
      vertex 159.13802850078136 138.6730195725651 6
    endloop
  endfacet
  facet normal -0.5224985647159379 0.852640164354099 0
    outer loop
      vertex 159.13802850078136 138.6730195725651 6
      vertex 158.73664424312258 138.42705098312484 6.2
      vertex 159.13802850078136 138.6730195725651 6.2
    endloop
  endfacet
  facet normal -0.3826834323651051 0.9238795325112804 0
    outer loop
      vertex 159.13802850078136 138.6730195725651 6
      vertex 159.13802850078136 138.6730195725651 6.2
      vertex 159.57294901687516 138.85316954888546 6
    endloop
  endfacet
  facet normal -0.3826834323651051 -0.9238795325112804 2.295757741996775e-18
    outer loop
      vertex 159.13802850078136 133.3269804274349 6
      vertex 159.57294901687516 133.14683045111454 6
      vertex 159.57294901687516 133.14683045111454 6.2
    endloop
  endfacet
  facet normal -0.23344536385590592 -0.9723699203976766 0
    outer loop
      vertex 159.57294901687516 133.14683045111454 6
      vertex 160.0306966048793 133.0369349782146 6.2
      vertex 159.57294901687516 133.14683045111454 6.2
    endloop
  endfacet
  facet normal -0.23344536385590592 -0.9723699203976766 -3.28132289472463e-17
    outer loop
      vertex 159.57294901687516 133.14683045111454 6
      vertex 160.0306966048793 133.0369349782146 6
      vertex 160.0306966048793 133.0369349782146 6.2
    endloop
  endfacet
  facet normal -0.07845909572784744 -0.9969173337331277 0
    outer loop
      vertex 160.0306966048793 133.0369349782146 6
      vertex 160.5 133 6.2
      vertex 160.0306966048793 133.0369349782146 6.2
    endloop
  endfacet
  facet normal -0.07845909572784744 -0.9969173337331277 -2.4135697754823885e-19
    outer loop
      vertex 160.0306966048793 133.0369349782146 6
      vertex 160.5 133 6
      vertex 160.5 133 6.2
    endloop
  endfacet
  facet normal 0 0 1
    outer loop
      vertex 159.57294901687516 133.14683045111454 6.2
      vertex 160.0306966048793 133.0369349782146 6.2
      vertex 159.57294901687516 138.85316954888546 6.2
    endloop
  endfacet
  facet normal 0 0 1
    outer loop
      vertex 160.0306966048793 133.0369349782146 6.2
      vertex 160.5 133 6.2
      vertex 160.0306966048793 138.9630650217854 6.2
    endloop
  endfacet
  facet normal 0.07845909572784744 -0.9969173337331277 0
    outer loop
      vertex 160.5 133 6
      vertex 160.9693033951207 133.0369349782146 6.2
      vertex 160.5 133 6.2
    endloop
  endfacet
  facet normal 0.07845909572784744 -0.9969173337331277 2.4135697754823885e-19
    outer loop
      vertex 160.5 133 6
      vertex 160.9693033951207 133.0369349782146 6
      vertex 160.9693033951207 133.0369349782146 6.2
    endloop
  endfacet
  facet normal 0.23344536385590592 -0.9723699203976766 0
    outer loop
      vertex 160.9693033951207 133.0369349782146 6
      vertex 161.42705098312484 133.14683045111454 6.2
      vertex 160.9693033951207 133.0369349782146 6.2
    endloop
  endfacet
  facet normal 0.23344536385590592 -0.9723699203976766 3.28132289472463e-17
    outer loop
      vertex 160.9693033951207 133.0369349782146 6
      vertex 161.42705098312484 133.14683045111454 6
      vertex 161.42705098312484 133.14683045111454 6.2
    endloop
  endfacet
  facet normal 0.3826834323651051 -0.9238795325112804 0
    outer loop
      vertex 161.42705098312484 133.14683045111454 6
      vertex 161.86197149921864 133.3269804274349 6.2
      vertex 161.42705098312484 133.14683045111454 6.2
    endloop
  endfacet
  facet normal 0.3826834323651051 -0.9238795325112804 -2.295757741996775e-18
    outer loop
      vertex 161.42705098312484 133.14683045111454 6
      vertex 161.86197149921864 133.3269804274349 6
      vertex 161.86197149921864 133.3269804274349 6.2
    endloop
  endfacet
  facet normal 0 0 1
    outer loop
      vertex 160.5 133 6.2
      vertex 160.9693033951207 133.0369349782146 6.2
      vertex 160.5 139 6.2
    endloop
  endfacet
  facet normal 0 0 1
    outer loop
      vertex 160.9693033951207 133.0369349782146 6.2
      vertex 161.42705098312484 133.14683045111454 6.2
      vertex 160.9693033951207 138.9630650217854 6.2
    endloop
  endfacet
  facet normal 0 0 1
    outer loop
      vertex 161.42705098312484 133.14683045111454 6.2
      vertex 161.86197149921864 133.3269804274349 6.2
      vertex 161.42705098312484 138.85316954888546 6.2
    endloop
  endfacet
  facet normal 0.5224985647159379 -0.852640164354099 0
    outer loop
      vertex 161.86197149921864 133.3269804274349 6
      vertex 162.26335575687742 133.57294901687516 6.2
      vertex 161.86197149921864 133.3269804274349 6.2
    endloop
  endfacet
  facet normal 0.5224985647159379 -0.852640164354099 -6.604819577362487e-17
    outer loop
      vertex 161.86197149921864 133.3269804274349 6
      vertex 162.26335575687742 133.57294901687516 6
      vertex 162.26335575687742 133.57294901687516 6.2
    endloop
  endfacet
  facet normal 0.6494480483302075 -0.7604059656000104 0
    outer loop
      vertex 162.26335575687742 133.57294901687516 6
      vertex 162.62132034355963 133.87867965644037 6.2
      vertex 162.26335575687742 133.57294901687516 6.2
    endloop
  endfacet
  facet normal 0.6494480483302075 -0.7604059656000104 -4.98293974508515e-17
    outer loop
      vertex 162.26335575687742 133.57294901687516 6
      vertex 162.62132034355963 133.87867965644037 6
      vertex 162.62132034355963 133.87867965644037 6.2
    endloop
  endfacet
  facet normal 0.7604059656000104 -0.6494480483302075 0
    outer loop
      vertex 162.62132034355963 133.87867965644037 6
      vertex 162.92705098312484 134.23664424312258 6
      vertex 162.62132034355963 133.87867965644037 6.2
    endloop
  endfacet
  facet normal 0.7604059656000104 -0.6494480483302075 0
    outer loop
      vertex 162.92705098312484 134.23664424312258 6
      vertex 162.92705098312484 134.23664424312258 6.2
      vertex 162.62132034355963 133.87867965644037 6.2
    endloop
  endfacet
  facet normal 0.852640164354099 -0.5224985647159379 0
    outer loop
      vertex 162.92705098312484 134.23664424312258 6
      vertex 163.1730195725651 134.63802850078136 6
      vertex 162.92705098312484 134.23664424312258 6.2
    endloop
  endfacet
  facet normal 0.852640164354099 -0.5224985647159379 0
    outer loop
      vertex 163.1730195725651 134.63802850078136 6
      vertex 163.1730195725651 134.63802850078136 6.2
      vertex 162.92705098312484 134.23664424312258 6.2
    endloop
  endfacet
  facet normal 0 0 1
    outer loop
      vertex 161.86197149921864 133.3269804274349 6.2
      vertex 162.26335575687742 133.57294901687516 6.2
      vertex 161.86197149921864 138.6730195725651 6.2
    endloop
  endfacet
  facet normal 0 0 1
    outer loop
      vertex 162.26335575687742 133.57294901687516 6.2
      vertex 162.62132034355963 133.87867965644037 6.2
      vertex 162.26335575687742 138.42705098312484 6.2
    endloop
  endfacet
  facet normal 0 0 1
    outer loop
      vertex 162.62132034355963 133.87867965644037 6.2
      vertex 162.92705098312484 134.23664424312258 6.2
      vertex 162.62132034355963 138.12132034355963 6.2
    endloop
  endfacet
  facet normal 0 0 1
    outer loop
      vertex 162.92705098312484 134.23664424312258 6.2
      vertex 163.1730195725651 134.63802850078136 6.2
      vertex 162.92705098312484 137.76335575687742 6.2
    endloop
  endfacet
  facet normal 0.9238795325112804 -0.3826834323651051 0
    outer loop
      vertex 163.1730195725651 134.63802850078136 6
      vertex 163.35316954888546 135.07294901687516 6
      vertex 163.1730195725651 134.63802850078136 6.2
    endloop
  endfacet
  facet normal 0.9238795325112804 -0.3826834323651051 -2.295757741996775e-18
    outer loop
      vertex 163.1730195725651 134.63802850078136 6.2
      vertex 163.35316954888546 135.07294901687516 6
      vertex 163.35316954888546 135.07294901687516 6.2
    endloop
  endfacet
  facet normal 0.9723699203976766 -0.23344536385590592 0
    outer loop
      vertex 163.35316954888546 135.07294901687516 6
      vertex 163.4630650217854 135.5306966048793 6
      vertex 163.35316954888546 135.07294901687516 6.2
    endloop
  endfacet
  facet normal 0.9723699203976766 -0.23344536385590592 0
    outer loop
      vertex 163.4630650217854 135.5306966048793 6
      vertex 163.4630650217854 135.5306966048793 6.2
      vertex 163.35316954888546 135.07294901687516 6.2
    endloop
  endfacet
  facet normal 0.9969173337331277 -0.07845909572784744 0
    outer loop
      vertex 163.4630650217854 135.5306966048793 6
      vertex 163.5 136 6
      vertex 163.4630650217854 135.5306966048793 6.2
    endloop
  endfacet
  facet normal 0.9969173337331277 -0.07845909572784744 2.4135697754823885e-19
    outer loop
      vertex 163.4630650217854 135.5306966048793 6.2
      vertex 163.5 136 6
      vertex 163.5 136 6.2
    endloop
  endfacet
  facet normal 0 0 1
    outer loop
      vertex 163.1730195725651 134.63802850078136 6.2
      vertex 163.35316954888546 135.07294901687516 6.2
      vertex 163.1730195725651 137.36197149921864 6.2
    endloop
  endfacet
  facet normal 0 0 1
    outer loop
      vertex 163.35316954888546 135.07294901687516 6.2
      vertex 163.4630650217854 135.5306966048793 6.2
      vertex 163.35316954888546 136.92705098312484 6.2
    endloop
  endfacet
  facet normal 0 0 1
    outer loop
      vertex 163.4630650217854 135.5306966048793 6.2
      vertex 163.5 136 6.2
      vertex 163.4630650217854 136.4693033951207 6.2
    endloop
  endfacet
  facet normal 0.9969173337331277 0.07845909572784744 0
    outer loop
      vertex 163.5 136 6
      vertex 163.4630650217854 136.4693033951207 6
      vertex 163.5 136 6.2
    endloop
  endfacet
  facet normal 0.9969173337331277 0.07845909572784744 0
    outer loop
      vertex 163.4630650217854 136.4693033951207 6
      vertex 163.4630650217854 136.4693033951207 6.2
      vertex 163.5 136 6.2
    endloop
  endfacet
  facet normal 0 0 1
    outer loop
      vertex 163.35316954888546 135.07294901687516 6.2
      vertex 163.35316954888546 136.92705098312484 6.2
      vertex 163.1730195725651 137.36197149921864 6.2
    endloop
  endfacet
  facet normal 0 0 1
    outer loop
      vertex 163.4630650217854 135.5306966048793 6.2
      vertex 163.4630650217854 136.4693033951207 6.2
      vertex 163.35316954888546 136.92705098312484 6.2
    endloop
  endfacet
  facet normal 0 0 1
    outer loop
      vertex 159.13802850078136 138.6730195725651 6.2
      vertex 159.57294901687516 133.14683045111454 6.2
      vertex 159.57294901687516 138.85316954888546 6.2
    endloop
  endfacet
  facet normal 0 0 1
    outer loop
      vertex 160.0306966048793 133.0369349782146 6.2
      vertex 160.0306966048793 138.9630650217854 6.2
      vertex 159.57294901687516 138.85316954888546 6.2
    endloop
  endfacet
  facet normal 0 0 1
    outer loop
      vertex 160.5 133 6.2
      vertex 160.5 139 6.2
      vertex 160.0306966048793 138.9630650217854 6.2
    endloop
  endfacet
  facet normal -0.3826834323651051 0.9238795325112804 -2.295757741996775e-18
    outer loop
      vertex 159.13802850078136 138.6730195725651 6.2
      vertex 159.57294901687516 138.85316954888546 6.2
      vertex 159.57294901687516 138.85316954888546 6
    endloop
  endfacet
  facet normal -0.23344536385590592 0.9723699203976766 0
    outer loop
      vertex 159.57294901687516 138.85316954888546 6
      vertex 159.57294901687516 138.85316954888546 6.2
      vertex 160.0306966048793 138.9630650217854 6
    endloop
  endfacet
  facet normal -0.23344536385590592 0.9723699203976766 3.28132289472463e-17
    outer loop
      vertex 159.57294901687516 138.85316954888546 6.2
      vertex 160.0306966048793 138.9630650217854 6.2
      vertex 160.0306966048793 138.9630650217854 6
    endloop
  endfacet
  facet normal -0.07845909572784744 0.9969173337331277 0
    outer loop
      vertex 160.0306966048793 138.9630650217854 6
      vertex 160.0306966048793 138.9630650217854 6.2
      vertex 160.5 139 6
    endloop
  endfacet
  facet normal -0.07845909572784744 0.9969173337331277 0
    outer loop
      vertex 160.5 139 6
      vertex 160.0306966048793 138.9630650217854 6.2
      vertex 160.5 139 6.2
    endloop
  endfacet
  facet normal 0 0 1
    outer loop
      vertex 160.9693033951207 133.0369349782146 6.2
      vertex 160.9693033951207 138.9630650217854 6.2
      vertex 160.5 139 6.2
    endloop
  endfacet
  facet normal 0 0 1
    outer loop
      vertex 161.42705098312484 133.14683045111454 6.2
      vertex 161.42705098312484 138.85316954888546 6.2
      vertex 160.9693033951207 138.9630650217854 6.2
    endloop
  endfacet
  facet normal 0 0 1
    outer loop
      vertex 161.86197149921864 133.3269804274349 6.2
      vertex 161.86197149921864 138.6730195725651 6.2
      vertex 161.42705098312484 138.85316954888546 6.2
    endloop
  endfacet
  facet normal 0.07845909572784744 0.9969173337331277 0
    outer loop
      vertex 160.5 139 6
      vertex 160.5 139 6.2
      vertex 160.9693033951207 138.9630650217854 6
    endloop
  endfacet
  facet normal 0.07845909572784744 0.9969173337331277 -2.4135697754823885e-19
    outer loop
      vertex 160.5 139 6.2
      vertex 160.9693033951207 138.9630650217854 6.2
      vertex 160.9693033951207 138.9630650217854 6
    endloop
  endfacet
  facet normal 0.23344536385590592 0.9723699203976766 0
    outer loop
      vertex 160.9693033951207 138.9630650217854 6
      vertex 160.9693033951207 138.9630650217854 6.2
      vertex 161.42705098312484 138.85316954888546 6
    endloop
  endfacet
  facet normal 0.23344536385590592 0.9723699203976766 -3.28132289472463e-17
    outer loop
      vertex 160.9693033951207 138.9630650217854 6.2
      vertex 161.42705098312484 138.85316954888546 6.2
      vertex 161.42705098312484 138.85316954888546 6
    endloop
  endfacet
  facet normal 0.3826834323651051 0.9238795325112804 0
    outer loop
      vertex 161.42705098312484 138.85316954888546 6
      vertex 161.42705098312484 138.85316954888546 6.2
      vertex 161.86197149921864 138.6730195725651 6
    endloop
  endfacet
  facet normal 0.3826834323651051 0.9238795325112804 0
    outer loop
      vertex 161.86197149921864 138.6730195725651 6
      vertex 161.42705098312484 138.85316954888546 6.2
      vertex 161.86197149921864 138.6730195725651 6.2
    endloop
  endfacet
  facet normal 0 0 1
    outer loop
      vertex 162.26335575687742 133.57294901687516 6.2
      vertex 162.26335575687742 138.42705098312484 6.2
      vertex 161.86197149921864 138.6730195725651 6.2
    endloop
  endfacet
  facet normal 0 0 1
    outer loop
      vertex 162.62132034355963 133.87867965644037 6.2
      vertex 162.62132034355963 138.12132034355963 6.2
      vertex 162.26335575687742 138.42705098312484 6.2
    endloop
  endfacet
  facet normal 0.6494480483302075 0.7604059656000104 4.98293974508515e-17
    outer loop
      vertex 162.62132034355963 138.12132034355963 6
      vertex 162.26335575687742 138.42705098312484 6
      vertex 162.26335575687742 138.42705098312484 6.2
    endloop
  endfacet
  facet normal 0.6494480483302075 0.7604059656000104 0
    outer loop
      vertex 162.62132034355963 138.12132034355963 6
      vertex 162.26335575687742 138.42705098312484 6.2
      vertex 162.62132034355963 138.12132034355963 6.2
    endloop
  endfacet
  facet normal 0 0 1
    outer loop
      vertex 162.92705098312484 134.23664424312258 6.2
      vertex 162.92705098312484 137.76335575687742 6.2
      vertex 162.62132034355963 138.12132034355963 6.2
    endloop
  endfacet
  facet normal 0 0 1
    outer loop
      vertex 163.1730195725651 134.63802850078136 6.2
      vertex 163.1730195725651 137.36197149921864 6.2
      vertex 162.92705098312484 137.76335575687742 6.2
    endloop
  endfacet
  facet normal 0.7604059656000104 0.6494480483302075 4.98293974508515e-17
    outer loop
      vertex 162.62132034355963 138.12132034355963 6
      vertex 162.92705098312484 137.76335575687742 6.2
      vertex 162.92705098312484 137.76335575687742 6
    endloop
  endfacet
  facet normal 0.7604059656000104 0.6494480483302075 0
    outer loop
      vertex 162.62132034355963 138.12132034355963 6
      vertex 162.62132034355963 138.12132034355963 6.2
      vertex 162.92705098312484 137.76335575687742 6.2
    endloop
  endfacet
  facet normal 0.852640164354099 0.5224985647159379 6.604819577362487e-17
    outer loop
      vertex 163.1730195725651 137.36197149921864 6.2
      vertex 162.92705098312484 137.76335575687742 6
      vertex 162.92705098312484 137.76335575687742 6.2
    endloop
  endfacet
  facet normal 0.852640164354099 0.5224985647159379 0
    outer loop
      vertex 163.1730195725651 137.36197149921864 6
      vertex 162.92705098312484 137.76335575687742 6
      vertex 163.1730195725651 137.36197149921864 6.2
    endloop
  endfacet
  facet normal 0.5224985647159379 0.852640164354099 0
    outer loop
      vertex 161.86197149921864 138.6730195725651 6
      vertex 161.86197149921864 138.6730195725651 6.2
      vertex 162.26335575687742 138.42705098312484 6
    endloop
  endfacet
  facet normal 0.5224985647159379 0.852640164354099 6.604819577362487e-17
    outer loop
      vertex 161.86197149921864 138.6730195725651 6.2
      vertex 162.26335575687742 138.42705098312484 6.2
      vertex 162.26335575687742 138.42705098312484 6
    endloop
  endfacet
  facet normal 0.9723699203976766 0.23344536385590592 0
    outer loop
      vertex 163.4630650217854 136.4693033951207 6
      vertex 163.35316954888546 136.92705098312484 6
      vertex 163.4630650217854 136.4693033951207 6.2
    endloop
  endfacet
  facet normal 0.9723699203976766 0.23344536385590592 -3.28132289472463e-17
    outer loop
      vertex 163.4630650217854 136.4693033951207 6.2
      vertex 163.35316954888546 136.92705098312484 6
      vertex 163.35316954888546 136.92705098312484 6.2
    endloop
  endfacet
  facet normal 0.9238795325112804 0.3826834323651051 2.295757741996775e-18
    outer loop
      vertex 163.1730195725651 137.36197149921864 6
      vertex 163.35316954888546 136.92705098312484 6.2
      vertex 163.35316954888546 136.92705098312484 6
    endloop
  endfacet
  facet normal 0.9238795325112804 0.3826834323651051 0
    outer loop
      vertex 163.1730195725651 137.36197149921864 6
      vertex 163.1730195725651 137.36197149921864 6.2
      vertex 163.35316954888546 136.92705098312484 6.2
    endloop
  endfacet
  facet normal 0 0 -1
    outer loop
      vertex 0 0 0
      vertex 6.039785646785591 4.001220900572997 0
      vertex 6.220162612375115 3.7068724449565593 0
    endloop
  endfacet
  facet normal 0 0 -1
    outer loop
      vertex 0 0 0
      vertex 6.444365081389595 3.444365081389595 0
      vertex 6.706872444956559 3.2201626123751153 0
    endloop
  endfacet
  facet normal 0 0 -1
    outer loop
      vertex 0 0 0
      vertex 6.220162612375115 3.7068724449565593 0
      vertex 6.444365081389595 3.444365081389595 0
    endloop
  endfacet
  facet normal 0 0 -1
    outer loop
      vertex 0 0 0
      vertex 5.907675664150663 4.320162612375116 0
      vertex 6.039785646785591 4.001220900572997 0
    endloop
  endfacet
  facet normal 0 0 -1
    outer loop
      vertex 0 0 0
      vertex 5.827085650690696 4.655844176911492 0
      vertex 5.907675664150663 4.320162612375116 0
    endloop
  endfacet
  facet normal 0 0 -1
    outer loop
      vertex 0 0 0
      vertex 5.8 5 0
      vertex 5.827085650690696 4.655844176911492 0
    endloop
  endfacet
  facet normal 0 0 -1
    outer loop
      vertex 0 0 0
      vertex 5.827085650690696 5.344155823088508 0
      vertex 5.8 5 0
    endloop
  endfacet
  facet normal 0 0 -1
    outer loop
      vertex 0 0 0
      vertex 6.706872444956559 3.2201626123751153 0
      vertex 7.001220900572997 3.0397856467855906 0
    endloop
  endfacet
  facet normal 0 0 -1
    outer loop
      vertex 0 0 0
      vertex 7.001220900572997 3.0397856467855906 0
      vertex 7.320162612375116 2.9076756641506623 0
    endloop
  endfacet
  facet normal 0 0 -1
    outer loop
      vertex 0 0 0
      vertex 7.320162612375116 2.9076756641506623 0
      vertex 7.655844176911492 2.8270856506906967 0
    endloop
  endfacet
  facet normal 0 0 -1
    outer loop
      vertex 0 0 0
      vertex 5.907675664150663 5.679837387624884 0
      vertex 5.827085650690696 5.344155823088508 0
    endloop
  endfacet
  facet normal 0 0 -1
    outer loop
      vertex 0 0 0
      vertex 6.039785646785591 5.998779099427003 0
      vertex 5.907675664150663 5.679837387624884 0
    endloop
  endfacet
  facet normal 0 0 -1
    outer loop
      vertex 0 0 0
      vertex 6.220162612375115 6.293127555043441 0
      vertex 6.039785646785591 5.998779099427003 0
    endloop
  endfacet
  facet normal 0 0 -1
    outer loop
      vertex 0 0 0
      vertex 6.444365081389595 6.555634918610405 0
      vertex 6.220162612375115 6.293127555043441 0
    endloop
  endfacet
  facet normal 0 -1 0
    outer loop
      vertex 0 0 0
      vertex 3.4928462989078515 0 2.5
      vertex 3.4928462989078515 0 6
    endloop
  endfacet
  facet normal 0 0 -1
    outer loop
      vertex 0 0 0
      vertex 7.655844176911492 2.8270856506906967 0
      vertex 8 2.8 0
    endloop
  endfacet
  facet normal 0 0 -1
    outer loop
      vertex 0 0 0
      vertex 8 2.8 0
      vertex 8.344155823088508 2.8270856506906967 0
    endloop
  endfacet
  facet normal 0 0 -1
    outer loop
      vertex 0 0 0
      vertex 8.344155823088508 2.8270856506906967 0
      vertex 8.679837387624884 2.9076756641506623 0
    endloop
  endfacet
  facet normal 0 -1 0
    outer loop
      vertex 0 0 0
      vertex 12.507153701092149 0 2.5
      vertex 3.4928462989078515 0 2.5
    endloop
  endfacet
  facet normal 0 -1 0
    outer loop
      vertex 0 0 0
      vertex 3.4928462989078515 0 6
      vertex 0 0 6
    endloop
  endfacet
  facet normal -1 0 0
    outer loop
      vertex 0 0 0
      vertex 0 0 6
      vertex 0 16 6
    endloop
  endfacet
  facet normal 0 0 1
    outer loop
      vertex 0 0 6
      vertex 1.9857059617285167 1.935564126758059 6
      vertex 1.5803685150077138 2.914135287969105 6
    endloop
  endfacet
  facet normal 0 0 1
    outer loop
      vertex 0 0 6
      vertex 1.5803685150077138 2.914135287969105 6
      vertex 1.3331037009828197 3.9440673609784414 6
    endloop
  endfacet
  facet normal 0 0 1
    outer loop
      vertex 0 0 6
      vertex 3.227029226990804 0.22702922699080386 6
      vertex 2.5391352879691045 1.0324495470258062 6
    endloop
  endfacet
  facet normal 0 0 1
    outer loop
      vertex 0 0 6
      vertex 2.5391352879691045 1.0324495470258062 6
      vertex 1.9857059617285167 1.935564126758059 6
    endloop
  endfacet
  facet normal 0 0 1
    outer loop
      vertex 0 0 6
      vertex 3.4928462989078515 0 6
      vertex 3.227029226990804 0.22702922699080386 6
    endloop
  endfacet
  facet normal 0 0 1
    outer loop
      vertex 0 0 6
      vertex 1.3331037009828197 3.9440673609784414 6
      vertex 0 16 6
    endloop
  endfacet
  facet normal -1 0 0
    outer loop
      vertex 0 0 0
      vertex 0 16 6
      vertex 0 26 6
    endloop
  endfacet
  facet normal 0 0 1
    outer loop
      vertex 0 16 6
      vertex 1.3331037009828197 3.9440673609784414 6
      vertex 1.25 5 6
    endloop
  endfacet
  facet normal 0 0 1
    outer loop
      vertex 0 16 6
      vertex 1.25 5 6
      vertex 1.3331037009828197 6.055932639021559 6
    endloop
  endfacet
  facet normal 0 0 1
    outer loop
      vertex 0 16 6
      vertex 1.3331037009828197 6.055932639021559 6
      vertex 1.5803685150077138 7.0858647120308955 6
    endloop
  endfacet
  facet normal 0 0 1
    outer loop
      vertex 0 16 6
      vertex 1.5803685150077138 7.0858647120308955 6
      vertex 1.9857059617285167 8.06443587324194 6
    endloop
  endfacet
  facet normal 0 0 1
    outer loop
      vertex 0 16 6
      vertex 1.9857059617285167 8.06443587324194 6
      vertex 2.5391352879691045 8.967550452974194 6
    endloop
  endfacet
  facet normal 0 0 1
    outer loop
      vertex 0 16 6
      vertex 2.5391352879691045 8.967550452974194 6
      vertex 3.227029226990804 9.772970773009195 6
    endloop
  endfacet
  facet normal 0 0 1
    outer loop
      vertex 0 16 6
      vertex 3.227029226990804 9.772970773009195 6
      vertex 4.032449547025806 10.460864712030896 6
    endloop
  endfacet
  facet normal 0 0 1
    outer loop
      vertex 0 16 6
      vertex 4.032449547025806 10.460864712030896 6
      vertex 4.9355641267580594 11.014294038271483 6
    endloop
  endfacet
  facet normal 0 0 1
    outer loop
      vertex 0 16 6
      vertex 4.9355641267580594 11.014294038271483 6
      vertex 5.9141352879691045 11.419631484992287 6
    endloop
  endfacet
  facet normal 0 0 1
    outer loop
      vertex 0 16 6
      vertex 5.9141352879691045 11.419631484992287 6
      vertex 6.944067360978441 11.66689629901718 6
    endloop
  endfacet
  facet normal 0 0 1
    outer loop
      vertex 0 16 6
      vertex 6.944067360978441 11.66689629901718 6
      vertex 8 11.75 6
    endloop
  endfacet
  facet normal -1 0 0
    outer loop
      vertex 0 0 0
      vertex 0 30 6
      vertex 0 30 0
    endloop
  endfacet
  facet normal -1 0 0
    outer loop
      vertex 0 0 0
      vertex 0 26 6
      vertex 0 30 6
    endloop
  endfacet
  facet normal 0 0 1
    outer loop
      vertex 0 26 6
      vertex 0.65 30 6
      vertex 0 30 6
    endloop
  endfacet
  facet normal 0 0 1
    outer loop
      vertex 0 26 6
      vertex 24.445820433436527 26 6
      vertex 0.65 30 6
    endloop
  endfacet
  facet normal 0 0 -1
    outer loop
      vertex 0 0 0
      vertex 0 30 0
      vertex 12 86 0
    endloop
  endfacet
  facet normal 0 0 -1
    outer loop
      vertex 0 0 0
      vertex 12 86 0
      vertex 6.444365081389595 6.555634918610405 0
    endloop
  endfacet
  facet normal 0 0 -1
    outer loop
      vertex 12 86 0
      vertex 6.706872444956559 6.779837387624885 0
      vertex 6.444365081389595 6.555634918610405 0
    endloop
  endfacet
  facet normal 0 0 -1
    outer loop
      vertex 12 86 0
      vertex 7.001220900572997 6.960214353214409 0
      vertex 6.706872444956559 6.779837387624885 0
    endloop
  endfacet
  facet normal 0 0 -1
    outer loop
      vertex 12 86 0
      vertex 7.320162612375116 7.092324335849337 0
      vertex 7.001220900572997 6.960214353214409 0
    endloop
  endfacet
  facet normal 0 0 -1
    outer loop
      vertex 12 86 0
      vertex 7.655844176911492 7.172914349309304 0
      vertex 7.320162612375116 7.092324335849337 0
    endloop
  endfacet
  facet normal 0 0 1
    outer loop
      vertex 0.65 30 6
      vertex 24.445820433436527 26 6
      vertex 0.65 42 6
    endloop
  endfacet
  facet normal 0 0 -1
    outer loop
      vertex 0 30 0
      vertex 0 42 0
      vertex 12 86 0
    endloop
  endfacet
  facet normal 0 0 1
    outer loop
      vertex 0.65 42 6
      vertex 24.445820433436527 26 6
      vertex 22.85 30 6
    endloop
  endfacet
  facet normal 0 0 1
    outer loop
      vertex 0.65 42 6
      vertex 22.85 30 6
      vertex 14.508333333333333 62 6
    endloop
  endfacet
  facet normal 0 0 1
    outer loop
      vertex 22.85 30 6
      vertex 22.85 42 6
      vertex 14.508333333333333 62 6
    endloop
  endfacet
  facet normal 0 0 1
    outer loop
      vertex 24.445820433436527 26 6
      vertex 24.150000000000002 30 6
      vertex 22.85 30 6
    endloop
  endfacet
  facet normal 0 0 1
    outer loop
      vertex 24.445820433436527 26 6
      vertex 46.35 30 6
      vertex 24.150000000000002 30 6
    endloop
  endfacet
  facet normal 0 0 1
    outer loop
      vertex 24.445820433436527 26 6
      vertex 47.65 30 6
      vertex 46.35 30 6
    endloop
  endfacet
  facet normal 0 0 1
    outer loop
      vertex 22.85 42 6
      vertex 24.150000000000002 42 6
      vertex 26.616666666666667 62 6
    endloop
  endfacet
  facet normal 0 0 1
    outer loop
      vertex 22.85 42 6
      vertex 26.616666666666667 62 6
      vertex 14.508333333333333 62 6
    endloop
  endfacet
  facet normal 0 0 1
    outer loop
      vertex 24.150000000000002 30 6
      vertex 46.35 30 6
      vertex 24.150000000000002 42 6
    endloop
  endfacet
  facet normal 0 0 1
    outer loop
      vertex 24.150000000000002 42 6
      vertex 46.35 30 6
      vertex 46.35 42 6
    endloop
  endfacet
  facet normal 0 0 1
    outer loop
      vertex 24.150000000000002 42 6
      vertex 41.925000000000004 62 6
      vertex 26.616666666666667 62 6
    endloop
  endfacet
  facet normal 0 0 1
    outer loop
      vertex 24.150000000000002 42 6
      vertex 46.35 42 6
      vertex 41.925000000000004 62 6
    endloop
  endfacet
  facet normal 0 0 1
    outer loop
      vertex 0.65 42 6
      vertex 3.0729490168751576 81.14683045111454 6
      vertex 2.6380285007813598 81.32698042743489 6
    endloop
  endfacet
  facet normal 0 0 1
    outer loop
      vertex 0.65 42 6
      vertex 3.5306966048793074 81.03693497821459 6
      vertex 3.0729490168751576 81.14683045111454 6
    endloop
  endfacet
  facet normal 0 0 1
    outer loop
      vertex 0.65 42 6
      vertex 1.5729490168751576 82.23664424312258 6
      vertex 1.3269804274348962 82.63802850078136 6
    endloop
  endfacet
  facet normal 0 0 1
    outer loop
      vertex 0.65 42 6
      vertex 1.1468304511145395 83.07294901687516 6
      vertex 1.0369349782145867 83.53069660487931 6
    endloop
  endfacet
  facet normal 0 0 1
    outer loop
      vertex 0.65 42 6
      vertex 1.0369349782145867 83.53069660487931 6
      vertex 1 84 6
    endloop
  endfacet
  facet normal 0 0 1
    outer loop
      vertex 0.65 42 6
      vertex 1.3269804274348962 82.63802850078136 6
      vertex 1.1468304511145395 83.07294901687516 6
    endloop
  endfacet
  facet normal 0 0 1
    outer loop
      vertex 0.65 42 6
      vertex 1.8786796564403572 81.87867965644035 6
      vertex 1.5729490168751576 82.23664424312258 6
    endloop
  endfacet
  facet normal 0 0 1
    outer loop
      vertex 0.65 42 6
      vertex 2.236644243122581 81.57294901687516 6
      vertex 1.8786796564403572 81.87867965644035 6
    endloop
  endfacet
  facet normal 0 0 1
    outer loop
      vertex 0.65 42 6
      vertex 2.6380285007813598 81.32698042743489 6
      vertex 2.236644243122581 81.57294901687516 6
    endloop
  endfacet
  facet normal 0 0 1
    outer loop
      vertex 0.65 42 6
      vertex 4 81 6
      vertex 3.5306966048793074 81.03693497821459 6
    endloop
  endfacet
  facet normal 0 0 1
    outer loop
      vertex 0.65 42 6
      vertex 14.508333333333333 62 6
      vertex 13.058333333333334 72 6
    endloop
  endfacet
  facet normal 0 0 1
    outer loop
      vertex 0.65 42 6
      vertex 13.058333333333334 72 6
      vertex 13.058333333333334 78 6
    endloop
  endfacet
  facet normal 0 0 1
    outer loop
      vertex 0.65 42 6
      vertex 13.058333333333334 78 6
      vertex 4 81 6
    endloop
  endfacet
  facet normal -1 0 0
    outer loop
      vertex 0 42 0
      vertex 0 42 6
      vertex 0 142 6
    endloop
  endfacet
  facet normal 0 0 1
    outer loop
      vertex 0 42 6
      vertex 0.65 42 6
      vertex 0 142 6
    endloop
  endfacet
  facet normal 0 0 1
    outer loop
      vertex 14.508333333333333 62 6
      vertex 14.508333333333333 70 6
      vertex 13.058333333333334 72 6
    endloop
  endfacet
  facet normal 0 0 1
    outer loop
      vertex 14.508333333333333 70 6
      vertex 14.358333333333334 72 6
      vertex 13.058333333333334 72 6
    endloop
  endfacet
  facet normal 0 0 1
    outer loop
      vertex 14.508333333333333 70 6
      vertex 26.76666666666667 72 6
      vertex 14.358333333333334 72 6
    endloop
  endfacet
  facet normal 0 0 1
    outer loop
      vertex 4 81 6
      vertex 13.058333333333334 78 6
      vertex 14.358333333333334 78 6
    endloop
  endfacet
  facet normal 0 0 1
    outer loop
      vertex 4 81 6
      vertex 14.358333333333334 78 6
      vertex 26.76666666666667 78 6
    endloop
  endfacet
  facet normal 0 0 1
    outer loop
      vertex 14.358333333333334 72 6
      vertex 26.76666666666667 72 6
      vertex 14.358333333333334 78 6
    endloop
  endfacet
  facet normal 0 0 1
    outer loop
      vertex 4 81 6
      vertex 26.76666666666667 78 6
      vertex 28.06666666666667 78 6
    endloop
  endfacet
  facet normal 0 0 -1
    outer loop
      vertex 0 42 0
      vertex 0 142 0
      vertex 12 86 0
    endloop
  endfacet
  facet normal 0 0 1
    outer loop
      vertex 0.65 42 6
      vertex 1 84 6
      vertex 0.65 142 6
    endloop
  endfacet
  facet normal -1 0 0
    outer loop
      vertex 0 42 0
      vertex 0 142 6
      vertex 0 142 0
    endloop
  endfacet
  facet normal 0 0 1
    outer loop
      vertex 1 84 6
      vertex 1.0369349782145867 84.46930339512069 6
      vertex 1.0369349782145867 135.5306966048793 6
    endloop
  endfacet
  facet normal 0 0 1
    outer loop
      vertex 1.0369349782145867 84.46930339512069 6
      vertex 1.1468304511145395 84.92705098312484 6
      vertex 1.0369349782145867 135.5306966048793 6
    endloop
  endfacet
  facet normal 0 0 1
    outer loop
      vertex 1.1468304511145395 84.92705098312484 6
      vertex 1.3269804274348962 85.36197149921864 6
      vertex 1.3269804274348962 134.63802850078136 6
    endloop
  endfacet
  facet normal 0 0 1
    outer loop
      vertex 1.3269804274348962 85.36197149921864 6
      vertex 1.5729490168751576 85.76335575687742 6
      vertex 1.5729490168751576 134.23664424312258 6
    endloop
  endfacet
  facet normal 0 0 1
    outer loop
      vertex 1.5729490168751576 85.76335575687742 6
      vertex 1.8786796564403572 86.12132034355965 6
      vertex 1.5729490168751576 134.23664424312258 6
    endloop
  endfacet
  facet normal 0 0 1
    outer loop
      vertex 1.8786796564403572 86.12132034355965 6
      vertex 2.236644243122581 86.42705098312484 6
      vertex 2.236644243122581 133.57294901687516 6
    endloop
  endfacet
  facet normal 0 0 1
    outer loop
      vertex 2.236644243122581 86.42705098312484 6
      vertex 2.6380285007813598 86.67301957256511 6
      vertex 2.236644243122581 133.57294901687516 6
    endloop
  endfacet
  facet normal 0 0 1
    outer loop
      vertex 2.6380285007813598 86.67301957256511 6
      vertex 3.0729490168751576 86.85316954888546 6
      vertex 3.0729490168751576 133.14683045111454 6
    endloop
  endfacet
  facet normal 0 0 1
    outer loop
      vertex 3.0729490168751576 86.85316954888546 6
      vertex 3.5306966048793074 86.96306502178541 6
      vertex 3.5306966048793074 133.0369349782146 6
    endloop
  endfacet
  facet normal 0 0 1
    outer loop
      vertex 3.5306966048793074 86.96306502178541 6
      vertex 4 87 6
      vertex 4 133 6
    endloop
  endfacet
  facet normal 0 0 1
    outer loop
      vertex 4 87 6
      vertex 4.469303395120693 86.96306502178541 6
      vertex 4.469303395120693 133.0369349782146 6
    endloop
  endfacet
  facet normal 0 0 1
    outer loop
      vertex 4.469303395120693 86.96306502178541 6
      vertex 4.927050983124842 86.85316954888546 6
      vertex 4.927050983124842 133.14683045111454 6
    endloop
  endfacet
  facet normal 0 0 1
    outer loop
      vertex 4.927050983124842 86.85316954888546 6
      vertex 5.36197149921864 86.67301957256511 6
      vertex 4.927050983124842 133.14683045111454 6
    endloop
  endfacet
  facet normal 0 0 1
    outer loop
      vertex 0.65 42 6
      vertex 0.65 142 6
      vertex 0 142 6
    endloop
  endfacet
  facet normal 0 0 1
    outer loop
      vertex 5.36197149921864 86.67301957256511 6
      vertex 5.763355756877419 86.42705098312484 6
      vertex 5.36197149921864 133.3269804274349 6
    endloop
  endfacet
  facet normal 0 0 1
    outer loop
      vertex 6.121320343559643 86.12132034355965 6
      vertex 5.763355756877419 133.57294901687516 6
      vertex 5.763355756877419 86.42705098312484 6
    endloop
  endfacet
  facet normal 0 0 1
    outer loop
      vertex 6.121320343559643 86.12132034355965 6
      vertex 6.427050983124842 85.76335575687742 6
      vertex 6.427050983124842 134.23664424312258 6
    endloop
  endfacet
  facet normal 0 0 1
    outer loop
      vertex 7 84 6
      vertex 7 136 6
      vertex 6.963065021785413 84.46930339512069 6
    endloop
  endfacet
  facet normal 0 0 1
    outer loop
      vertex 6.427050983124842 85.76335575687742 6
      vertex 6.673019572565104 85.36197149921864 6
      vertex 6.673019572565104 134.63802850078136 6
    endloop
  endfacet
  facet normal 0 0 1
    outer loop
      vertex 6.853169548885461 84.92705098312484 6
      vertex 6.853169548885461 135.07294901687516 6
      vertex 6.673019572565104 85.36197149921864 6
    endloop
  endfacet
  facet normal 0 0 1
    outer loop
      vertex 6.963065021785413 84.46930339512069 6
      vertex 6.963065021785413 135.5306966048793 6
      vertex 6.853169548885461 84.92705098312484 6
    endloop
  endfacet
  facet normal 0 0 1
    outer loop
      vertex 7 84 6
      vertex 12 86 6
      vertex 12 134 6
    endloop
  endfacet
  facet normal 0 0 1
    outer loop
      vertex 14.508333333333333 70 6
      vertex 26.616666666666667 70 6
      vertex 26.76666666666667 72 6
    endloop
  endfacet
  facet normal 0 0 1
    outer loop
      vertex 26.616666666666667 70 6
      vertex 28.06666666666667 72 6
      vertex 26.76666666666667 72 6
    endloop
  endfacet
  facet normal 0 0 1
    outer loop
      vertex 14.358333333333334 78 6
      vertex 26.76666666666667 72 6
      vertex 26.76666666666667 78 6
    endloop
  endfacet
  facet normal 0 0 1
    outer loop
      vertex 4 81 6
      vertex 28.06666666666667 78 6
      vertex 40.475 78 6
    endloop
  endfacet
  facet normal 0 0 1
    outer loop
      vertex 4 81 6
      vertex 40.475 78 6
      vertex 41.775 78 6
    endloop
  endfacet
  facet normal 0 0 1
    outer loop
      vertex 4 81 6
      vertex 81.6 78 6
      vertex 4.469303395120693 81.03693497821459 6
    endloop
  endfacet
  facet normal 0 0 1
    outer loop
      vertex 4.469303395120693 81.03693497821459 6
      vertex 81.6 78 6
      vertex 4.927050983124842 81.14683045111454 6
    endloop
  endfacet
  facet normal 0 0 1
    outer loop
      vertex 4.927050983124842 81.14683045111454 6
      vertex 81.6 78 6
      vertex 5.36197149921864 81.32698042743489 6
    endloop
  endfacet
  facet normal 0 0 1
    outer loop
      vertex 26.616666666666667 62 6
      vertex 41.925000000000004 62 6
      vertex 26.616666666666667 70 6
    endloop
  endfacet
  facet normal 0 0 1
    outer loop
      vertex 26.616666666666667 70 6
      vertex 40.475 72 6
      vertex 28.06666666666667 72 6
    endloop
  endfacet
  facet normal 0 0 1
    outer loop
      vertex 26.616666666666667 70 6
      vertex 41.925000000000004 62 6
      vertex 41.925000000000004 70 6
    endloop
  endfacet
  facet normal 0 0 1
    outer loop
      vertex 26.616666666666667 70 6
      vertex 41.775 72 6
      vertex 40.475 72 6
    endloop
  endfacet
  facet normal 0 0 1
    outer loop
      vertex 26.616666666666667 70 6
      vertex 41.925000000000004 70 6
      vertex 41.775 72 6
    endloop
  endfacet
  facet normal 0 0 1
    outer loop
      vertex 28.06666666666667 72 6
      vertex 40.475 72 6
      vertex 28.06666666666667 78 6
    endloop
  endfacet
  facet normal 0 0 1
    outer loop
      vertex 4 81 6
      vertex 41.775 78 6
      vertex 54.18333333333334 78 6
    endloop
  endfacet
  facet normal 0 0 1
    outer loop
      vertex 5.36197149921864 81.32698042743489 6
      vertex 81.6 78 6
      vertex 5.763355756877419 81.57294901687516 6
    endloop
  endfacet
  facet normal 0 0 1
    outer loop
      vertex 5.763355756877419 81.57294901687516 6
      vertex 81.6 78 6
      vertex 6.121320343559643 81.87867965644035 6
    endloop
  endfacet
  facet normal 0 0 1
    outer loop
      vertex 6.121320343559643 81.87867965644035 6
      vertex 81.6 78 6
      vertex 6.427050983124842 82.23664424312258 6
    endloop
  endfacet
  facet normal 0 0 1
    outer loop
      vertex 6.427050983124842 82.23664424312258 6
      vertex 81.6 78 6
      vertex 6.673019572565104 82.63802850078136 6
    endloop
  endfacet
  facet normal 0 0 1
    outer loop
      vertex 6.673019572565104 82.63802850078136 6
      vertex 81.6 78 6
      vertex 6.853169548885461 83.07294901687516 6
    endloop
  endfacet
  facet normal 0 0 1
    outer loop
      vertex 6.853169548885461 83.07294901687516 6
      vertex 81.6 78 6
      vertex 6.963065021785413 83.53069660487931 6
    endloop
  endfacet
  facet normal 0 0 1
    outer loop
      vertex 6.963065021785413 83.53069660487931 6
      vertex 81.6 78 6
      vertex 7 84 6
    endloop
  endfacet
  facet normal 0 0 1
    outer loop
      vertex 28.06666666666667 78 6
      vertex 40.475 72 6
      vertex 40.475 78 6
    endloop
  endfacet
  facet normal 0 0 1
    outer loop
      vertex 4 81 6
      vertex 54.18333333333334 78 6
      vertex 55.483333333333334 78 6
    endloop
  endfacet
  facet normal 0 0 1
    outer loop
      vertex 24.445820433436527 26 6
      vertex 69.85 30 6
      vertex 47.65 30 6
    endloop
  endfacet
  facet normal 0 -1 0
    outer loop
      vertex 0 0 0
      vertex 151.99284629890784 0 6
      vertex 12.507153701092149 0 2.5
    endloop
  endfacet
  facet normal 0 -1 0
    outer loop
      vertex 151.99284629890784 0 6
      vertex 12.507153701092149 0 6
      vertex 12.507153701092149 0 2.5
    endloop
  endfacet
  facet normal 0 0 1
    outer loop
      vertex 12.772970773009195 0.22702922699080386 6
      vertex 12.507153701092149 0 6
      vertex 150.4857059617285 1.935564126758059 6
    endloop
  endfacet
  facet normal 0 0 1
    outer loop
      vertex 12.772970773009195 0.22702922699080386 6
      vertex 150.4857059617285 1.935564126758059 6
      vertex 13.460864712030896 1.0324495470258062 6
    endloop
  endfacet
  facet normal 0 0 1
    outer loop
      vertex 164.5 16 6
      vertex 8 11.75 6
      vertex 9.055932639021558 11.66689629901718 6
    endloop
  endfacet
  facet normal 0 0 1
    outer loop
      vertex 164.5 16 6
      vertex 9.055932639021558 11.66689629901718 6
      vertex 10.085864712030896 11.419631484992287 6
    endloop
  endfacet
  facet normal 0 0 -1
    outer loop
      vertex 0 0 0
      vertex 8.679837387624884 2.9076756641506623 0
      vertex 164.5 42 0
    endloop
  endfacet
  facet normal 0 0 -1
    outer loop
      vertex 164.5 42 0
      vertex 8.679837387624884 2.9076756641506623 0
      vertex 8.998779099427002 3.0397856467855906 0
    endloop
  endfacet
  facet normal 0 0 -1
    outer loop
      vertex 164.5 42 0
      vertex 8.998779099427002 3.0397856467855906 0
      vertex 9.29312755504344 3.2201626123751153 0
    endloop
  endfacet
  facet normal 0 0 -1
    outer loop
      vertex 164.5 42 0
      vertex 9.29312755504344 3.2201626123751153 0
      vertex 9.555634918610405 3.444365081389595 0
    endloop
  endfacet
  facet normal 0 0 -1
    outer loop
      vertex 164.5 42 0
      vertex 9.555634918610405 3.444365081389595 0
      vertex 9.779837387624884 3.7068724449565593 0
    endloop
  endfacet
  facet normal 0 0 -1
    outer loop
      vertex 164.5 42 0
      vertex 9.779837387624884 3.7068724449565593 0
      vertex 9.96021435321441 4.001220900572997 0
    endloop
  endfacet
  facet normal 0 0 -1
    outer loop
      vertex 164.5 42 0
      vertex 9.96021435321441 4.001220900572997 0
      vertex 10.092324335849337 4.320162612375116 0
    endloop
  endfacet
  facet normal 0 0 1
    outer loop
      vertex 24.445820433436527 26 6
      vertex 71.14999999999999 30 6
      vertex 69.85 30 6
    endloop
  endfacet
  facet normal 0 0 1
    outer loop
      vertex 0 16 6
      vertex 8 11.75 6
      vertex 164.5 16 6
    endloop
  endfacet
  facet normal 0 0 1
    outer loop
      vertex 46.35 42 6
      vertex 47.65 42 6
      vertex 41.925000000000004 62 6
    endloop
  endfacet
  facet normal 0 0 1
    outer loop
      vertex 47.65 42 6
      vertex 54.03333333333334 62 6
      vertex 41.925000000000004 62 6
    endloop
  endfacet
  facet normal 0 0 -1
    outer loop
      vertex 152.5 86 0
      vertex 8 7.2 0
      vertex 7.655844176911492 7.172914349309304 0
    endloop
  endfacet
  facet normal 0 0 -1
    outer loop
      vertex 8 7.2 0
      vertex 152.5 86 0
      vertex 8.344155823088508 7.172914349309304 0
    endloop
  endfacet
  facet normal 0 0 -1
    outer loop
      vertex 152.5 86 0
      vertex 8.679837387624884 7.092324335849337 0
      vertex 8.344155823088508 7.172914349309304 0
    endloop
  endfacet
  facet normal 0 0 -1
    outer loop
      vertex 10.172914349309304 4.655844176911492 0
      vertex 152.5 86 0
      vertex 10.092324335849337 4.320162612375116 0
    endloop
  endfacet
  facet normal 0 0 -1
    outer loop
      vertex 152.5 86 0
      vertex 10.172914349309304 4.655844176911492 0
      vertex 10.2 5 0
    endloop
  endfacet
  facet normal 0 0 -1
    outer loop
      vertex 152.5 86 0
      vertex 10.2 5 0
      vertex 10.172914349309304 5.344155823088508 0
    endloop
  endfacet
  facet normal 0 0 -1
    outer loop
      vertex 152.5 86 0
      vertex 10.172914349309304 5.344155823088508 0
      vertex 10.092324335849337 5.679837387624884 0
    endloop
  endfacet
  facet normal 0 0 -1
    outer loop
      vertex 152.5 86 0
      vertex 9.555634918610405 6.555634918610405 0
      vertex 9.29312755504344 6.779837387624885 0
    endloop
  endfacet
  facet normal 0 0 -1
    outer loop
      vertex 152.5 86 0
      vertex 8.998779099427002 6.960214353214409 0
      vertex 8.679837387624884 7.092324335849337 0
    endloop
  endfacet
  facet normal 0 0 -1
    outer loop
      vertex 152.5 86 0
      vertex 9.29312755504344 6.779837387624885 0
      vertex 8.998779099427002 6.960214353214409 0
    endloop
  endfacet
  facet normal 0 0 -1
    outer loop
      vertex 152.5 86 0
      vertex 9.96021435321441 5.998779099427003 0
      vertex 9.779837387624884 6.293127555043441 0
    endloop
  endfacet
  facet normal 0 0 -1
    outer loop
      vertex 152.5 86 0
      vertex 9.779837387624884 6.293127555043441 0
      vertex 9.555634918610405 6.555634918610405 0
    endloop
  endfacet
  facet normal 0 0 -1
    outer loop
      vertex 152.5 86 0
      vertex 10.092324335849337 5.679837387624884 0
      vertex 9.96021435321441 5.998779099427003 0
    endloop
  endfacet
  facet normal 0 0 1
    outer loop
      vertex 47.65 30 6
      vertex 69.85 30 6
      vertex 47.65 42 6
    endloop
  endfacet
  facet normal 0 0 1
    outer loop
      vertex 47.65 42 6
      vertex 69.85 42 6
      vertex 54.03333333333334 62 6
    endloop
  endfacet
  facet normal 0 0 1
    outer loop
      vertex 164.5 16 6
      vertex 14.014294038271483 1.935564126758059 6
      vertex 13.460864712030896 1.0324495470258062 6
    endloop
  endfacet
  facet normal 0 0 1
    outer loop
      vertex 164.5 16 6
      vertex 14.419631484992287 2.914135287969105 6
      vertex 14.014294038271483 1.935564126758059 6
    endloop
  endfacet
  facet normal 0 0 1
    outer loop
      vertex 164.5 16 6
      vertex 11.06443587324194 11.014294038271483 6
      vertex 11.967550452974194 10.460864712030896 6
    endloop
  endfacet
  facet normal 0 0 1
    outer loop
      vertex 164.5 16 6
      vertex 10.085864712030896 11.419631484992287 6
      vertex 11.06443587324194 11.014294038271483 6
    endloop
  endfacet
  facet normal 0 0 1
    outer loop
      vertex 164.5 16 6
      vertex 12.772970773009195 9.772970773009195 6
      vertex 13.460864712030896 8.967550452974194 6
    endloop
  endfacet
  facet normal 0 0 1
    outer loop
      vertex 164.5 16 6
      vertex 11.967550452974194 10.460864712030896 6
      vertex 12.772970773009195 9.772970773009195 6
    endloop
  endfacet
  facet normal 0 0 1
    outer loop
      vertex 164.5 16 6
      vertex 13.460864712030896 8.967550452974194 6
      vertex 14.014294038271483 8.06443587324194 6
    endloop
  endfacet
  facet normal 0 0 1
    outer loop
      vertex 164.5 16 6
      vertex 14.66689629901718 3.9440673609784414 6
      vertex 14.419631484992287 2.914135287969105 6
    endloop
  endfacet
  facet normal 0 0 1
    outer loop
      vertex 164.5 16 6
      vertex 14.75 5 6
      vertex 14.66689629901718 3.9440673609784414 6
    endloop
  endfacet
  facet normal 0 0 1
    outer loop
      vertex 164.5 16 6
      vertex 14.419631484992287 7.0858647120308955 6
      vertex 14.66689629901718 6.055932639021559 6
    endloop
  endfacet
  facet normal 0 0 1
    outer loop
      vertex 164.5 16 6
      vertex 14.66689629901718 6.055932639021559 6
      vertex 14.75 5 6
    endloop
  endfacet
  facet normal 0 0 1
    outer loop
      vertex 164.5 16 6
      vertex 14.014294038271483 8.06443587324194 6
      vertex 14.419631484992287 7.0858647120308955 6
    endloop
  endfacet
  facet normal 0 0 1
    outer loop
      vertex 24.445820433436527 26 6
      vertex 93.35 30 6
      vertex 71.14999999999999 30 6
    endloop
  endfacet
  facet normal 0 0 1
    outer loop
      vertex 24.445820433436527 26 6
      vertex 94.64999999999999 30 6
      vertex 93.35 30 6
    endloop
  endfacet
  facet normal 0 0 1
    outer loop
      vertex 47.65 42 6
      vertex 69.85 30 6
      vertex 69.85 42 6
    endloop
  endfacet
  facet normal 0 0 1
    outer loop
      vertex 69.85 42 6
      vertex 71.14999999999999 42 6
      vertex 54.03333333333334 62 6
    endloop
  endfacet
  facet normal 0 0 1
    outer loop
      vertex 71.14999999999999 42 6
      vertex 83.05000000000001 62 6
      vertex 54.03333333333334 62 6
    endloop
  endfacet
  facet normal 0 0 1
    outer loop
      vertex 71.14999999999999 30 6
      vertex 93.35 30 6
      vertex 71.14999999999999 42 6
    endloop
  endfacet
  facet normal 0 0 1
    outer loop
      vertex 41.925000000000004 70 6
      vertex 54.03333333333334 70 6
      vertex 54.18333333333334 72 6
    endloop
  endfacet
  facet normal 0 0 1
    outer loop
      vertex 41.925000000000004 70 6
      vertex 41.775 78 6
      vertex 41.775 72 6
    endloop
  endfacet
  facet normal 0 0 1
    outer loop
      vertex 41.925000000000004 70 6
      vertex 54.18333333333334 72 6
      vertex 41.775 78 6
    endloop
  endfacet
  facet normal 0 0 1
    outer loop
      vertex 7 84 6
      vertex 109.01666666666667 78 6
      vertex 12 86 6
    endloop
  endfacet
  facet normal 0 0 1
    outer loop
      vertex 4 81 6
      vertex 55.483333333333334 78 6
      vertex 81.6 78 6
    endloop
  endfacet
  facet normal 0 0 1
    outer loop
      vertex 41.775 78 6
      vertex 54.18333333333334 72 6
      vertex 54.18333333333334 78 6
    endloop
  endfacet
  facet normal 0 0 -1
    outer loop
      vertex 7.655844176911492 7.172914349309304 0
      vertex 12 86 0
      vertex 152.5 86 0
    endloop
  endfacet
  facet normal 0 0 1
    outer loop
      vertex 54.03333333333334 70 6
      vertex 55.483333333333334 72 6
      vertex 54.18333333333334 72 6
    endloop
  endfacet
  facet normal 0 0 1
    outer loop
      vertex 7 84 6
      vertex 81.6 78 6
      vertex 82.89999999999999 78 6
    endloop
  endfacet
  facet normal 0 0 1
    outer loop
      vertex 54.03333333333334 62 6
      vertex 83.05000000000001 62 6
      vertex 54.03333333333334 70 6
    endloop
  endfacet
  facet normal 0 0 1
    outer loop
      vertex 54.03333333333334 70 6
      vertex 81.6 72 6
      vertex 55.483333333333334 72 6
    endloop
  endfacet
  facet normal 0 0 1
    outer loop
      vertex 55.483333333333334 72 6
      vertex 81.6 72 6
      vertex 55.483333333333334 78 6
    endloop
  endfacet
  facet normal 0 0 1
    outer loop
      vertex 7 84 6
      vertex 82.89999999999999 78 6
      vertex 95.30833333333334 78 6
    endloop
  endfacet
  facet normal 0 0 1
    outer loop
      vertex 7 84 6
      vertex 95.30833333333334 78 6
      vertex 96.60833333333333 78 6
    endloop
  endfacet
  facet normal 0 0 1
    outer loop
      vertex 7 84 6
      vertex 96.60833333333333 78 6
      vertex 109.01666666666667 78 6
    endloop
  endfacet
  facet normal 0 0 1
    outer loop
      vertex 54.03333333333334 70 6
      vertex 83.05000000000001 62 6
      vertex 83.05000000000001 70 6
    endloop
  endfacet
  facet normal 0 0 1
    outer loop
      vertex 54.03333333333334 70 6
      vertex 82.89999999999999 72 6
      vertex 81.6 72 6
    endloop
  endfacet
  facet normal 0 0 1
    outer loop
      vertex 54.03333333333334 70 6
      vertex 83.05000000000001 70 6
      vertex 82.89999999999999 72 6
    endloop
  endfacet
  facet normal 0 0 1
    outer loop
      vertex 55.483333333333334 78 6
      vertex 81.6 72 6
      vertex 81.6 78 6
    endloop
  endfacet
  facet normal 0 0 1
    outer loop
      vertex 109.01666666666667 78 6
      vertex 110.31666666666666 78 6
      vertex 12 86 6
    endloop
  endfacet
  facet normal 0 0 1
    outer loop
      vertex 110.31666666666666 78 6
      vertex 122.725 78 6
      vertex 12 86 6
    endloop
  endfacet
  facet normal 0 0 -1
    outer loop
      vertex 0 142 0
      vertex 12 134 0
      vertex 12 86 0
    endloop
  endfacet
  facet normal 0 0 1
    outer loop
      vertex 1.1468304511145395 84.92705098312484 6
      vertex 1.1468304511145395 135.07294901687516 6
      vertex 1.0369349782145867 135.5306966048793 6
    endloop
  endfacet
  facet normal 0 0 1
    outer loop
      vertex 1 84 6
      vertex 1.0369349782145867 135.5306966048793 6
      vertex 1 136 6
    endloop
  endfacet
  facet normal 0 0 1
    outer loop
      vertex 1.1468304511145395 84.92705098312484 6
      vertex 1.3269804274348962 134.63802850078136 6
      vertex 1.1468304511145395 135.07294901687516 6
    endloop
  endfacet
  facet normal 0 0 1
    outer loop
      vertex 1.3269804274348962 85.36197149921864 6
      vertex 1.5729490168751576 134.23664424312258 6
      vertex 1.3269804274348962 134.63802850078136 6
    endloop
  endfacet
  facet normal 0 0 1
    outer loop
      vertex 1.8786796564403572 86.12132034355965 6
      vertex 1.8786796564403572 133.87867965644037 6
      vertex 1.5729490168751576 134.23664424312258 6
    endloop
  endfacet
  facet normal 0 0 1
    outer loop
      vertex 1.8786796564403572 86.12132034355965 6
      vertex 2.236644243122581 133.57294901687516 6
      vertex 1.8786796564403572 133.87867965644037 6
    endloop
  endfacet
  facet normal 0 0 1
    outer loop
      vertex 2.6380285007813598 86.67301957256511 6
      vertex 2.6380285007813598 133.3269804274349 6
      vertex 2.236644243122581 133.57294901687516 6
    endloop
  endfacet
  facet normal 0 0 1
    outer loop
      vertex 1 84 6
      vertex 1 136 6
      vertex 0.65 142 6
    endloop
  endfacet
  facet normal 0 0 1
    outer loop
      vertex 2.6380285007813598 86.67301957256511 6
      vertex 3.0729490168751576 133.14683045111454 6
      vertex 2.6380285007813598 133.3269804274349 6
    endloop
  endfacet
  facet normal 0 0 1
    outer loop
      vertex 3.0729490168751576 86.85316954888546 6
      vertex 3.5306966048793074 133.0369349782146 6
      vertex 3.0729490168751576 133.14683045111454 6
    endloop
  endfacet
  facet normal 0 0 1
    outer loop
      vertex 3.5306966048793074 86.96306502178541 6
      vertex 4 133 6
      vertex 3.5306966048793074 133.0369349782146 6
    endloop
  endfacet
  facet normal 0 0 1
    outer loop
      vertex 4 87 6
      vertex 4.469303395120693 133.0369349782146 6
      vertex 4 133 6
    endloop
  endfacet
  facet normal 0 0 1
    outer loop
      vertex 4.469303395120693 86.96306502178541 6
      vertex 4.927050983124842 133.14683045111454 6
      vertex 4.469303395120693 133.0369349782146 6
    endloop
  endfacet
  facet normal 0 0 1
    outer loop
      vertex 5.36197149921864 86.67301957256511 6
      vertex 5.36197149921864 133.3269804274349 6
      vertex 4.927050983124842 133.14683045111454 6
    endloop
  endfacet
  facet normal 0 0 1
    outer loop
      vertex 5.763355756877419 86.42705098312484 6
      vertex 5.763355756877419 133.57294901687516 6
      vertex 5.36197149921864 133.3269804274349 6
    endloop
  endfacet
  facet normal 0 0 1
    outer loop
      vertex 6.121320343559643 86.12132034355965 6
      vertex 6.121320343559643 133.87867965644037 6
      vertex 5.763355756877419 133.57294901687516 6
    endloop
  endfacet
  facet normal 0 0 1
    outer loop
      vertex 6.121320343559643 86.12132034355965 6
      vertex 6.427050983124842 134.23664424312258 6
      vertex 6.121320343559643 133.87867965644037 6
    endloop
  endfacet
  facet normal 0 0 1
    outer loop
      vertex 6.427050983124842 85.76335575687742 6
      vertex 6.673019572565104 134.63802850078136 6
      vertex 6.427050983124842 134.23664424312258 6
    endloop
  endfacet
  facet normal 0 0 1
    outer loop
      vertex 6.673019572565104 85.36197149921864 6
      vertex 6.853169548885461 135.07294901687516 6
      vertex 6.673019572565104 134.63802850078136 6
    endloop
  endfacet
  facet normal 0 0 1
    outer loop
      vertex 6.853169548885461 84.92705098312484 6
      vertex 6.963065021785413 135.5306966048793 6
      vertex 6.853169548885461 135.07294901687516 6
    endloop
  endfacet
  facet normal 0 0 1
    outer loop
      vertex 6.963065021785413 84.46930339512069 6
      vertex 7 136 6
      vertex 6.963065021785413 135.5306966048793 6
    endloop
  endfacet
  facet normal 0 0 1
    outer loop
      vertex 7 84 6
      vertex 12 134 6
      vertex 7 136 6
    endloop
  endfacet
  facet normal 0 0 1
    outer loop
      vertex 1 136 6
      vertex 1.0369349782145867 136.4693033951207 6
      vertex 0.65 142 6
    endloop
  endfacet
  facet normal 0 0 1
    outer loop
      vertex 1.0369349782145867 136.4693033951207 6
      vertex 1.1468304511145395 136.92705098312484 6
      vertex 0.65 142 6
    endloop
  endfacet
  facet normal 0 0 1
    outer loop
      vertex 1.1468304511145395 136.92705098312484 6
      vertex 1.3269804274348962 137.36197149921864 6
      vertex 0.65 142 6
    endloop
  endfacet
  facet normal 0 0 1
    outer loop
      vertex 1.3269804274348962 137.36197149921864 6
      vertex 1.5729490168751576 137.76335575687742 6
      vertex 0.65 142 6
    endloop
  endfacet
  facet normal 0 0 1
    outer loop
      vertex 1.5729490168751576 137.76335575687742 6
      vertex 1.8786796564403572 138.12132034355963 6
      vertex 13.058333333333334 154 6
    endloop
  endfacet
  facet normal 0 0 1
    outer loop
      vertex 1.8786796564403572 138.12132034355963 6
      vertex 2.236644243122581 138.42705098312484 6
      vertex 13.058333333333334 154 6
    endloop
  endfacet
  facet normal 0 0 1
    outer loop
      vertex 2.236644243122581 138.42705098312484 6
      vertex 2.6380285007813598 138.6730195725651 6
      vertex 13.058333333333334 154 6
    endloop
  endfacet
  facet normal 0 0 1
    outer loop
      vertex 4 139 6
      vertex 14.358333333333334 142 6
      vertex 13.058333333333334 142 6
    endloop
  endfacet
  facet normal 0 0 1
    outer loop
      vertex 4 139 6
      vertex 26.76666666666667 142 6
      vertex 14.358333333333334 142 6
    endloop
  endfacet
  facet normal 0 0 1
    outer loop
      vertex 4 139 6
      vertex 28.06666666666667 142 6
      vertex 26.76666666666667 142 6
    endloop
  endfacet
  facet normal -1 0 0
    outer loop
      vertex 0 154 0
      vertex 0 154 6
      vertex 0 155 4.043478260869565
    endloop
  endfacet
  facet normal 0 0 1
    outer loop
      vertex 1.5729490168751576 137.76335575687742 6
      vertex 13.058333333333334 154 6
      vertex 0.65 142 6
    endloop
  endfacet
  facet normal 0 0 1
    outer loop
      vertex 0.65 142 6
      vertex 13.058333333333334 154 6
      vertex 0.65 154 6
    endloop
  endfacet
  facet normal -1 0 0
    outer loop
      vertex 0 155 4.043478260869565
      vertex 0 154 6
      vertex 0 155 6
    endloop
  endfacet
  facet normal 0 0 1
    outer loop
      vertex 0 154 6
      vertex 0.65 154 6
      vertex 0 155 6
    endloop
  endfacet
  facet normal 0 0 1
    outer loop
      vertex 0.65 154 6
      vertex 13.058333333333334 154 6
      vertex 0 155 6
    endloop
  endfacet
  facet normal 0 0 1
    outer loop
      vertex 2.6380285007813598 138.6730195725651 6
      vertex 3.0729490168751576 138.85316954888546 6
      vertex 13.058333333333334 154 6
    endloop
  endfacet
  facet normal 0 0 1
    outer loop
      vertex 3.0729490168751576 138.85316954888546 6
      vertex 3.5306966048793074 138.9630650217854 6
      vertex 13.058333333333334 154 6
    endloop
  endfacet
  facet normal 0 0 1
    outer loop
      vertex 3.5306966048793074 138.9630650217854 6
      vertex 4 139 6
      vertex 13.058333333333334 154 6
    endloop
  endfacet
  facet normal 0 0 1
    outer loop
      vertex 4 139 6
      vertex 13.058333333333334 142 6
      vertex 13.058333333333334 154 6
    endloop
  endfacet
  facet normal 0 0 1
    outer loop
      vertex 0 155 6
      vertex 13.058333333333334 154 6
      vertex 14.358333333333334 154 6
    endloop
  endfacet
  facet normal -1 0 0
    outer loop
      vertex 0 155 4.043478260869565
      vertex 0 157.81453683586807 6
      vertex 0 174 6
    endloop
  endfacet
  facet normal 0 0 1
    outer loop
      vertex 0 155 6
      vertex 14.358333333333334 154 6
      vertex 26.76666666666667 154 6
    endloop
  endfacet
  facet normal 0 0 1
    outer loop
      vertex 14.358333333333334 142 6
      vertex 26.76666666666667 142 6
      vertex 14.358333333333334 154 6
    endloop
  endfacet
  facet normal 0 0 1
    outer loop
      vertex 0 155 6
      vertex 26.76666666666667 154 6
      vertex 28.06666666666667 154 6
    endloop
  endfacet
  facet normal 0 0 1
    outer loop
      vertex 4 139 6
      vertex 4.469303395120693 138.9630650217854 6
      vertex 55.483333333333334 142 6
    endloop
  endfacet
  facet normal 0 0 1
    outer loop
      vertex 4.469303395120693 138.9630650217854 6
      vertex 4.927050983124842 138.85316954888546 6
      vertex 55.483333333333334 142 6
    endloop
  endfacet
  facet normal 0 0 1
    outer loop
      vertex 4.927050983124842 138.85316954888546 6
      vertex 5.36197149921864 138.6730195725651 6
      vertex 55.483333333333334 142 6
    endloop
  endfacet
  facet normal 0 0 1
    outer loop
      vertex 5.36197149921864 138.6730195725651 6
      vertex 5.763355756877419 138.42705098312484 6
      vertex 55.483333333333334 142 6
    endloop
  endfacet
  facet normal 0 0 1
    outer loop
      vertex 6.121320343559643 138.12132034355963 6
      vertex 55.483333333333334 142 6
      vertex 5.763355756877419 138.42705098312484 6
    endloop
  endfacet
  facet normal 0 0 1
    outer loop
      vertex 6.963065021785413 136.4693033951207 6
      vertex 55.483333333333334 142 6
      vertex 6.853169548885461 136.92705098312484 6
    endloop
  endfacet
  facet normal 0 0 1
    outer loop
      vertex 6.673019572565104 137.36197149921864 6
      vertex 6.853169548885461 136.92705098312484 6
      vertex 55.483333333333334 142 6
    endloop
  endfacet
  facet normal 0 0 1
    outer loop
      vertex 6.673019572565104 137.36197149921864 6
      vertex 55.483333333333334 142 6
      vertex 6.427050983124842 137.76335575687742 6
    endloop
  endfacet
  facet normal 0 0 1
    outer loop
      vertex 6.121320343559643 138.12132034355963 6
      vertex 6.427050983124842 137.76335575687742 6
      vertex 55.483333333333334 142 6
    endloop
  endfacet
  facet normal 0 0 1
    outer loop
      vertex 7 136 6
      vertex 55.483333333333334 142 6
      vertex 6.963065021785413 136.4693033951207 6
    endloop
  endfacet
  facet normal 0 0 1
    outer loop
      vertex 4 139 6
      vertex 40.475 142 6
      vertex 28.06666666666667 142 6
    endloop
  endfacet
  facet normal 0 0 1
    outer loop
      vertex 4 139 6
      vertex 41.775 142 6
      vertex 40.475 142 6
    endloop
  endfacet
  facet normal 0 0 1
    outer loop
      vertex 7 136 6
      vertex 12 134 6
      vertex 76.04583333333333 134 6
    endloop
  endfacet
  facet normal 0 0 1
    outer loop
      vertex 4 139 6
      vertex 54.18333333333334 142 6
      vertex 41.775 142 6
    endloop
  endfacet
  facet normal 0 0 1
    outer loop
      vertex 4 139 6
      vertex 55.483333333333334 142 6
      vertex 54.18333333333334 142 6
    endloop
  endfacet
  facet normal 0 0 1
    outer loop
      vertex 14.358333333333334 154 6
      vertex 26.76666666666667 142 6
      vertex 26.76666666666667 154 6
    endloop
  endfacet
  facet normal 0 0 1
    outer loop
      vertex 0 155 6
      vertex 28.06666666666667 154 6
      vertex 40.475 154 6
    endloop
  endfacet
  facet normal 0 0 1
    outer loop
      vertex 0 155 6
      vertex 40.475 154 6
      vertex 41.775 154 6
    endloop
  endfacet
  facet normal 0 0 1
    outer loop
      vertex 28.06666666666667 142 6
      vertex 40.475 142 6
      vertex 28.06666666666667 154 6
    endloop
  endfacet
  facet normal 0 0 1
    outer loop
      vertex 40.475 142 6
      vertex 40.475 154 6
      vertex 28.06666666666667 154 6
    endloop
  endfacet
  facet normal -1 0 0
    outer loop
      vertex 0 154 0
      vertex 0 155 4.043478260869565
      vertex 0 230 0
    endloop
  endfacet
  facet normal -1 0 0
    outer loop
      vertex 0 155 4.043478260869565
      vertex 0 174 6
      vertex 0 196 6
    endloop
  endfacet
  facet normal -1 0 0
    outer loop
      vertex 0 155 4.043478260869565
      vertex 0 196 6
      vertex 0 208 6
    endloop
  endfacet
  facet normal 0 0 -1
    outer loop
      vertex 0 154 0
      vertex 6.706872444956559 222.2201626123751 0
      vertex 7.001220900572997 222.0397856467856 0
    endloop
  endfacet
  facet normal 0 0 -1
    outer loop
      vertex 0 154 0
      vertex 7.001220900572997 222.0397856467856 0
      vertex 7.320162612375116 221.90767566415067 0
    endloop
  endfacet
  facet normal 0 0 -1
    outer loop
      vertex 0 154 0
      vertex 7.320162612375116 221.90767566415067 0
      vertex 7.655844176911492 221.8270856506907 0
    endloop
  endfacet
  facet normal 0 0 -1
    outer loop
      vertex 0 154 0
      vertex 5.907675664150663 223.32016261237513 0
      vertex 6.039785646785591 223.001220900573 0
    endloop
  endfacet
  facet normal 0 0 -1
    outer loop
      vertex 0 154 0
      vertex 5.827085650690696 223.6558441769115 0
      vertex 5.907675664150663 223.32016261237513 0
    endloop
  endfacet
  facet normal 0 0 -1
    outer loop
      vertex 0 154 0
      vertex 6.039785646785591 223.001220900573 0
      vertex 6.220162612375115 222.70687244495656 0
    endloop
  endfacet
  facet normal 0 0 -1
    outer loop
      vertex 0 154 0
      vertex 6.220162612375115 222.70687244495656 0
      vertex 6.444365081389595 222.4443650813896 0
    endloop
  endfacet
  facet normal 0 0 -1
    outer loop
      vertex 0 154 0
      vertex 6.444365081389595 222.4443650813896 0
      vertex 6.706872444956559 222.2201626123751 0
    endloop
  endfacet
  facet normal 0 0 -1
    outer loop
      vertex 0 154 0
      vertex 5.8 224 0
      vertex 5.827085650690696 223.6558441769115 0
    endloop
  endfacet
  facet normal 0 0 -1
    outer loop
      vertex 0 154 0
      vertex 7.655844176911492 221.8270856506907 0
      vertex 8 221.8 0
    endloop
  endfacet
  facet normal -1 0 0
    outer loop
      vertex 0 155 4.043478260869565
      vertex 0 208 6
      vertex 0 220 6
    endloop
  endfacet
  facet normal 0 0 -1
    outer loop
      vertex 0 154 0
      vertex 0 230 0
      vertex 5.8 224 0
    endloop
  endfacet
  facet normal -1 0 0
    outer loop
      vertex 0 155 4.043478260869565
      vertex 0 230 6
      vertex 0 230 0
    endloop
  endfacet
  facet normal -1 0 0
    outer loop
      vertex 0 155 4.043478260869565
      vertex 0 220 6
      vertex 0 230 6
    endloop
  endfacet
  facet normal 0 0 1
    outer loop
      vertex 0 208 6
      vertex 4.032449547025806 218.53913528796912 6
      vertex 3.227029226990804 219.2270292269908 6
    endloop
  endfacet
  facet normal 0 0 1
    outer loop
      vertex 0 208 6
      vertex 4.9355641267580594 217.9857059617285 6
      vertex 4.032449547025806 218.53913528796912 6
    endloop
  endfacet
  facet normal 0 0 1
    outer loop
      vertex 0 208 6
      vertex 5.9141352879691045 217.5803685150077 6
      vertex 4.9355641267580594 217.9857059617285 6
    endloop
  endfacet
  facet normal 0 0 1
    outer loop
      vertex 0 208 6
      vertex 6.944067360978441 217.33310370098283 6
      vertex 5.9141352879691045 217.5803685150077 6
    endloop
  endfacet
  facet normal 0 0 1
    outer loop
      vertex 0 208 6
      vertex 8 217.25 6
      vertex 6.944067360978441 217.33310370098283 6
    endloop
  endfacet
  facet normal 0 0 -1
    outer loop
      vertex 0 230 0
      vertex 5.827085650690696 224.3441558230885 0
      vertex 5.8 224 0
    endloop
  endfacet
  facet normal 0 0 -1
    outer loop
      vertex 0 230 0
      vertex 5.907675664150663 224.67983738762487 0
      vertex 5.827085650690696 224.3441558230885 0
    endloop
  endfacet
  facet normal 0 0 -1
    outer loop
      vertex 0 230 0
      vertex 6.039785646785591 224.998779099427 0
      vertex 5.907675664150663 224.67983738762487 0
    endloop
  endfacet
  facet normal 0 0 -1
    outer loop
      vertex 0 230 0
      vertex 6.220162612375115 225.29312755504344 0
      vertex 6.039785646785591 224.998779099427 0
    endloop
  endfacet
  facet normal 0 0 -1
    outer loop
      vertex 0 230 0
      vertex 6.444365081389595 225.5556349186104 0
      vertex 6.220162612375115 225.29312755504344 0
    endloop
  endfacet
  facet normal 0 0 -1
    outer loop
      vertex 0 230 0
      vertex 6.706872444956559 225.7798373876249 0
      vertex 6.444365081389595 225.5556349186104 0
    endloop
  endfacet
  facet normal 0 0 -1
    outer loop
      vertex 0 230 0
      vertex 7.001220900572997 225.9602143532144 0
      vertex 6.706872444956559 225.7798373876249 0
    endloop
  endfacet
  facet normal 0 0 -1
    outer loop
      vertex 0 230 0
      vertex 7.320162612375116 226.09232433584933 0
      vertex 7.001220900572997 225.9602143532144 0
    endloop
  endfacet
  facet normal 0 0 -1
    outer loop
      vertex 0 230 0
      vertex 7.655844176911492 226.1729143493093 0
      vertex 7.320162612375116 226.09232433584933 0
    endloop
  endfacet
  facet normal 0 1 0
    outer loop
      vertex 0 230 0
      vertex 0 230 6
      vertex 4.912238376288851 230 2.5
    endloop
  endfacet
  facet normal 0 0 -1
    outer loop
      vertex 0 230 0
      vertex 8 226.2 0
      vertex 7.655844176911492 226.1729143493093 0
    endloop
  endfacet
  facet normal 0 0 -1
    outer loop
      vertex 0 230 0
      vertex 8.344155823088508 226.1729143493093 0
      vertex 8 226.2 0
    endloop
  endfacet
  facet normal 0 0 -1
    outer loop
      vertex 0 230 0
      vertex 8.679837387624884 226.09232433584933 0
      vertex 8.344155823088508 226.1729143493093 0
    endloop
  endfacet
  facet normal 0 0 -1
    outer loop
      vertex 0 230 0
      vertex 8.998779099427002 225.9602143532144 0
      vertex 8.679837387624884 226.09232433584933 0
    endloop
  endfacet
  facet normal 0 0 1
    outer loop
      vertex 0 208 6
      vertex 2.566849819335883 220 6
      vertex 0 220 6
    endloop
  endfacet
  facet normal 0 0 1
    outer loop
      vertex 0 208 6
      vertex 3.227029226990804 219.2270292269908 6
      vertex 2.566849819335883 220 6
    endloop
  endfacet
  facet normal 0 1 0
    outer loop
      vertex 0 230 6
      vertex 4.912238376288851 230 6
      vertex 4.912238376288851 230 2.5
    endloop
  endfacet
  facet normal 0 0 1
    outer loop
      vertex 7 136 6
      vertex 76.04583333333333 134 6
      vertex 55.483333333333334 142 6
    endloop
  endfacet
  facet normal 0 0 1
    outer loop
      vertex 41.775 142 6
      vertex 54.18333333333334 142 6
      vertex 41.775 154 6
    endloop
  endfacet
  facet normal 0 0 1
    outer loop
      vertex 54.18333333333334 142 6
      vertex 54.18333333333334 154 6
      vertex 41.775 154 6
    endloop
  endfacet
  facet normal 0 0 -1
    outer loop
      vertex 0 142 0
      vertex 154.3270856506907 223.6558441769115 0
      vertex 12 134 0
    endloop
  endfacet
  facet normal 0 0 1
    outer loop
      vertex 55.483333333333334 142 6
      vertex 76.04583333333333 134 6
      vertex 55.483333333333334 154 6
    endloop
  endfacet
  facet normal 0 0 1
    outer loop
      vertex 55.483333333333334 154 6
      vertex 76.04583333333333 134 6
      vertex 67.89166666666667 142 6
    endloop
  endfacet
  facet normal 0 0 1
    outer loop
      vertex 67.89166666666667 142 6
      vertex 76.04583333333333 134 6
      vertex 69.19166666666666 142 6
    endloop
  endfacet
  facet normal 0 0 1
    outer loop
      vertex 69.19166666666666 142 6
      vertex 76.04583333333333 134 6
      vertex 81.6 142 6
    endloop
  endfacet
  facet normal 0 0 1
    outer loop
      vertex 55.483333333333334 154 6
      vertex 67.89166666666667 142 6
      vertex 67.89166666666667 154 6
    endloop
  endfacet
  facet normal 0 0 1
    outer loop
      vertex 0 155 6
      vertex 41.775 154 6
      vertex 164.5 155 6
    endloop
  endfacet
  facet normal 0 0 1
    outer loop
      vertex 69.19166666666666 142 6
      vertex 81.6 142 6
      vertex 69.19166666666666 154 6
    endloop
  endfacet
  facet normal 0 0 1
    outer loop
      vertex 81.6 142 6
      vertex 81.6 154 6
      vertex 69.19166666666666 154 6
    endloop
  endfacet
  facet normal 0 0 -1
    outer loop
      vertex 0 142 0
      vertex 0 154 0
      vertex 154.3270856506907 224.3441558230885 0
    endloop
  endfacet
  facet normal 0 0 -1
    outer loop
      vertex 0 154 0
      vertex 8 221.8 0
      vertex 154.9443650813896 225.5556349186104 0
    endloop
  endfacet
  facet normal 0 0 1
    outer loop
      vertex 0 174 6
      vertex 164.5 196 6
      vertex 0 196 6
    endloop
  endfacet
  facet normal 0 0 1
    outer loop
      vertex 0 208 6
      vertex 151.06684981933589 220 6
      vertex 8 217.25 6
    endloop
  endfacet
  facet normal 0 0 -1
    outer loop
      vertex 0 230 0
      vertex 154.9443650813896 225.5556349186104 0
      vertex 8.998779099427002 225.9602143532144 0
    endloop
  endfacet
  facet normal 0 1 0
    outer loop
      vertex 0 230 0
      vertex 4.912238376288851 230 2.5
      vertex 164.5 230 0
    endloop
  endfacet
  facet normal 0 0 -1
    outer loop
      vertex 154.9443650813896 225.5556349186104 0
      vertex 8 221.8 0
      vertex 8.344155823088508 221.8270856506907 0
    endloop
  endfacet
  facet normal 0 0 -1
    outer loop
      vertex 154.9443650813896 225.5556349186104 0
      vertex 8.344155823088508 221.8270856506907 0
      vertex 8.679837387624884 221.90767566415067 0
    endloop
  endfacet
  facet normal 0 0 -1
    outer loop
      vertex 154.9443650813896 225.5556349186104 0
      vertex 8.679837387624884 221.90767566415067 0
      vertex 8.998779099427002 222.0397856467856 0
    endloop
  endfacet
  facet normal 0 0 -1
    outer loop
      vertex 154.9443650813896 225.5556349186104 0
      vertex 8.998779099427002 222.0397856467856 0
      vertex 9.29312755504344 222.2201626123751 0
    endloop
  endfacet
  facet normal 0 0 -1
    outer loop
      vertex 154.9443650813896 225.5556349186104 0
      vertex 9.29312755504344 225.7798373876249 0
      vertex 8.998779099427002 225.9602143532144 0
    endloop
  endfacet
  facet normal 0 0 -1
    outer loop
      vertex 154.9443650813896 225.5556349186104 0
      vertex 9.29312755504344 222.2201626123751 0
      vertex 9.555634918610405 222.4443650813896 0
    endloop
  endfacet
  facet normal 0 0 -1
    outer loop
      vertex 154.9443650813896 225.5556349186104 0
      vertex 9.555634918610405 222.4443650813896 0
      vertex 9.779837387624884 222.70687244495656 0
    endloop
  endfacet
  facet normal 0 0 -1
    outer loop
      vertex 154.9443650813896 225.5556349186104 0
      vertex 9.779837387624884 222.70687244495656 0
      vertex 9.96021435321441 223.001220900573 0
    endloop
  endfacet
  facet normal 0 0 -1
    outer loop
      vertex 154.9443650813896 225.5556349186104 0
      vertex 9.96021435321441 223.001220900573 0
      vertex 10.092324335849337 223.32016261237513 0
    endloop
  endfacet
  facet normal 0 0 -1
    outer loop
      vertex 154.9443650813896 225.5556349186104 0
      vertex 10.092324335849337 223.32016261237513 0
      vertex 10.172914349309304 223.6558441769115 0
    endloop
  endfacet
  facet normal 0 0 -1
    outer loop
      vertex 154.9443650813896 225.5556349186104 0
      vertex 10.172914349309304 223.6558441769115 0
      vertex 10.2 224 0
    endloop
  endfacet
  facet normal 0 0 -1
    outer loop
      vertex 154.9443650813896 225.5556349186104 0
      vertex 9.779837387624884 225.29312755504344 0
      vertex 9.555634918610405 225.5556349186104 0
    endloop
  endfacet
  facet normal 0 0 -1
    outer loop
      vertex 154.9443650813896 225.5556349186104 0
      vertex 10.2 224 0
      vertex 10.172914349309304 224.3441558230885 0
    endloop
  endfacet
  facet normal 0 0 -1
    outer loop
      vertex 154.9443650813896 225.5556349186104 0
      vertex 10.172914349309304 224.3441558230885 0
      vertex 10.092324335849337 224.67983738762487 0
    endloop
  endfacet
  facet normal 0 0 -1
    outer loop
      vertex 154.9443650813896 225.5556349186104 0
      vertex 9.96021435321441 224.998779099427 0
      vertex 9.779837387624884 225.29312755504344 0
    endloop
  endfacet
  facet normal 0 0 -1
    outer loop
      vertex 154.9443650813896 225.5556349186104 0
      vertex 10.092324335849337 224.67983738762487 0
      vertex 9.96021435321441 224.998779099427 0
    endloop
  endfacet
  facet normal 0 0 -1
    outer loop
      vertex 154.9443650813896 225.5556349186104 0
      vertex 9.555634918610405 225.5556349186104 0
      vertex 9.29312755504344 225.7798373876249 0
    endloop
  endfacet
  facet normal 0 1 0
    outer loop
      vertex 164.5 230 0
      vertex 4.912238376288851 230 2.5
      vertex 11.087761623711149 230 2.5
    endloop
  endfacet
  facet normal 0 0 1
    outer loop
      vertex 151.06684981933589 220 6
      vertex 9.055932639021558 217.33310370098283 6
      vertex 8 217.25 6
    endloop
  endfacet
  facet normal 0 0 1
    outer loop
      vertex 151.06684981933589 220 6
      vertex 10.085864712030896 217.5803685150077 6
      vertex 9.055932639021558 217.33310370098283 6
    endloop
  endfacet
  facet normal 0 0 1
    outer loop
      vertex 151.06684981933589 220 6
      vertex 11.06443587324194 217.9857059617285 6
      vertex 10.085864712030896 217.5803685150077 6
    endloop
  endfacet
  facet normal 0 0 1
    outer loop
      vertex 151.06684981933589 220 6
      vertex 11.967550452974194 218.53913528796912 6
      vertex 11.06443587324194 217.9857059617285 6
    endloop
  endfacet
  facet normal 0 0 1
    outer loop
      vertex 151.06684981933589 220 6
      vertex 12.772970773009195 219.2270292269908 6
      vertex 11.967550452974194 218.53913528796912 6
    endloop
  endfacet
  facet normal 0 0 1
    outer loop
      vertex 13.433150180664116 220 6
      vertex 12.772970773009195 219.2270292269908 6
      vertex 151.06684981933589 220 6
    endloop
  endfacet
  facet normal 0 1 0
    outer loop
      vertex 164.5 230 0
      vertex 11.087761623711149 230 2.5
      vertex 11.087761623711149 230 6
    endloop
  endfacet
  facet normal 0 -1 0
    outer loop
      vertex 0 0 0
      vertex 152.56872038647788 0 2.5
      vertex 151.99284629890784 0 2.5
    endloop
  endfacet
  facet normal 0 -1 0
    outer loop
      vertex 0 0 0
      vertex 151.99284629890784 0 2.5
      vertex 151.99284629890784 0 6
    endloop
  endfacet
  facet normal 0 0 1
    outer loop
      vertex 24.445820433436527 26 6
      vertex 164.5 26 6
      vertex 94.64999999999999 30 6
    endloop
  endfacet
  facet normal 0 0 1
    outer loop
      vertex 71.14999999999999 42 6
      vertex 93.35 30 6
      vertex 93.35 42 6
    endloop
  endfacet
  facet normal 0 0 1
    outer loop
      vertex 71.14999999999999 42 6
      vertex 93.35 42 6
      vertex 83.05000000000001 62 6
    endloop
  endfacet
  facet normal 0 0 1
    outer loop
      vertex 93.35 42 6
      vertex 95.15833333333335 62 6
      vertex 83.05000000000001 62 6
    endloop
  endfacet
  facet normal 0 0 1
    outer loop
      vertex 94.64999999999999 30 6
      vertex 116.85 30 6
      vertex 94.64999999999999 42 6
    endloop
  endfacet
  facet normal 0 0 1
    outer loop
      vertex 93.35 42 6
      vertex 94.64999999999999 42 6
      vertex 95.15833333333335 62 6
    endloop
  endfacet
  facet normal 0 0 1
    outer loop
      vertex 94.64999999999999 42 6
      vertex 110.46666666666667 62 6
      vertex 95.15833333333335 62 6
    endloop
  endfacet
  facet normal 0 0 -1
    outer loop
      vertex 0 0 0
      vertex 154.5397856467856 4.001220900572997 0
      vertex 154.7201626123751 3.7068724449565593 0
    endloop
  endfacet
  facet normal 0 0 -1
    outer loop
      vertex 0 0 0
      vertex 154.9443650813896 3.444365081389595 0
      vertex 155.20687244495656 3.2201626123751153 0
    endloop
  endfacet
  facet normal 0 0 -1
    outer loop
      vertex 0 0 0
      vertex 154.7201626123751 3.7068724449565593 0
      vertex 154.9443650813896 3.444365081389595 0
    endloop
  endfacet
  facet normal 0 0 -1
    outer loop
      vertex 0 0 0
      vertex 154.3270856506907 4.655844176911492 0
      vertex 154.40767566415067 4.320162612375116 0
    endloop
  endfacet
  facet normal 0 0 -1
    outer loop
      vertex 0 0 0
      vertex 154.40767566415067 4.320162612375116 0
      vertex 154.5397856467856 4.001220900572997 0
    endloop
  endfacet
  facet normal 0 0 -1
    outer loop
      vertex 0 0 0
      vertex 154.3 5 0
      vertex 154.3270856506907 4.655844176911492 0
    endloop
  endfacet
  facet normal 0 0 -1
    outer loop
      vertex 0 0 0
      vertex 154.3270856506907 5.344155823088508 0
      vertex 154.3 5 0
    endloop
  endfacet
  facet normal 0 0 -1
    outer loop
      vertex 0 0 0
      vertex 155.20687244495656 3.2201626123751153 0
      vertex 155.501220900573 3.0397856467855906 0
    endloop
  endfacet
  facet normal 0 0 -1
    outer loop
      vertex 0 0 0
      vertex 155.501220900573 3.0397856467855906 0
      vertex 155.82016261237513 2.9076756641506623 0
    endloop
  endfacet
  facet normal 0 0 -1
    outer loop
      vertex 0 0 0
      vertex 155.82016261237513 2.9076756641506623 0
      vertex 156.1558441769115 2.8270856506906967 0
    endloop
  endfacet
  facet normal 0 0 -1
    outer loop
      vertex 0 0 0
      vertex 156.1558441769115 2.8270856506906967 0
      vertex 156.5 2.8 0
    endloop
  endfacet
  facet normal 0 -1 0
    outer loop
      vertex 0 0 0
      vertex 161.00715370109216 0 2.5
      vertex 152.56872038647788 0 2.5
    endloop
  endfacet
  facet normal 0 0 -1
    outer loop
      vertex 0 0 0
      vertex 154.40767566415067 5.679837387624884 0
      vertex 154.3270856506907 5.344155823088508 0
    endloop
  endfacet
  facet normal 0 0 -1
    outer loop
      vertex 0 0 0
      vertex 154.5397856467856 5.998779099427003 0
      vertex 154.40767566415067 5.679837387624884 0
    endloop
  endfacet
  facet normal 0 0 -1
    outer loop
      vertex 0 0 0
      vertex 156.5 2.8 0
      vertex 164.5 0 0
    endloop
  endfacet
  facet normal 0 0 -1
    outer loop
      vertex 0 0 0
      vertex 164.5 30 0
      vertex 154.5397856467856 5.998779099427003 0
    endloop
  endfacet
  facet normal 0 -1 0
    outer loop
      vertex 0 0 0
      vertex 164.5 0 0
      vertex 161.00715370109216 0 2.5
    endloop
  endfacet
  facet normal 0 0 1
    outer loop
      vertex 12.507153701092149 0 6
      vertex 151.03913528796912 1.0324495470258062 6
      vertex 150.4857059617285 1.935564126758059 6
    endloop
  endfacet
  facet normal 0 0 1
    outer loop
      vertex 12.507153701092149 0 6
      vertex 151.7270292269908 0.22702922699080386 6
      vertex 151.03913528796912 1.0324495470258062 6
    endloop
  endfacet
  facet normal 0 0 1
    outer loop
      vertex 13.460864712030896 1.0324495470258062 6
      vertex 150.4857059617285 1.935564126758059 6
      vertex 150.0803685150077 2.914135287969105 6
    endloop
  endfacet
  facet normal 0 0 1
    outer loop
      vertex 13.460864712030896 1.0324495470258062 6
      vertex 150.0803685150077 2.914135287969105 6
      vertex 149.83310370098283 3.9440673609784414 6
    endloop
  endfacet
  facet normal 0 0 1
    outer loop
      vertex 13.460864712030896 1.0324495470258062 6
      vertex 149.83310370098283 3.9440673609784414 6
      vertex 149.75 5 6
    endloop
  endfacet
  facet normal 0 0 1
    outer loop
      vertex 13.460864712030896 1.0324495470258062 6
      vertex 149.75 5 6
      vertex 149.83310370098283 6.055932639021559 6
    endloop
  endfacet
  facet normal 0 0 1
    outer loop
      vertex 13.460864712030896 1.0324495470258062 6
      vertex 149.83310370098283 6.055932639021559 6
      vertex 150.0803685150077 7.0858647120308955 6
    endloop
  endfacet
  facet normal 0 0 1
    outer loop
      vertex 13.460864712030896 1.0324495470258062 6
      vertex 150.0803685150077 7.0858647120308955 6
      vertex 150.4857059617285 8.06443587324194 6
    endloop
  endfacet
  facet normal 0 0 1
    outer loop
      vertex 13.460864712030896 1.0324495470258062 6
      vertex 150.4857059617285 8.06443587324194 6
      vertex 151.03913528796912 8.967550452974194 6
    endloop
  endfacet
  facet normal 0 0 1
    outer loop
      vertex 12.507153701092149 0 6
      vertex 151.99284629890784 0 6
      vertex 151.7270292269908 0.22702922699080386 6
    endloop
  endfacet
  facet normal 0 0 1
    outer loop
      vertex 13.460864712030896 1.0324495470258062 6
      vertex 151.03913528796912 8.967550452974194 6
      vertex 151.7270292269908 9.772970773009195 6
    endloop
  endfacet
  facet normal 0 0 1
    outer loop
      vertex 13.460864712030896 1.0324495470258062 6
      vertex 151.7270292269908 9.772970773009195 6
      vertex 152.5324495470258 10.460864712030896 6
    endloop
  endfacet
  facet normal 0 0 1
    outer loop
      vertex 13.460864712030896 1.0324495470258062 6
      vertex 152.5324495470258 10.460864712030896 6
      vertex 153.43556412675807 11.014294038271483 6
    endloop
  endfacet
  facet normal 0 0 1
    outer loop
      vertex 13.460864712030896 1.0324495470258062 6
      vertex 153.43556412675807 11.014294038271483 6
      vertex 154.41413528796912 11.419631484992287 6
    endloop
  endfacet
  facet normal 0 0 1
    outer loop
      vertex 13.460864712030896 1.0324495470258062 6
      vertex 154.41413528796912 11.419631484992287 6
      vertex 155.44406736097844 11.66689629901718 6
    endloop
  endfacet
  facet normal 0 0 1
    outer loop
      vertex 13.460864712030896 1.0324495470258062 6
      vertex 155.44406736097844 11.66689629901718 6
      vertex 156.5 11.75 6
    endloop
  endfacet
  facet normal 0 0 1
    outer loop
      vertex 164.5 16 6
      vertex 13.460864712030896 1.0324495470258062 6
      vertex 156.5 11.75 6
    endloop
  endfacet
  facet normal 0 0 -1
    outer loop
      vertex 0 0 0
      vertex 164.5 42 0
      vertex 164.5 30 0
    endloop
  endfacet
  facet normal 0 0 1
    outer loop
      vertex 94.64999999999999 42 6
      vertex 116.85 30 6
      vertex 116.85 42 6
    endloop
  endfacet
  facet normal 0 0 -1
    outer loop
      vertex 164.5 42 0
      vertex 10.092324335849337 4.320162612375116 0
      vertex 152.5 86 0
    endloop
  endfacet
  facet normal 0 0 1
    outer loop
      vertex 94.64999999999999 42 6
      vertex 116.85 42 6
      vertex 110.46666666666667 62 6
    endloop
  endfacet
  facet normal 0 0 1
    outer loop
      vertex 116.85 42 6
      vertex 122.575 62 6
      vertex 110.46666666666667 62 6
    endloop
  endfacet
  facet normal 0 0 1
    outer loop
      vertex 116.85 42 6
      vertex 118.14999999999999 42 6
      vertex 122.575 62 6
    endloop
  endfacet
  facet normal 0 0 1
    outer loop
      vertex 83.05000000000001 70 6
      vertex 95.15833333333335 70 6
      vertex 95.30833333333334 72 6
    endloop
  endfacet
  facet normal 0 0 1
    outer loop
      vertex 83.05000000000001 70 6
      vertex 82.89999999999999 78 6
      vertex 82.89999999999999 72 6
    endloop
  endfacet
  facet normal 0 0 1
    outer loop
      vertex 83.05000000000001 70 6
      vertex 95.30833333333334 72 6
      vertex 82.89999999999999 78 6
    endloop
  endfacet
  facet normal 0 0 1
    outer loop
      vertex 122.725 78 6
      vertex 124.02499999999999 78 6
      vertex 12 86 6
    endloop
  endfacet
  facet normal 0 0 1
    outer loop
      vertex 82.89999999999999 78 6
      vertex 95.30833333333334 72 6
      vertex 95.30833333333334 78 6
    endloop
  endfacet
  facet normal 0 0 1
    outer loop
      vertex 124.02499999999999 78 6
      vertex 136.43333333333334 78 6
      vertex 12 86 6
    endloop
  endfacet
  facet normal 0 0 1
    outer loop
      vertex 95.15833333333335 70 6
      vertex 96.60833333333333 72 6
      vertex 95.30833333333334 72 6
    endloop
  endfacet
  facet normal 0 0 1
    outer loop
      vertex 95.15833333333335 62 6
      vertex 110.46666666666667 62 6
      vertex 95.15833333333335 70 6
    endloop
  endfacet
  facet normal 0 0 1
    outer loop
      vertex 95.15833333333335 70 6
      vertex 109.01666666666667 72 6
      vertex 96.60833333333333 72 6
    endloop
  endfacet
  facet normal 0 0 1
    outer loop
      vertex 136.43333333333334 78 6
      vertex 137.73333333333335 78 6
      vertex 12 86 6
    endloop
  endfacet
  facet normal 0 0 1
    outer loop
      vertex 96.60833333333333 72 6
      vertex 109.01666666666667 72 6
      vertex 96.60833333333333 78 6
    endloop
  endfacet
  facet normal 0 0 1
    outer loop
      vertex 137.73333333333335 78 6
      vertex 152.5 86 6
      vertex 12 86 6
    endloop
  endfacet
  facet normal 0 0 1
    outer loop
      vertex 95.15833333333335 70 6
      vertex 110.46666666666667 62 6
      vertex 110.46666666666667 70 6
    endloop
  endfacet
  facet normal 0 0 1
    outer loop
      vertex 95.15833333333335 70 6
      vertex 110.46666666666667 70 6
      vertex 110.31666666666666 72 6
    endloop
  endfacet
  facet normal 0 0 1
    outer loop
      vertex 95.15833333333335 70 6
      vertex 110.31666666666666 72 6
      vertex 109.01666666666667 72 6
    endloop
  endfacet
  facet normal 0 0 1
    outer loop
      vertex 96.60833333333333 78 6
      vertex 109.01666666666667 72 6
      vertex 109.01666666666667 78 6
    endloop
  endfacet
  facet normal 0 0 1
    outer loop
      vertex 110.46666666666667 70 6
      vertex 110.31666666666666 78 6
      vertex 110.31666666666666 72 6
    endloop
  endfacet
  facet normal 0 0 1
    outer loop
      vertex 110.46666666666667 70 6
      vertex 122.575 70 6
      vertex 122.725 72 6
    endloop
  endfacet
  facet normal 0 0 1
    outer loop
      vertex 122.575 70 6
      vertex 124.02499999999999 72 6
      vertex 122.725 72 6
    endloop
  endfacet
  facet normal 0 0 1
    outer loop
      vertex 110.46666666666667 70 6
      vertex 122.725 72 6
      vertex 110.31666666666666 78 6
    endloop
  endfacet
  facet normal 0 0 1
    outer loop
      vertex 110.31666666666666 78 6
      vertex 122.725 72 6
      vertex 122.725 78 6
    endloop
  endfacet
  facet normal 0 0 1
    outer loop
      vertex 94.64999999999999 30 6
      vertex 164.5 26 6
      vertex 116.85 30 6
    endloop
  endfacet
  facet normal 0 0 1
    outer loop
      vertex 116.85 30 6
      vertex 164.5 26 6
      vertex 118.14999999999999 30 6
    endloop
  endfacet
  facet normal 0 0 1
    outer loop
      vertex 118.14999999999999 30 6
      vertex 164.5 26 6
      vertex 140.35 30 6
    endloop
  endfacet
  facet normal 0 0 1
    outer loop
      vertex 118.14999999999999 30 6
      vertex 140.35 30 6
      vertex 118.14999999999999 42 6
    endloop
  endfacet
  facet normal 0 0 1
    outer loop
      vertex 118.14999999999999 42 6
      vertex 140.35 30 6
      vertex 122.575 62 6
    endloop
  endfacet
  facet normal 0 0 1
    outer loop
      vertex 122.575 62 6
      vertex 140.35 42 6
      vertex 137.88333333333333 62 6
    endloop
  endfacet
  facet normal 0 0 1
    outer loop
      vertex 122.575 62 6
      vertex 140.35 30 6
      vertex 140.35 42 6
    endloop
  endfacet
  facet normal 0 0 1
    outer loop
      vertex 140.35 42 6
      vertex 141.65 42 6
      vertex 137.88333333333333 62 6
    endloop
  endfacet
  facet normal 0 0 1
    outer loop
      vertex 141.65 42 6
      vertex 149.99166666666667 62 6
      vertex 137.88333333333333 62 6
    endloop
  endfacet
  facet normal 0 0 1
    outer loop
      vertex 140.35 30 6
      vertex 164.5 26 6
      vertex 141.65 30 6
    endloop
  endfacet
  facet normal 0 0 -1
    outer loop
      vertex 164.5 0 0
      vertex 156.5 2.8 0
      vertex 156.8441558230885 2.8270856506906967 0
    endloop
  endfacet
  facet normal 0 0 -1
    outer loop
      vertex 164.5 30 0
      vertex 154.7201626123751 6.293127555043441 0
      vertex 154.5397856467856 5.998779099427003 0
    endloop
  endfacet
  facet normal 0 0 -1
    outer loop
      vertex 164.5 30 0
      vertex 154.9443650813896 6.555634918610405 0
      vertex 154.7201626123751 6.293127555043441 0
    endloop
  endfacet
  facet normal 0 0 -1
    outer loop
      vertex 164.5 0 0
      vertex 156.8441558230885 2.8270856506906967 0
      vertex 157.17983738762487 2.9076756641506623 0
    endloop
  endfacet
  facet normal 0 0 -1
    outer loop
      vertex 164.5 0 0
      vertex 157.17983738762487 2.9076756641506623 0
      vertex 157.498779099427 3.0397856467855906 0
    endloop
  endfacet
  facet normal 0 0 -1
    outer loop
      vertex 164.5 0 0
      vertex 157.498779099427 3.0397856467855906 0
      vertex 157.79312755504344 3.2201626123751153 0
    endloop
  endfacet
  facet normal 0 0 -1
    outer loop
      vertex 164.5 0 0
      vertex 157.79312755504344 3.2201626123751153 0
      vertex 158.0556349186104 3.444365081389595 0
    endloop
  endfacet
  facet normal 0 0 -1
    outer loop
      vertex 164.5 0 0
      vertex 158.0556349186104 3.444365081389595 0
      vertex 158.2798373876249 3.7068724449565593 0
    endloop
  endfacet
  facet normal 0 0 -1
    outer loop
      vertex 164.5 0 0
      vertex 158.2798373876249 3.7068724449565593 0
      vertex 158.4602143532144 4.001220900572997 0
    endloop
  endfacet
  facet normal 0 0 -1
    outer loop
      vertex 164.5 0 0
      vertex 158.4602143532144 4.001220900572997 0
      vertex 158.59232433584933 4.320162612375116 0
    endloop
  endfacet
  facet normal 0 0 -1
    outer loop
      vertex 164.5 0 0
      vertex 158.59232433584933 4.320162612375116 0
      vertex 158.6729143493093 4.655844176911492 0
    endloop
  endfacet
  facet normal 0 0 -1
    outer loop
      vertex 164.5 0 0
      vertex 158.6729143493093 4.655844176911492 0
      vertex 158.7 5 0
    endloop
  endfacet
  facet normal 0 0 -1
    outer loop
      vertex 164.5 0 0
      vertex 158.7 5 0
      vertex 158.6729143493093 5.344155823088508 0
    endloop
  endfacet
  facet normal 0 0 -1
    outer loop
      vertex 164.5 0 0
      vertex 158.6729143493093 5.344155823088508 0
      vertex 158.59232433584933 5.679837387624884 0
    endloop
  endfacet
  facet normal 0 0 -1
    outer loop
      vertex 164.5 0 0
      vertex 158.59232433584933 5.679837387624884 0
      vertex 158.4602143532144 5.998779099427003 0
    endloop
  endfacet
  facet normal 0 0 -1
    outer loop
      vertex 164.5 0 0
      vertex 158.4602143532144 5.998779099427003 0
      vertex 158.2798373876249 6.293127555043441 0
    endloop
  endfacet
  facet normal 0 -1 0
    outer loop
      vertex 164.5 0 0
      vertex 164.5 0 6
      vertex 161.00715370109216 0 2.5
    endloop
  endfacet
  facet normal 0 0 -1
    outer loop
      vertex 164.5 30 0
      vertex 158.2798373876249 6.293127555043441 0
      vertex 158.0556349186104 6.555634918610405 0
    endloop
  endfacet
  facet normal 0 0 -1
    outer loop
      vertex 164.5 0 0
      vertex 158.2798373876249 6.293127555043441 0
      vertex 164.5 30 0
    endloop
  endfacet
  facet normal 1 0 0
    outer loop
      vertex 164.5 0 0
      vertex 164.5 30 0
      vertex 164.5 0 6
    endloop
  endfacet
  facet normal 0 -1 0
    outer loop
      vertex 164.5 0 6
      vertex 161.00715370109216 0 6
      vertex 161.00715370109216 0 2.5
    endloop
  endfacet
  facet normal 0 0 1
    outer loop
      vertex 164.5 0 6
      vertex 161.2729707730092 0.22702922699080386 6
      vertex 161.00715370109216 0 6
    endloop
  endfacet
  facet normal 0 0 1
    outer loop
      vertex 164.5 0 6
      vertex 161.96086471203088 1.0324495470258062 6
      vertex 161.2729707730092 0.22702922699080386 6
    endloop
  endfacet
  facet normal 0 0 1
    outer loop
      vertex 164.5 0 6
      vertex 162.5142940382715 1.935564126758059 6
      vertex 161.96086471203088 1.0324495470258062 6
    endloop
  endfacet
  facet normal 0 0 1
    outer loop
      vertex 164.5 0 6
      vertex 162.9196314849923 2.914135287969105 6
      vertex 162.5142940382715 1.935564126758059 6
    endloop
  endfacet
  facet normal 0 0 1
    outer loop
      vertex 164.5 0 6
      vertex 163.16689629901717 3.9440673609784414 6
      vertex 162.9196314849923 2.914135287969105 6
    endloop
  endfacet
  facet normal 0 0 1
    outer loop
      vertex 164.5 0 6
      vertex 164.5 16 6
      vertex 163.16689629901717 3.9440673609784414 6
    endloop
  endfacet
  facet normal 0 0 1
    outer loop
      vertex 164.5 16 6
      vertex 156.5 11.75 6
      vertex 157.55593263902156 11.66689629901718 6
    endloop
  endfacet
  facet normal 0 0 1
    outer loop
      vertex 164.5 16 6
      vertex 157.55593263902156 11.66689629901718 6
      vertex 158.58586471203088 11.419631484992287 6
    endloop
  endfacet
  facet normal 0 0 1
    outer loop
      vertex 164.5 16 6
      vertex 159.56443587324193 11.014294038271483 6
      vertex 160.4675504529742 10.460864712030896 6
    endloop
  endfacet
  facet normal 0 0 1
    outer loop
      vertex 164.5 16 6
      vertex 158.58586471203088 11.419631484992287 6
      vertex 159.56443587324193 11.014294038271483 6
    endloop
  endfacet
  facet normal 0 0 1
    outer loop
      vertex 164.5 16 6
      vertex 163.25 5 6
      vertex 163.16689629901717 3.9440673609784414 6
    endloop
  endfacet
  facet normal 0 0 1
    outer loop
      vertex 164.5 16 6
      vertex 162.9196314849923 7.0858647120308955 6
      vertex 163.16689629901717 6.055932639021559 6
    endloop
  endfacet
  facet normal 0 0 1
    outer loop
      vertex 164.5 16 6
      vertex 163.16689629901717 6.055932639021559 6
      vertex 163.25 5 6
    endloop
  endfacet
  facet normal 0 0 1
    outer loop
      vertex 164.5 16 6
      vertex 162.5142940382715 8.06443587324194 6
      vertex 162.9196314849923 7.0858647120308955 6
    endloop
  endfacet
  facet normal 0 0 1
    outer loop
      vertex 164.5 16 6
      vertex 160.4675504529742 10.460864712030896 6
      vertex 161.2729707730092 9.772970773009195 6
    endloop
  endfacet
  facet normal 0 0 1
    outer loop
      vertex 164.5 16 6
      vertex 161.2729707730092 9.772970773009195 6
      vertex 161.96086471203088 8.967550452974194 6
    endloop
  endfacet
  facet normal 0 0 1
    outer loop
      vertex 164.5 16 6
      vertex 161.96086471203088 8.967550452974194 6
      vertex 162.5142940382715 8.06443587324194 6
    endloop
  endfacet
  facet normal 0 0 -1
    outer loop
      vertex 164.5 30 0
      vertex 155.20687244495656 6.779837387624885 0
      vertex 154.9443650813896 6.555634918610405 0
    endloop
  endfacet
  facet normal 0 0 -1
    outer loop
      vertex 164.5 30 0
      vertex 155.501220900573 6.960214353214409 0
      vertex 155.20687244495656 6.779837387624885 0
    endloop
  endfacet
  facet normal 0 0 -1
    outer loop
      vertex 164.5 30 0
      vertex 155.82016261237513 7.092324335849337 0
      vertex 155.501220900573 6.960214353214409 0
    endloop
  endfacet
  facet normal 0 0 -1
    outer loop
      vertex 164.5 30 0
      vertex 156.1558441769115 7.172914349309304 0
      vertex 155.82016261237513 7.092324335849337 0
    endloop
  endfacet
  facet normal 0 0 -1
    outer loop
      vertex 164.5 30 0
      vertex 156.5 7.2 0
      vertex 156.1558441769115 7.172914349309304 0
    endloop
  endfacet
  facet normal 0 0 -1
    outer loop
      vertex 164.5 30 0
      vertex 156.8441558230885 7.172914349309304 0
      vertex 156.5 7.2 0
    endloop
  endfacet
  facet normal 0 0 -1
    outer loop
      vertex 164.5 30 0
      vertex 157.17983738762487 7.092324335849337 0
      vertex 156.8441558230885 7.172914349309304 0
    endloop
  endfacet
  facet normal 0 0 -1
    outer loop
      vertex 164.5 30 0
      vertex 157.498779099427 6.960214353214409 0
      vertex 157.17983738762487 7.092324335849337 0
    endloop
  endfacet
  facet normal 0 0 -1
    outer loop
      vertex 164.5 30 0
      vertex 157.79312755504344 6.779837387624885 0
      vertex 157.498779099427 6.960214353214409 0
    endloop
  endfacet
  facet normal 0 0 -1
    outer loop
      vertex 164.5 30 0
      vertex 158.0556349186104 6.555634918610405 0
      vertex 157.79312755504344 6.779837387624885 0
    endloop
  endfacet
  facet normal 1 0 0
    outer loop
      vertex 164.5 0 6
      vertex 164.5 30 0
      vertex 164.5 16 6
    endloop
  endfacet
  facet normal 1 0 0
    outer loop
      vertex 164.5 16 6
      vertex 164.5 30 0
      vertex 164.5 26 6
    endloop
  endfacet
  facet normal 1 0 0
    outer loop
      vertex 164.5 26 6
      vertex 164.5 30 0
      vertex 164.5 30 6
    endloop
  endfacet
  facet normal 0 0 1
    outer loop
      vertex 164.5 26 6
      vertex 164.5 30 6
      vertex 163.85 30 6
    endloop
  endfacet
  facet normal 0 0 1
    outer loop
      vertex 141.65 30 6
      vertex 164.5 26 6
      vertex 141.65 42 6
    endloop
  endfacet
  facet normal 0 0 1
    outer loop
      vertex 141.65 42 6
      vertex 163.85 42 6
      vertex 149.99166666666667 62 6
    endloop
  endfacet
  facet normal 0 0 1
    outer loop
      vertex 141.65 42 6
      vertex 164.5 26 6
      vertex 163.85 30 6
    endloop
  endfacet
  facet normal 0 0 1
    outer loop
      vertex 141.65 42 6
      vertex 163.85 30 6
      vertex 163.85 42 6
    endloop
  endfacet
  facet normal 0 0 1
    outer loop
      vertex 163.85 42 6
      vertex 164.5 42 6
      vertex 162.62132034355963 81.87867965644035 6
    endloop
  endfacet
  facet normal 0 0 1
    outer loop
      vertex 122.575 62 6
      vertex 137.88333333333333 62 6
      vertex 122.575 70 6
    endloop
  endfacet
  facet normal 0 0 1
    outer loop
      vertex 122.575 70 6
      vertex 137.88333333333333 62 6
      vertex 124.02499999999999 72 6
    endloop
  endfacet
  facet normal 0 0 1
    outer loop
      vertex 124.02499999999999 72 6
      vertex 137.88333333333333 62 6
      vertex 137.88333333333333 70 6
    endloop
  endfacet
  facet normal 0 0 1
    outer loop
      vertex 124.02499999999999 72 6
      vertex 137.88333333333333 70 6
      vertex 136.43333333333334 72 6
    endloop
  endfacet
  facet normal 0 0 1
    outer loop
      vertex 124.02499999999999 72 6
      vertex 136.43333333333334 72 6
      vertex 124.02499999999999 78 6
    endloop
  endfacet
  facet normal 0 0 1
    outer loop
      vertex 124.02499999999999 78 6
      vertex 136.43333333333334 72 6
      vertex 136.43333333333334 78 6
    endloop
  endfacet
  facet normal 0 0 1
    outer loop
      vertex 137.88333333333333 70 6
      vertex 137.73333333333335 72 6
      vertex 136.43333333333334 72 6
    endloop
  endfacet
  facet normal 0 0 1
    outer loop
      vertex 137.88333333333333 70 6
      vertex 137.73333333333335 78 6
      vertex 137.73333333333335 72 6
    endloop
  endfacet
  facet normal 0 0 1
    outer loop
      vertex 137.88333333333333 70 6
      vertex 150.14166666666668 72 6
      vertex 137.73333333333335 78 6
    endloop
  endfacet
  facet normal 0 0 1
    outer loop
      vertex 137.88333333333333 70 6
      vertex 149.99166666666667 70 6
      vertex 150.14166666666668 72 6
    endloop
  endfacet
  facet normal 0 0 1
    outer loop
      vertex 149.99166666666667 70 6
      vertex 151.4416666666667 72 6
      vertex 150.14166666666668 72 6
    endloop
  endfacet
  facet normal 0 0 1
    outer loop
      vertex 137.73333333333335 78 6
      vertex 150.14166666666668 72 6
      vertex 150.14166666666668 78 6
    endloop
  endfacet
  facet normal 0 0 1
    outer loop
      vertex 137.73333333333335 78 6
      vertex 150.14166666666668 78 6
      vertex 157.5369349782146 84.46930339512069 6
    endloop
  endfacet
  facet normal 0 0 1
    outer loop
      vertex 137.73333333333335 78 6
      vertex 157.5369349782146 84.46930339512069 6
      vertex 157.64683045111454 84.92705098312484 6
    endloop
  endfacet
  facet normal 0 0 1
    outer loop
      vertex 137.73333333333335 78 6
      vertex 157.8269804274349 85.36197149921864 6
      vertex 152.5 86 6
    endloop
  endfacet
  facet normal 0 0 1
    outer loop
      vertex 137.73333333333335 78 6
      vertex 157.64683045111454 84.92705098312484 6
      vertex 157.8269804274349 85.36197149921864 6
    endloop
  endfacet
  facet normal 0 0 1
    outer loop
      vertex 150.14166666666668 78 6
      vertex 151.4416666666667 78 6
      vertex 157.5 84 6
    endloop
  endfacet
  facet normal 0 0 1
    outer loop
      vertex 163.85 42 6
      vertex 149.99166666666667 70 6
      vertex 149.99166666666667 62 6
    endloop
  endfacet
  facet normal 0 0 1
    outer loop
      vertex 163.85 42 6
      vertex 162.62132034355963 81.87867965644035 6
      vertex 149.99166666666667 70 6
    endloop
  endfacet
  facet normal 0 0 1
    outer loop
      vertex 164.5 42 6
      vertex 162.92705098312484 82.23664424312258 6
      vertex 162.62132034355963 81.87867965644035 6
    endloop
  endfacet
  facet normal 0 0 1
    outer loop
      vertex 164.5 42 6
      vertex 163.1730195725651 82.63802850078136 6
      vertex 162.92705098312484 82.23664424312258 6
    endloop
  endfacet
  facet normal 0 0 1
    outer loop
      vertex 164.5 42 6
      vertex 163.35316954888546 83.07294901687516 6
      vertex 163.1730195725651 82.63802850078136 6
    endloop
  endfacet
  facet normal 0 0 1
    outer loop
      vertex 164.5 42 6
      vertex 163.4630650217854 83.53069660487931 6
      vertex 163.35316954888546 83.07294901687516 6
    endloop
  endfacet
  facet normal 0 0 1
    outer loop
      vertex 164.5 42 6
      vertex 163.5 84 6
      vertex 163.4630650217854 83.53069660487931 6
    endloop
  endfacet
  facet normal 1 0 0
    outer loop
      vertex 164.5 42 0
      vertex 164.5 142 0
      vertex 164.5 42 6
    endloop
  endfacet
  facet normal 0 0 1
    outer loop
      vertex 149.99166666666667 70 6
      vertex 162.62132034355963 81.87867965644035 6
      vertex 151.4416666666667 72 6
    endloop
  endfacet
  facet normal 0 0 1
    outer loop
      vertex 151.4416666666667 72 6
      vertex 160.9693033951207 81.03693497821459 6
      vertex 151.4416666666667 78 6
    endloop
  endfacet
  facet normal 0 0 1
    outer loop
      vertex 151.4416666666667 72 6
      vertex 161.42705098312484 81.14683045111454 6
      vertex 160.9693033951207 81.03693497821459 6
    endloop
  endfacet
  facet normal 0 0 1
    outer loop
      vertex 151.4416666666667 72 6
      vertex 161.86197149921864 81.32698042743489 6
      vertex 161.42705098312484 81.14683045111454 6
    endloop
  endfacet
  facet normal 0 0 1
    outer loop
      vertex 151.4416666666667 72 6
      vertex 162.26335575687742 81.57294901687516 6
      vertex 161.86197149921864 81.32698042743489 6
    endloop
  endfacet
  facet normal 0 0 1
    outer loop
      vertex 151.4416666666667 72 6
      vertex 162.62132034355963 81.87867965644035 6
      vertex 162.26335575687742 81.57294901687516 6
    endloop
  endfacet
  facet normal 0 0 1
    outer loop
      vertex 150.14166666666668 78 6
      vertex 157.5 84 6
      vertex 157.5369349782146 84.46930339512069 6
    endloop
  endfacet
  facet normal 0 0 1
    outer loop
      vertex 151.4416666666667 78 6
      vertex 157.5369349782146 83.53069660487931 6
      vertex 157.5 84 6
    endloop
  endfacet
  facet normal 0 0 1
    outer loop
      vertex 151.4416666666667 78 6
      vertex 158.37867965644037 81.87867965644035 6
      vertex 158.07294901687516 82.23664424312258 6
    endloop
  endfacet
  facet normal 0 0 1
    outer loop
      vertex 151.4416666666667 78 6
      vertex 159.13802850078136 81.32698042743489 6
      vertex 158.73664424312258 81.57294901687516 6
    endloop
  endfacet
  facet normal 0 0 1
    outer loop
      vertex 151.4416666666667 78 6
      vertex 158.73664424312258 81.57294901687516 6
      vertex 158.37867965644037 81.87867965644035 6
    endloop
  endfacet
  facet normal 0 0 1
    outer loop
      vertex 151.4416666666667 78 6
      vertex 159.57294901687516 81.14683045111454 6
      vertex 159.13802850078136 81.32698042743489 6
    endloop
  endfacet
  facet normal 0 0 1
    outer loop
      vertex 151.4416666666667 78 6
      vertex 157.8269804274349 82.63802850078136 6
      vertex 157.64683045111454 83.07294901687516 6
    endloop
  endfacet
  facet normal 0 0 1
    outer loop
      vertex 151.4416666666667 78 6
      vertex 158.07294901687516 82.23664424312258 6
      vertex 157.8269804274349 82.63802850078136 6
    endloop
  endfacet
  facet normal 0 0 1
    outer loop
      vertex 151.4416666666667 78 6
      vertex 157.64683045111454 83.07294901687516 6
      vertex 157.5369349782146 83.53069660487931 6
    endloop
  endfacet
  facet normal 0 0 1
    outer loop
      vertex 157.8269804274349 85.36197149921864 6
      vertex 158.07294901687516 85.76335575687742 6
      vertex 152.5 86 6
    endloop
  endfacet
  facet normal 0 0 1
    outer loop
      vertex 151.4416666666667 78 6
      vertex 160.0306966048793 81.03693497821459 6
      vertex 159.57294901687516 81.14683045111454 6
    endloop
  endfacet
  facet normal 0 0 1
    outer loop
      vertex 151.4416666666667 78 6
      vertex 160.5 81 6
      vertex 160.0306966048793 81.03693497821459 6
    endloop
  endfacet
  facet normal 0 0 1
    outer loop
      vertex 151.4416666666667 78 6
      vertex 160.9693033951207 81.03693497821459 6
      vertex 160.5 81 6
    endloop
  endfacet
  facet normal 0 0 -1
    outer loop
      vertex 164.5 42 0
      vertex 152.5 86 0
      vertex 164.5 142 0
    endloop
  endfacet
  facet normal 0 0 1
    outer loop
      vertex 164.5 42 6
      vertex 164.5 142 6
      vertex 163.5 84 6
    endloop
  endfacet
  facet normal 0 0 1
    outer loop
      vertex 158.07294901687516 85.76335575687742 6
      vertex 158.07294901687516 134.23664424312258 6
      vertex 152.5 86 6
    endloop
  endfacet
  facet normal 0 0 1
    outer loop
      vertex 158.07294901687516 85.76335575687742 6
      vertex 158.37867965644037 86.12132034355965 6
      vertex 158.07294901687516 134.23664424312258 6
    endloop
  endfacet
  facet normal 0 0 1
    outer loop
      vertex 158.37867965644037 86.12132034355965 6
      vertex 158.73664424312258 86.42705098312484 6
      vertex 158.73664424312258 133.57294901687516 6
    endloop
  endfacet
  facet normal 0 0 1
    outer loop
      vertex 158.73664424312258 86.42705098312484 6
      vertex 159.13802850078136 86.67301957256511 6
      vertex 158.73664424312258 133.57294901687516 6
    endloop
  endfacet
  facet normal 0 0 1
    outer loop
      vertex 159.13802850078136 86.67301957256511 6
      vertex 159.57294901687516 86.85316954888546 6
      vertex 159.57294901687516 133.14683045111454 6
    endloop
  endfacet
  facet normal 0 0 1
    outer loop
      vertex 159.57294901687516 86.85316954888546 6
      vertex 160.0306966048793 86.96306502178541 6
      vertex 160.0306966048793 133.0369349782146 6
    endloop
  endfacet
  facet normal 0 0 1
    outer loop
      vertex 160.0306966048793 86.96306502178541 6
      vertex 160.5 87 6
      vertex 160.5 133 6
    endloop
  endfacet
  facet normal 0 0 1
    outer loop
      vertex 160.5 87 6
      vertex 160.9693033951207 86.96306502178541 6
      vertex 160.9693033951207 133.0369349782146 6
    endloop
  endfacet
  facet normal 0 0 1
    outer loop
      vertex 160.9693033951207 86.96306502178541 6
      vertex 161.42705098312484 86.85316954888546 6
      vertex 161.42705098312484 133.14683045111454 6
    endloop
  endfacet
  facet normal 0 0 1
    outer loop
      vertex 161.42705098312484 86.85316954888546 6
      vertex 161.86197149921864 86.67301957256511 6
      vertex 161.42705098312484 133.14683045111454 6
    endloop
  endfacet
  facet normal 0 0 1
    outer loop
      vertex 161.86197149921864 86.67301957256511 6
      vertex 162.26335575687742 86.42705098312484 6
      vertex 161.86197149921864 133.3269804274349 6
    endloop
  endfacet
  facet normal 0 0 1
    outer loop
      vertex 162.62132034355963 86.12132034355965 6
      vertex 162.26335575687742 133.57294901687516 6
      vertex 162.26335575687742 86.42705098312484 6
    endloop
  endfacet
  facet normal 0 0 1
    outer loop
      vertex 162.62132034355963 86.12132034355965 6
      vertex 162.92705098312484 85.76335575687742 6
      vertex 162.92705098312484 134.23664424312258 6
    endloop
  endfacet
  facet normal 0 0 1
    outer loop
      vertex 162.92705098312484 85.76335575687742 6
      vertex 163.1730195725651 85.36197149921864 6
      vertex 163.1730195725651 134.63802850078136 6
    endloop
  endfacet
  facet normal 0 0 1
    outer loop
      vertex 163.5 84 6
      vertex 163.5 136 6
      vertex 163.4630650217854 84.46930339512069 6
    endloop
  endfacet
  facet normal 0 0 1
    outer loop
      vertex 163.1730195725651 85.36197149921864 6
      vertex 163.35316954888546 84.92705098312484 6
      vertex 163.35316954888546 135.07294901687516 6
    endloop
  endfacet
  facet normal 0 0 1
    outer loop
      vertex 163.4630650217854 84.46930339512069 6
      vertex 163.4630650217854 135.5306966048793 6
      vertex 163.35316954888546 84.92705098312484 6
    endloop
  endfacet
  facet normal 1 0 0
    outer loop
      vertex 164.5 42 6
      vertex 164.5 142 0
      vertex 164.5 142 6
    endloop
  endfacet
  facet normal 0 0 1
    outer loop
      vertex 82.89999999999999 142 6
      vertex 95.30833333333334 142 6
      vertex 82.89999999999999 154 6
    endloop
  endfacet
  facet normal 0 0 1
    outer loop
      vertex 41.775 154 6
      vertex 54.18333333333334 154 6
      vertex 164.5 155 6
    endloop
  endfacet
  facet normal 0 0 1
    outer loop
      vertex 95.30833333333334 142 6
      vertex 95.30833333333334 154 6
      vertex 82.89999999999999 154 6
    endloop
  endfacet
  facet normal 0 0 1
    outer loop
      vertex 54.18333333333334 154 6
      vertex 55.483333333333334 154 6
      vertex 164.5 155 6
    endloop
  endfacet
  facet normal 0 0 1
    outer loop
      vertex 55.483333333333334 154 6
      vertex 67.89166666666667 154 6
      vertex 164.5 155 6
    endloop
  endfacet
  facet normal 0 0 1
    outer loop
      vertex 96.60833333333333 142 6
      vertex 109.01666666666667 142 6
      vertex 96.60833333333333 154 6
    endloop
  endfacet
  facet normal 0 0 1
    outer loop
      vertex 67.89166666666667 154 6
      vertex 69.19166666666666 154 6
      vertex 164.5 155 6
    endloop
  endfacet
  facet normal 0 0 1
    outer loop
      vertex 81.6 142 6
      vertex 76.04583333333333 134 6
      vertex 152.5 134 6
    endloop
  endfacet
  facet normal 0 0 1
    outer loop
      vertex 81.6 142 6
      vertex 152.5 134 6
      vertex 82.89999999999999 142 6
    endloop
  endfacet
  facet normal 0 0 1
    outer loop
      vertex 82.89999999999999 142 6
      vertex 152.5 134 6
      vertex 95.30833333333334 142 6
    endloop
  endfacet
  facet normal 0 0 1
    outer loop
      vertex 95.30833333333334 142 6
      vertex 152.5 134 6
      vertex 96.60833333333333 142 6
    endloop
  endfacet
  facet normal 0 0 1
    outer loop
      vertex 96.60833333333333 142 6
      vertex 152.5 134 6
      vertex 109.01666666666667 142 6
    endloop
  endfacet
  facet normal 0 0 1
    outer loop
      vertex 96.60833333333333 154 6
      vertex 109.01666666666667 142 6
      vertex 109.01666666666667 154 6
    endloop
  endfacet
  facet normal 0 0 1
    outer loop
      vertex 69.19166666666666 154 6
      vertex 81.6 154 6
      vertex 164.5 155 6
    endloop
  endfacet
  facet normal 0 0 1
    outer loop
      vertex 81.6 154 6
      vertex 82.89999999999999 154 6
      vertex 164.5 155 6
    endloop
  endfacet
  facet normal 0 0 -1
    outer loop
      vertex 152.5 134 0
      vertex 12 134 0
      vertex 154.3270856506907 223.6558441769115 0
    endloop
  endfacet
  facet normal 0 0 1
    outer loop
      vertex 110.31666666666666 142 6
      vertex 122.725 142 6
      vertex 110.31666666666666 154 6
    endloop
  endfacet
  facet normal 0 0 1
    outer loop
      vertex 82.89999999999999 154 6
      vertex 95.30833333333334 154 6
      vertex 164.5 155 6
    endloop
  endfacet
  facet normal 0 0 1
    outer loop
      vertex 122.725 142 6
      vertex 122.725 154 6
      vertex 110.31666666666666 154 6
    endloop
  endfacet
  facet normal 0 0 1
    outer loop
      vertex 95.30833333333334 154 6
      vertex 96.60833333333333 154 6
      vertex 164.5 155 6
    endloop
  endfacet
  facet normal 0 0 1
    outer loop
      vertex 0 208 6
      vertex 152.5324495470258 218.53913528796912 6
      vertex 151.7270292269908 219.2270292269908 6
    endloop
  endfacet
  facet normal 0 0 1
    outer loop
      vertex 0 208 6
      vertex 153.43556412675807 217.9857059617285 6
      vertex 152.5324495470258 218.53913528796912 6
    endloop
  endfacet
  facet normal 0 0 1
    outer loop
      vertex 0 208 6
      vertex 154.41413528796912 217.5803685150077 6
      vertex 153.43556412675807 217.9857059617285 6
    endloop
  endfacet
  facet normal 0 0 1
    outer loop
      vertex 0 208 6
      vertex 151.7270292269908 219.2270292269908 6
      vertex 151.06684981933589 220 6
    endloop
  endfacet
  facet normal 0 0 1
    outer loop
      vertex 0 174 6
      vertex 164.5 174 6
      vertex 164.5 196 6
    endloop
  endfacet
  facet normal 0 0 -1
    outer loop
      vertex 0 142 0
      vertex 154.3 224 0
      vertex 154.3270856506907 223.6558441769115 0
    endloop
  endfacet
  facet normal 0 0 -1
    outer loop
      vertex 0 142 0
      vertex 154.3270856506907 224.3441558230885 0
      vertex 154.3 224 0
    endloop
  endfacet
  facet normal 0 0 -1
    outer loop
      vertex 0 154 0
      vertex 154.40767566415067 224.67983738762487 0
      vertex 154.3270856506907 224.3441558230885 0
    endloop
  endfacet
  facet normal 0 0 -1
    outer loop
      vertex 0 154 0
      vertex 154.5397856467856 224.998779099427 0
      vertex 154.40767566415067 224.67983738762487 0
    endloop
  endfacet
  facet normal 0 0 -1
    outer loop
      vertex 0 154 0
      vertex 154.7201626123751 225.29312755504344 0
      vertex 154.5397856467856 224.998779099427 0
    endloop
  endfacet
  facet normal 0 0 -1
    outer loop
      vertex 0 154 0
      vertex 154.9443650813896 225.5556349186104 0
      vertex 154.7201626123751 225.29312755504344 0
    endloop
  endfacet
  facet normal 0 0 1
    outer loop
      vertex 0 208 6
      vertex 155.44406736097844 217.33310370098283 6
      vertex 154.41413528796912 217.5803685150077 6
    endloop
  endfacet
  facet normal 0 0 1
    outer loop
      vertex 0 208 6
      vertex 156.5 217.25 6
      vertex 155.44406736097844 217.33310370098283 6
    endloop
  endfacet
  facet normal 0 0 1
    outer loop
      vertex 0 208 6
      vertex 164.5 208 6
      vertex 156.5 217.25 6
    endloop
  endfacet
  facet normal 0 0 -1
    outer loop
      vertex 0 230 0
      vertex 155.20687244495656 225.7798373876249 0
      vertex 154.9443650813896 225.5556349186104 0
    endloop
  endfacet
  facet normal 0 0 -1
    outer loop
      vertex 0 230 0
      vertex 155.501220900573 225.9602143532144 0
      vertex 155.20687244495656 225.7798373876249 0
    endloop
  endfacet
  facet normal 0 0 -1
    outer loop
      vertex 0 230 0
      vertex 155.82016261237513 226.09232433584933 0
      vertex 155.501220900573 225.9602143532144 0
    endloop
  endfacet
  facet normal 0 0 -1
    outer loop
      vertex 0 230 0
      vertex 156.1558441769115 226.1729143493093 0
      vertex 155.82016261237513 226.09232433584933 0
    endloop
  endfacet
  facet normal 0 0 -1
    outer loop
      vertex 0 230 0
      vertex 164.5 230 0
      vertex 156.1558441769115 226.1729143493093 0
    endloop
  endfacet
  facet normal 0 1 0
    outer loop
      vertex 164.5 230 0
      vertex 11.087761623711149 230 6
      vertex 153.41223837628885 230 2.5
    endloop
  endfacet
  facet normal 0 1 0
    outer loop
      vertex 11.087761623711149 230 6
      vertex 153.41223837628885 230 6
      vertex 153.41223837628885 230 2.5
    endloop
  endfacet
  facet normal 0 0 1
    outer loop
      vertex 109.01666666666667 142 6
      vertex 152.5 134 6
      vertex 110.31666666666666 142 6
    endloop
  endfacet
  facet normal 0 0 1
    outer loop
      vertex 110.31666666666666 142 6
      vertex 152.5 134 6
      vertex 122.725 142 6
    endloop
  endfacet
  facet normal 0 0 1
    outer loop
      vertex 122.725 142 6
      vertex 152.5 134 6
      vertex 124.02499999999999 142 6
    endloop
  endfacet
  facet normal 0 0 1
    outer loop
      vertex 124.02499999999999 142 6
      vertex 152.5 134 6
      vertex 136.43333333333334 142 6
    endloop
  endfacet
  facet normal 0 0 1
    outer loop
      vertex 136.43333333333334 142 6
      vertex 152.5 134 6
      vertex 137.73333333333335 142 6
    endloop
  endfacet
  facet normal 0 0 1
    outer loop
      vertex 124.02499999999999 142 6
      vertex 136.43333333333334 142 6
      vertex 124.02499999999999 154 6
    endloop
  endfacet
  facet normal 0 0 1
    outer loop
      vertex 96.60833333333333 154 6
      vertex 109.01666666666667 154 6
      vertex 164.5 155 6
    endloop
  endfacet
  facet normal 0 0 1
    outer loop
      vertex 109.01666666666667 154 6
      vertex 110.31666666666666 154 6
      vertex 164.5 155 6
    endloop
  endfacet
  facet normal 0 0 1
    outer loop
      vertex 136.43333333333334 142 6
      vertex 136.43333333333334 154 6
      vertex 124.02499999999999 154 6
    endloop
  endfacet
  facet normal 0 0 1
    outer loop
      vertex 110.31666666666666 154 6
      vertex 122.725 154 6
      vertex 164.5 155 6
    endloop
  endfacet
  facet normal 0 0 1
    outer loop
      vertex 122.725 154 6
      vertex 124.02499999999999 154 6
      vertex 164.5 155 6
    endloop
  endfacet
  facet normal 0 0 1
    outer loop
      vertex 137.73333333333335 142 6
      vertex 150.14166666666668 142 6
      vertex 137.73333333333335 154 6
    endloop
  endfacet
  facet normal 0 0 1
    outer loop
      vertex 124.02499999999999 154 6
      vertex 136.43333333333334 154 6
      vertex 164.5 155 6
    endloop
  endfacet
  facet normal 0 0 1
    outer loop
      vertex 137.73333333333335 142 6
      vertex 157.5369349782146 135.5306966048793 6
      vertex 150.14166666666668 142 6
    endloop
  endfacet
  facet normal 0 0 1
    outer loop
      vertex 137.73333333333335 142 6
      vertex 152.5 134 6
      vertex 158.07294901687516 134.23664424312258 6
    endloop
  endfacet
  facet normal 0 0 1
    outer loop
      vertex 137.73333333333335 142 6
      vertex 157.64683045111454 135.07294901687516 6
      vertex 157.5369349782146 135.5306966048793 6
    endloop
  endfacet
  facet normal 0 0 1
    outer loop
      vertex 137.73333333333335 142 6
      vertex 158.07294901687516 134.23664424312258 6
      vertex 157.8269804274349 134.63802850078136 6
    endloop
  endfacet
  facet normal 0 0 1
    outer loop
      vertex 137.73333333333335 142 6
      vertex 157.8269804274349 134.63802850078136 6
      vertex 157.64683045111454 135.07294901687516 6
    endloop
  endfacet
  facet normal 0 0 1
    outer loop
      vertex 150.14166666666668 142 6
      vertex 157.5369349782146 135.5306966048793 6
      vertex 151.4416666666667 142 6
    endloop
  endfacet
  facet normal 0 0 -1
    outer loop
      vertex 164.5 142 0
      vertex 152.5 86 0
      vertex 152.5 134 0
    endloop
  endfacet
  facet normal 0 0 1
    outer loop
      vertex 158.07294901687516 134.23664424312258 6
      vertex 152.5 134 6
      vertex 152.5 86 6
    endloop
  endfacet
  facet normal 0 0 1
    outer loop
      vertex 158.37867965644037 86.12132034355965 6
      vertex 158.37867965644037 133.87867965644037 6
      vertex 158.07294901687516 134.23664424312258 6
    endloop
  endfacet
  facet normal 0 0 1
    outer loop
      vertex 158.37867965644037 86.12132034355965 6
      vertex 158.73664424312258 133.57294901687516 6
      vertex 158.37867965644037 133.87867965644037 6
    endloop
  endfacet
  facet normal 0 0 1
    outer loop
      vertex 159.13802850078136 86.67301957256511 6
      vertex 159.13802850078136 133.3269804274349 6
      vertex 158.73664424312258 133.57294901687516 6
    endloop
  endfacet
  facet normal 0 0 1
    outer loop
      vertex 159.13802850078136 86.67301957256511 6
      vertex 159.57294901687516 133.14683045111454 6
      vertex 159.13802850078136 133.3269804274349 6
    endloop
  endfacet
  facet normal 0 0 1
    outer loop
      vertex 159.57294901687516 86.85316954888546 6
      vertex 160.0306966048793 133.0369349782146 6
      vertex 159.57294901687516 133.14683045111454 6
    endloop
  endfacet
  facet normal 0 0 1
    outer loop
      vertex 160.0306966048793 86.96306502178541 6
      vertex 160.5 133 6
      vertex 160.0306966048793 133.0369349782146 6
    endloop
  endfacet
  facet normal 0 0 1
    outer loop
      vertex 160.5 87 6
      vertex 160.9693033951207 133.0369349782146 6
      vertex 160.5 133 6
    endloop
  endfacet
  facet normal 0 0 1
    outer loop
      vertex 160.9693033951207 86.96306502178541 6
      vertex 161.42705098312484 133.14683045111454 6
      vertex 160.9693033951207 133.0369349782146 6
    endloop
  endfacet
  facet normal 0 0 1
    outer loop
      vertex 161.86197149921864 86.67301957256511 6
      vertex 161.86197149921864 133.3269804274349 6
      vertex 161.42705098312484 133.14683045111454 6
    endloop
  endfacet
  facet normal 0 0 1
    outer loop
      vertex 162.26335575687742 86.42705098312484 6
      vertex 162.26335575687742 133.57294901687516 6
      vertex 161.86197149921864 133.3269804274349 6
    endloop
  endfacet
  facet normal 0 0 1
    outer loop
      vertex 162.62132034355963 86.12132034355965 6
      vertex 162.62132034355963 133.87867965644037 6
      vertex 162.26335575687742 133.57294901687516 6
    endloop
  endfacet
  facet normal 0 0 1
    outer loop
      vertex 162.62132034355963 86.12132034355965 6
      vertex 162.92705098312484 134.23664424312258 6
      vertex 162.62132034355963 133.87867965644037 6
    endloop
  endfacet
  facet normal 0 0 1
    outer loop
      vertex 162.92705098312484 85.76335575687742 6
      vertex 163.1730195725651 134.63802850078136 6
      vertex 162.92705098312484 134.23664424312258 6
    endloop
  endfacet
  facet normal 0 0 1
    outer loop
      vertex 163.1730195725651 85.36197149921864 6
      vertex 163.35316954888546 135.07294901687516 6
      vertex 163.1730195725651 134.63802850078136 6
    endloop
  endfacet
  facet normal 0 0 1
    outer loop
      vertex 163.35316954888546 84.92705098312484 6
      vertex 163.4630650217854 135.5306966048793 6
      vertex 163.35316954888546 135.07294901687516 6
    endloop
  endfacet
  facet normal 0 0 1
    outer loop
      vertex 163.4630650217854 84.46930339512069 6
      vertex 163.5 136 6
      vertex 163.4630650217854 135.5306966048793 6
    endloop
  endfacet
  facet normal 0 0 1
    outer loop
      vertex 163.5 84 6
      vertex 164.5 142 6
      vertex 163.5 136 6
    endloop
  endfacet
  facet normal 0 0 -1
    outer loop
      vertex 164.5 142 0
      vertex 152.5 134 0
      vertex 164.5 154 0
    endloop
  endfacet
  facet normal 0 0 1
    outer loop
      vertex 151.4416666666667 142 6
      vertex 157.5369349782146 135.5306966048793 6
      vertex 157.5 136 6
    endloop
  endfacet
  facet normal 0 0 1
    outer loop
      vertex 151.4416666666667 142 6
      vertex 157.5 136 6
      vertex 157.5369349782146 136.4693033951207 6
    endloop
  endfacet
  facet normal 0 0 1
    outer loop
      vertex 151.4416666666667 142 6
      vertex 157.5369349782146 136.4693033951207 6
      vertex 157.64683045111454 136.92705098312484 6
    endloop
  endfacet
  facet normal 0 0 1
    outer loop
      vertex 151.4416666666667 142 6
      vertex 157.64683045111454 136.92705098312484 6
      vertex 157.8269804274349 137.36197149921864 6
    endloop
  endfacet
  facet normal 0 0 1
    outer loop
      vertex 151.4416666666667 142 6
      vertex 157.8269804274349 137.36197149921864 6
      vertex 158.07294901687516 137.76335575687742 6
    endloop
  endfacet
  facet normal 0 0 1
    outer loop
      vertex 151.4416666666667 142 6
      vertex 158.07294901687516 137.76335575687742 6
      vertex 158.37867965644037 138.12132034355963 6
    endloop
  endfacet
  facet normal 0 0 1
    outer loop
      vertex 151.4416666666667 142 6
      vertex 158.37867965644037 138.12132034355963 6
      vertex 158.73664424312258 138.42705098312484 6
    endloop
  endfacet
  facet normal 0 0 1
    outer loop
      vertex 151.4416666666667 142 6
      vertex 158.73664424312258 138.42705098312484 6
      vertex 159.13802850078136 138.6730195725651 6
    endloop
  endfacet
  facet normal 0 0 1
    outer loop
      vertex 151.4416666666667 142 6
      vertex 159.13802850078136 138.6730195725651 6
      vertex 159.57294901687516 138.85316954888546 6
    endloop
  endfacet
  facet normal 0 0 1
    outer loop
      vertex 151.4416666666667 142 6
      vertex 159.57294901687516 138.85316954888546 6
      vertex 160.0306966048793 138.9630650217854 6
    endloop
  endfacet
  facet normal 0 0 1
    outer loop
      vertex 151.4416666666667 142 6
      vertex 160.0306966048793 138.9630650217854 6
      vertex 160.5 139 6
    endloop
  endfacet
  facet normal 0 0 1
    outer loop
      vertex 151.4416666666667 142 6
      vertex 160.5 139 6
      vertex 160.9693033951207 138.9630650217854 6
    endloop
  endfacet
  facet normal 0 0 1
    outer loop
      vertex 151.4416666666667 142 6
      vertex 160.9693033951207 138.9630650217854 6
      vertex 163.85 142 6
    endloop
  endfacet
  facet normal 0 0 1
    outer loop
      vertex 160.9693033951207 138.9630650217854 6
      vertex 161.42705098312484 138.85316954888546 6
      vertex 163.85 142 6
    endloop
  endfacet
  facet normal 0 0 1
    outer loop
      vertex 161.42705098312484 138.85316954888546 6
      vertex 161.86197149921864 138.6730195725651 6
      vertex 163.85 142 6
    endloop
  endfacet
  facet normal 0 0 1
    outer loop
      vertex 161.86197149921864 138.6730195725651 6
      vertex 162.26335575687742 138.42705098312484 6
      vertex 163.85 142 6
    endloop
  endfacet
  facet normal 0 0 1
    outer loop
      vertex 162.62132034355963 138.12132034355963 6
      vertex 164.5 142 6
      vertex 162.26335575687742 138.42705098312484 6
    endloop
  endfacet
  facet normal 0 0 1
    outer loop
      vertex 163.5 136 6
      vertex 164.5 142 6
      vertex 163.4630650217854 136.4693033951207 6
    endloop
  endfacet
  facet normal 0 0 1
    outer loop
      vertex 163.1730195725651 137.36197149921864 6
      vertex 164.5 142 6
      vertex 162.92705098312484 137.76335575687742 6
    endloop
  endfacet
  facet normal 0 0 1
    outer loop
      vertex 163.1730195725651 137.36197149921864 6
      vertex 163.35316954888546 136.92705098312484 6
      vertex 164.5 142 6
    endloop
  endfacet
  facet normal 0 0 1
    outer loop
      vertex 163.4630650217854 136.4693033951207 6
      vertex 164.5 142 6
      vertex 163.35316954888546 136.92705098312484 6
    endloop
  endfacet
  facet normal 0 0 1
    outer loop
      vertex 162.62132034355963 138.12132034355963 6
      vertex 162.92705098312484 137.76335575687742 6
      vertex 164.5 142 6
    endloop
  endfacet
  facet normal 0 0 1
    outer loop
      vertex 162.26335575687742 138.42705098312484 6
      vertex 164.5 142 6
      vertex 163.85 142 6
    endloop
  endfacet
  facet normal 0 0 1
    outer loop
      vertex 137.73333333333335 154 6
      vertex 150.14166666666668 142 6
      vertex 150.14166666666668 154 6
    endloop
  endfacet
  facet normal 0 0 1
    outer loop
      vertex 136.43333333333334 154 6
      vertex 137.73333333333335 154 6
      vertex 164.5 155 6
    endloop
  endfacet
  facet normal 0 0 1
    outer loop
      vertex 137.73333333333335 154 6
      vertex 150.14166666666668 154 6
      vertex 164.5 155 6
    endloop
  endfacet
  facet normal 0 0 1
    outer loop
      vertex 151.4416666666667 142 6
      vertex 163.85 142 6
      vertex 151.4416666666667 154 6
    endloop
  endfacet
  facet normal 0 0 1
    outer loop
      vertex 150.14166666666668 154 6
      vertex 151.4416666666667 154 6
      vertex 164.5 155 6
    endloop
  endfacet
  facet normal 0 0 1
    outer loop
      vertex 163.85 142 6
      vertex 163.85 154 6
      vertex 151.4416666666667 154 6
    endloop
  endfacet
  facet normal 1 0 0
    outer loop
      vertex 164.5 154 0
      vertex 164.5 155 6
      vertex 164.5 154 6
    endloop
  endfacet
  facet normal 0 0 1
    outer loop
      vertex 151.4416666666667 154 6
      vertex 163.85 154 6
      vertex 164.5 155 6
    endloop
  endfacet
  facet normal 0 0 1
    outer loop
      vertex 163.85 154 6
      vertex 164.5 154 6
      vertex 164.5 155 6
    endloop
  endfacet
  facet normal 1 0 0
    outer loop
      vertex 164.5 154 0
      vertex 164.5 174 6
      vertex 164.5 155 6
    endloop
  endfacet
  facet normal 0 0 -1
    outer loop
      vertex 152.5 134 0
      vertex 154.7201626123751 222.70687244495656 0
      vertex 154.9443650813896 222.4443650813896 0
    endloop
  endfacet
  facet normal 0 0 -1
    outer loop
      vertex 152.5 134 0
      vertex 154.9443650813896 222.4443650813896 0
      vertex 155.20687244495656 222.2201626123751 0
    endloop
  endfacet
  facet normal 0 0 -1
    outer loop
      vertex 152.5 134 0
      vertex 154.40767566415067 223.32016261237513 0
      vertex 154.5397856467856 223.001220900573 0
    endloop
  endfacet
  facet normal 0 0 -1
    outer loop
      vertex 152.5 134 0
      vertex 154.3270856506907 223.6558441769115 0
      vertex 154.40767566415067 223.32016261237513 0
    endloop
  endfacet
  facet normal 0 0 -1
    outer loop
      vertex 152.5 134 0
      vertex 154.5397856467856 223.001220900573 0
      vertex 154.7201626123751 222.70687244495656 0
    endloop
  endfacet
  facet normal 0 0 -1
    outer loop
      vertex 164.5 154 0
      vertex 152.5 134 0
      vertex 164.5 230 0
    endloop
  endfacet
  facet normal 1 0 0
    outer loop
      vertex 164.5 154 0
      vertex 164.5 196 6
      vertex 164.5 174 6
    endloop
  endfacet
  facet normal 1 0 0
    outer loop
      vertex 164.5 154 0
      vertex 164.5 199.31523022432114 6
      vertex 164.5 196 6
    endloop
  endfacet
  facet normal 0 0 -1
    outer loop
      vertex 152.5 134 0
      vertex 155.20687244495656 222.2201626123751 0
      vertex 155.501220900573 222.0397856467856 0
    endloop
  endfacet
  facet normal 0 0 -1
    outer loop
      vertex 152.5 134 0
      vertex 155.501220900573 222.0397856467856 0
      vertex 155.82016261237513 221.90767566415067 0
    endloop
  endfacet
  facet normal 0 0 -1
    outer loop
      vertex 152.5 134 0
      vertex 155.82016261237513 221.90767566415067 0
      vertex 156.1558441769115 221.8270856506907 0
    endloop
  endfacet
  facet normal 0 0 -1
    outer loop
      vertex 152.5 134 0
      vertex 156.1558441769115 221.8270856506907 0
      vertex 156.5 221.8 0
    endloop
  endfacet
  facet normal 0 0 -1
    outer loop
      vertex 152.5 134 0
      vertex 156.5 221.8 0
      vertex 156.8441558230885 221.8270856506907 0
    endloop
  endfacet
  facet normal 0 0 -1
    outer loop
      vertex 152.5 134 0
      vertex 156.8441558230885 221.8270856506907 0
      vertex 157.17983738762487 221.90767566415067 0
    endloop
  endfacet
  facet normal 0 0 -1
    outer loop
      vertex 152.5 134 0
      vertex 157.17983738762487 221.90767566415067 0
      vertex 157.498779099427 222.0397856467856 0
    endloop
  endfacet
  facet normal 0 0 -1
    outer loop
      vertex 152.5 134 0
      vertex 157.498779099427 222.0397856467856 0
      vertex 157.79312755504344 222.2201626123751 0
    endloop
  endfacet
  facet normal 0 0 -1
    outer loop
      vertex 152.5 134 0
      vertex 157.79312755504344 222.2201626123751 0
      vertex 158.0556349186104 222.4443650813896 0
    endloop
  endfacet
  facet normal 0 0 -1
    outer loop
      vertex 152.5 134 0
      vertex 158.0556349186104 222.4443650813896 0
      vertex 158.2798373876249 222.70687244495656 0
    endloop
  endfacet
  facet normal 0 0 -1
    outer loop
      vertex 164.5 230 0
      vertex 152.5 134 0
      vertex 158.2798373876249 222.70687244495656 0
    endloop
  endfacet
  facet normal 1 0 0
    outer loop
      vertex 164.5 154 0
      vertex 164.5 220 0.2608695652173913
      vertex 164.5 208 3.539799331103679
    endloop
  endfacet
  facet normal 1 0 0
    outer loop
      vertex 164.5 154 0
      vertex 164.5 208 3.539799331103679
      vertex 164.5 199.31523022432114 6
    endloop
  endfacet
  facet normal 1 0 0
    outer loop
      vertex 164.5 154 0
      vertex 164.5 230 0
      vertex 164.5 220 0.2608695652173913
    endloop
  endfacet
  facet normal 1 0 0
    outer loop
      vertex 164.5 208 3.539799331103679
      vertex 164.5 220 6
      vertex 164.5 208 6
    endloop
  endfacet
  facet normal 0 0 1
    outer loop
      vertex 164.5 208 6
      vertex 157.55593263902156 217.33310370098283 6
      vertex 156.5 217.25 6
    endloop
  endfacet
  facet normal 0 0 1
    outer loop
      vertex 164.5 208 6
      vertex 158.58586471203088 217.5803685150077 6
      vertex 157.55593263902156 217.33310370098283 6
    endloop
  endfacet
  facet normal 0 0 1
    outer loop
      vertex 164.5 208 6
      vertex 159.56443587324193 217.9857059617285 6
      vertex 158.58586471203088 217.5803685150077 6
    endloop
  endfacet
  facet normal 0 0 1
    outer loop
      vertex 164.5 208 6
      vertex 160.4675504529742 218.53913528796912 6
      vertex 159.56443587324193 217.9857059617285 6
    endloop
  endfacet
  facet normal 0 0 1
    outer loop
      vertex 164.5 208 6
      vertex 161.2729707730092 219.2270292269908 6
      vertex 160.4675504529742 218.53913528796912 6
    endloop
  endfacet
  facet normal 0 0 -1
    outer loop
      vertex 164.5 230 0
      vertex 156.5 226.2 0
      vertex 156.1558441769115 226.1729143493093 0
    endloop
  endfacet
  facet normal 0 0 -1
    outer loop
      vertex 164.5 230 0
      vertex 156.8441558230885 226.1729143493093 0
      vertex 156.5 226.2 0
    endloop
  endfacet
  facet normal 0 1 0
    outer loop
      vertex 164.5 230 0
      vertex 153.41223837628885 230 2.5
      vertex 159.58776162371115 230 2.5
    endloop
  endfacet
  facet normal 1 0 0
    outer loop
      vertex 164.5 208 3.539799331103679
      vertex 164.5 220 0.2608695652173913
      vertex 164.5 220 6
    endloop
  endfacet
  facet normal 0 0 -1
    outer loop
      vertex 164.5 230 0
      vertex 158.2798373876249 222.70687244495656 0
      vertex 158.4602143532144 223.001220900573 0
    endloop
  endfacet
  facet normal 0 0 -1
    outer loop
      vertex 164.5 230 0
      vertex 158.4602143532144 223.001220900573 0
      vertex 158.59232433584933 223.32016261237513 0
    endloop
  endfacet
  facet normal 0 0 -1
    outer loop
      vertex 164.5 230 0
      vertex 158.59232433584933 223.32016261237513 0
      vertex 158.6729143493093 223.6558441769115 0
    endloop
  endfacet
  facet normal 0 0 -1
    outer loop
      vertex 164.5 230 0
      vertex 158.6729143493093 223.6558441769115 0
      vertex 158.7 224 0
    endloop
  endfacet
  facet normal 0 0 -1
    outer loop
      vertex 164.5 230 0
      vertex 158.7 224 0
      vertex 158.6729143493093 224.3441558230885 0
    endloop
  endfacet
  facet normal 0 0 -1
    outer loop
      vertex 164.5 230 0
      vertex 158.6729143493093 224.3441558230885 0
      vertex 158.59232433584933 224.67983738762487 0
    endloop
  endfacet
  facet normal 0 0 -1
    outer loop
      vertex 164.5 230 0
      vertex 157.79312755504344 225.7798373876249 0
      vertex 157.498779099427 225.9602143532144 0
    endloop
  endfacet
  facet normal 0 0 -1
    outer loop
      vertex 164.5 230 0
      vertex 157.17983738762487 226.09232433584933 0
      vertex 156.8441558230885 226.1729143493093 0
    endloop
  endfacet
  facet normal 0 0 -1
    outer loop
      vertex 164.5 230 0
      vertex 157.498779099427 225.9602143532144 0
      vertex 157.17983738762487 226.09232433584933 0
    endloop
  endfacet
  facet normal 0 0 -1
    outer loop
      vertex 164.5 230 0
      vertex 158.0556349186104 225.5556349186104 0
      vertex 157.79312755504344 225.7798373876249 0
    endloop
  endfacet
  facet normal 0 0 -1
    outer loop
      vertex 164.5 230 0
      vertex 158.2798373876249 225.29312755504344 0
      vertex 158.0556349186104 225.5556349186104 0
    endloop
  endfacet
  facet normal 0 0 -1
    outer loop
      vertex 164.5 230 0
      vertex 158.4602143532144 224.998779099427 0
      vertex 158.2798373876249 225.29312755504344 0
    endloop
  endfacet
  facet normal 0 0 -1
    outer loop
      vertex 164.5 230 0
      vertex 158.59232433584933 224.67983738762487 0
      vertex 158.4602143532144 224.998779099427 0
    endloop
  endfacet
  facet normal 0 1 0
    outer loop
      vertex 164.5 230 0
      vertex 159.58776162371115 230 2.5
      vertex 164.5 230 6
    endloop
  endfacet
  facet normal 0 0 1
    outer loop
      vertex 164.5 208 6
      vertex 164.5 220 6
      vertex 161.2729707730092 219.2270292269908 6
    endloop
  endfacet
  facet normal 0 0 1
    outer loop
      vertex 164.5 220 6
      vertex 161.93315018066411 220 6
      vertex 161.2729707730092 219.2270292269908 6
    endloop
  endfacet
  facet normal 0 1 0
    outer loop
      vertex 164.5 230 6
      vertex 159.58776162371115 230 2.5
      vertex 159.58776162371115 230 6
    endloop
  endfacet
  facet normal -1 0 0
    outer loop
      vertex 0 16 6
      vertex 0 16 7.047272727272727
      vertex 0 26 7.047272727272727
    endloop
  endfacet
  facet normal -1 0 0
    outer loop
      vertex 0 16 6
      vertex 0 26 7.047272727272727
      vertex 0 26 6
    endloop
  endfacet
  facet normal 0 1 0
    outer loop
      vertex 0 26 6
      vertex 0 26 7.047272727272727
      vertex 24.445820433436527 26 6
    endloop
  endfacet
  facet normal 0 -1 0
    outer loop
      vertex 0 16 6
      vertex 164.5 16 6
      vertex 0 16 7.047272727272727
    endloop
  endfacet
  facet normal 0 0 1
    outer loop
      vertex 0 16 7.047272727272727
      vertex 164.5 16 7.047272727272727
      vertex 0 26 7.047272727272727
    endloop
  endfacet
  facet normal 0 1 0
    outer loop
      vertex 0 26 7.047272727272727
      vertex 164.5 26 7.047272727272727
      vertex 24.445820433436527 26 6
    endloop
  endfacet
  facet normal 0 -1 0
    outer loop
      vertex 0 16 7.047272727272727
      vertex 164.5 16 6
      vertex 164.5 16 7.047272727272727
    endloop
  endfacet
  facet normal 0 0 1
    outer loop
      vertex 0 26 7.047272727272727
      vertex 164.5 16 7.047272727272727
      vertex 164.5 26 7.047272727272727
    endloop
  endfacet
  facet normal 0 1 0
    outer loop
      vertex 24.445820433436527 26 6
      vertex 164.5 26 7.047272727272727
      vertex 164.5 26 6
    endloop
  endfacet
  facet normal 1 0 0
    outer loop
      vertex 164.5 16 6
      vertex 164.5 26 6
      vertex 164.5 16 7.047272727272727
    endloop
  endfacet
  facet normal 1 0 0
    outer loop
      vertex 164.5 16 7.047272727272727
      vertex 164.5 26 6
      vertex 164.5 26 7.047272727272727
    endloop
  endfacet
  facet normal -1 0 0
    outer loop
      vertex 0 196 6
      vertex 0 196 7
      vertex 0 208 7
    endloop
  endfacet
  facet normal -1 0 0
    outer loop
      vertex 0 196 6
      vertex 0 208 7
      vertex 0 208 6
    endloop
  endfacet
  facet normal 0 -1 0
    outer loop
      vertex 0 196 6
      vertex 164.5 196 6
      vertex 0 196 7
    endloop
  endfacet
  facet normal 0 0 1
    outer loop
      vertex 0 196 7
      vertex 164.5 196 7
      vertex 0 208 7
    endloop
  endfacet
  facet normal 0 1 0
    outer loop
      vertex 0 208 6
      vertex 0 208 7
      vertex 164.5 208 7
    endloop
  endfacet
  facet normal 0 -1 0
    outer loop
      vertex 0 196 7
      vertex 164.5 196 6
      vertex 164.5 196 7
    endloop
  endfacet
  facet normal 0 0 1
    outer loop
      vertex 0 208 7
      vertex 164.5 196 7
      vertex 164.5 208 7
    endloop
  endfacet
  facet normal 0 1 0
    outer loop
      vertex 0 208 6
      vertex 164.5 208 7
      vertex 164.5 208 6
    endloop
  endfacet
  facet normal 1 0 0
    outer loop
      vertex 164.5 196 6
      vertex 164.5 199.31523022432114 6
      vertex 164.5 196 7
    endloop
  endfacet
  facet normal 1 0 0
    outer loop
      vertex 164.5 196 7
      vertex 164.5 199.31523022432114 6
      vertex 164.5 208 7
    endloop
  endfacet
  facet normal 1 0 0
    outer loop
      vertex 164.5 199.31523022432114 6
      vertex 164.5 208 3.539799331103679
      vertex 164.5 208 6
    endloop
  endfacet
  facet normal 1 0 0
    outer loop
      vertex 164.5 199.31523022432114 6
      vertex 164.5 208 6
      vertex 164.5 208 7
    endloop
  endfacet
  facet normal 0 -1 0
    outer loop
      vertex 0 220 6
      vertex 2.566849819335883 220 6
      vertex 2.566849819335883 220 6.5
    endloop
  endfacet
  facet normal 0 1 0
    outer loop
      vertex 0 230 6
      vertex 4.912238376288851 230 6.5
      vertex 4.912238376288851 230 6
    endloop
  endfacet
  facet normal 0 -1 0
    outer loop
      vertex 0 220 6
      vertex 2.566849819335883 220 6.5
      vertex 7.228216150442771 220 51.18528890887978
    endloop
  endfacet
  facet normal 0 -1 0
    outer loop
      vertex 2.566849819335883 220 6.5
      vertex 10.02977988575846 220 6.5
      vertex 8 220 51
    endloop
  endfacet
  facet normal 0 -1 0
    outer loop
      vertex 13.433150180664116 220 6.5
      vertex 8.265938590568393 220 51.02092982098827
      vertex 10.02977988575846 220 6.5
    endloop
  endfacet
  facet normal -1 0 0
    outer loop
      vertex 0 220 6
      vertex 0 230 61.7
      vertex 0 230 6
    endloop
  endfacet
  facet normal 0 -1 0
    outer loop
      vertex 13.433150180664116 220 6
      vertex 151.06684981933589 220 6.5
      vertex 13.433150180664116 220 6.5
    endloop
  endfacet
  facet normal 0 1 0
    outer loop
      vertex 11.087761623711149 230 6
      vertex 11.087761623711149 230 6.5
      vertex 153.41223837628885 230 6
    endloop
  endfacet
  facet normal 0 -1 0
    outer loop
      vertex 13.433150180664116 220 6.5
      vertex 151.06684981933589 220 6.5
      vertex 8.265938590568393 220 51.02092982098827
    endloop
  endfacet
  facet normal 0 1 0
    outer loop
      vertex 0 230 6
      vertex 164.5 230 61.7
      vertex 4.912238376288851 230 6.5
    endloop
  endfacet
  facet normal 0 1 0
    outer loop
      vertex 164.5 230 61.7
      vertex 11.087761623711149 230 6.5
      vertex 4.912238376288851 230 6.5
    endloop
  endfacet
  facet normal 0 -1 0
    outer loop
      vertex 0 220 6
      vertex 6.797918471982869 220 51.49791847198287
      vertex 6.624671109562589 220 51.7007650711028
    endloop
  endfacet
  facet normal 0 -1 0
    outer loop
      vertex 0 220 6
      vertex 7.228216150442771 220 51.18528890887978
      vertex 7.000765071102796 220 51.324671109562594
    endloop
  endfacet
  facet normal 0 -1 0
    outer loop
      vertex 0 220 6
      vertex 7.000765071102796 220 51.324671109562594
      vertex 6.797918471982869 220 51.49791847198287
    endloop
  endfacet
  facet normal 0 1 0
    outer loop
      vertex 0 230 6
      vertex 7.228216150442771 230 51.18528890887978
      vertex 7.474671109562589 230 51.08320392229824
    endloop
  endfacet
  facet normal 0 1 0
    outer loop
      vertex 0 230 6
      vertex 7.474671109562589 230 51.08320392229824
      vertex 7.734061409431607 230 51.02092982098827
    endloop
  endfacet
  facet normal 0 1 0
    outer loop
      vertex 0 230 6
      vertex 6.624671109562589 230 51.7007650711028
      vertex 6.797918471982869 230 51.49791847198287
    endloop
  endfacet
  facet normal 0 1 0
    outer loop
      vertex 0 230 6
      vertex 6.485288908879775 230 51.92821615044277
      vertex 6.624671109562589 230 51.7007650711028
    endloop
  endfacet
  facet normal 0 1 0
    outer loop
      vertex 0 230 6
      vertex 7.000765071102796 230 51.324671109562594
      vertex 7.228216150442771 230 51.18528890887978
    endloop
  endfacet
  facet normal 0 1 0
    outer loop
      vertex 0 230 6
      vertex 6.797918471982869 230 51.49791847198287
      vertex 7.000765071102796 230 51.324671109562594
    endloop
  endfacet
  facet normal 0 1 0
    outer loop
      vertex 0 230 6
      vertex 6.3832039222982395 230 52.174671109562595
      vertex 6.485288908879775 230 51.92821615044277
    endloop
  endfacet
  facet normal 0 1 0
    outer loop
      vertex 0 230 6
      vertex 6.320929820988265 230 52.434061409431614
      vertex 6.3832039222982395 230 52.174671109562595
    endloop
  endfacet
  facet normal 0 1 0
    outer loop
      vertex 0 230 6
      vertex 6.3 230 52.7
      vertex 6.320929820988265 230 52.434061409431614
    endloop
  endfacet
  facet normal 0 1 0
    outer loop
      vertex 0 230 6
      vertex 6.320929820988265 230 52.96593859056839
      vertex 6.3 230 52.7
    endloop
  endfacet
  facet normal 0 -1 0
    outer loop
      vertex 2.566849819335883 220 6.5
      vertex 7.474671109562589 220 51.08320392229824
      vertex 7.228216150442771 220 51.18528890887978
    endloop
  endfacet
  facet normal 0 -1 0
    outer loop
      vertex 2.566849819335883 220 6.5
      vertex 7.734061409431607 220 51.02092982098827
      vertex 7.474671109562589 220 51.08320392229824
    endloop
  endfacet
  facet normal 0 -1 0
    outer loop
      vertex 2.566849819335883 220 6.5
      vertex 8 220 51
      vertex 7.734061409431607 220 51.02092982098827
    endloop
  endfacet
  facet normal 0 -1 0
    outer loop
      vertex 10.02977988575846 220 6.5
      vertex 8.265938590568393 220 51.02092982098827
      vertex 8 220 51
    endloop
  endfacet
  facet normal 0 1 0
    outer loop
      vertex 0 230 6
      vertex 7.734061409431607 230 51.02092982098827
      vertex 8 230 51
    endloop
  endfacet
  facet normal 0 1 0
    outer loop
      vertex 0 230 6
      vertex 8 230 51
      vertex 8.265938590568393 230 51.02092982098827
    endloop
  endfacet
  facet normal 0 1 0
    outer loop
      vertex 0 230 6
      vertex 8.265938590568393 230 51.02092982098827
      vertex 8.525328890437411 230 51.08320392229824
    endloop
  endfacet
  facet normal 0 1 0
    outer loop
      vertex 0 230 6
      vertex 8.525328890437411 230 51.08320392229824
      vertex 8.77178384955723 230 51.18528890887978
    endloop
  endfacet
  facet normal 0 1 0
    outer loop
      vertex 0 230 6
      vertex 8.77178384955723 230 51.18528890887978
      vertex 8.999234928897204 230 51.324671109562594
    endloop
  endfacet
  facet normal 0 1 0
    outer loop
      vertex 0 230 6
      vertex 8.999234928897204 230 51.324671109562594
      vertex 9.20208152801713 230 51.49791847198287
    endloop
  endfacet
  facet normal 0 1 0
    outer loop
      vertex 0 230 6
      vertex 9.20208152801713 230 51.49791847198287
      vertex 9.37532889043741 230 51.7007650711028
    endloop
  endfacet
  facet normal 0 1 0
    outer loop
      vertex 0 230 6
      vertex 9.37532889043741 230 51.7007650711028
      vertex 9.514711091120226 230 51.92821615044277
    endloop
  endfacet
  facet normal 0 1 0
    outer loop
      vertex 0 230 6
      vertex 9.514711091120226 230 51.92821615044277
      vertex 9.61679607770176 230 52.174671109562595
    endloop
  endfacet
  facet normal 0 1 0
    outer loop
      vertex 0 230 6
      vertex 9.61679607770176 230 52.174671109562595
      vertex 9.679070179011735 230 52.434061409431614
    endloop
  endfacet
  facet normal 0 -1 0
    outer loop
      vertex 0 220 6
      vertex 6.624671109562589 220 51.7007650711028
      vertex 0 220 61.7
    endloop
  endfacet
  facet normal 0 1 0
    outer loop
      vertex 0 230 6
      vertex 0 230 61.7
      vertex 6.320929820988265 230 52.96593859056839
    endloop
  endfacet
  facet normal -1 0 0
    outer loop
      vertex 0 220 6
      vertex 0 220 61.7
      vertex 0 230 61.7
    endloop
  endfacet
  facet normal 0 -1 0
    outer loop
      vertex 0 220 61.7
      vertex 6.624671109562589 220 51.7007650711028
      vertex 6.485288908879775 220 51.92821615044277
    endloop
  endfacet
  facet normal 0 -1 0
    outer loop
      vertex 0 220 61.7
      vertex 6.485288908879775 220 51.92821615044277
      vertex 6.3832039222982395 220 52.174671109562595
    endloop
  endfacet
  facet normal 0 -1 0
    outer loop
      vertex 0 220 61.7
      vertex 6.3832039222982395 220 52.174671109562595
      vertex 6.320929820988265 220 52.434061409431614
    endloop
  endfacet
  facet normal 0 -1 0
    outer loop
      vertex 0 220 61.7
      vertex 6.320929820988265 220 52.434061409431614
      vertex 6.3 220 52.7
    endloop
  endfacet
  facet normal 0 -1 0
    outer loop
      vertex 0 220 61.7
      vertex 6.3 220 52.7
      vertex 6.320929820988265 220 52.96593859056839
    endloop
  endfacet
  facet normal 0 -1 0
    outer loop
      vertex 0 220 61.7
      vertex 6.320929820988265 220 52.96593859056839
      vertex 6.3832039222982395 220 53.22532889043741
    endloop
  endfacet
  facet normal 0 -1 0
    outer loop
      vertex 0 220 61.7
      vertex 6.3832039222982395 220 53.22532889043741
      vertex 6.485288908879775 220 53.471783849557234
    endloop
  endfacet
  facet normal 0 -1 0
    outer loop
      vertex 0 220 61.7
      vertex 6.485288908879775 220 53.471783849557234
      vertex 6.624671109562589 220 53.699234928897205
    endloop
  endfacet
  facet normal 0 -1 0
    outer loop
      vertex 0 220 61.7
      vertex 6.624671109562589 220 53.699234928897205
      vertex 6.797918471982869 220 53.902081528017135
    endloop
  endfacet
  facet normal 0 -1 0
    outer loop
      vertex 0 220 61.7
      vertex 6.797918471982869 220 53.902081528017135
      vertex 7.000765071102796 220 54.07532889043741
    endloop
  endfacet
  facet normal 0 -1 0
    outer loop
      vertex 0 220 61.7
      vertex 7.000765071102796 220 54.07532889043741
      vertex 7.228216150442771 220 54.21471109112023
    endloop
  endfacet
  facet normal 0 -1 0
    outer loop
      vertex 0 220 61.7
      vertex 7.228216150442771 220 54.21471109112023
      vertex 7.474671109562589 220 54.31679607770177
    endloop
  endfacet
  facet normal 0 -1 0
    outer loop
      vertex 0 220 61.7
      vertex 7.474671109562589 220 54.31679607770177
      vertex 7.734061409431607 220 54.379070179011734
    endloop
  endfacet
  facet normal 0 1 0
    outer loop
      vertex 0 230 61.7
      vertex 6.3832039222982395 230 53.22532889043741
      vertex 6.320929820988265 230 52.96593859056839
    endloop
  endfacet
  facet normal 0 1 0
    outer loop
      vertex 0 230 61.7
      vertex 6.485288908879775 230 53.471783849557234
      vertex 6.3832039222982395 230 53.22532889043741
    endloop
  endfacet
  facet normal 0 1 0
    outer loop
      vertex 0 230 61.7
      vertex 6.624671109562589 230 53.699234928897205
      vertex 6.485288908879775 230 53.471783849557234
    endloop
  endfacet
  facet normal 0 1 0
    outer loop
      vertex 0 230 61.7
      vertex 6.797918471982869 230 53.902081528017135
      vertex 6.624671109562589 230 53.699234928897205
    endloop
  endfacet
  facet normal 0 1 0
    outer loop
      vertex 0 230 61.7
      vertex 7.000765071102796 230 54.07532889043741
      vertex 6.797918471982869 230 53.902081528017135
    endloop
  endfacet
  facet normal 0 1 0
    outer loop
      vertex 0 230 61.7
      vertex 7.228216150442771 230 54.21471109112023
      vertex 7.000765071102796 230 54.07532889043741
    endloop
  endfacet
  facet normal 0 1 0
    outer loop
      vertex 0 230 61.7
      vertex 7.474671109562589 230 54.31679607770177
      vertex 7.228216150442771 230 54.21471109112023
    endloop
  endfacet
  facet normal 0 1 0
    outer loop
      vertex 0 230 61.7
      vertex 7.734061409431607 230 54.379070179011734
      vertex 7.474671109562589 230 54.31679607770177
    endloop
  endfacet
  facet normal 0 -1 0
    outer loop
      vertex 0 220 61.7
      vertex 7.734061409431607 220 54.379070179011734
      vertex 8 220 54.400000000000006
    endloop
  endfacet
  facet normal 0 -1 0
    outer loop
      vertex 0 220 61.7
      vertex 8 220 54.400000000000006
      vertex 8.265938590568393 220 54.379070179011734
    endloop
  endfacet
  facet normal 0 -1 0
    outer loop
      vertex 0 220 61.7
      vertex 8.265938590568393 220 54.379070179011734
      vertex 8.525328890437411 220 54.31679607770177
    endloop
  endfacet
  facet normal 0 1 0
    outer loop
      vertex 0 230 61.7
      vertex 8 230 54.400000000000006
      vertex 7.734061409431607 230 54.379070179011734
    endloop
  endfacet
  facet normal 0 0 1
    outer loop
      vertex 0 220 61.7
      vertex 6.220162612375115 222.70687244495656 61.7
      vertex 6.039785646785591 223.001220900573 61.7
    endloop
  endfacet
  facet normal 0 0 1
    outer loop
      vertex 0 220 61.7
      vertex 6.444365081389595 222.4443650813896 61.7
      vertex 6.220162612375115 222.70687244495656 61.7
    endloop
  endfacet
  facet normal 0 0 1
    outer loop
      vertex 0 220 61.7
      vertex 6.706872444956559 222.2201626123751 61.7
      vertex 6.444365081389595 222.4443650813896 61.7
    endloop
  endfacet
  facet normal 0 0 1
    outer loop
      vertex 0 220 61.7
      vertex 6.039785646785591 223.001220900573 61.7
      vertex 5.907675664150663 223.32016261237513 61.7
    endloop
  endfacet
  facet normal 0 0 1
    outer loop
      vertex 0 220 61.7
      vertex 5.907675664150663 223.32016261237513 61.7
      vertex 5.827085650690696 223.6558441769115 61.7
    endloop
  endfacet
  facet normal 0 0 1
    outer loop
      vertex 0 220 61.7
      vertex 5.827085650690696 223.6558441769115 61.7
      vertex 5.8 224 61.7
    endloop
  endfacet
  facet normal 0 0 1
    outer loop
      vertex 0 220 61.7
      vertex 5.8 224 61.7
      vertex 5.827085650690696 224.3441558230885 61.7
    endloop
  endfacet
  facet normal 0 0 1
    outer loop
      vertex 0 220 61.7
      vertex 7.001220900572997 222.0397856467856 61.7
      vertex 6.706872444956559 222.2201626123751 61.7
    endloop
  endfacet
  facet normal 0 0 1
    outer loop
      vertex 0 220 61.7
      vertex 7.320162612375116 221.90767566415067 61.7
      vertex 7.001220900572997 222.0397856467856 61.7
    endloop
  endfacet
  facet normal 0 0 1
    outer loop
      vertex 0 220 61.7
      vertex 7.655844176911492 221.8270856506907 61.7
      vertex 7.320162612375116 221.90767566415067 61.7
    endloop
  endfacet
  facet normal 0 0 1
    outer loop
      vertex 0 220 61.7
      vertex 6.039785646785591 224.998779099427 61.7
      vertex 0 230 61.7
    endloop
  endfacet
  facet normal 0 0 1
    outer loop
      vertex 0 220 61.7
      vertex 5.827085650690696 224.3441558230885 61.7
      vertex 5.907675664150663 224.67983738762487 61.7
    endloop
  endfacet
  facet normal 0 0 1
    outer loop
      vertex 0 220 61.7
      vertex 5.907675664150663 224.67983738762487 61.7
      vertex 6.039785646785591 224.998779099427 61.7
    endloop
  endfacet
  facet normal 0 0 1
    outer loop
      vertex 0 230 61.7
      vertex 6.039785646785591 224.998779099427 61.7
      vertex 6.220162612375115 225.29312755504344 61.7
    endloop
  endfacet
  facet normal 0 0 1
    outer loop
      vertex 0 230 61.7
      vertex 6.220162612375115 225.29312755504344 61.7
      vertex 6.444365081389595 225.5556349186104 61.7
    endloop
  endfacet
  facet normal 0 0 1
    outer loop
      vertex 0 230 61.7
      vertex 6.444365081389595 225.5556349186104 61.7
      vertex 6.706872444956559 225.7798373876249 61.7
    endloop
  endfacet
  facet normal 0 0 1
    outer loop
      vertex 0 230 61.7
      vertex 6.706872444956559 225.7798373876249 61.7
      vertex 7.001220900572997 225.9602143532144 61.7
    endloop
  endfacet
  facet normal 0 0 1
    outer loop
      vertex 0 230 61.7
      vertex 7.001220900572997 225.9602143532144 61.7
      vertex 7.320162612375116 226.09232433584933 61.7
    endloop
  endfacet
  facet normal 0 0 1
    outer loop
      vertex 0 230 61.7
      vertex 7.320162612375116 226.09232433584933 61.7
      vertex 7.655844176911492 226.1729143493093 61.7
    endloop
  endfacet
  facet normal 0 0 1
    outer loop
      vertex 0 220 61.7
      vertex 8 221.8 61.7
      vertex 7.655844176911492 221.8270856506907 61.7
    endloop
  endfacet
  facet normal 0 0 1
    outer loop
      vertex 0 230 61.7
      vertex 7.655844176911492 226.1729143493093 61.7
      vertex 8 226.2 61.7
    endloop
  endfacet
  facet normal 0 0 1
    outer loop
      vertex 0 230 61.7
      vertex 8 226.2 61.7
      vertex 8.344155823088508 226.1729143493093 61.7
    endloop
  endfacet
  facet normal 0 0 1
    outer loop
      vertex 0 230 61.7
      vertex 8.344155823088508 226.1729143493093 61.7
      vertex 8.679837387624884 226.09232433584933 61.7
    endloop
  endfacet
  facet normal 0 0 1
    outer loop
      vertex 0 230 61.7
      vertex 8.679837387624884 226.09232433584933 61.7
      vertex 8.998779099427002 225.9602143532144 61.7
    endloop
  endfacet
  facet normal 0 -1 0
    outer loop
      vertex 8.265938590568393 220 51.02092982098827
      vertex 151.06684981933589 220 6.5
      vertex 8.525328890437411 220 51.08320392229824
    endloop
  endfacet
  facet normal 0 -1 0
    outer loop
      vertex 8.525328890437411 220 51.08320392229824
      vertex 151.06684981933589 220 6.5
      vertex 8.77178384955723 220 51.18528890887978
    endloop
  endfacet
  facet normal 0 -1 0
    outer loop
      vertex 8.77178384955723 220 51.18528890887978
      vertex 151.06684981933589 220 6.5
      vertex 8.999234928897204 220 51.324671109562594
    endloop
  endfacet
  facet normal 0 -1 0
    outer loop
      vertex 8.999234928897204 220 51.324671109562594
      vertex 151.06684981933589 220 6.5
      vertex 9.20208152801713 220 51.49791847198287
    endloop
  endfacet
  facet normal 0 -1 0
    outer loop
      vertex 9.20208152801713 220 53.902081528017135
      vertex 151.06684981933589 220 6.5
      vertex 8.999234928897204 220 54.07532889043741
    endloop
  endfacet
  facet normal 0 -1 0
    outer loop
      vertex 8.77178384955723 220 54.21471109112023
      vertex 8.999234928897204 220 54.07532889043741
      vertex 151.06684981933589 220 6.5
    endloop
  endfacet
  facet normal 0 -1 0
    outer loop
      vertex 8.77178384955723 220 54.21471109112023
      vertex 151.06684981933589 220 6.5
      vertex 8.525328890437411 220 54.31679607770177
    endloop
  endfacet
  facet normal 0 -1 0
    outer loop
      vertex 9.20208152801713 220 51.49791847198287
      vertex 151.06684981933589 220 6.5
      vertex 9.37532889043741 220 51.7007650711028
    endloop
  endfacet
  facet normal 0 -1 0
    outer loop
      vertex 9.37532889043741 220 51.7007650711028
      vertex 151.06684981933589 220 6.5
      vertex 9.514711091120226 220 51.92821615044277
    endloop
  endfacet
  facet normal 0 -1 0
    outer loop
      vertex 9.514711091120226 220 51.92821615044277
      vertex 151.06684981933589 220 6.5
      vertex 9.61679607770176 220 52.174671109562595
    endloop
  endfacet
  facet normal 0 -1 0
    outer loop
      vertex 9.679070179011735 220 52.434061409431614
      vertex 9.61679607770176 220 52.174671109562595
      vertex 151.06684981933589 220 6.5
    endloop
  endfacet
  facet normal 0 -1 0
    outer loop
      vertex 9.679070179011735 220 52.434061409431614
      vertex 151.06684981933589 220 6.5
      vertex 9.7 220 52.7
    endloop
  endfacet
  facet normal 0 -1 0
    outer loop
      vertex 9.7 220 52.7
      vertex 151.06684981933589 220 6.5
      vertex 9.679070179011735 220 52.96593859056839
    endloop
  endfacet
  facet normal 0 -1 0
    outer loop
      vertex 9.679070179011735 220 52.96593859056839
      vertex 151.06684981933589 220 6.5
      vertex 9.61679607770176 220 53.22532889043741
    endloop
  endfacet
  facet normal 0 -1 0
    outer loop
      vertex 9.514711091120226 220 53.471783849557234
      vertex 9.61679607770176 220 53.22532889043741
      vertex 151.06684981933589 220 6.5
    endloop
  endfacet
  facet normal 0 -1 0
    outer loop
      vertex 9.514711091120226 220 53.471783849557234
      vertex 151.06684981933589 220 6.5
      vertex 9.37532889043741 220 53.699234928897205
    endloop
  endfacet
  facet normal 0 -1 0
    outer loop
      vertex 9.37532889043741 220 53.699234928897205
      vertex 151.06684981933589 220 6.5
      vertex 9.20208152801713 220 53.902081528017135
    endloop
  endfacet
  facet normal 0 -1 0
    outer loop
      vertex 0 220 61.7
      vertex 8.525328890437411 220 54.31679607770177
      vertex 151.06684981933589 220 6.5
    endloop
  endfacet
  facet normal 0 1 0
    outer loop
      vertex 0 230 6
      vertex 9.679070179011735 230 52.434061409431614
      vertex 164.5 230 61.7
    endloop
  endfacet
  facet normal 0 1 0
    outer loop
      vertex 164.5 230 61.7
      vertex 9.679070179011735 230 52.434061409431614
      vertex 9.7 230 52.7
    endloop
  endfacet
  facet normal 0 1 0
    outer loop
      vertex 164.5 230 61.7
      vertex 9.7 230 52.7
      vertex 9.679070179011735 230 52.96593859056839
    endloop
  endfacet
  facet normal 0 1 0
    outer loop
      vertex 164.5 230 61.7
      vertex 8.265938590568393 230 54.379070179011734
      vertex 8 230 54.400000000000006
    endloop
  endfacet
  facet normal 0 1 0
    outer loop
      vertex 164.5 230 61.7
      vertex 9.679070179011735 230 52.96593859056839
      vertex 9.61679607770176 230 53.22532889043741
    endloop
  endfacet
  facet normal 0 1 0
    outer loop
      vertex 164.5 230 61.7
      vertex 9.61679607770176 230 53.22532889043741
      vertex 9.514711091120226 230 53.471783849557234
    endloop
  endfacet
  facet normal 0 1 0
    outer loop
      vertex 164.5 230 61.7
      vertex 9.514711091120226 230 53.471783849557234
      vertex 9.37532889043741 230 53.699234928897205
    endloop
  endfacet
  facet normal 0 1 0
    outer loop
      vertex 164.5 230 61.7
      vertex 9.37532889043741 230 53.699234928897205
      vertex 9.20208152801713 230 53.902081528017135
    endloop
  endfacet
  facet normal 0 1 0
    outer loop
      vertex 164.5 230 61.7
      vertex 9.20208152801713 230 53.902081528017135
      vertex 8.999234928897204 230 54.07532889043741
    endloop
  endfacet
  facet normal 0 1 0
    outer loop
      vertex 164.5 230 61.7
      vertex 8.77178384955723 230 54.21471109112023
      vertex 8.525328890437411 230 54.31679607770177
    endloop
  endfacet
  facet normal 0 1 0
    outer loop
      vertex 164.5 230 61.7
      vertex 8.525328890437411 230 54.31679607770177
      vertex 8.265938590568393 230 54.379070179011734
    endloop
  endfacet
  facet normal 0 1 0
    outer loop
      vertex 164.5 230 61.7
      vertex 8.999234928897204 230 54.07532889043741
      vertex 8.77178384955723 230 54.21471109112023
    endloop
  endfacet
  facet normal 0 0 1
    outer loop
      vertex 0 220 61.7
      vertex 164.5 220 61.7
      vertex 8 221.8 61.7
    endloop
  endfacet
  facet normal 0 0 1
    outer loop
      vertex 164.5 220 61.7
      vertex 8.344155823088508 221.8270856506907 61.7
      vertex 8 221.8 61.7
    endloop
  endfacet
  facet normal 0 0 1
    outer loop
      vertex 164.5 220 61.7
      vertex 8.679837387624884 221.90767566415067 61.7
      vertex 8.344155823088508 221.8270856506907 61.7
    endloop
  endfacet
  facet normal 0 0 1
    outer loop
      vertex 164.5 220 61.7
      vertex 8.998779099427002 222.0397856467856 61.7
      vertex 8.679837387624884 221.90767566415067 61.7
    endloop
  endfacet
  facet normal 0 0 1
    outer loop
      vertex 164.5 220 61.7
      vertex 9.29312755504344 222.2201626123751 61.7
      vertex 8.998779099427002 222.0397856467856 61.7
    endloop
  endfacet
  facet normal 0 0 1
    outer loop
      vertex 164.5 220 61.7
      vertex 9.555634918610405 222.4443650813896 61.7
      vertex 9.29312755504344 222.2201626123751 61.7
    endloop
  endfacet
  facet normal 0 0 1
    outer loop
      vertex 164.5 220 61.7
      vertex 9.779837387624884 222.70687244495656 61.7
      vertex 9.555634918610405 222.4443650813896 61.7
    endloop
  endfacet
  facet normal 0 0 1
    outer loop
      vertex 164.5 220 61.7
      vertex 9.96021435321441 223.001220900573 61.7
      vertex 9.779837387624884 222.70687244495656 61.7
    endloop
  endfacet
  facet normal 0 0 1
    outer loop
      vertex 164.5 220 61.7
      vertex 10.092324335849337 223.32016261237513 61.7
      vertex 9.96021435321441 223.001220900573 61.7
    endloop
  endfacet
  facet normal 0 0 1
    outer loop
      vertex 164.5 220 61.7
      vertex 10.172914349309304 223.6558441769115 61.7
      vertex 10.092324335849337 223.32016261237513 61.7
    endloop
  endfacet
  facet normal 0 0 1
    outer loop
      vertex 164.5 220 61.7
      vertex 10.2 224 61.7
      vertex 10.172914349309304 223.6558441769115 61.7
    endloop
  endfacet
  facet normal 0 0 1
    outer loop
      vertex 164.5 220 61.7
      vertex 10.172914349309304 224.3441558230885 61.7
      vertex 10.2 224 61.7
    endloop
  endfacet
  facet normal 0 1 0
    outer loop
      vertex 0 230 61.7
      vertex 164.5 230 61.7
      vertex 8 230 54.400000000000006
    endloop
  endfacet
  facet normal 0 0 1
    outer loop
      vertex 0 230 61.7
      vertex 8.998779099427002 225.9602143532144 61.7
      vertex 164.5 220 61.7
    endloop
  endfacet
  facet normal 0 0 1
    outer loop
      vertex 164.5 220 61.7
      vertex 8.998779099427002 225.9602143532144 61.7
      vertex 9.29312755504344 225.7798373876249 61.7
    endloop
  endfacet
  facet normal 0 0 1
    outer loop
      vertex 164.5 220 61.7
      vertex 9.555634918610405 225.5556349186104 61.7
      vertex 9.779837387624884 225.29312755504344 61.7
    endloop
  endfacet
  facet normal 0 0 1
    outer loop
      vertex 164.5 220 61.7
      vertex 9.96021435321441 224.998779099427 61.7
      vertex 10.092324335849337 224.67983738762487 61.7
    endloop
  endfacet
  facet normal 0 0 1
    outer loop
      vertex 164.5 220 61.7
      vertex 10.092324335849337 224.67983738762487 61.7
      vertex 10.172914349309304 224.3441558230885 61.7
    endloop
  endfacet
  facet normal 0 0 1
    outer loop
      vertex 164.5 220 61.7
      vertex 9.779837387624884 225.29312755504344 61.7
      vertex 9.96021435321441 224.998779099427 61.7
    endloop
  endfacet
  facet normal 0 0 1
    outer loop
      vertex 164.5 220 61.7
      vertex 9.29312755504344 225.7798373876249 61.7
      vertex 9.555634918610405 225.5556349186104 61.7
    endloop
  endfacet
  facet normal 0 -1 0
    outer loop
      vertex 13.433150180664116 220 6
      vertex 151.06684981933589 220 6
      vertex 151.06684981933589 220 6.5
    endloop
  endfacet
  facet normal 0 1 0
    outer loop
      vertex 153.41223837628885 230 6
      vertex 11.087761623711149 230 6.5
      vertex 153.41223837628885 230 6.5
    endloop
  endfacet
  facet normal 0 1 0
    outer loop
      vertex 11.087761623711149 230 6.5
      vertex 156.2340614094316 230 51.02092982098827
      vertex 153.41223837628885 230 6.5
    endloop
  endfacet
  facet normal 0 -1 0
    outer loop
      vertex 0 220 61.7
      vertex 151.06684981933589 220 6.5
      vertex 161.93315018066411 220 6.5
    endloop
  endfacet
  facet normal 0 -1 0
    outer loop
      vertex 0 220 61.7
      vertex 161.93315018066411 220 6.5
      vertex 164.5 220 6
    endloop
  endfacet
  facet normal 1 0 0
    outer loop
      vertex 164.5 220 0.2608695652173913
      vertex 164.5 230 0
      vertex 164.5 220 6
    endloop
  endfacet
  facet normal 0 -1 0
    outer loop
      vertex 164.5 220 6
      vertex 161.93315018066411 220 6.5
      vertex 161.93315018066411 220 6
    endloop
  endfacet
  facet normal 0 1 0
    outer loop
      vertex 164.5 230 6
      vertex 159.58776162371115 230 6
      vertex 159.58776162371115 230 6.5
    endloop
  endfacet
  facet normal 1 0 0
    outer loop
      vertex 164.5 230 0
      vertex 164.5 220 61.7
      vertex 164.5 220 6
    endloop
  endfacet
  facet normal 1 0 0
    outer loop
      vertex 164.5 230 0
      vertex 164.5 230 6
      vertex 164.5 220 61.7
    endloop
  endfacet
  facet normal 0 1 0
    outer loop
      vertex 164.5 230 61.7
      vertex 159.58776162371115 230 6.5
      vertex 153.41223837628885 230 6.5
    endloop
  endfacet
  facet normal 0 1 0
    outer loop
      vertex 164.5 230 6
      vertex 159.58776162371115 230 6.5
      vertex 164.5 230 61.7
    endloop
  endfacet
  facet normal 0 1 0
    outer loop
      vertex 11.087761623711149 230 6.5
      vertex 155.29791847198288 230 51.49791847198287
      vertex 155.5007650711028 230 51.324671109562594
    endloop
  endfacet
  facet normal 0 1 0
    outer loop
      vertex 11.087761623711149 230 6.5
      vertex 155.1246711095626 230 51.7007650711028
      vertex 155.29791847198288 230 51.49791847198287
    endloop
  endfacet
  facet normal 0 1 0
    outer loop
      vertex 11.087761623711149 230 6.5
      vertex 155.72821615044276 230 51.18528890887978
      vertex 155.9746711095626 230 51.08320392229824
    endloop
  endfacet
  facet normal 0 1 0
    outer loop
      vertex 11.087761623711149 230 6.5
      vertex 155.5007650711028 230 51.324671109562594
      vertex 155.72821615044276 230 51.18528890887978
    endloop
  endfacet
  facet normal 0 1 0
    outer loop
      vertex 11.087761623711149 230 6.5
      vertex 155.9746711095626 230 51.08320392229824
      vertex 156.2340614094316 230 51.02092982098827
    endloop
  endfacet
  facet normal 0 1 0
    outer loop
      vertex 11.087761623711149 230 6.5
      vertex 154.88320392229824 230 52.174671109562595
      vertex 154.98528890887977 230 51.92821615044277
    endloop
  endfacet
  facet normal 0 1 0
    outer loop
      vertex 11.087761623711149 230 6.5
      vertex 154.98528890887977 230 51.92821615044277
      vertex 155.1246711095626 230 51.7007650711028
    endloop
  endfacet
  facet normal 0 1 0
    outer loop
      vertex 11.087761623711149 230 6.5
      vertex 154.82092982098825 230 52.434061409431614
      vertex 154.88320392229824 230 52.174671109562595
    endloop
  endfacet
  facet normal 0 1 0
    outer loop
      vertex 11.087761623711149 230 6.5
      vertex 154.8 230 52.7
      vertex 154.82092982098825 230 52.434061409431614
    endloop
  endfacet
  facet normal 0 1 0
    outer loop
      vertex 11.087761623711149 230 6.5
      vertex 154.82092982098825 230 52.96593859056839
      vertex 154.8 230 52.7
    endloop
  endfacet
  facet normal 0 1 0
    outer loop
      vertex 11.087761623711149 230 6.5
      vertex 154.88320392229824 230 53.22532889043741
      vertex 154.82092982098825 230 52.96593859056839
    endloop
  endfacet
  facet normal 0 1 0
    outer loop
      vertex 11.087761623711149 230 6.5
      vertex 154.98528890887977 230 53.471783849557234
      vertex 154.88320392229824 230 53.22532889043741
    endloop
  endfacet
  facet normal 0 1 0
    outer loop
      vertex 11.087761623711149 230 6.5
      vertex 155.1246711095626 230 53.699234928897205
      vertex 154.98528890887977 230 53.471783849557234
    endloop
  endfacet
  facet normal 0 1 0
    outer loop
      vertex 11.087761623711149 230 6.5
      vertex 155.29791847198288 230 53.902081528017135
      vertex 155.1246711095626 230 53.699234928897205
    endloop
  endfacet
  facet normal 0 1 0
    outer loop
      vertex 11.087761623711149 230 6.5
      vertex 155.5007650711028 230 54.07532889043741
      vertex 155.29791847198288 230 53.902081528017135
    endloop
  endfacet
  facet normal 0 1 0
    outer loop
      vertex 11.087761623711149 230 6.5
      vertex 155.72821615044276 230 54.21471109112023
      vertex 155.5007650711028 230 54.07532889043741
    endloop
  endfacet
  facet normal 0 1 0
    outer loop
      vertex 11.087761623711149 230 6.5
      vertex 155.9746711095626 230 54.31679607770177
      vertex 155.72821615044276 230 54.21471109112023
    endloop
  endfacet
  facet normal 0 -1 0
    outer loop
      vertex 0 220 61.7
      vertex 164.5 220 6
      vertex 156.5 220 51
    endloop
  endfacet
  facet normal 0 1 0
    outer loop
      vertex 164.5 230 61.7
      vertex 155.9746711095626 230 54.31679607770177
      vertex 11.087761623711149 230 6.5
    endloop
  endfacet
  facet normal 0 -1 0
    outer loop
      vertex 0 220 61.7
      vertex 155.9746711095626 220 51.08320392229824
      vertex 155.72821615044276 220 51.18528890887978
    endloop
  endfacet
  facet normal 0 -1 0
    outer loop
      vertex 0 220 61.7
      vertex 156.2340614094316 220 51.02092982098827
      vertex 155.9746711095626 220 51.08320392229824
    endloop
  endfacet
  facet normal 0 -1 0
    outer loop
      vertex 0 220 61.7
      vertex 155.72821615044276 220 51.18528890887978
      vertex 155.5007650711028 220 51.324671109562594
    endloop
  endfacet
  facet normal 0 -1 0
    outer loop
      vertex 0 220 61.7
      vertex 155.5007650711028 220 51.324671109562594
      vertex 155.29791847198288 220 51.49791847198287
    endloop
  endfacet
  facet normal 0 -1 0
    outer loop
      vertex 0 220 61.7
      vertex 156.5 220 51
      vertex 156.2340614094316 220 51.02092982098827
    endloop
  endfacet
  facet normal 0 -1 0
    outer loop
      vertex 0 220 61.7
      vertex 155.1246711095626 220 51.7007650711028
      vertex 154.98528890887977 220 51.92821615044277
    endloop
  endfacet
  facet normal 0 -1 0
    outer loop
      vertex 0 220 61.7
      vertex 154.98528890887977 220 51.92821615044277
      vertex 154.88320392229824 220 52.174671109562595
    endloop
  endfacet
  facet normal 0 -1 0
    outer loop
      vertex 0 220 61.7
      vertex 155.29791847198288 220 51.49791847198287
      vertex 155.1246711095626 220 51.7007650711028
    endloop
  endfacet
  facet normal 0 -1 0
    outer loop
      vertex 0 220 61.7
      vertex 154.88320392229824 220 52.174671109562595
      vertex 154.82092982098825 220 52.434061409431614
    endloop
  endfacet
  facet normal 0 -1 0
    outer loop
      vertex 0 220 61.7
      vertex 154.82092982098825 220 52.434061409431614
      vertex 154.8 220 52.7
    endloop
  endfacet
  facet normal 0 -1 0
    outer loop
      vertex 0 220 61.7
      vertex 154.8 220 52.7
      vertex 154.82092982098825 220 52.96593859056839
    endloop
  endfacet
  facet normal 0 -1 0
    outer loop
      vertex 0 220 61.7
      vertex 154.82092982098825 220 52.96593859056839
      vertex 154.88320392229824 220 53.22532889043741
    endloop
  endfacet
  facet normal 0 -1 0
    outer loop
      vertex 0 220 61.7
      vertex 154.88320392229824 220 53.22532889043741
      vertex 154.98528890887977 220 53.471783849557234
    endloop
  endfacet
  facet normal 0 -1 0
    outer loop
      vertex 0 220 61.7
      vertex 154.98528890887977 220 53.471783849557234
      vertex 155.1246711095626 220 53.699234928897205
    endloop
  endfacet
  facet normal 0 -1 0
    outer loop
      vertex 0 220 61.7
      vertex 155.1246711095626 220 53.699234928897205
      vertex 155.29791847198288 220 53.902081528017135
    endloop
  endfacet
  facet normal 0 -1 0
    outer loop
      vertex 0 220 61.7
      vertex 155.29791847198288 220 53.902081528017135
      vertex 155.5007650711028 220 54.07532889043741
    endloop
  endfacet
  facet normal 0 -1 0
    outer loop
      vertex 0 220 61.7
      vertex 155.5007650711028 220 54.07532889043741
      vertex 155.72821615044276 220 54.21471109112023
    endloop
  endfacet
  facet normal 0 -1 0
    outer loop
      vertex 0 220 61.7
      vertex 155.72821615044276 220 54.21471109112023
      vertex 155.9746711095626 220 54.31679607770177
    endloop
  endfacet
  facet normal 0 -1 0
    outer loop
      vertex 0 220 61.7
      vertex 155.9746711095626 220 54.31679607770177
      vertex 156.2340614094316 220 54.379070179011734
    endloop
  endfacet
  facet normal 0 -1 0
    outer loop
      vertex 0 220 61.7
      vertex 156.2340614094316 220 54.379070179011734
      vertex 156.5 220 54.400000000000006
    endloop
  endfacet
  facet normal 0 -1 0
    outer loop
      vertex 0 220 61.7
      vertex 156.5 220 54.400000000000006
      vertex 164.5 220 61.7
    endloop
  endfacet
  facet normal 0 0 1
    outer loop
      vertex 0 230 61.7
      vertex 156.1558441769115 221.8270856506907 61.7
      vertex 155.82016261237513 221.90767566415067 61.7
    endloop
  endfacet
  facet normal 0 0 1
    outer loop
      vertex 0 230 61.7
      vertex 154.7201626123751 222.70687244495656 61.7
      vertex 154.5397856467856 223.001220900573 61.7
    endloop
  endfacet
  facet normal 0 0 1
    outer loop
      vertex 0 230 61.7
      vertex 154.5397856467856 223.001220900573 61.7
      vertex 154.40767566415067 223.32016261237513 61.7
    endloop
  endfacet
  facet normal 0 0 1
    outer loop
      vertex 0 230 61.7
      vertex 154.9443650813896 222.4443650813896 61.7
      vertex 154.7201626123751 222.70687244495656 61.7
    endloop
  endfacet
  facet normal 0 0 1
    outer loop
      vertex 0 230 61.7
      vertex 155.20687244495656 222.2201626123751 61.7
      vertex 154.9443650813896 222.4443650813896 61.7
    endloop
  endfacet
  facet normal 0 0 1
    outer loop
      vertex 0 230 61.7
      vertex 154.40767566415067 223.32016261237513 61.7
      vertex 154.3270856506907 223.6558441769115 61.7
    endloop
  endfacet
  facet normal 0 0 1
    outer loop
      vertex 0 230 61.7
      vertex 154.3270856506907 223.6558441769115 61.7
      vertex 154.3 224 61.7
    endloop
  endfacet
  facet normal 0 0 1
    outer loop
      vertex 0 230 61.7
      vertex 154.3 224 61.7
      vertex 154.3270856506907 224.3441558230885 61.7
    endloop
  endfacet
  facet normal 0 0 1
    outer loop
      vertex 0 230 61.7
      vertex 154.3270856506907 224.3441558230885 61.7
      vertex 154.40767566415067 224.67983738762487 61.7
    endloop
  endfacet
  facet normal 0 0 1
    outer loop
      vertex 0 230 61.7
      vertex 155.501220900573 222.0397856467856 61.7
      vertex 155.20687244495656 222.2201626123751 61.7
    endloop
  endfacet
  facet normal 0 0 1
    outer loop
      vertex 0 230 61.7
      vertex 155.82016261237513 221.90767566415067 61.7
      vertex 155.501220900573 222.0397856467856 61.7
    endloop
  endfacet
  facet normal 0 0 1
    outer loop
      vertex 0 230 61.7
      vertex 156.5 221.8 61.7
      vertex 156.1558441769115 221.8270856506907 61.7
    endloop
  endfacet
  facet normal 0 0 1
    outer loop
      vertex 0 230 61.7
      vertex 154.40767566415067 224.67983738762487 61.7
      vertex 154.5397856467856 224.998779099427 61.7
    endloop
  endfacet
  facet normal 0 0 1
    outer loop
      vertex 0 230 61.7
      vertex 154.5397856467856 224.998779099427 61.7
      vertex 154.7201626123751 225.29312755504344 61.7
    endloop
  endfacet
  facet normal 0 0 1
    outer loop
      vertex 0 230 61.7
      vertex 154.7201626123751 225.29312755504344 61.7
      vertex 154.9443650813896 225.5556349186104 61.7
    endloop
  endfacet
  facet normal 0 0 1
    outer loop
      vertex 0 230 61.7
      vertex 154.9443650813896 225.5556349186104 61.7
      vertex 155.20687244495656 225.7798373876249 61.7
    endloop
  endfacet
  facet normal 0 0 1
    outer loop
      vertex 0 230 61.7
      vertex 155.20687244495656 225.7798373876249 61.7
      vertex 155.501220900573 225.9602143532144 61.7
    endloop
  endfacet
  facet normal 0 0 1
    outer loop
      vertex 0 230 61.7
      vertex 155.501220900573 225.9602143532144 61.7
      vertex 155.82016261237513 226.09232433584933 61.7
    endloop
  endfacet
  facet normal 0 0 1
    outer loop
      vertex 0 230 61.7
      vertex 155.82016261237513 226.09232433584933 61.7
      vertex 156.1558441769115 226.1729143493093 61.7
    endloop
  endfacet
  facet normal 0 0 1
    outer loop
      vertex 0 230 61.7
      vertex 156.1558441769115 226.1729143493093 61.7
      vertex 156.5 226.2 61.7
    endloop
  endfacet
  facet normal 0 0 1
    outer loop
      vertex 0 230 61.7
      vertex 164.5 220 61.7
      vertex 156.5 221.8 61.7
    endloop
  endfacet
  facet normal 0 0 1
    outer loop
      vertex 0 230 61.7
      vertex 156.5 226.2 61.7
      vertex 164.5 230 61.7
    endloop
  endfacet
  facet normal 0 -1 0
    outer loop
      vertex 164.5 220 6
      vertex 156.7659385905684 220 51.02092982098827
      vertex 156.5 220 51
    endloop
  endfacet
  facet normal 0 1 0
    outer loop
      vertex 153.41223837628885 230 6.5
      vertex 156.2340614094316 230 51.02092982098827
      vertex 156.5 230 51
    endloop
  endfacet
  facet normal 0 1 0
    outer loop
      vertex 153.41223837628885 230 6.5
      vertex 156.5 230 51
      vertex 156.7659385905684 230 51.02092982098827
    endloop
  endfacet
  facet normal 0 1 0
    outer loop
      vertex 153.41223837628885 230 6.5
      vertex 156.7659385905684 230 51.02092982098827
      vertex 157.0253288904374 230 51.08320392229824
    endloop
  endfacet
  facet normal 0 1 0
    outer loop
      vertex 153.41223837628885 230 6.5
      vertex 157.0253288904374 230 51.08320392229824
      vertex 157.27178384955724 230 51.18528890887978
    endloop
  endfacet
  facet normal 0 1 0
    outer loop
      vertex 153.41223837628885 230 6.5
      vertex 157.27178384955724 230 51.18528890887978
      vertex 157.4992349288972 230 51.324671109562594
    endloop
  endfacet
  facet normal 0 1 0
    outer loop
      vertex 153.41223837628885 230 6.5
      vertex 157.4992349288972 230 51.324671109562594
      vertex 157.70208152801712 230 51.49791847198287
    endloop
  endfacet
  facet normal 0 1 0
    outer loop
      vertex 153.41223837628885 230 6.5
      vertex 157.70208152801712 230 51.49791847198287
      vertex 157.8753288904374 230 51.7007650711028
    endloop
  endfacet
  facet normal 0 1 0
    outer loop
      vertex 153.41223837628885 230 6.5
      vertex 157.8753288904374 230 51.7007650711028
      vertex 158.01471109112023 230 51.92821615044277
    endloop
  endfacet
  facet normal 0 1 0
    outer loop
      vertex 153.41223837628885 230 6.5
      vertex 158.01471109112023 230 51.92821615044277
      vertex 158.11679607770176 230 52.174671109562595
    endloop
  endfacet
  facet normal 0 1 0
    outer loop
      vertex 153.41223837628885 230 6.5
      vertex 158.11679607770176 230 52.174671109562595
      vertex 158.17907017901175 230 52.434061409431614
    endloop
  endfacet
  facet normal 0 -1 0
    outer loop
      vertex 164.5 220 6
      vertex 157.0253288904374 220 51.08320392229824
      vertex 156.7659385905684 220 51.02092982098827
    endloop
  endfacet
  facet normal 0 -1 0
    outer loop
      vertex 164.5 220 6
      vertex 157.27178384955724 220 51.18528890887978
      vertex 157.0253288904374 220 51.08320392229824
    endloop
  endfacet
  facet normal 0 -1 0
    outer loop
      vertex 164.5 220 6
      vertex 157.4992349288972 220 51.324671109562594
      vertex 157.27178384955724 220 51.18528890887978
    endloop
  endfacet
  facet normal 0 -1 0
    outer loop
      vertex 164.5 220 6
      vertex 157.70208152801712 220 51.49791847198287
      vertex 157.4992349288972 220 51.324671109562594
    endloop
  endfacet
  facet normal 0 -1 0
    outer loop
      vertex 164.5 220 6
      vertex 157.8753288904374 220 51.7007650711028
      vertex 157.70208152801712 220 51.49791847198287
    endloop
  endfacet
  facet normal 0 1 0
    outer loop
      vertex 164.5 230 61.7
      vertex 153.41223837628885 230 6.5
      vertex 158.17907017901175 230 52.434061409431614
    endloop
  endfacet
  facet normal 0 -1 0
    outer loop
      vertex 164.5 220 6
      vertex 164.5 220 61.7
      vertex 157.8753288904374 220 51.7007650711028
    endloop
  endfacet
  facet normal 1 0 0
    outer loop
      vertex 164.5 230 6
      vertex 164.5 230 61.7
      vertex 164.5 220 61.7
    endloop
  endfacet
  facet normal 0 -1 0
    outer loop
      vertex 164.5 220 61.7
      vertex 156.5 220 54.400000000000006
      vertex 156.7659385905684 220 54.379070179011734
    endloop
  endfacet
  facet normal 0 1 0
    outer loop
      vertex 164.5 230 61.7
      vertex 156.2340614094316 230 54.379070179011734
      vertex 155.9746711095626 230 54.31679607770177
    endloop
  endfacet
  facet normal 0 1 0
    outer loop
      vertex 164.5 230 61.7
      vertex 156.5 230 54.400000000000006
      vertex 156.2340614094316 230 54.379070179011734
    endloop
  endfacet
  facet normal 0 1 0
    outer loop
      vertex 164.5 230 61.7
      vertex 156.7659385905684 230 54.379070179011734
      vertex 156.5 230 54.400000000000006
    endloop
  endfacet
  facet normal 0 -1 0
    outer loop
      vertex 164.5 220 61.7
      vertex 158.01471109112023 220 51.92821615044277
      vertex 157.8753288904374 220 51.7007650711028
    endloop
  endfacet
  facet normal 0 -1 0
    outer loop
      vertex 164.5 220 61.7
      vertex 158.11679607770176 220 52.174671109562595
      vertex 158.01471109112023 220 51.92821615044277
    endloop
  endfacet
  facet normal 0 -1 0
    outer loop
      vertex 164.5 220 61.7
      vertex 158.17907017901175 220 52.434061409431614
      vertex 158.11679607770176 220 52.174671109562595
    endloop
  endfacet
  facet normal 0 -1 0
    outer loop
      vertex 164.5 220 61.7
      vertex 158.2 220 52.7
      vertex 158.17907017901175 220 52.434061409431614
    endloop
  endfacet
  facet normal 0 -1 0
    outer loop
      vertex 164.5 220 61.7
      vertex 158.17907017901175 220 52.96593859056839
      vertex 158.2 220 52.7
    endloop
  endfacet
  facet normal 0 -1 0
    outer loop
      vertex 164.5 220 61.7
      vertex 158.11679607770176 220 53.22532889043741
      vertex 158.17907017901175 220 52.96593859056839
    endloop
  endfacet
  facet normal 0 -1 0
    outer loop
      vertex 164.5 220 61.7
      vertex 158.01471109112023 220 53.471783849557234
      vertex 158.11679607770176 220 53.22532889043741
    endloop
  endfacet
  facet normal 0 -1 0
    outer loop
      vertex 164.5 220 61.7
      vertex 157.8753288904374 220 53.699234928897205
      vertex 158.01471109112023 220 53.471783849557234
    endloop
  endfacet
  facet normal 0 -1 0
    outer loop
      vertex 164.5 220 61.7
      vertex 157.4992349288972 220 54.07532889043741
      vertex 157.70208152801712 220 53.902081528017135
    endloop
  endfacet
  facet normal 0 -1 0
    outer loop
      vertex 164.5 220 61.7
      vertex 157.0253288904374 220 54.31679607770177
      vertex 157.27178384955724 220 54.21471109112023
    endloop
  endfacet
  facet normal 0 -1 0
    outer loop
      vertex 164.5 220 61.7
      vertex 156.7659385905684 220 54.379070179011734
      vertex 157.0253288904374 220 54.31679607770177
    endloop
  endfacet
  facet normal 0 -1 0
    outer loop
      vertex 164.5 220 61.7
      vertex 157.27178384955724 220 54.21471109112023
      vertex 157.4992349288972 220 54.07532889043741
    endloop
  endfacet
  facet normal 0 -1 0
    outer loop
      vertex 164.5 220 61.7
      vertex 157.70208152801712 220 53.902081528017135
      vertex 157.8753288904374 220 53.699234928897205
    endloop
  endfacet
  facet normal 0 1 0
    outer loop
      vertex 164.5 230 61.7
      vertex 158.17907017901175 230 52.434061409431614
      vertex 158.2 230 52.7
    endloop
  endfacet
  facet normal 0 1 0
    outer loop
      vertex 164.5 230 61.7
      vertex 158.2 230 52.7
      vertex 158.17907017901175 230 52.96593859056839
    endloop
  endfacet
  facet normal 0 1 0
    outer loop
      vertex 164.5 230 61.7
      vertex 158.17907017901175 230 52.96593859056839
      vertex 158.11679607770176 230 53.22532889043741
    endloop
  endfacet
  facet normal 0 1 0
    outer loop
      vertex 164.5 230 61.7
      vertex 158.11679607770176 230 53.22532889043741
      vertex 158.01471109112023 230 53.471783849557234
    endloop
  endfacet
  facet normal 0 1 0
    outer loop
      vertex 164.5 230 61.7
      vertex 158.01471109112023 230 53.471783849557234
      vertex 157.8753288904374 230 53.699234928897205
    endloop
  endfacet
  facet normal 0 1 0
    outer loop
      vertex 164.5 230 61.7
      vertex 157.70208152801712 230 53.902081528017135
      vertex 157.4992349288972 230 54.07532889043741
    endloop
  endfacet
  facet normal 0 1 0
    outer loop
      vertex 164.5 230 61.7
      vertex 157.27178384955724 230 54.21471109112023
      vertex 157.0253288904374 230 54.31679607770177
    endloop
  endfacet
  facet normal 0 1 0
    outer loop
      vertex 164.5 230 61.7
      vertex 157.0253288904374 230 54.31679607770177
      vertex 156.7659385905684 230 54.379070179011734
    endloop
  endfacet
  facet normal 0 1 0
    outer loop
      vertex 164.5 230 61.7
      vertex 157.4992349288972 230 54.07532889043741
      vertex 157.27178384955724 230 54.21471109112023
    endloop
  endfacet
  facet normal 0 1 0
    outer loop
      vertex 164.5 230 61.7
      vertex 157.8753288904374 230 53.699234928897205
      vertex 157.70208152801712 230 53.902081528017135
    endloop
  endfacet
  facet normal 0 0 1
    outer loop
      vertex 164.5 220 61.7
      vertex 156.8441558230885 221.8270856506907 61.7
      vertex 156.5 221.8 61.7
    endloop
  endfacet
  facet normal 0 0 1
    outer loop
      vertex 164.5 230 61.7
      vertex 156.5 226.2 61.7
      vertex 156.8441558230885 226.1729143493093 61.7
    endloop
  endfacet
  facet normal 0 0 1
    outer loop
      vertex 164.5 220 61.7
      vertex 157.17983738762487 221.90767566415067 61.7
      vertex 156.8441558230885 221.8270856506907 61.7
    endloop
  endfacet
  facet normal 0 0 1
    outer loop
      vertex 164.5 220 61.7
      vertex 157.498779099427 222.0397856467856 61.7
      vertex 157.17983738762487 221.90767566415067 61.7
    endloop
  endfacet
  facet normal 0 0 1
    outer loop
      vertex 164.5 220 61.7
      vertex 157.79312755504344 222.2201626123751 61.7
      vertex 157.498779099427 222.0397856467856 61.7
    endloop
  endfacet
  facet normal 0 0 1
    outer loop
      vertex 164.5 220 61.7
      vertex 158.0556349186104 222.4443650813896 61.7
      vertex 157.79312755504344 222.2201626123751 61.7
    endloop
  endfacet
  facet normal 0 0 1
    outer loop
      vertex 164.5 220 61.7
      vertex 158.2798373876249 222.70687244495656 61.7
      vertex 158.0556349186104 222.4443650813896 61.7
    endloop
  endfacet
  facet normal 0 0 1
    outer loop
      vertex 164.5 220 61.7
      vertex 158.4602143532144 223.001220900573 61.7
      vertex 158.2798373876249 222.70687244495656 61.7
    endloop
  endfacet
  facet normal 0 0 1
    outer loop
      vertex 164.5 220 61.7
      vertex 158.59232433584933 223.32016261237513 61.7
      vertex 158.4602143532144 223.001220900573 61.7
    endloop
  endfacet
  facet normal 0 0 1
    outer loop
      vertex 164.5 220 61.7
      vertex 158.6729143493093 223.6558441769115 61.7
      vertex 158.59232433584933 223.32016261237513 61.7
    endloop
  endfacet
  facet normal 0 0 1
    outer loop
      vertex 164.5 220 61.7
      vertex 158.7 224 61.7
      vertex 158.6729143493093 223.6558441769115 61.7
    endloop
  endfacet
  facet normal 0 0 1
    outer loop
      vertex 164.5 230 61.7
      vertex 158.6729143493093 224.3441558230885 61.7
      vertex 158.7 224 61.7
    endloop
  endfacet
  facet normal 0 0 1
    outer loop
      vertex 164.5 230 61.7
      vertex 158.59232433584933 224.67983738762487 61.7
      vertex 158.6729143493093 224.3441558230885 61.7
    endloop
  endfacet
  facet normal 0 0 1
    outer loop
      vertex 164.5 230 61.7
      vertex 157.498779099427 225.9602143532144 61.7
      vertex 157.79312755504344 225.7798373876249 61.7
    endloop
  endfacet
  facet normal 0 0 1
    outer loop
      vertex 164.5 230 61.7
      vertex 156.8441558230885 226.1729143493093 61.7
      vertex 157.17983738762487 226.09232433584933 61.7
    endloop
  endfacet
  facet normal 0 0 1
    outer loop
      vertex 164.5 230 61.7
      vertex 157.17983738762487 226.09232433584933 61.7
      vertex 157.498779099427 225.9602143532144 61.7
    endloop
  endfacet
  facet normal 0 0 1
    outer loop
      vertex 164.5 230 61.7
      vertex 157.79312755504344 225.7798373876249 61.7
      vertex 158.0556349186104 225.5556349186104 61.7
    endloop
  endfacet
  facet normal 0 0 1
    outer loop
      vertex 164.5 230 61.7
      vertex 158.0556349186104 225.5556349186104 61.7
      vertex 158.2798373876249 225.29312755504344 61.7
    endloop
  endfacet
  facet normal 0 0 1
    outer loop
      vertex 164.5 230 61.7
      vertex 158.2798373876249 225.29312755504344 61.7
      vertex 158.4602143532144 224.998779099427 61.7
    endloop
  endfacet
  facet normal 0 0 1
    outer loop
      vertex 164.5 230 61.7
      vertex 158.4602143532144 224.998779099427 61.7
      vertex 158.59232433584933 224.67983738762487 61.7
    endloop
  endfacet
  facet normal 0 0 1
    outer loop
      vertex 164.5 220 61.7
      vertex 164.5 230 61.7
      vertex 158.7 224 61.7
    endloop
  endfacet
  facet normal -1 0 0
    outer loop
      vertex 0 30 0
      vertex 0 30 6
      vertex 0 42 0
    endloop
  endfacet
  facet normal -1 0 0
    outer loop
      vertex 0 42 0
      vertex 0 30 6
      vertex 0 42 6
    endloop
  endfacet
  facet normal -1 0 0
    outer loop
      vertex 0 30 6
      vertex 0 42 24
      vertex 0 42 6
    endloop
  endfacet
  facet normal -1 0 0
    outer loop
      vertex 0 30 6
      vertex 0 30 24
      vertex 0 42 24
    endloop
  endfacet
  facet normal -1 0 0
    outer loop
      vertex 0 142 0
      vertex 0 142 6
      vertex 0 154 0
    endloop
  endfacet
  facet normal -1 0 0
    outer loop
      vertex 0 142 6
      vertex 0 154 6
      vertex 0 154 0
    endloop
  endfacet
  facet normal -1 0 0
    outer loop
      vertex 0 142 6
      vertex 0 142 24
      vertex 0 154 6
    endloop
  endfacet
  facet normal -1 0 0
    outer loop
      vertex 0 154 6
      vertex 0 142 24
      vertex 0 154 24
    endloop
  endfacet
  facet normal 1 0 0
    outer loop
      vertex 164.5 30 0
      vertex 164.5 42 0
      vertex 164.5 30 6
    endloop
  endfacet
  facet normal 1 0 0
    outer loop
      vertex 164.5 42 0
      vertex 164.5 42 6
      vertex 164.5 30 6
    endloop
  endfacet
  facet normal 1 0 0
    outer loop
      vertex 164.5 30 6
      vertex 164.5 42 6
      vertex 164.5 42 24
    endloop
  endfacet
  facet normal 1 0 0
    outer loop
      vertex 164.5 30 6
      vertex 164.5 42 24
      vertex 164.5 30 24
    endloop
  endfacet
  facet normal 1 0 0
    outer loop
      vertex 164.5 142 0
      vertex 164.5 154 0
      vertex 164.5 142 6
    endloop
  endfacet
  facet normal 1 0 0
    outer loop
      vertex 164.5 142 6
      vertex 164.5 154 0
      vertex 164.5 154 6
    endloop
  endfacet
  facet normal 1 0 0
    outer loop
      vertex 164.5 142 6
      vertex 164.5 154 6
      vertex 164.5 154 24
    endloop
  endfacet
  facet normal 1 0 0
    outer loop
      vertex 164.5 142 6
      vertex 164.5 154 24
      vertex 164.5 142 24
    endloop
  endfacet
  facet normal 0.6494480483301825 0.7604059656000319 0
    outer loop
      vertex 6.444365081389595 3.444365081389595 2.5
      vertex 6.706872444956559 3.2201626123751153 0
      vertex 6.444365081389595 3.444365081389595 0
    endloop
  endfacet
  facet normal 0.522498564715949 0.8526401643540922 0
    outer loop
      vertex 6.706872444956559 3.2201626123751153 2.5
      vertex 7.001220900572997 3.0397856467855906 0
      vertex 6.706872444956559 3.2201626123751153 0
    endloop
  endfacet
  facet normal 0.38268343236508867 0.9238795325112873 0
    outer loop
      vertex 7.001220900572997 3.0397856467855906 2.5
      vertex 7.320162612375116 2.9076756641506623 0
      vertex 7.001220900572997 3.0397856467855906 0
    endloop
  endfacet
  facet normal 0.23344536385590675 0.9723699203976763 0
    outer loop
      vertex 7.320162612375116 2.9076756641506623 2.5
      vertex 7.655844176911492 2.8270856506906967 0
      vertex 7.320162612375116 2.9076756641506623 0
    endloop
  endfacet
  facet normal 0.7604059656000319 0.6494480483301825 2.5584610350945563e-18
    outer loop
      vertex 6.220162612375115 3.7068724449565593 2.5
      vertex 6.444365081389595 3.444365081389595 2.5
      vertex 6.444365081389595 3.444365081389595 0
    endloop
  endfacet
  facet normal 0.6494480483301825 0.7604059656000319 2.5584610350945563e-18
    outer loop
      vertex 6.444365081389595 3.444365081389595 2.5
      vertex 6.706872444956559 3.2201626123751153 2.5
      vertex 6.706872444956559 3.2201626123751153 0
    endloop
  endfacet
  facet normal 0.522498564715949 0.8526401643540922 -1.0848452854501561e-18
    outer loop
      vertex 6.706872444956559 3.2201626123751153 2.5
      vertex 7.001220900572997 3.0397856467855906 2.5
      vertex 7.001220900572997 3.0397856467855906 0
    endloop
  endfacet
  facet normal 0.38268343236508867 0.9238795325112873 7.69021748833481e-19
    outer loop
      vertex 7.001220900572997 3.0397856467855906 2.5
      vertex 7.320162612375116 2.9076756641506623 2.5
      vertex 7.320162612375116 2.9076756641506623 0
    endloop
  endfacet
  facet normal 0.23344536385590675 0.9723699203976763 -8.770434851247188e-19
    outer loop
      vertex 7.320162612375116 2.9076756641506623 2.5
      vertex 7.655844176911492 2.8270856506906967 2.5
      vertex 7.655844176911492 2.8270856506906967 0
    endloop
  endfacet
  facet normal 0.8526401643540922 0.522498564715949 0
    outer loop
      vertex 6.039785646785591 4.001220900572997 2.5
      vertex 6.220162612375115 3.7068724449565593 0
      vertex 6.039785646785591 4.001220900572997 0
    endloop
  endfacet
  facet normal 0.9238795325112877 0.3826834323650876 0
    outer loop
      vertex 5.907675664150663 4.320162612375116 2.5
      vertex 6.039785646785591 4.001220900572997 0
      vertex 5.907675664150663 4.320162612375116 0
    endloop
  endfacet
  facet normal 0.7604059656000319 0.6494480483301825 0
    outer loop
      vertex 6.220162612375115 3.7068724449565593 2.5
      vertex 6.444365081389595 3.444365081389595 0
      vertex 6.220162612375115 3.7068724449565593 0
    endloop
  endfacet
  facet normal 0.9723699203976757 0.2334453638559092 0
    outer loop
      vertex 5.827085650690696 4.655844176911492 2.5
      vertex 5.907675664150663 4.320162612375116 0
      vertex 5.827085650690696 4.655844176911492 0
    endloop
  endfacet
  facet normal 0.9969173337331281 0.0784590957278433 0
    outer loop
      vertex 5.8 5 2.5
      vertex 5.827085650690696 4.655844176911492 0
      vertex 5.8 5 0
    endloop
  endfacet
  facet normal 0.9969173337331281 -0.0784590957278433 0
    outer loop
      vertex 5.827085650690696 5.344155823088508 2.5
      vertex 5.8 5 0
      vertex 5.827085650690696 5.344155823088508 0
    endloop
  endfacet
  facet normal 0.9723699203976757 -0.2334453638559092 0
    outer loop
      vertex 5.907675664150663 5.679837387624884 2.5
      vertex 5.827085650690696 5.344155823088508 0
      vertex 5.907675664150663 5.679837387624884 0
    endloop
  endfacet
  facet normal 0.9238795325112877 -0.3826834323650876 0
    outer loop
      vertex 6.039785646785591 5.998779099427003 2.5
      vertex 5.907675664150663 5.679837387624884 0
      vertex 6.039785646785591 5.998779099427003 0
    endloop
  endfacet
  facet normal 0.8526401643540922 -0.522498564715949 0
    outer loop
      vertex 6.220162612375115 6.293127555043441 2.5
      vertex 6.039785646785591 5.998779099427003 0
      vertex 6.220162612375115 6.293127555043441 0
    endloop
  endfacet
  facet normal 0.7604059656000319 -0.6494480483301825 0
    outer loop
      vertex 6.444365081389595 6.555634918610405 2.5
      vertex 6.220162612375115 6.293127555043441 0
      vertex 6.444365081389595 6.555634918610405 0
    endloop
  endfacet
  facet normal 0.6494480483301825 -0.7604059656000319 0
    outer loop
      vertex 6.706872444956559 6.779837387624885 2.5
      vertex 6.444365081389595 6.555634918610405 0
      vertex 6.706872444956559 6.779837387624885 0
    endloop
  endfacet
  facet normal 0.522498564715949 -0.8526401643540922 0
    outer loop
      vertex 7.001220900572997 6.960214353214409 2.5
      vertex 6.706872444956559 6.779837387624885 0
      vertex 7.001220900572997 6.960214353214409 0
    endloop
  endfacet
  facet normal 0.3826834323650876 -0.9238795325112877 0
    outer loop
      vertex 7.320162612375116 7.092324335849337 2.5
      vertex 7.001220900572997 6.960214353214409 0
      vertex 7.320162612375116 7.092324335849337 0
    endloop
  endfacet
  facet normal 0.2334453638559092 -0.9723699203976757 0
    outer loop
      vertex 7.655844176911492 7.172914349309304 2.5
      vertex 7.320162612375116 7.092324335849337 0
      vertex 7.655844176911492 7.172914349309304 0
    endloop
  endfacet
  facet normal 0.9723699203976757 0.2334453638559092 0
    outer loop
      vertex 5.907675664150663 4.320162612375116 2.5
      vertex 5.907675664150663 4.320162612375116 0
      vertex 5.827085650690696 4.655844176911492 2.5
    endloop
  endfacet
  facet normal 0.9238795325112877 0.3826834323650876 -3.956311602826204e-18
    outer loop
      vertex 5.907675664150663 4.320162612375116 2.5
      vertex 6.039785646785591 4.001220900572997 2.5
      vertex 6.039785646785591 4.001220900572997 0
    endloop
  endfacet
  facet normal 0.8526401643540922 0.522498564715949 0
    outer loop
      vertex 6.220162612375115 3.7068724449565593 2.5
      vertex 6.220162612375115 3.7068724449565593 0
      vertex 6.039785646785591 4.001220900572997 2.5
    endloop
  endfacet
  facet normal 0.9969173337331281 0.0784590957278433 0
    outer loop
      vertex 5.827085650690696 4.655844176911492 2.5
      vertex 5.827085650690696 4.655844176911492 0
      vertex 5.8 5 2.5
    endloop
  endfacet
  facet normal 0.9969173337331281 -0.0784590957278433 0
    outer loop
      vertex 5.8 5 2.5
      vertex 5.8 5 0
      vertex 5.827085650690696 5.344155823088508 2.5
    endloop
  endfacet
  facet normal 0.9723699203976757 -0.2334453638559092 0
    outer loop
      vertex 5.827085650690696 5.344155823088508 2.5
      vertex 5.827085650690696 5.344155823088508 0
      vertex 5.907675664150663 5.679837387624884 2.5
    endloop
  endfacet
  facet normal 0.9238795325112877 -0.3826834323650876 0
    outer loop
      vertex 5.907675664150663 5.679837387624884 2.5
      vertex 5.907675664150663 5.679837387624884 0
      vertex 6.039785646785591 5.998779099427003 2.5
    endloop
  endfacet
  facet normal 0.8526401643540922 -0.522498564715949 0
    outer loop
      vertex 6.039785646785591 5.998779099427003 2.5
      vertex 6.039785646785591 5.998779099427003 0
      vertex 6.220162612375115 6.293127555043441 2.5
    endloop
  endfacet
  facet normal 0.7604059656000319 -0.6494480483301825 0
    outer loop
      vertex 6.220162612375115 6.293127555043441 2.5
      vertex 6.220162612375115 6.293127555043441 0
      vertex 6.444365081389595 6.555634918610405 2.5
    endloop
  endfacet
  facet normal 0.6494480483301825 -0.7604059656000319 0
    outer loop
      vertex 6.444365081389595 6.555634918610405 2.5
      vertex 6.444365081389595 6.555634918610405 0
      vertex 6.706872444956559 6.779837387624885 2.5
    endloop
  endfacet
  facet normal 0.522498564715949 -0.8526401643540922 0
    outer loop
      vertex 6.706872444956559 6.779837387624885 2.5
      vertex 6.706872444956559 6.779837387624885 0
      vertex 7.001220900572997 6.960214353214409 2.5
    endloop
  endfacet
  facet normal 0.3826834323650876 -0.9238795325112877 0
    outer loop
      vertex 7.001220900572997 6.960214353214409 2.5
      vertex 7.001220900572997 6.960214353214409 0
      vertex 7.320162612375116 7.092324335849337 2.5
    endloop
  endfacet
  facet normal 0.2334453638559092 -0.9723699203976757 0
    outer loop
      vertex 7.320162612375116 7.092324335849337 2.5
      vertex 7.320162612375116 7.092324335849337 0
      vertex 7.655844176911492 7.172914349309304 2.5
    endloop
  endfacet
  facet normal 0.0784590957278446 0.9969173337331281 0
    outer loop
      vertex 7.655844176911492 2.8270856506906967 2.5
      vertex 8 2.8 0
      vertex 7.655844176911492 2.8270856506906967 0
    endloop
  endfacet
  facet normal -0.0784590957278446 0.9969173337331281 0
    outer loop
      vertex 8 2.8 2.5
      vertex 8.344155823088508 2.8270856506906967 0
      vertex 8 2.8 0
    endloop
  endfacet
  facet normal -0.23344536385590675 0.9723699203976763 0
    outer loop
      vertex 8.344155823088508 2.8270856506906967 2.5
      vertex 8.679837387624884 2.9076756641506623 0
      vertex 8.344155823088508 2.8270856506906967 0
    endloop
  endfacet
  facet normal -0.38268343236508956 0.9238795325112868 0
    outer loop
      vertex 8.679837387624884 2.9076756641506623 2.5
      vertex 8.998779099427002 3.0397856467855906 0
      vertex 8.679837387624884 2.9076756641506623 0
    endloop
  endfacet
  facet normal -0.5224985647159479 0.8526401643540927 0
    outer loop
      vertex 8.998779099427002 3.0397856467855906 2.5
      vertex 9.29312755504344 3.2201626123751153 0
      vertex 8.998779099427002 3.0397856467855906 0
    endloop
  endfacet
  facet normal -0.6494480483301825 0.7604059656000319 0
    outer loop
      vertex 9.29312755504344 3.2201626123751153 2.5
      vertex 9.555634918610405 3.444365081389595 0
      vertex 9.29312755504344 3.2201626123751153 0
    endloop
  endfacet
  facet normal -0.7604059656000332 0.6494480483301811 0
    outer loop
      vertex 9.555634918610405 3.444365081389595 2.5
      vertex 9.779837387624884 3.7068724449565593 0
      vertex 9.555634918610405 3.444365081389595 0
    endloop
  endfacet
  facet normal 0.0784590957278446 0.9969173337331281 0
    outer loop
      vertex 8 2.8 2.5
      vertex 8 2.8 0
      vertex 7.655844176911492 2.8270856506906967 2.5
    endloop
  endfacet
  facet normal -0.0784590957278446 0.9969173337331281 -4.985518213590899e-20
    outer loop
      vertex 8 2.8 2.5
      vertex 8.344155823088508 2.8270856506906967 2.5
      vertex 8.344155823088508 2.8270856506906967 0
    endloop
  endfacet
  facet normal -0.23344536385590675 0.9723699203976763 8.770434851247188e-19
    outer loop
      vertex 8.344155823088508 2.8270856506906967 2.5
      vertex 8.679837387624884 2.9076756641506623 2.5
      vertex 8.679837387624884 2.9076756641506623 0
    endloop
  endfacet
  facet normal -0.38268343236508956 0.9238795325112868 -4.605004985985796e-20
    outer loop
      vertex 8.679837387624884 2.9076756641506623 2.5
      vertex 8.998779099427002 3.0397856467855906 2.5
      vertex 8.998779099427002 3.0397856467855906 0
    endloop
  endfacet
  facet normal -0.5224985647159479 0.8526401643540927 1.7943851963840957e-18
    outer loop
      vertex 8.998779099427002 3.0397856467855906 2.5
      vertex 9.29312755504344 3.2201626123751153 2.5
      vertex 9.29312755504344 3.2201626123751153 0
    endloop
  endfacet
  facet normal -0.6494480483301825 0.7604059656000319 -2.5584610350945563e-18
    outer loop
      vertex 9.29312755504344 3.2201626123751153 2.5
      vertex 9.555634918610405 3.444365081389595 2.5
      vertex 9.555634918610405 3.444365081389595 0
    endloop
  endfacet
  facet normal -0.0784590957278433 -0.9969173337331281 0
    outer loop
      vertex 8.344155823088508 7.172914349309304 2.5
      vertex 8 7.2 0
      vertex 8.344155823088508 7.172914349309304 0
    endloop
  endfacet
  facet normal -0.2334453638559092 -0.9723699203976757 0
    outer loop
      vertex 8.679837387624884 7.092324335849337 2.5
      vertex 8.344155823088508 7.172914349309304 0
      vertex 8.679837387624884 7.092324335849337 0
    endloop
  endfacet
  facet normal -0.3826834323650885 -0.9238795325112873 0
    outer loop
      vertex 8.998779099427002 6.960214353214409 2.5
      vertex 8.679837387624884 7.092324335849337 0
      vertex 8.998779099427002 6.960214353214409 0
    endloop
  endfacet
  facet normal -0.852640164354091 0.5224985647159509 0
    outer loop
      vertex 9.779837387624884 3.7068724449565593 2.5
      vertex 9.96021435321441 4.001220900572997 0
      vertex 9.779837387624884 3.7068724449565593 0
    endloop
  endfacet
  facet normal -0.9238795325112877 0.3826834323650876 0
    outer loop
      vertex 9.96021435321441 4.001220900572997 2.5
      vertex 10.092324335849337 4.320162612375116 0
      vertex 9.96021435321441 4.001220900572997 0
    endloop
  endfacet
  facet normal -0.9723699203976757 0.2334453638559092 0
    outer loop
      vertex 10.092324335849337 4.320162612375116 2.5
      vertex 10.172914349309304 4.655844176911492 0
      vertex 10.092324335849337 4.320162612375116 0
    endloop
  endfacet
  facet normal -0.9969173337331283 0.07845909572784075 0
    outer loop
      vertex 10.172914349309304 4.655844176911492 2.5
      vertex 10.2 5 0
      vertex 10.172914349309304 4.655844176911492 0
    endloop
  endfacet
  facet normal -0.9969173337331283 -0.07845909572784075 0
    outer loop
      vertex 10.2 5 2.5
      vertex 10.172914349309304 5.344155823088508 0
      vertex 10.2 5 0
    endloop
  endfacet
  facet normal -0.5224985647159479 -0.8526401643540927 0
    outer loop
      vertex 9.29312755504344 6.779837387624885 2.5
      vertex 8.998779099427002 6.960214353214409 0
      vertex 9.29312755504344 6.779837387624885 0
    endloop
  endfacet
  facet normal -0.6494480483301825 -0.7604059656000319 0
    outer loop
      vertex 9.555634918610405 6.555634918610405 2.5
      vertex 9.29312755504344 6.779837387624885 0
      vertex 9.555634918610405 6.555634918610405 0
    endloop
  endfacet
  facet normal -0.852640164354091 -0.5224985647159509 0
    outer loop
      vertex 9.96021435321441 5.998779099427003 2.5
      vertex 9.779837387624884 6.293127555043441 0
      vertex 9.96021435321441 5.998779099427003 0
    endloop
  endfacet
  facet normal -0.9238795325112877 -0.3826834323650876 0
    outer loop
      vertex 10.092324335849337 5.679837387624884 2.5
      vertex 9.96021435321441 5.998779099427003 0
      vertex 10.092324335849337 5.679837387624884 0
    endloop
  endfacet
  facet normal -0.9723699203976757 -0.2334453638559092 0
    outer loop
      vertex 10.172914349309304 5.344155823088508 2.5
      vertex 10.092324335849337 5.679837387624884 0
      vertex 10.172914349309304 5.344155823088508 0
    endloop
  endfacet
  facet normal -0.7604059656000332 -0.6494480483301811 0
    outer loop
      vertex 9.779837387624884 6.293127555043441 2.5
      vertex 9.555634918610405 6.555634918610405 0
      vertex 9.779837387624884 6.293127555043441 0
    endloop
  endfacet
  facet normal 0.0784590957278433 -0.9969173337331281 0
    outer loop
      vertex 7.655844176911492 7.172914349309304 2.5
      vertex 7.655844176911492 7.172914349309304 0
      vertex 8 7.2 2.5
    endloop
  endfacet
  facet normal -0.2334453638559092 -0.9723699203976757 0
    outer loop
      vertex 8.344155823088508 7.172914349309304 2.5
      vertex 8.344155823088508 7.172914349309304 0
      vertex 8.679837387624884 7.092324335849337 2.5
    endloop
  endfacet
  facet normal -0.3826834323650885 -0.9238795325112873 0
    outer loop
      vertex 8.679837387624884 7.092324335849337 2.5
      vertex 8.679837387624884 7.092324335849337 0
      vertex 8.998779099427002 6.960214353214409 2.5
    endloop
  endfacet
  facet normal -0.7604059656000332 0.6494480483301811 6.499477827343837e-19
    outer loop
      vertex 9.555634918610405 3.444365081389595 2.5
      vertex 9.779837387624884 3.7068724449565593 2.5
      vertex 9.779837387624884 3.7068724449565593 0
    endloop
  endfacet
  facet normal -0.852640164354091 0.5224985647159509 -1.515261382845922e-18
    outer loop
      vertex 9.779837387624884 3.7068724449565593 2.5
      vertex 9.96021435321441 4.001220900572997 2.5
      vertex 9.96021435321441 4.001220900572997 0
    endloop
  endfacet
  facet normal -0.9238795325112877 0.3826834323650876 3.956311602826204e-18
    outer loop
      vertex 9.96021435321441 4.001220900572997 2.5
      vertex 10.092324335849337 4.320162612375116 2.5
      vertex 10.092324335849337 4.320162612375116 0
    endloop
  endfacet
  facet normal -0.9723699203976757 0.2334453638559092 6.136562634508705e-19
    outer loop
      vertex 10.092324335849337 4.320162612375116 2.5
      vertex 10.172914349309304 4.655844176911492 2.5
      vertex 10.172914349309304 4.655844176911492 0
    endloop
  endfacet
  facet normal -0.9969173337331283 0.07845909572784075 -6.763135923524132e-19
    outer loop
      vertex 10.172914349309304 4.655844176911492 2.5
      vertex 10.2 5 2.5
      vertex 10.2 5 0
    endloop
  endfacet
  facet normal -0.9969173337331283 -0.07845909572784075 6.763135923524132e-19
    outer loop
      vertex 10.2 5 2.5
      vertex 10.172914349309304 5.344155823088508 2.5
      vertex 10.172914349309304 5.344155823088508 0
    endloop
  endfacet
  facet normal -0.5224985647159479 -0.8526401643540927 0
    outer loop
      vertex 8.998779099427002 6.960214353214409 2.5
      vertex 8.998779099427002 6.960214353214409 0
      vertex 9.29312755504344 6.779837387624885 2.5
    endloop
  endfacet
  facet normal -0.6494480483301825 -0.7604059656000319 0
    outer loop
      vertex 9.29312755504344 6.779837387624885 2.5
      vertex 9.29312755504344 6.779837387624885 0
      vertex 9.555634918610405 6.555634918610405 2.5
    endloop
  endfacet
  facet normal -0.7604059656000332 -0.6494480483301811 -6.499477827343837e-19
    outer loop
      vertex 9.779837387624884 6.293127555043441 2.5
      vertex 9.555634918610405 6.555634918610405 2.5
      vertex 9.555634918610405 6.555634918610405 0
    endloop
  endfacet
  facet normal -0.852640164354091 -0.5224985647159509 0
    outer loop
      vertex 9.779837387624884 6.293127555043441 2.5
      vertex 9.779837387624884 6.293127555043441 0
      vertex 9.96021435321441 5.998779099427003 2.5
    endloop
  endfacet
  facet normal -0.9723699203976757 -0.2334453638559092 -6.136562634508705e-19
    outer loop
      vertex 10.172914349309304 5.344155823088508 2.5
      vertex 10.092324335849337 5.679837387624884 2.5
      vertex 10.092324335849337 5.679837387624884 0
    endloop
  endfacet
  facet normal -0.9238795325112877 -0.3826834323650876 -3.956311602826204e-18
    outer loop
      vertex 10.092324335849337 5.679837387624884 2.5
      vertex 9.96021435321441 5.998779099427003 2.5
      vertex 9.96021435321441 5.998779099427003 0
    endloop
  endfacet
  facet normal 0.0784590957278433 -0.9969173337331281 0
    outer loop
      vertex 8 7.2 2.5
      vertex 7.655844176911492 7.172914349309304 0
      vertex 8 7.2 0
    endloop
  endfacet
  facet normal -0.0784590957278433 -0.9969173337331281 0
    outer loop
      vertex 8 7.2 2.5
      vertex 8 7.2 0
      vertex 8.344155823088508 7.172914349309304 2.5
    endloop
  endfacet
  facet normal 0.8526401643540924 0.5224985647159488 5.837162937075999e-18
    outer loop
      vertex 2.5391352879691045 1.0324495470258062 2.5
      vertex 1.9857059617285167 1.935564126758059 2.5
      vertex 1.9857059617285167 1.935564126758059 6
    endloop
  endfacet
  facet normal 0.9238795325112871 0.38268343236508917 0
    outer loop
      vertex 1.5803685150077138 2.914135287969105 2.5
      vertex 1.5803685150077138 2.914135287969105 6
      vertex 1.9857059617285167 1.935564126758059 2.5
    endloop
  endfacet
  facet normal 0 0 1
    outer loop
      vertex 1.5803685150077138 2.914135287969105 2.5
      vertex 1.9857059617285167 1.935564126758059 2.5
      vertex 1.9857059617285167 8.06443587324194 2.5
    endloop
  endfacet
  facet normal 0 0 1
    outer loop
      vertex 1.5803685150077138 2.914135287969105 2.5
      vertex 1.5803685150077138 7.0858647120308955 2.5
      vertex 1.3331037009828197 3.9440673609784414 2.5
    endloop
  endfacet
  facet normal 0 0 1
    outer loop
      vertex 1.3331037009828197 3.9440673609784414 2.5
      vertex 1.3331037009828197 6.055932639021559 2.5
      vertex 1.25 5 2.5
    endloop
  endfacet
  facet normal 0 0 1
    outer loop
      vertex 2.5391352879691045 1.0324495470258062 2.5
      vertex 2.5391352879691045 8.967550452974194 2.5
      vertex 1.9857059617285167 1.935564126758059 2.5
    endloop
  endfacet
  facet normal 0 0 1
    outer loop
      vertex 1.3331037009828197 3.9440673609784414 2.5
      vertex 1.5803685150077138 7.0858647120308955 2.5
      vertex 1.3331037009828197 6.055932639021559 2.5
    endloop
  endfacet
  facet normal 0 0 1
    outer loop
      vertex 1.5803685150077138 2.914135287969105 2.5
      vertex 1.9857059617285167 8.06443587324194 2.5
      vertex 1.5803685150077138 7.0858647120308955 2.5
    endloop
  endfacet
  facet normal 0 0 1
    outer loop
      vertex 1.9857059617285167 1.935564126758059 2.5
      vertex 2.5391352879691045 8.967550452974194 2.5
      vertex 1.9857059617285167 8.06443587324194 2.5
    endloop
  endfacet
  facet normal 0.996917333733128 0.07845909572784433 -2.070595862902549e-19
    outer loop
      vertex 1.3331037009828197 3.9440673609784414 2.5
      vertex 1.25 5 2.5
      vertex 1.25 5 6
    endloop
  endfacet
  facet normal 0.9723699203976763 0.2334453638559064 6.17004550506126e-19
    outer loop
      vertex 1.5803685150077138 2.914135287969105 2.5
      vertex 1.3331037009828197 3.9440673609784414 2.5
      vertex 1.3331037009828197 3.9440673609784414 6
    endloop
  endfacet
  facet normal 0.996917333733128 -0.07845909572784433 2.070595862902549e-19
    outer loop
      vertex 1.25 5 2.5
      vertex 1.3331037009828197 6.055932639021559 2.5
      vertex 1.3331037009828197 6.055932639021559 6
    endloop
  endfacet
  facet normal 0.9723699203976763 -0.2334453638559063 -9.446559073775383e-19
    outer loop
      vertex 1.3331037009828197 6.055932639021559 2.5
      vertex 1.5803685150077138 7.0858647120308955 2.5
      vertex 1.5803685150077138 7.0858647120308955 6
    endloop
  endfacet
  facet normal 0 0 1
    outer loop
      vertex 3.227029226990804 0.22702922699080386 2.5
      vertex 3.4928462989078515 0 2.5
      vertex 4.032449547025806 10.460864712030896 2.5
    endloop
  endfacet
  facet normal 0 0 1
    outer loop
      vertex 5.907675664150663 4.320162612375116 2.5
      vertex 5.827085650690696 4.655844176911492 2.5
      vertex 3.4928462989078515 0 2.5
    endloop
  endfacet
  facet normal 0 0 1
    outer loop
      vertex 5.827085650690696 4.655844176911492 2.5
      vertex 5.8 5 2.5
      vertex 3.4928462989078515 0 2.5
    endloop
  endfacet
  facet normal 0.760405965600031 0.6494480483301837 0
    outer loop
      vertex 2.5391352879691045 1.0324495470258062 2.5
      vertex 2.5391352879691045 1.0324495470258062 6
      vertex 3.227029226990804 0.22702922699080386 2.5
    endloop
  endfacet
  facet normal 0.649448048330184 0.7604059656000306 -8.913674466085787e-19
    outer loop
      vertex 3.227029226990804 0.22702922699080386 2.5
      vertex 3.4928462989078515 0 6
      vertex 3.4928462989078515 0 2.5
    endloop
  endfacet
  facet normal 0 0 1
    outer loop
      vertex 2.5391352879691045 1.0324495470258062 2.5
      vertex 3.227029226990804 0.22702922699080386 2.5
      vertex 3.227029226990804 9.772970773009195 2.5
    endloop
  endfacet
  facet normal 0 0 1
    outer loop
      vertex 2.5391352879691045 1.0324495470258062 2.5
      vertex 3.227029226990804 9.772970773009195 2.5
      vertex 2.5391352879691045 8.967550452974194 2.5
    endloop
  endfacet
  facet normal 0 0 1
    outer loop
      vertex 3.227029226990804 0.22702922699080386 2.5
      vertex 4.032449547025806 10.460864712030896 2.5
      vertex 3.227029226990804 9.772970773009195 2.5
    endloop
  endfacet
  facet normal 0 0 1
    outer loop
      vertex 4.032449547025806 10.460864712030896 2.5
      vertex 3.4928462989078515 0 2.5
      vertex 4.9355641267580594 11.014294038271483 2.5
    endloop
  endfacet
  facet normal 0 0 1
    outer loop
      vertex 5.8 5 2.5
      vertex 5.9141352879691045 11.419631484992287 2.5
      vertex 3.4928462989078515 0 2.5
    endloop
  endfacet
  facet normal 0.9238795325112868 -0.38268343236508945 -3.351520978696204e-18
    outer loop
      vertex 1.5803685150077138 7.0858647120308955 2.5
      vertex 1.9857059617285167 8.06443587324194 2.5
      vertex 1.9857059617285167 8.06443587324194 6
    endloop
  endfacet
  facet normal 0.8526401643540925 -0.5224985647159484 6.963569004945662e-18
    outer loop
      vertex 1.9857059617285167 8.06443587324194 2.5
      vertex 2.5391352879691045 8.967550452974194 2.5
      vertex 2.5391352879691045 8.967550452974194 6
    endloop
  endfacet
  facet normal 0 0 1
    outer loop
      vertex 4.9355641267580594 11.014294038271483 2.5
      vertex 3.4928462989078515 0 2.5
      vertex 5.9141352879691045 11.419631484992287 2.5
    endloop
  endfacet
  facet normal 0.7604059656000305 -0.6494480483301842 -1.3049257333435242e-18
    outer loop
      vertex 2.5391352879691045 8.967550452974194 2.5
      vertex 3.227029226990804 9.772970773009195 2.5
      vertex 3.227029226990804 9.772970773009195 6
    endloop
  endfacet
  facet normal 0.6494480483301843 -0.7604059656000304 -2.9067123114410305e-18
    outer loop
      vertex 3.227029226990804 9.772970773009195 2.5
      vertex 4.032449547025806 10.460864712030896 2.5
      vertex 4.032449547025806 10.460864712030896 6
    endloop
  endfacet
  facet normal 0.5224985647159484 -0.8526401643540925 6.963569004945662e-18
    outer loop
      vertex 4.032449547025806 10.460864712030896 2.5
      vertex 4.9355641267580594 11.014294038271483 2.5
      vertex 4.9355641267580594 11.014294038271483 6
    endloop
  endfacet
  facet normal 0 0 1
    outer loop
      vertex 6.220162612375115 3.7068724449565593 2.5
      vertex 6.039785646785591 4.001220900572997 2.5
      vertex 3.4928462989078515 0 2.5
    endloop
  endfacet
  facet normal 0 0 1
    outer loop
      vertex 6.220162612375115 3.7068724449565593 2.5
      vertex 3.4928462989078515 0 2.5
      vertex 6.444365081389595 3.444365081389595 2.5
    endloop
  endfacet
  facet normal 0 0 1
    outer loop
      vertex 6.444365081389595 3.444365081389595 2.5
      vertex 3.4928462989078515 0 2.5
      vertex 6.706872444956559 3.2201626123751153 2.5
    endloop
  endfacet
  facet normal 0 0 1
    outer loop
      vertex 6.706872444956559 3.2201626123751153 2.5
      vertex 3.4928462989078515 0 2.5
      vertex 7.001220900572997 3.0397856467855906 2.5
    endloop
  endfacet
  facet normal 0 0 1
    outer loop
      vertex 5.907675664150663 4.320162612375116 2.5
      vertex 3.4928462989078515 0 2.5
      vertex 6.039785646785591 4.001220900572997 2.5
    endloop
  endfacet
  facet normal 0 0 1
    outer loop
      vertex 7.001220900572997 3.0397856467855906 2.5
      vertex 3.4928462989078515 0 2.5
      vertex 7.320162612375116 2.9076756641506623 2.5
    endloop
  endfacet
  facet normal 0 0 1
    outer loop
      vertex 7.320162612375116 2.9076756641506623 2.5
      vertex 3.4928462989078515 0 2.5
      vertex 7.655844176911492 2.8270856506906967 2.5
    endloop
  endfacet
  facet normal 0 0 1
    outer loop
      vertex 8 2.8 2.5
      vertex 7.655844176911492 2.8270856506906967 2.5
      vertex 3.4928462989078515 0 2.5
    endloop
  endfacet
  facet normal 0 0 1
    outer loop
      vertex 8 2.8 2.5
      vertex 3.4928462989078515 0 2.5
      vertex 8.344155823088508 2.8270856506906967 2.5
    endloop
  endfacet
  facet normal 0 0 1
    outer loop
      vertex 8.344155823088508 2.8270856506906967 2.5
      vertex 3.4928462989078515 0 2.5
      vertex 12.507153701092149 0 2.5
    endloop
  endfacet
  facet normal 0 0 1
    outer loop
      vertex 8.344155823088508 2.8270856506906967 2.5
      vertex 12.507153701092149 0 2.5
      vertex 8.679837387624884 2.9076756641506623 2.5
    endloop
  endfacet
  facet normal 0 0 1
    outer loop
      vertex 8.679837387624884 2.9076756641506623 2.5
      vertex 12.507153701092149 0 2.5
      vertex 8.998779099427002 3.0397856467855906 2.5
    endloop
  endfacet
  facet normal 0 0 1
    outer loop
      vertex 8.998779099427002 3.0397856467855906 2.5
      vertex 12.507153701092149 0 2.5
      vertex 9.29312755504344 3.2201626123751153 2.5
    endloop
  endfacet
  facet normal 0 0 1
    outer loop
      vertex 5.8 5 2.5
      vertex 5.827085650690696 5.344155823088508 2.5
      vertex 5.9141352879691045 11.419631484992287 2.5
    endloop
  endfacet
  facet normal 0 0 1
    outer loop
      vertex 5.827085650690696 5.344155823088508 2.5
      vertex 5.907675664150663 5.679837387624884 2.5
      vertex 5.9141352879691045 11.419631484992287 2.5
    endloop
  endfacet
  facet normal 0 0 1
    outer loop
      vertex 5.907675664150663 5.679837387624884 2.5
      vertex 6.039785646785591 5.998779099427003 2.5
      vertex 5.9141352879691045 11.419631484992287 2.5
    endloop
  endfacet
  facet normal 0 0 1
    outer loop
      vertex 6.039785646785591 5.998779099427003 2.5
      vertex 6.220162612375115 6.293127555043441 2.5
      vertex 5.9141352879691045 11.419631484992287 2.5
    endloop
  endfacet
  facet normal 0 0 1
    outer loop
      vertex 6.220162612375115 6.293127555043441 2.5
      vertex 6.444365081389595 6.555634918610405 2.5
      vertex 5.9141352879691045 11.419631484992287 2.5
    endloop
  endfacet
  facet normal 0 0 1
    outer loop
      vertex 5.9141352879691045 11.419631484992287 2.5
      vertex 6.444365081389595 6.555634918610405 2.5
      vertex 6.706872444956559 6.779837387624885 2.5
    endloop
  endfacet
  facet normal 0 0 1
    outer loop
      vertex 6.706872444956559 6.779837387624885 2.5
      vertex 7.001220900572997 6.960214353214409 2.5
      vertex 6.944067360978441 11.66689629901718 2.5
    endloop
  endfacet
  facet normal 0 0 1
    outer loop
      vertex 7.001220900572997 6.960214353214409 2.5
      vertex 7.320162612375116 7.092324335849337 2.5
      vertex 6.944067360978441 11.66689629901718 2.5
    endloop
  endfacet
  facet normal 0 0 1
    outer loop
      vertex 7.320162612375116 7.092324335849337 2.5
      vertex 7.655844176911492 7.172914349309304 2.5
      vertex 6.944067360978441 11.66689629901718 2.5
    endloop
  endfacet
  facet normal 0 0 1
    outer loop
      vertex 5.9141352879691045 11.419631484992287 2.5
      vertex 6.706872444956559 6.779837387624885 2.5
      vertex 6.944067360978441 11.66689629901718 2.5
    endloop
  endfacet
  facet normal 0 0 1
    outer loop
      vertex 7.655844176911492 7.172914349309304 2.5
      vertex 8 11.75 2.5
      vertex 6.944067360978441 11.66689629901718 2.5
    endloop
  endfacet
  facet normal 0.3826834323650901 -0.9238795325112865 6.48841080039414e-18
    outer loop
      vertex 4.9355641267580594 11.014294038271483 2.5
      vertex 5.9141352879691045 11.419631484992287 2.5
      vertex 5.9141352879691045 11.419631484992287 6
    endloop
  endfacet
  facet normal 0.23344536385590553 -0.9723699203976766 6.858049697360486e-18
    outer loop
      vertex 5.9141352879691045 11.419631484992287 2.5
      vertex 6.944067360978441 11.66689629901718 2.5
      vertex 6.944067360978441 11.66689629901718 6
    endloop
  endfacet
  facet normal 0.07845909572784433 -0.996917333733128 2.070595862902549e-19
    outer loop
      vertex 6.944067360978441 11.66689629901718 2.5
      vertex 8 11.75 2.5
      vertex 8 11.75 6
    endloop
  endfacet
  facet normal 0 0 1
    outer loop
      vertex 7.655844176911492 7.172914349309304 2.5
      vertex 8 7.2 2.5
      vertex 8 11.75 2.5
    endloop
  endfacet
  facet normal 0 0 1
    outer loop
      vertex 8 7.2 2.5
      vertex 8.344155823088508 7.172914349309304 2.5
      vertex 9.055932639021558 11.66689629901718 2.5
    endloop
  endfacet
  facet normal 0 0 1
    outer loop
      vertex 8.344155823088508 7.172914349309304 2.5
      vertex 8.679837387624884 7.092324335849337 2.5
      vertex 9.055932639021558 11.66689629901718 2.5
    endloop
  endfacet
  facet normal 0 0 1
    outer loop
      vertex 8.679837387624884 7.092324335849337 2.5
      vertex 8.998779099427002 6.960214353214409 2.5
      vertex 9.055932639021558 11.66689629901718 2.5
    endloop
  endfacet
  facet normal 0 0 1
    outer loop
      vertex 8 7.2 2.5
      vertex 9.055932639021558 11.66689629901718 2.5
      vertex 8 11.75 2.5
    endloop
  endfacet
  facet normal 0 0 1
    outer loop
      vertex 8.998779099427002 6.960214353214409 2.5
      vertex 9.29312755504344 6.779837387624885 2.5
      vertex 9.055932639021558 11.66689629901718 2.5
    endloop
  endfacet
  facet normal 0 0 1
    outer loop
      vertex 9.779837387624884 6.293127555043441 2.5
      vertex 9.96021435321441 5.998779099427003 2.5
      vertex 10.085864712030896 11.419631484992287 2.5
    endloop
  endfacet
  facet normal 0 0 1
    outer loop
      vertex 10.092324335849337 5.679837387624884 2.5
      vertex 10.085864712030896 11.419631484992287 2.5
      vertex 9.96021435321441 5.998779099427003 2.5
    endloop
  endfacet
  facet normal 0 0 1
    outer loop
      vertex 9.29312755504344 6.779837387624885 2.5
      vertex 9.555634918610405 6.555634918610405 2.5
      vertex 10.085864712030896 11.419631484992287 2.5
    endloop
  endfacet
  facet normal 0 0 1
    outer loop
      vertex 9.779837387624884 6.293127555043441 2.5
      vertex 10.085864712030896 11.419631484992287 2.5
      vertex 9.555634918610405 6.555634918610405 2.5
    endloop
  endfacet
  facet normal 0 0 1
    outer loop
      vertex 9.29312755504344 6.779837387624885 2.5
      vertex 10.085864712030896 11.419631484992287 2.5
      vertex 9.055932639021558 11.66689629901718 2.5
    endloop
  endfacet
  facet normal -0.0784590957278444 -0.996917333733128 9.857500780798245e-19
    outer loop
      vertex 8 11.75 2.5
      vertex 9.055932639021558 11.66689629901718 2.5
      vertex 9.055932639021558 11.66689629901718 6
    endloop
  endfacet
  facet normal -0.23344536385590534 -0.9723699203976767 -6.202746983617443e-18
    outer loop
      vertex 9.055932639021558 11.66689629901718 2.5
      vertex 10.085864712030896 11.419631484992287 2.5
      vertex 10.085864712030896 11.419631484992287 6
    endloop
  endfacet
  facet normal 0.8526401643540924 0.5224985647159488 0
    outer loop
      vertex 2.5391352879691045 1.0324495470258062 2.5
      vertex 1.9857059617285167 1.935564126758059 6
      vertex 2.5391352879691045 1.0324495470258062 6
    endloop
  endfacet
  facet normal 0.9238795325112871 0.38268343236508917 0
    outer loop
      vertex 1.9857059617285167 1.935564126758059 2.5
      vertex 1.5803685150077138 2.914135287969105 6
      vertex 1.9857059617285167 1.935564126758059 6
    endloop
  endfacet
  facet normal 0.9723699203976763 0.2334453638559064 0
    outer loop
      vertex 1.5803685150077138 2.914135287969105 2.5
      vertex 1.3331037009828197 3.9440673609784414 6
      vertex 1.5803685150077138 2.914135287969105 6
    endloop
  endfacet
  facet normal 0.996917333733128 -0.07845909572784433 0
    outer loop
      vertex 1.25 5 2.5
      vertex 1.3331037009828197 6.055932639021559 6
      vertex 1.25 5 6
    endloop
  endfacet
  facet normal 0.996917333733128 0.07845909572784433 0
    outer loop
      vertex 1.3331037009828197 3.9440673609784414 2.5
      vertex 1.25 5 6
      vertex 1.3331037009828197 3.9440673609784414 6
    endloop
  endfacet
  facet normal 0.9723699203976763 -0.2334453638559063 0
    outer loop
      vertex 1.3331037009828197 6.055932639021559 2.5
      vertex 1.5803685150077138 7.0858647120308955 6
      vertex 1.3331037009828197 6.055932639021559 6
    endloop
  endfacet
  facet normal 0.760405965600031 0.6494480483301837 0
    outer loop
      vertex 3.227029226990804 0.22702922699080386 2.5
      vertex 2.5391352879691045 1.0324495470258062 6
      vertex 3.227029226990804 0.22702922699080386 6
    endloop
  endfacet
  facet normal 0.649448048330184 0.7604059656000306 0
    outer loop
      vertex 3.227029226990804 0.22702922699080386 2.5
      vertex 3.227029226990804 0.22702922699080386 6
      vertex 3.4928462989078515 0 6
    endloop
  endfacet
  facet normal 0.9238795325112868 -0.38268343236508945 0
    outer loop
      vertex 1.5803685150077138 7.0858647120308955 2.5
      vertex 1.9857059617285167 8.06443587324194 6
      vertex 1.5803685150077138 7.0858647120308955 6
    endloop
  endfacet
  facet normal 0.8526401643540925 -0.5224985647159484 0
    outer loop
      vertex 1.9857059617285167 8.06443587324194 2.5
      vertex 2.5391352879691045 8.967550452974194 6
      vertex 1.9857059617285167 8.06443587324194 6
    endloop
  endfacet
  facet normal 0.7604059656000305 -0.6494480483301842 0
    outer loop
      vertex 2.5391352879691045 8.967550452974194 2.5
      vertex 3.227029226990804 9.772970773009195 6
      vertex 2.5391352879691045 8.967550452974194 6
    endloop
  endfacet
  facet normal 0.6494480483301843 -0.7604059656000304 0
    outer loop
      vertex 3.227029226990804 9.772970773009195 2.5
      vertex 4.032449547025806 10.460864712030896 6
      vertex 3.227029226990804 9.772970773009195 6
    endloop
  endfacet
  facet normal 0.5224985647159484 -0.8526401643540925 0
    outer loop
      vertex 4.032449547025806 10.460864712030896 2.5
      vertex 4.9355641267580594 11.014294038271483 6
      vertex 4.032449547025806 10.460864712030896 6
    endloop
  endfacet
  facet normal 0.3826834323650901 -0.9238795325112865 0
    outer loop
      vertex 4.9355641267580594 11.014294038271483 2.5
      vertex 5.9141352879691045 11.419631484992287 6
      vertex 4.9355641267580594 11.014294038271483 6
    endloop
  endfacet
  facet normal 0.23344536385590553 -0.9723699203976766 0
    outer loop
      vertex 5.9141352879691045 11.419631484992287 2.5
      vertex 6.944067360978441 11.66689629901718 6
      vertex 5.9141352879691045 11.419631484992287 6
    endloop
  endfacet
  facet normal 0.07845909572784433 -0.996917333733128 0
    outer loop
      vertex 6.944067360978441 11.66689629901718 2.5
      vertex 8 11.75 6
      vertex 6.944067360978441 11.66689629901718 6
    endloop
  endfacet
  facet normal -0.0784590957278444 -0.996917333733128 0
    outer loop
      vertex 8 11.75 2.5
      vertex 9.055932639021558 11.66689629901718 6
      vertex 8 11.75 6
    endloop
  endfacet
  facet normal -0.23344536385590534 -0.9723699203976767 0
    outer loop
      vertex 9.055932639021558 11.66689629901718 2.5
      vertex 10.085864712030896 11.419631484992287 6
      vertex 9.055932639021558 11.66689629901718 6
    endloop
  endfacet
  facet normal 0 0 1
    outer loop
      vertex 9.29312755504344 3.2201626123751153 2.5
      vertex 12.507153701092149 0 2.5
      vertex 9.555634918610405 3.444365081389595 2.5
    endloop
  endfacet
  facet normal 0 0 1
    outer loop
      vertex 9.555634918610405 3.444365081389595 2.5
      vertex 12.507153701092149 0 2.5
      vertex 9.779837387624884 3.7068724449565593 2.5
    endloop
  endfacet
  facet normal 0 0 1
    outer loop
      vertex 9.779837387624884 3.7068724449565593 2.5
      vertex 12.507153701092149 0 2.5
      vertex 9.96021435321441 4.001220900572997 2.5
    endloop
  endfacet
  facet normal 0 0 1
    outer loop
      vertex 9.96021435321441 4.001220900572997 2.5
      vertex 12.507153701092149 0 2.5
      vertex 10.092324335849337 4.320162612375116 2.5
    endloop
  endfacet
  facet normal 0 0 1
    outer loop
      vertex 10.092324335849337 4.320162612375116 2.5
      vertex 12.507153701092149 0 2.5
      vertex 10.172914349309304 4.655844176911492 2.5
    endloop
  endfacet
  facet normal 0 0 1
    outer loop
      vertex 10.172914349309304 4.655844176911492 2.5
      vertex 12.507153701092149 0 2.5
      vertex 10.2 5 2.5
    endloop
  endfacet
  facet normal 0 0 1
    outer loop
      vertex 12.772970773009195 0.22702922699080386 2.5
      vertex 12.772970773009195 9.772970773009195 2.5
      vertex 12.507153701092149 0 2.5
    endloop
  endfacet
  facet normal -0.6494480483301852 0.7604059656000296 0
    outer loop
      vertex 12.772970773009195 0.22702922699080386 2.5
      vertex 12.507153701092149 0 2.5
      vertex 12.772970773009195 0.22702922699080386 6
    endloop
  endfacet
  facet normal 0 0 1
    outer loop
      vertex 10.2 5 2.5
      vertex 12.507153701092149 0 2.5
      vertex 11.06443587324194 11.014294038271483 2.5
    endloop
  endfacet
  facet normal 0 0 1
    outer loop
      vertex 10.2 5 2.5
      vertex 11.06443587324194 11.014294038271483 2.5
      vertex 10.172914349309304 5.344155823088508 2.5
    endloop
  endfacet
  facet normal 0 0 1
    outer loop
      vertex 11.06443587324194 11.014294038271483 2.5
      vertex 12.507153701092149 0 2.5
      vertex 11.967550452974194 10.460864712030896 2.5
    endloop
  endfacet
  facet normal 0 0 1
    outer loop
      vertex 11.967550452974194 10.460864712030896 2.5
      vertex 12.507153701092149 0 2.5
      vertex 12.772970773009195 9.772970773009195 2.5
    endloop
  endfacet
  facet normal 0 0 1
    outer loop
      vertex 12.772970773009195 0.22702922699080386 2.5
      vertex 13.460864712030896 1.0324495470258062 2.5
      vertex 13.460864712030896 8.967550452974194 2.5
    endloop
  endfacet
  facet normal -0.7604059656000306 0.6494480483301841 0
    outer loop
      vertex 12.772970773009195 0.22702922699080386 2.5
      vertex 12.772970773009195 0.22702922699080386 6
      vertex 13.460864712030896 1.0324495470258062 2.5
    endloop
  endfacet
  facet normal -0.8526401643540924 0.5224985647159488 0
    outer loop
      vertex 13.460864712030896 1.0324495470258062 2.5
      vertex 13.460864712030896 1.0324495470258062 6
      vertex 14.014294038271483 1.935564126758059 2.5
    endloop
  endfacet
  facet normal -0.9238795325112867 0.3826834323650899 0
    outer loop
      vertex 14.014294038271483 1.935564126758059 2.5
      vertex 14.014294038271483 1.935564126758059 6
      vertex 14.419631484992287 2.914135287969105 2.5
    endloop
  endfacet
  facet normal -0.9723699203976766 0.2334453638559056 0
    outer loop
      vertex 14.419631484992287 2.914135287969105 2.5
      vertex 14.419631484992287 2.914135287969105 6
      vertex 14.66689629901718 3.9440673609784414 2.5
    endloop
  endfacet
  facet normal 0 0 1
    outer loop
      vertex 13.460864712030896 1.0324495470258062 2.5
      vertex 14.014294038271483 1.935564126758059 2.5
      vertex 14.014294038271483 8.06443587324194 2.5
    endloop
  endfacet
  facet normal 0 0 1
    outer loop
      vertex 12.772970773009195 0.22702922699080386 2.5
      vertex 13.460864712030896 8.967550452974194 2.5
      vertex 12.772970773009195 9.772970773009195 2.5
    endloop
  endfacet
  facet normal 0 0 1
    outer loop
      vertex 13.460864712030896 1.0324495470258062 2.5
      vertex 14.014294038271483 8.06443587324194 2.5
      vertex 13.460864712030896 8.967550452974194 2.5
    endloop
  endfacet
  facet normal 0 0 1
    outer loop
      vertex 14.014294038271483 1.935564126758059 2.5
      vertex 14.419631484992287 2.914135287969105 2.5
      vertex 14.419631484992287 7.0858647120308955 2.5
    endloop
  endfacet
  facet normal 0 0 1
    outer loop
      vertex 14.419631484992287 2.914135287969105 2.5
      vertex 14.66689629901718 3.9440673609784414 2.5
      vertex 14.66689629901718 6.055932639021559 2.5
    endloop
  endfacet
  facet normal 0 0 1
    outer loop
      vertex 14.419631484992287 2.914135287969105 2.5
      vertex 14.66689629901718 6.055932639021559 2.5
      vertex 14.419631484992287 7.0858647120308955 2.5
    endloop
  endfacet
  facet normal 0 0 1
    outer loop
      vertex 14.66689629901718 3.9440673609784414 2.5
      vertex 14.75 5 2.5
      vertex 14.66689629901718 6.055932639021559 2.5
    endloop
  endfacet
  facet normal 0 0 1
    outer loop
      vertex 14.014294038271483 1.935564126758059 2.5
      vertex 14.419631484992287 7.0858647120308955 2.5
      vertex 14.014294038271483 8.06443587324194 2.5
    endloop
  endfacet
  facet normal -0.996917333733128 0.07845909572784433 0
    outer loop
      vertex 14.66689629901718 3.9440673609784414 2.5
      vertex 14.66689629901718 3.9440673609784414 6
      vertex 14.75 5 2.5
    endloop
  endfacet
  facet normal -0.996917333733128 -0.07845909572784433 0
    outer loop
      vertex 14.75 5 2.5
      vertex 14.75 5 6
      vertex 14.66689629901718 6.055932639021559 2.5
    endloop
  endfacet
  facet normal -0.9723699203976766 -0.23344536385590553 -6.858049697360486e-18
    outer loop
      vertex 14.419631484992287 7.0858647120308955 2.5
      vertex 14.66689629901718 6.055932639021559 2.5
      vertex 14.66689629901718 6.055932639021559 6
    endloop
  endfacet
  facet normal 0 0 1
    outer loop
      vertex 10.172914349309304 5.344155823088508 2.5
      vertex 11.06443587324194 11.014294038271483 2.5
      vertex 10.092324335849337 5.679837387624884 2.5
    endloop
  endfacet
  facet normal 0 0 1
    outer loop
      vertex 10.092324335849337 5.679837387624884 2.5
      vertex 11.06443587324194 11.014294038271483 2.5
      vertex 10.085864712030896 11.419631484992287 2.5
    endloop
  endfacet
  facet normal -0.5224985647159484 -0.8526401643540925 -6.963569004945662e-18
    outer loop
      vertex 11.06443587324194 11.014294038271483 2.5
      vertex 11.967550452974194 10.460864712030896 2.5
      vertex 11.967550452974194 10.460864712030896 6
    endloop
  endfacet
  facet normal -0.6494480483301847 -0.7604059656000299 -1.1972813493886068e-17
    outer loop
      vertex 11.967550452974194 10.460864712030896 2.5
      vertex 12.772970773009195 9.772970773009195 2.5
      vertex 12.772970773009195 9.772970773009195 6
    endloop
  endfacet
  facet normal -0.3826834323650901 -0.9238795325112865 -6.48841080039414e-18
    outer loop
      vertex 10.085864712030896 11.419631484992287 2.5
      vertex 11.06443587324194 11.014294038271483 2.5
      vertex 11.06443587324194 11.014294038271483 6
    endloop
  endfacet
  facet normal -0.8526401643540925 -0.5224985647159484 -6.963569004945662e-18
    outer loop
      vertex 13.460864712030896 8.967550452974194 2.5
      vertex 14.014294038271483 8.06443587324194 2.5
      vertex 14.014294038271483 8.06443587324194 6
    endloop
  endfacet
  facet normal -0.7604059656000299 -0.6494480483301847 0
    outer loop
      vertex 13.460864712030896 8.967550452974194 2.5
      vertex 13.460864712030896 8.967550452974194 6
      vertex 12.772970773009195 9.772970773009195 2.5
    endloop
  endfacet
  facet normal -0.9238795325112865 -0.3826834323650901 0
    outer loop
      vertex 14.419631484992287 7.0858647120308955 2.5
      vertex 14.419631484992287 7.0858647120308955 6
      vertex 14.014294038271483 8.06443587324194 2.5
    endloop
  endfacet
  facet normal -0.6494480483301852 0.7604059656000296 5.525562648349745e-19
    outer loop
      vertex 12.772970773009195 0.22702922699080386 6
      vertex 12.507153701092149 0 2.5
      vertex 12.507153701092149 0 6
    endloop
  endfacet
  facet normal -0.7604059656000306 0.6494480483301841 0
    outer loop
      vertex 13.460864712030896 1.0324495470258062 2.5
      vertex 12.772970773009195 0.22702922699080386 6
      vertex 13.460864712030896 1.0324495470258062 6
    endloop
  endfacet
  facet normal -0.8526401643540924 0.5224985647159488 0
    outer loop
      vertex 14.014294038271483 1.935564126758059 2.5
      vertex 13.460864712030896 1.0324495470258062 6
      vertex 14.014294038271483 1.935564126758059 6
    endloop
  endfacet
  facet normal -0.9238795325112867 0.3826834323650899 0
    outer loop
      vertex 14.419631484992287 2.914135287969105 2.5
      vertex 14.014294038271483 1.935564126758059 6
      vertex 14.419631484992287 2.914135287969105 6
    endloop
  endfacet
  facet normal -0.9723699203976766 0.2334453638559056 0
    outer loop
      vertex 14.66689629901718 3.9440673609784414 2.5
      vertex 14.419631484992287 2.914135287969105 6
      vertex 14.66689629901718 3.9440673609784414 6
    endloop
  endfacet
  facet normal -0.996917333733128 0.07845909572784433 0
    outer loop
      vertex 14.75 5 2.5
      vertex 14.66689629901718 3.9440673609784414 6
      vertex 14.75 5 6
    endloop
  endfacet
  facet normal -0.996917333733128 -0.07845909572784433 0
    outer loop
      vertex 14.66689629901718 6.055932639021559 2.5
      vertex 14.75 5 6
      vertex 14.66689629901718 6.055932639021559 6
    endloop
  endfacet
  facet normal -0.9723699203976766 -0.23344536385590553 0
    outer loop
      vertex 14.419631484992287 7.0858647120308955 2.5
      vertex 14.66689629901718 6.055932639021559 6
      vertex 14.419631484992287 7.0858647120308955 6
    endloop
  endfacet
  facet normal -0.6494480483301847 -0.7604059656000299 0
    outer loop
      vertex 11.967550452974194 10.460864712030896 2.5
      vertex 12.772970773009195 9.772970773009195 6
      vertex 11.967550452974194 10.460864712030896 6
    endloop
  endfacet
  facet normal -0.3826834323650901 -0.9238795325112865 0
    outer loop
      vertex 10.085864712030896 11.419631484992287 2.5
      vertex 11.06443587324194 11.014294038271483 6
      vertex 10.085864712030896 11.419631484992287 6
    endloop
  endfacet
  facet normal -0.5224985647159484 -0.8526401643540925 0
    outer loop
      vertex 11.06443587324194 11.014294038271483 2.5
      vertex 11.967550452974194 10.460864712030896 6
      vertex 11.06443587324194 11.014294038271483 6
    endloop
  endfacet
  facet normal -0.8526401643540925 -0.5224985647159484 0
    outer loop
      vertex 13.460864712030896 8.967550452974194 2.5
      vertex 14.014294038271483 8.06443587324194 6
      vertex 13.460864712030896 8.967550452974194 6
    endloop
  endfacet
  facet normal -0.7604059656000299 -0.6494480483301847 0
    outer loop
      vertex 12.772970773009195 9.772970773009195 2.5
      vertex 13.460864712030896 8.967550452974194 6
      vertex 12.772970773009195 9.772970773009195 6
    endloop
  endfacet
  facet normal -0.9238795325112865 -0.3826834323650901 0
    outer loop
      vertex 14.014294038271483 8.06443587324194 2.5
      vertex 14.419631484992287 7.0858647120308955 6
      vertex 14.014294038271483 8.06443587324194 6
    endloop
  endfacet
  facet normal 0.7604059656000188 0.6494480483301978 0
    outer loop
      vertex 6.220162612375115 222.70687244495656 2.5
      vertex 6.444365081389595 222.4443650813896 0
      vertex 6.220162612375115 222.70687244495656 0
    endloop
  endfacet
  facet normal 0.6494480483302167 0.7604059656000026 0
    outer loop
      vertex 6.444365081389595 222.4443650813896 2.5
      vertex 6.706872444956559 222.2201626123751 0
      vertex 6.444365081389595 222.4443650813896 0
    endloop
  endfacet
  facet normal 0.5224985647159323 0.8526401643541025 0
    outer loop
      vertex 6.706872444956559 222.2201626123751 2.5
      vertex 7.001220900572997 222.0397856467856 0
      vertex 6.706872444956559 222.2201626123751 0
    endloop
  endfacet
  facet normal 0.23344536385595296 0.9723699203976651 0
    outer loop
      vertex 7.320162612375116 221.90767566415067 2.5
      vertex 7.655844176911492 221.8270856506907 0
      vertex 7.320162612375116 221.90767566415067 0
    endloop
  endfacet
  facet normal 0.38268343236505686 0.9238795325113004 0
    outer loop
      vertex 7.001220900572997 222.0397856467856 2.5
      vertex 7.320162612375116 221.90767566415067 0
      vertex 7.001220900572997 222.0397856467856 0
    endloop
  endfacet
  facet normal 0.8526401643540971 0.522498564715941 0
    outer loop
      vertex 6.220162612375115 222.70687244495656 2.5
      vertex 6.220162612375115 222.70687244495656 0
      vertex 6.039785646785591 223.001220900573 2.5
    endloop
  endfacet
  facet normal 0.7604059656000188 0.6494480483301978 -2.466579363344081e-18
    outer loop
      vertex 6.220162612375115 222.70687244495656 2.5
      vertex 6.444365081389595 222.4443650813896 2.5
      vertex 6.444365081389595 222.4443650813896 0
    endloop
  endfacet
  facet normal 0.6494480483302167 0.7604059656000026 3.9921612790916674e-18
    outer loop
      vertex 6.444365081389595 222.4443650813896 2.5
      vertex 6.706872444956559 222.2201626123751 2.5
      vertex 6.706872444956559 222.2201626123751 0
    endloop
  endfacet
  facet normal 0.5224985647159323 0.8526401643541025 -3.6590444475868885e-19
    outer loop
      vertex 6.706872444956559 222.2201626123751 2.5
      vertex 7.001220900572997 222.0397856467856 2.5
      vertex 7.001220900572997 222.0397856467856 0
    endloop
  endfacet
  facet normal 0.23344536385595296 0.9723699203976651 1.0733025078569383e-19
    outer loop
      vertex 7.320162612375116 221.90767566415067 2.5
      vertex 7.655844176911492 221.8270856506907 2.5
      vertex 7.655844176911492 221.8270856506907 0
    endloop
  endfacet
  facet normal 0.38268343236505686 0.9238795325113004 0
    outer loop
      vertex 7.320162612375116 221.90767566415067 2.5
      vertex 7.320162612375116 221.90767566415067 0
      vertex 7.001220900572997 222.0397856467856 2.5
    endloop
  endfacet
  facet normal 0.07845909572779473 0.996917333733132 0
    outer loop
      vertex 7.655844176911492 221.8270856506907 2.5
      vertex 8 221.8 0
      vertex 7.655844176911492 221.8270856506907 0
    endloop
  endfacet
  facet normal -0.07845909572779473 0.996917333733132 0
    outer loop
      vertex 8 221.8 2.5
      vertex 8.344155823088508 221.8270856506907 0
      vertex 8 221.8 0
    endloop
  endfacet
  facet normal -0.23344536385595296 0.9723699203976651 0
    outer loop
      vertex 8.344155823088508 221.8270856506907 2.5
      vertex 8.679837387624884 221.90767566415067 0
      vertex 8.344155823088508 221.8270856506907 0
    endloop
  endfacet
  facet normal -0.38268343236505775 0.9238795325113 0
    outer loop
      vertex 8.679837387624884 221.90767566415067 2.5
      vertex 8.998779099427002 222.0397856467856 0
      vertex 8.679837387624884 221.90767566415067 0
    endloop
  endfacet
  facet normal -0.522498564715931 0.8526401643541031 0
    outer loop
      vertex 8.998779099427002 222.0397856467856 2.5
      vertex 9.29312755504344 222.2201626123751 0
      vertex 8.998779099427002 222.0397856467856 0
    endloop
  endfacet
  facet normal -0.6494480483302167 0.7604059656000026 0
    outer loop
      vertex 9.29312755504344 222.2201626123751 2.5
      vertex 9.555634918610405 222.4443650813896 0
      vertex 9.29312755504344 222.2201626123751 0
    endloop
  endfacet
  facet normal -0.7604059656000202 0.6494480483301963 0
    outer loop
      vertex 9.555634918610405 222.4443650813896 2.5
      vertex 9.779837387624884 222.70687244495656 0
      vertex 9.555634918610405 222.4443650813896 0
    endloop
  endfacet
  facet normal -0.852640164354096 0.5224985647159429 0
    outer loop
      vertex 9.779837387624884 222.70687244495656 2.5
      vertex 9.96021435321441 223.001220900573 0
      vertex 9.779837387624884 222.70687244495656 0
    endloop
  endfacet
  facet normal 0.07845909572779473 0.996917333733132 1.5384756316508737e-19
    outer loop
      vertex 7.655844176911492 221.8270856506907 2.5
      vertex 8 221.8 2.5
      vertex 8 221.8 0
    endloop
  endfacet
  facet normal -0.07845909572779473 0.996917333733132 -1.5384756316508737e-19
    outer loop
      vertex 8 221.8 2.5
      vertex 8.344155823088508 221.8270856506907 2.5
      vertex 8.344155823088508 221.8270856506907 0
    endloop
  endfacet
  facet normal -0.23344536385595296 0.9723699203976651 -1.0733025078569383e-19
    outer loop
      vertex 8.344155823088508 221.8270856506907 2.5
      vertex 8.679837387624884 221.90767566415067 2.5
      vertex 8.679837387624884 221.90767566415067 0
    endloop
  endfacet
  facet normal -0.38268343236505775 0.9238795325113 3.09178967932899e-19
    outer loop
      vertex 8.679837387624884 221.90767566415067 2.5
      vertex 8.998779099427002 222.0397856467856 2.5
      vertex 8.998779099427002 222.0397856467856 0
    endloop
  endfacet
  facet normal -0.522498564715931 0.8526401643541031 1.0754443556844123e-18
    outer loop
      vertex 8.998779099427002 222.0397856467856 2.5
      vertex 9.29312755504344 222.2201626123751 2.5
      vertex 9.29312755504344 222.2201626123751 0
    endloop
  endfacet
  facet normal -0.6494480483302167 0.7604059656000026 -3.9921612790916674e-18
    outer loop
      vertex 9.29312755504344 222.2201626123751 2.5
      vertex 9.555634918610405 222.4443650813896 2.5
      vertex 9.555634918610405 222.4443650813896 0
    endloop
  endfacet
  facet normal -0.7604059656000202 0.6494480483301963 -2.364978770601499e-18
    outer loop
      vertex 9.555634918610405 222.4443650813896 2.5
      vertex 9.779837387624884 222.70687244495656 2.5
      vertex 9.779837387624884 222.70687244495656 0
    endloop
  endfacet
  facet normal 0.8526401643540971 0.522498564715941 0
    outer loop
      vertex 6.039785646785591 223.001220900573 2.5
      vertex 6.220162612375115 222.70687244495656 0
      vertex 6.039785646785591 223.001220900573 0
    endloop
  endfacet
  facet normal 0.9238795325112904 0.38268343236508123 0
    outer loop
      vertex 5.907675664150663 223.32016261237513 2.5
      vertex 6.039785646785591 223.001220900573 0
      vertex 5.907675664150663 223.32016261237513 0
    endloop
  endfacet
  facet normal 0.9723699203976751 0.23344536385591153 0
    outer loop
      vertex 5.827085650690696 223.6558441769115 2.5
      vertex 5.907675664150663 223.32016261237513 0
      vertex 5.827085650690696 223.6558441769115 0
    endloop
  endfacet
  facet normal 0.9969173337331279 0.07845909572784532 0
    outer loop
      vertex 5.8 224 2.5
      vertex 5.827085650690696 223.6558441769115 0
      vertex 5.8 224 0
    endloop
  endfacet
  facet normal 0.9969173337331279 -0.07845909572784532 0
    outer loop
      vertex 5.827085650690696 224.3441558230885 2.5
      vertex 5.8 224 0
      vertex 5.827085650690696 224.3441558230885 0
    endloop
  endfacet
  facet normal 0.9723699203976751 -0.23344536385591153 0
    outer loop
      vertex 5.907675664150663 224.67983738762487 2.5
      vertex 5.827085650690696 224.3441558230885 0
      vertex 5.907675664150663 224.67983738762487 0
    endloop
  endfacet
  facet normal 0.9238795325112904 -0.38268343236508123 0
    outer loop
      vertex 6.039785646785591 224.998779099427 2.5
      vertex 5.907675664150663 224.67983738762487 0
      vertex 6.039785646785591 224.998779099427 0
    endloop
  endfacet
  facet normal 0.8526401643540971 -0.522498564715941 0
    outer loop
      vertex 6.220162612375115 225.29312755504344 2.5
      vertex 6.039785646785591 224.998779099427 0
      vertex 6.220162612375115 225.29312755504344 0
    endloop
  endfacet
  facet normal 0.7604059656000188 -0.6494480483301978 0
    outer loop
      vertex 6.444365081389595 225.5556349186104 2.5
      vertex 6.220162612375115 225.29312755504344 0
      vertex 6.444365081389595 225.5556349186104 0
    endloop
  endfacet
  facet normal 0.6494480483302167 -0.7604059656000026 0
    outer loop
      vertex 6.706872444956559 225.7798373876249 2.5
      vertex 6.444365081389595 225.5556349186104 0
      vertex 6.706872444956559 225.7798373876249 0
    endloop
  endfacet
  facet normal 0.5224985647159323 -0.8526401643541025 0
    outer loop
      vertex 7.001220900572997 225.9602143532144 2.5
      vertex 6.706872444956559 225.7798373876249 0
      vertex 7.001220900572997 225.9602143532144 0
    endloop
  endfacet
  facet normal 0.38268343236505686 -0.9238795325113004 0
    outer loop
      vertex 7.320162612375116 226.09232433584933 2.5
      vertex 7.001220900572997 225.9602143532144 0
      vertex 7.320162612375116 226.09232433584933 0
    endloop
  endfacet
  facet normal 0.23344536385595296 -0.9723699203976651 0
    outer loop
      vertex 7.655844176911492 226.1729143493093 2.5
      vertex 7.320162612375116 226.09232433584933 0
      vertex 7.655844176911492 226.1729143493093 0
    endloop
  endfacet
  facet normal 0.9238795325112904 0.38268343236508123 1.1044902899923408e-18
    outer loop
      vertex 5.907675664150663 223.32016261237513 2.5
      vertex 6.039785646785591 223.001220900573 2.5
      vertex 6.039785646785591 223.001220900573 0
    endloop
  endfacet
  facet normal 0.9723699203976751 0.23344536385591153 0
    outer loop
      vertex 5.907675664150663 223.32016261237513 2.5
      vertex 5.907675664150663 223.32016261237513 0
      vertex 5.827085650690696 223.6558441769115 2.5
    endloop
  endfacet
  facet normal 0.9969173337331279 0.07845909572784532 0
    outer loop
      vertex 5.827085650690696 223.6558441769115 2.5
      vertex 5.827085650690696 223.6558441769115 0
      vertex 5.8 224 2.5
    endloop
  endfacet
  facet normal 0.9969173337331279 -0.07845909572784532 0
    outer loop
      vertex 5.8 224 2.5
      vertex 5.8 224 0
      vertex 5.827085650690696 224.3441558230885 2.5
    endloop
  endfacet
  facet normal 0.9723699203976751 -0.23344536385591153 0
    outer loop
      vertex 5.827085650690696 224.3441558230885 2.5
      vertex 5.827085650690696 224.3441558230885 0
      vertex 5.907675664150663 224.67983738762487 2.5
    endloop
  endfacet
  facet normal 0.9238795325112904 -0.38268343236508123 0
    outer loop
      vertex 5.907675664150663 224.67983738762487 2.5
      vertex 5.907675664150663 224.67983738762487 0
      vertex 6.039785646785591 224.998779099427 2.5
    endloop
  endfacet
  facet normal 0.8526401643540971 -0.522498564715941 0
    outer loop
      vertex 6.039785646785591 224.998779099427 2.5
      vertex 6.039785646785591 224.998779099427 0
      vertex 6.220162612375115 225.29312755504344 2.5
    endloop
  endfacet
  facet normal 0.7604059656000188 -0.6494480483301978 0
    outer loop
      vertex 6.220162612375115 225.29312755504344 2.5
      vertex 6.220162612375115 225.29312755504344 0
      vertex 6.444365081389595 225.5556349186104 2.5
    endloop
  endfacet
  facet normal 0.6494480483302167 -0.7604059656000026 0
    outer loop
      vertex 6.444365081389595 225.5556349186104 2.5
      vertex 6.444365081389595 225.5556349186104 0
      vertex 6.706872444956559 225.7798373876249 2.5
    endloop
  endfacet
  facet normal 0.5224985647159323 -0.8526401643541025 0
    outer loop
      vertex 6.706872444956559 225.7798373876249 2.5
      vertex 6.706872444956559 225.7798373876249 0
      vertex 7.001220900572997 225.9602143532144 2.5
    endloop
  endfacet
  facet normal 0.38268343236505686 -0.9238795325113004 0
    outer loop
      vertex 7.001220900572997 225.9602143532144 2.5
      vertex 7.001220900572997 225.9602143532144 0
      vertex 7.320162612375116 226.09232433584933 2.5
    endloop
  endfacet
  facet normal 0.23344536385595296 -0.9723699203976651 0
    outer loop
      vertex 7.320162612375116 226.09232433584933 2.5
      vertex 7.320162612375116 226.09232433584933 0
      vertex 7.655844176911492 226.1729143493093 2.5
    endloop
  endfacet
  facet normal 0.07845909572779473 -0.996917333733132 0
    outer loop
      vertex 8 226.2 2.5
      vertex 7.655844176911492 226.1729143493093 0
      vertex 8 226.2 0
    endloop
  endfacet
  facet normal -0.07845909572779473 -0.996917333733132 0
    outer loop
      vertex 8.344155823088508 226.1729143493093 2.5
      vertex 8 226.2 0
      vertex 8.344155823088508 226.1729143493093 0
    endloop
  endfacet
  facet normal -0.23344536385595296 -0.9723699203976651 0
    outer loop
      vertex 8.679837387624884 226.09232433584933 2.5
      vertex 8.344155823088508 226.1729143493093 0
      vertex 8.679837387624884 226.09232433584933 0
    endloop
  endfacet
  facet normal -0.38268343236505775 -0.9238795325113 0
    outer loop
      vertex 8.998779099427002 225.9602143532144 2.5
      vertex 8.679837387624884 226.09232433584933 0
      vertex 8.998779099427002 225.9602143532144 0
    endloop
  endfacet
  facet normal -0.9238795325112904 0.38268343236508123 0
    outer loop
      vertex 9.96021435321441 223.001220900573 2.5
      vertex 10.092324335849337 223.32016261237513 0
      vertex 9.96021435321441 223.001220900573 0
    endloop
  endfacet
  facet normal -0.9723699203976751 0.23344536385591153 0
    outer loop
      vertex 10.092324335849337 223.32016261237513 2.5
      vertex 10.172914349309304 223.6558441769115 0
      vertex 10.092324335849337 223.32016261237513 0
    endloop
  endfacet
  facet normal -0.9969173337331281 0.07845909572784276 0
    outer loop
      vertex 10.172914349309304 223.6558441769115 2.5
      vertex 10.2 224 0
      vertex 10.172914349309304 223.6558441769115 0
    endloop
  endfacet
  facet normal -0.9969173337331281 -0.07845909572784276 0
    outer loop
      vertex 10.2 224 2.5
      vertex 10.172914349309304 224.3441558230885 0
      vertex 10.2 224 0
    endloop
  endfacet
  facet normal -0.9723699203976751 -0.23344536385591153 0
    outer loop
      vertex 10.172914349309304 224.3441558230885 2.5
      vertex 10.092324335849337 224.67983738762487 0
      vertex 10.172914349309304 224.3441558230885 0
    endloop
  endfacet
  facet normal -0.522498564715931 -0.8526401643541031 0
    outer loop
      vertex 9.29312755504344 225.7798373876249 2.5
      vertex 8.998779099427002 225.9602143532144 0
      vertex 9.29312755504344 225.7798373876249 0
    endloop
  endfacet
  facet normal -0.6494480483302167 -0.7604059656000026 0
    outer loop
      vertex 9.555634918610405 225.5556349186104 2.5
      vertex 9.29312755504344 225.7798373876249 0
      vertex 9.555634918610405 225.5556349186104 0
    endloop
  endfacet
  facet normal -0.7604059656000202 -0.6494480483301963 0
    outer loop
      vertex 9.779837387624884 225.29312755504344 2.5
      vertex 9.555634918610405 225.5556349186104 0
      vertex 9.779837387624884 225.29312755504344 0
    endloop
  endfacet
  facet normal -0.852640164354096 -0.5224985647159429 0
    outer loop
      vertex 9.96021435321441 224.998779099427 2.5
      vertex 9.779837387624884 225.29312755504344 0
      vertex 9.96021435321441 224.998779099427 0
    endloop
  endfacet
  facet normal -0.9238795325112904 -0.38268343236508123 0
    outer loop
      vertex 10.092324335849337 224.67983738762487 2.5
      vertex 9.96021435321441 224.998779099427 0
      vertex 10.092324335849337 224.67983738762487 0
    endloop
  endfacet
  facet normal 0.07845909572779473 -0.996917333733132 0
    outer loop
      vertex 7.655844176911492 226.1729143493093 2.5
      vertex 7.655844176911492 226.1729143493093 0
      vertex 8 226.2 2.5
    endloop
  endfacet
  facet normal -0.07845909572779473 -0.996917333733132 0
    outer loop
      vertex 8 226.2 2.5
      vertex 8 226.2 0
      vertex 8.344155823088508 226.1729143493093 2.5
    endloop
  endfacet
  facet normal -0.23344536385595296 -0.9723699203976651 0
    outer loop
      vertex 8.344155823088508 226.1729143493093 2.5
      vertex 8.344155823088508 226.1729143493093 0
      vertex 8.679837387624884 226.09232433584933 2.5
    endloop
  endfacet
  facet normal -0.38268343236505775 -0.9238795325113 0
    outer loop
      vertex 8.679837387624884 226.09232433584933 2.5
      vertex 8.679837387624884 226.09232433584933 0
      vertex 8.998779099427002 225.9602143532144 2.5
    endloop
  endfacet
  facet normal -0.852640164354096 0.5224985647159429 3.4515179936980223e-18
    outer loop
      vertex 9.779837387624884 222.70687244495656 2.5
      vertex 9.96021435321441 223.001220900573 2.5
      vertex 9.96021435321441 223.001220900573 0
    endloop
  endfacet
  facet normal -0.9238795325112904 0.38268343236508123 -1.1044902899923408e-18
    outer loop
      vertex 9.96021435321441 223.001220900573 2.5
      vertex 10.092324335849337 223.32016261237513 2.5
      vertex 10.092324335849337 223.32016261237513 0
    endloop
  endfacet
  facet normal -0.9723699203976751 0.23344536385591153 -1.4935136827278506e-18
    outer loop
      vertex 10.092324335849337 223.32016261237513 2.5
      vertex 10.172914349309304 223.6558441769115 2.5
      vertex 10.172914349309304 223.6558441769115 0
    endloop
  endfacet
  facet normal -0.9969173337331281 0.07845909572784276 -3.0164636428389676e-20
    outer loop
      vertex 10.172914349309304 223.6558441769115 2.5
      vertex 10.2 224 2.5
      vertex 10.2 224 0
    endloop
  endfacet
  facet normal -0.9723699203976751 -0.23344536385591153 0
    outer loop
      vertex 10.092324335849337 224.67983738762487 2.5
      vertex 10.092324335849337 224.67983738762487 0
      vertex 10.172914349309304 224.3441558230885 2.5
    endloop
  endfacet
  facet normal -0.9969173337331281 -0.07845909572784276 3.0164636428389676e-20
    outer loop
      vertex 10.2 224 2.5
      vertex 10.172914349309304 224.3441558230885 2.5
      vertex 10.172914349309304 224.3441558230885 0
    endloop
  endfacet
  facet normal -0.7604059656000202 -0.6494480483301963 0
    outer loop
      vertex 9.555634918610405 225.5556349186104 2.5
      vertex 9.555634918610405 225.5556349186104 0
      vertex 9.779837387624884 225.29312755504344 2.5
    endloop
  endfacet
  facet normal -0.522498564715931 -0.8526401643541031 0
    outer loop
      vertex 8.998779099427002 225.9602143532144 2.5
      vertex 8.998779099427002 225.9602143532144 0
      vertex 9.29312755504344 225.7798373876249 2.5
    endloop
  endfacet
  facet normal -0.6494480483302167 -0.7604059656000026 0
    outer loop
      vertex 9.29312755504344 225.7798373876249 2.5
      vertex 9.29312755504344 225.7798373876249 0
      vertex 9.555634918610405 225.5556349186104 2.5
    endloop
  endfacet
  facet normal -0.852640164354096 -0.5224985647159429 0
    outer loop
      vertex 9.779837387624884 225.29312755504344 2.5
      vertex 9.779837387624884 225.29312755504344 0
      vertex 9.96021435321441 224.998779099427 2.5
    endloop
  endfacet
  facet normal -0.9238795325112904 -0.38268343236508123 1.1044902899923408e-18
    outer loop
      vertex 10.092324335849337 224.67983738762487 2.5
      vertex 9.96021435321441 224.998779099427 2.5
      vertex 9.96021435321441 224.998779099427 0
    endloop
  endfacet
  facet normal 0.7604059656000188 0.6494480483301978 -1.3544591946196505e-19
    outer loop
      vertex 6.220162612375115 222.70687244495656 6.5
      vertex 6.444365081389595 222.4443650813896 52.027015009793786
      vertex 6.444365081389595 222.4443650813896 6.5
    endloop
  endfacet
  facet normal 0.5224985647159321 0.8526401643541025 -2.0407663676722936e-20
    outer loop
      vertex 6.706872444956559 222.2201626123751 6.5
      vertex 7.001220900572997 222.0397856467856 51.324391776904
      vertex 7.001220900572997 222.0397856467856 6.5
    endloop
  endfacet
  facet normal 0.6494480483302167 0.7604059656000027 2.2127279638572924e-19
    outer loop
      vertex 6.444365081389595 222.4443650813896 6.5
      vertex 6.706872444956559 222.2201626123751 51.604519673222896
      vertex 6.706872444956559 222.2201626123751 6.5
    endloop
  endfacet
  facet normal 0.233445363855953 0.9723699203976651 6.0244136818030605e-21
    outer loop
      vertex 7.320162612375116 221.90767566415067 6.5
      vertex 7.655844176911492 221.8270856506907 51.03970811711038
      vertex 7.655844176911492 221.8270856506907 6.5
    endloop
  endfacet
  facet normal 0.38268343236505686 0.9238795325113004 0
    outer loop
      vertex 7.320162612375116 221.90767566415067 6.5
      vertex 7.001220900572997 222.0397856467856 6.5
      vertex 7.320162612375116 221.90767566415067 51.14720343733518
    endloop
  endfacet
  facet normal 0.07845909572779473 0.9969173337331318 8.643121526128505e-21
    outer loop
      vertex 7.655844176911492 221.8270856506907 6.5
      vertex 8 221.8 51
      vertex 8 221.8 6.5
    endloop
  endfacet
  facet normal -0.07845909572779475 0.996917333733132 -8.635415995574593e-21
    outer loop
      vertex 8 221.8 6.5
      vertex 8.344155823088508 221.8270856506907 51.03970811711038
      vertex 8.344155823088508 221.8270856506907 6.5
    endloop
  endfacet
  facet normal -0.233445363855953 0.9723699203976652 -6.0099089373166325e-21
    outer loop
      vertex 8.344155823088508 221.8270856506907 6.5
      vertex 8.679837387624884 221.90767566415067 51.14720343733518
      vertex 8.679837387624884 221.90767566415067 6.5
    endloop
  endfacet
  facet normal -0.3826834323650577 0.9238795325113 1.7243902018331743e-20
    outer loop
      vertex 8.679837387624884 221.90767566415067 6.5
      vertex 8.998779099427002 222.0397856467856 51.324391776903994
      vertex 8.998779099427002 222.0397856467856 6.5
    endloop
  endfacet
  facet normal -0.522498564715931 0.8526401643541032 5.960845850237871e-20
    outer loop
      vertex 8.998779099427002 222.0397856467856 6.5
      vertex 9.29312755504344 222.2201626123751 51.604519673222896
      vertex 9.29312755504344 222.2201626123751 6.5
    endloop
  endfacet
  facet normal -0.6494480483302167 0.7604059656000027 -5.5208751307358836e-18
    outer loop
      vertex 9.29312755504344 222.2201626123751 6.5
      vertex 9.514711091120226 222.409412830755 51.92821615044277
      vertex 9.555634918610405 222.4443650813896 6.5
    endloop
  endfacet
  facet normal 0.6494480483302167 -0.7604059656000027 -1.8076543278439664e-17
    outer loop
      vertex 6.444365081389595 225.5556349186104 6.5
      vertex 6.706872444956559 225.7798373876249 6.5
      vertex 6.485288908879775 225.590587169245 51.92821615044277
    endloop
  endfacet
  facet normal 0.5224985647159323 -0.8526401643541025 0
    outer loop
      vertex 6.706872444956559 225.7798373876249 6.5
      vertex 7.001220900572997 225.9602143532144 6.5
      vertex 6.706872444956559 225.7798373876249 51.604519673222896
    endloop
  endfacet
  facet normal 0.38268343236505686 -0.9238795325113004 0
    outer loop
      vertex 7.001220900572997 225.9602143532144 6.5
      vertex 7.320162612375116 226.09232433584933 6.5
      vertex 7.001220900572997 225.9602143532144 51.324391776904
    endloop
  endfacet
  facet normal 0.233445363855953 -0.9723699203976652 0
    outer loop
      vertex 7.320162612375116 226.09232433584933 6.5
      vertex 7.655844176911492 226.1729143493093 6.5
      vertex 7.320162612375116 226.09232433584933 51.14720343733518
    endloop
  endfacet
  facet normal 0.07845909572779475 -0.996917333733132 0
    outer loop
      vertex 7.655844176911492 226.1729143493093 6.5
      vertex 8 226.2 6.5
      vertex 7.655844176911492 226.1729143493093 51.03970811711038
    endloop
  endfacet
  facet normal -0.07845909572779473 -0.9969173337331318 0
    outer loop
      vertex 8 226.2 6.5
      vertex 8.344155823088508 226.1729143493093 6.5
      vertex 8 226.2 51
    endloop
  endfacet
  facet normal -0.233445363855953 -0.9723699203976651 0
    outer loop
      vertex 8.344155823088508 226.1729143493093 6.5
      vertex 8.679837387624884 226.09232433584933 6.5
      vertex 8.344155823088508 226.1729143493093 51.03970811711038
    endloop
  endfacet
  facet normal -0.38268343236505775 -0.9238795325113001 0
    outer loop
      vertex 8.679837387624884 226.09232433584933 6.5
      vertex 8.998779099427002 225.9602143532144 6.5
      vertex 8.679837387624884 226.09232433584933 51.14720343733518
    endloop
  endfacet
  facet normal -0.76040596560002 -0.6494480483301963 0
    outer loop
      vertex 9.555634918610405 225.5556349186104 6.5
      vertex 9.779837387624884 225.29312755504344 6.5
      vertex 9.555634918610405 225.5556349186104 52.02701500979378
    endloop
  endfacet
  facet normal -0.522498564715931 -0.8526401643541032 0
    outer loop
      vertex 8.998779099427002 225.9602143532144 6.5
      vertex 9.29312755504344 225.7798373876249 6.5
      vertex 8.998779099427002 225.9602143532144 51.324391776903994
    endloop
  endfacet
  facet normal -0.6494480483302167 -0.7604059656000027 0
    outer loop
      vertex 9.29312755504344 225.7798373876249 6.5
      vertex 9.555634918610405 225.5556349186104 6.5
      vertex 9.29312755504344 225.7798373876249 51.604519673222896
    endloop
  endfacet
  facet normal -0.7604059656000202 0.6494480483301963 -1.0710954576999542e-19
    outer loop
      vertex 9.555634918610405 222.4443650813896 6.5
      vertex 9.779837387624884 222.70687244495656 61.7
      vertex 9.779837387624884 222.70687244495656 6.5
    endloop
  endfacet
  facet normal -0.8526401643540958 0.5224985647159428 0
    outer loop
      vertex 9.779837387624884 222.70687244495656 6.5
      vertex 9.779837387624884 222.70687244495656 61.7
      vertex 9.96021435321441 223.001220900573 6.5
    endloop
  endfacet
  facet normal 0.852640164354097 0.522498564715941 9.005173413938431e-20
    outer loop
      vertex 6.220162612375115 222.70687244495656 6.5
      vertex 6.039785646785591 223.001220900573 6.5
      vertex 6.039785646785591 223.001220900573 61.7
    endloop
  endfacet
  facet normal 0.9238795325112903 0.38268343236508123 0
    outer loop
      vertex 5.907675664150663 223.32016261237513 6.5
      vertex 5.907675664150663 223.32016261237513 61.7
      vertex 6.039785646785591 223.001220900573 6.5
    endloop
  endfacet
  facet normal 0.972369920397675 0.2334453638559115 6.764101823948597e-20
    outer loop
      vertex 5.907675664150663 223.32016261237513 6.5
      vertex 5.827085650690696 223.6558441769115 6.5
      vertex 5.827085650690696 223.6558441769115 61.7
    endloop
  endfacet
  facet normal 0.9969173337331281 0.07845909572784533 -1.7548655059185537e-20
    outer loop
      vertex 5.827085650690696 223.6558441769115 6.5
      vertex 5.8 224 6.5
      vertex 5.8 224 61.7
    endloop
  endfacet
  facet normal 0.9969173337331281 -0.07845909572784533 1.7548655059185537e-20
    outer loop
      vertex 5.8 224 6.5
      vertex 5.827085650690696 224.3441558230885 6.5
      vertex 5.827085650690696 224.3441558230885 61.7
    endloop
  endfacet
  facet normal 0.972369920397675 -0.2334453638559115 -6.764101823948597e-20
    outer loop
      vertex 5.827085650690696 224.3441558230885 6.5
      vertex 5.907675664150663 224.67983738762487 6.5
      vertex 5.907675664150663 224.67983738762487 61.7
    endloop
  endfacet
  facet normal 0.9238795325112903 -0.38268343236508123 -5.002220516269659e-20
    outer loop
      vertex 5.907675664150663 224.67983738762487 6.5
      vertex 6.039785646785591 224.998779099427 6.5
      vertex 6.039785646785591 224.998779099427 61.7
    endloop
  endfacet
  facet normal 0.852640164354097 -0.522498564715941 -9.005173413938431e-20
    outer loop
      vertex 6.039785646785591 224.998779099427 6.5
      vertex 6.220162612375115 225.29312755504344 6.5
      vertex 6.220162612375115 225.29312755504344 61.7
    endloop
  endfacet
  facet normal 0.7604059656000188 -0.6494480483301979 0
    outer loop
      vertex 6.220162612375115 225.29312755504344 6.5
      vertex 6.444365081389595 225.5556349186104 6.5
      vertex 6.220162612375115 225.29312755504344 61.7
    endloop
  endfacet
  facet normal -0.9238795325112903 0.38268343236508123 0
    outer loop
      vertex 9.96021435321441 223.001220900573 6.5
      vertex 9.96021435321441 223.001220900573 61.7
      vertex 10.092324335849337 223.32016261237513 6.5
    endloop
  endfacet
  facet normal -0.972369920397675 0.2334453638559115 0
    outer loop
      vertex 10.092324335849337 223.32016261237513 6.5
      vertex 10.092324335849337 223.32016261237513 61.7
      vertex 10.172914349309304 223.6558441769115 6.5
    endloop
  endfacet
  facet normal -0.9969173337331281 0.07845909572784275 0
    outer loop
      vertex 10.172914349309304 223.6558441769115 6.5
      vertex 10.172914349309304 223.6558441769115 61.7
      vertex 10.2 224 6.5
    endloop
  endfacet
  facet normal -0.9969173337331281 -0.07845909572784275 0
    outer loop
      vertex 10.2 224 6.5
      vertex 10.2 224 61.7
      vertex 10.172914349309304 224.3441558230885 6.5
    endloop
  endfacet
  facet normal -0.972369920397675 -0.2334453638559115 6.764101823948597e-20
    outer loop
      vertex 10.092324335849337 224.67983738762487 6.5
      vertex 10.172914349309304 224.3441558230885 6.5
      vertex 10.172914349309304 224.3441558230885 61.7
    endloop
  endfacet
  facet normal -0.8526401643540958 -0.5224985647159428 -1.5631874971458434e-19
    outer loop
      vertex 9.779837387624884 225.29312755504344 6.5
      vertex 9.96021435321441 224.998779099427 6.5
      vertex 9.96021435321441 224.998779099427 61.7
    endloop
  endfacet
  facet normal -0.9238795325112903 -0.38268343236508123 0
    outer loop
      vertex 10.092324335849337 224.67983738762487 6.5
      vertex 10.092324335849337 224.67983738762487 61.7
      vertex 9.96021435321441 224.998779099427 6.5
    endloop
  endfacet
  facet normal 0.5224985647306903 0.8526401643450586 -1.3354467700441337e-13
    outer loop
      vertex 6.706872444956559 222.2201626123751 6.5
      vertex 7.000765071102796 222.0400649794442 51.324671109562594
      vertex 7.001220900572997 222.0397856467856 51.324391776904
    endloop
  endfacet
  facet normal 0.5224985647158776 0.8526401643541359 0
    outer loop
      vertex 6.706872444956559 222.2201626123751 6.5
      vertex 6.706872444956559 222.2201626123751 51.604519673222896
      vertex 6.797918471982869 222.16436953525638 51.49791847198287
    endloop
  endfacet
  facet normal 0.6494480483302164 0.7604059656000031 5.353490332947383e-18
    outer loop
      vertex 6.444365081389595 222.4443650813896 6.5
      vertex 6.624671109562589 222.2903691852544 51.7007650711028
      vertex 6.706872444956559 222.2201626123751 51.604519673222896
    endloop
  endfacet
  facet normal 0.5224985647159233 0.8526401643541079 -1.267898885643863e-16
    outer loop
      vertex 6.706872444956559 222.2201626123751 6.5
      vertex 6.797918471982869 222.16436953525638 51.49791847198287
      vertex 7.000765071102796 222.0400649794442 51.324671109562594
    endloop
  endfacet
  facet normal 0.2334453638560283 0.972369920397647 0
    outer loop
      vertex 7.320162612375116 221.90767566415067 6.5
      vertex 7.320162612375116 221.90767566415067 51.14720343733518
      vertex 7.474671109562589 221.87058145587855 51.08320392229824
    endloop
  endfacet
  facet normal 0.2334453638558888 0.9723699203976806 5.113865475112809e-16
    outer loop
      vertex 7.320162612375116 221.90767566415067 6.5
      vertex 7.474671109562589 221.87058145587855 51.08320392229824
      vertex 7.655844176911492 221.8270856506907 51.03970811711038
    endloop
  endfacet
  facet normal 0.07845909572790921 0.9969173337331229 0
    outer loop
      vertex 7.655844176911492 221.8270856506907 6.5
      vertex 7.655844176911492 221.8270856506907 51.03970811711038
      vertex 7.734061409431607 221.82092982098825 51.02092982098827
    endloop
  endfacet
  facet normal 0.3826834323651417 0.9238795325112653 -7.104741952303453e-16
    outer loop
      vertex 7.001220900572997 222.0397856467856 6.5
      vertex 7.228216150442771 221.94576113569528 51.18528890887978
      vertex 7.320162612375116 221.90767566415067 51.14720343733518
    endloop
  endfacet
  facet normal 0.38268343236502234 0.9238795325113148 0
    outer loop
      vertex 7.001220900572997 222.0397856467856 6.5
      vertex 7.001220900572997 222.0397856467856 51.324391776904
      vertex 7.228216150442771 221.94576113569528 51.18528890887978
    endloop
  endfacet
  facet normal 0.07845909572776108 0.9969173337331344 2.618313445679502e-16
    outer loop
      vertex 7.655844176911492 221.8270856506907 6.5
      vertex 7.734061409431607 221.82092982098825 51.02092982098827
      vertex 8 221.8 51
    endloop
  endfacet
  facet normal -0.07845909572776107 0.9969173337331346 0
    outer loop
      vertex 8 221.8 6.5
      vertex 8 221.8 51
      vertex 8.265938590568393 221.82092982098825 51.02092982098827
    endloop
  endfacet
  facet normal -0.07845909572790943 0.9969173337331229 8.917145869759345e-16
    outer loop
      vertex 8 221.8 6.5
      vertex 8.265938590568393 221.82092982098825 51.02092982098827
      vertex 8.344155823088508 221.8270856506907 51.03970811711038
    endloop
  endfacet
  facet normal -0.2334453638558887 0.9723699203976807 0
    outer loop
      vertex 8.344155823088508 221.8270856506907 6.5
      vertex 8.344155823088508 221.8270856506907 51.03970811711038
      vertex 8.525328890437411 221.87058145587855 51.08320392229824
    endloop
  endfacet
  facet normal -0.23344536385602854 0.972369920397647 6.011376605678658e-16
    outer loop
      vertex 8.344155823088508 221.8270856506907 6.5
      vertex 8.525328890437411 221.87058145587855 51.08320392229824
      vertex 8.679837387624884 221.90767566415067 51.14720343733518
    endloop
  endfacet
  facet normal -0.38268343236514196 0.9238795325112651 0
    outer loop
      vertex 8.679837387624884 221.90767566415067 6.5
      vertex 8.679837387624884 221.90767566415067 51.14720343733518
      vertex 8.77178384955723 221.94576113569528 51.18528890887978
    endloop
  endfacet
  facet normal -0.3826834323650234 0.9238795325113142 -2.8578031154441485e-16
    outer loop
      vertex 8.679837387624884 221.90767566415067 6.5
      vertex 8.77178384955723 221.94576113569528 51.18528890887978
      vertex 8.998779099427002 222.0397856467856 51.324391776903994
    endloop
  endfacet
  facet normal -0.5224985647300288 0.8526401643454641 0
    outer loop
      vertex 8.998779099427002 222.0397856467856 6.5
      vertex 8.998779099427002 222.0397856467856 51.324391776903994
      vertex 8.999234928897204 222.0400649794442 51.324671109562594
    endloop
  endfacet
  facet normal -0.5224985647159249 0.8526401643541069 -1.9728304780511892e-16
    outer loop
      vertex 8.998779099427002 222.0397856467856 6.5
      vertex 8.999234928897204 222.0400649794442 51.324671109562594
      vertex 9.20208152801713 222.16436953525638 51.49791847198287
    endloop
  endfacet
  facet normal -0.5224985647158734 0.8526401643541385 -5.163457731113413e-16
    outer loop
      vertex 8.998779099427002 222.0397856467856 6.5
      vertex 9.20208152801713 222.16436953525638 51.49791847198287
      vertex 9.29312755504344 222.2201626123751 51.604519673222896
    endloop
  endfacet
  facet normal -0.6494480483302163 0.7604059656000032 0
    outer loop
      vertex 9.29312755504344 222.2201626123751 6.5
      vertex 9.29312755504344 222.2201626123751 51.604519673222896
      vertex 9.37532889043741 222.2903691852544 51.7007650711028
    endloop
  endfacet
  facet normal 0.7604059656000312 0.6494480483301835 -1.4276802751946787e-16
    outer loop
      vertex 6.220162612375115 222.70687244495656 6.5
      vertex 6.3832039222982395 222.51597559797466 52.174671109562595
      vertex 6.444365081389595 222.4443650813896 52.027015009793786
    endloop
  endfacet
  facet normal 0.7604059656000525 0.6494480483301583 -3.2380818897265363e-16
    outer loop
      vertex 6.220162612375115 222.70687244495656 6.5
      vertex 6.320929820988265 222.5888892024735 52.434061409431614
      vertex 6.3832039222982395 222.51597559797466 52.174671109562595
    endloop
  endfacet
  facet normal 0.7604059655998275 0.6494480483304217 8.459259296926936e-16
    outer loop
      vertex 6.220162612375115 222.70687244495656 6.5
      vertex 6.3 222.6133948742964 52.7
      vertex 6.320929820988265 222.5888892024735 52.434061409431614
    endloop
  endfacet
  facet normal 0.6494480483302205 0.7604059655999995 -2.389764509889522e-17
    outer loop
      vertex 6.444365081389595 222.4443650813896 6.5
      vertex 6.485288908879775 222.409412830755 51.92821615044277
      vertex 6.624671109562589 222.2903691852544 51.7007650711028
    endloop
  endfacet
  facet normal 0.6494480483302052 0.7604059656000125 0
    outer loop
      vertex 6.444365081389595 222.4443650813896 6.5
      vertex 6.444365081389595 222.4443650813896 52.027015009793786
      vertex 6.485288908879775 222.409412830755 51.92821615044277
    endloop
  endfacet
  facet normal -0.6494480483302182 0.7604059656000014 6.142613805427698e-18
    outer loop
      vertex 9.29312755504344 222.2201626123751 6.5
      vertex 9.37532889043741 222.2903691852544 51.7007650711028
      vertex 9.514711091120226 222.409412830755 51.92821615044277
    endloop
  endfacet
  facet normal -0.6494480483302133 0.7604059656000056 0
    outer loop
      vertex 9.555634918610405 222.4443650813896 6.5
      vertex 9.514711091120226 222.409412830755 51.92821615044277
      vertex 9.555634918610405 222.4443650813896 52.02701500979378
    endloop
  endfacet
  facet normal -0.7604059656000313 0.6494480483301832 0
    outer loop
      vertex 9.555634918610405 222.4443650813896 6.5
      vertex 9.555634918610405 222.4443650813896 52.02701500979378
      vertex 9.61679607770176 222.51597559797466 52.174671109562595
    endloop
  endfacet
  facet normal -0.7604059656000531 0.6494480483301577 6.971031562832095e-17
    outer loop
      vertex 9.555634918610405 222.4443650813896 6.5
      vertex 9.61679607770176 222.51597559797466 52.174671109562595
      vertex 9.679070179011735 222.5888892024735 52.434061409431614
    endloop
  endfacet
  facet normal -0.7604059655998294 0.6494480483304196 -1.3560089558095455e-15
    outer loop
      vertex 9.555634918610405 222.4443650813896 6.5
      vertex 9.679070179011735 222.5888892024735 52.434061409431614
      vertex 9.7 222.6133948742964 52.7
    endloop
  endfacet
  facet normal 0.5224985647307688 -0.8526401643450106 0
    outer loop
      vertex 7.001220900572997 225.9602143532144 6.5
      vertex 7.001220900572997 225.9602143532144 51.324391776904
      vertex 7.000765071102796 225.9599350205558 51.324671109562594
    endloop
  endfacet
  facet normal 0.6494480483302163 -0.7604059656000032 0
    outer loop
      vertex 6.706872444956559 225.7798373876249 6.5
      vertex 6.706872444956559 225.7798373876249 51.604519673222896
      vertex 6.624671109562589 225.7096308147456 51.7007650711028
    endloop
  endfacet
  facet normal 0.5224985647159233 -0.8526401643541079 -2.0765945042494525e-16
    outer loop
      vertex 7.001220900572997 225.9602143532144 6.5
      vertex 7.000765071102796 225.9599350205558 51.324671109562594
      vertex 6.797918471982869 225.83563046474362 51.49791847198287
    endloop
  endfacet
  facet normal 0.5224985647158771 -0.8526401643541361 -4.931170099966773e-16
    outer loop
      vertex 7.001220900572997 225.9602143532144 6.5
      vertex 6.797918471982869 225.83563046474362 51.49791847198287
      vertex 6.706872444956559 225.7798373876249 51.604519673222896
    endloop
  endfacet
  facet normal 0.38268343236502217 -0.9238795325113147 -2.887861512869228e-16
    outer loop
      vertex 7.320162612375116 226.09232433584933 6.5
      vertex 7.228216150442771 226.05423886430472 51.18528890887978
      vertex 7.001220900572997 225.9602143532144 51.324391776904
    endloop
  endfacet
  facet normal 0.38268343236514196 -0.9238795325112651 0
    outer loop
      vertex 7.320162612375116 226.09232433584933 6.5
      vertex 7.320162612375116 226.09232433584933 51.14720343733518
      vertex 7.228216150442771 226.05423886430472 51.18528890887978
    endloop
  endfacet
  facet normal 0.23344536385602854 -0.972369920397647 6.011376605678658e-16
    outer loop
      vertex 7.655844176911492 226.1729143493093 6.5
      vertex 7.474671109562589 226.12941854412145 51.08320392229824
      vertex 7.320162612375116 226.09232433584933 51.14720343733518
    endloop
  endfacet
  facet normal 0.2334453638558887 -0.9723699203976807 0
    outer loop
      vertex 7.655844176911492 226.1729143493093 6.5
      vertex 7.655844176911492 226.1729143493093 51.03970811711038
      vertex 7.474671109562589 226.12941854412145 51.08320392229824
    endloop
  endfacet
  facet normal 0.07845909572790943 -0.9969173337331229 8.917145869759345e-16
    outer loop
      vertex 8 226.2 6.5
      vertex 7.734061409431607 226.17907017901175 51.02092982098827
      vertex 7.655844176911492 226.1729143493093 51.03970811711038
    endloop
  endfacet
  facet normal 0.07845909572776107 -0.9969173337331346 0
    outer loop
      vertex 8 226.2 6.5
      vertex 8 226.2 51
      vertex 7.734061409431607 226.17907017901175 51.02092982098827
    endloop
  endfacet
  facet normal -0.07845909572790921 -0.9969173337331229 0
    outer loop
      vertex 8.344155823088508 226.1729143493093 6.5
      vertex 8.344155823088508 226.1729143493093 51.03970811711038
      vertex 8.265938590568393 226.17907017901175 51.02092982098827
    endloop
  endfacet
  facet normal -0.07845909572776108 -0.9969173337331344 2.618313445679502e-16
    outer loop
      vertex 8.344155823088508 226.1729143493093 6.5
      vertex 8.265938590568393 226.17907017901175 51.02092982098827
      vertex 8 226.2 51
    endloop
  endfacet
  facet normal -0.2334453638558888 -0.9723699203976806 5.113865475112809e-16
    outer loop
      vertex 8.679837387624884 226.09232433584933 6.5
      vertex 8.525328890437411 226.12941854412145 51.08320392229824
      vertex 8.344155823088508 226.1729143493093 51.03970811711038
    endloop
  endfacet
  facet normal -0.2334453638560283 -0.972369920397647 0
    outer loop
      vertex 8.679837387624884 226.09232433584933 6.5
      vertex 8.679837387624884 226.09232433584933 51.14720343733518
      vertex 8.525328890437411 226.12941854412145 51.08320392229824
    endloop
  endfacet
  facet normal -0.38268343236514174 -0.9238795325112653 -7.028291244294425e-16
    outer loop
      vertex 8.998779099427002 225.9602143532144 6.5
      vertex 8.77178384955723 226.05423886430472 51.18528890887978
      vertex 8.679837387624884 226.09232433584933 51.14720343733518
    endloop
  endfacet
  facet normal -0.3826834323650236 -0.9238795325113142 0
    outer loop
      vertex 8.998779099427002 225.9602143532144 6.5
      vertex 8.998779099427002 225.9602143532144 51.324391776903994
      vertex 8.77178384955723 226.05423886430472 51.18528890887978
    endloop
  endfacet
  facet normal -0.522498564729959 -0.8526401643455068 -1.2691147939269956e-13
    outer loop
      vertex 9.29312755504344 225.7798373876249 6.5
      vertex 8.999234928897204 225.9599350205558 51.324671109562594
      vertex 8.998779099427002 225.9602143532144 51.324391776903994
    endloop
  endfacet
  facet normal -0.5224985647159249 -0.8526401643541069 -1.417062878018833e-16
    outer loop
      vertex 9.29312755504344 225.7798373876249 6.5
      vertex 9.20208152801713 225.83563046474362 51.49791847198287
      vertex 8.999234928897204 225.9599350205558 51.324671109562594
    endloop
  endfacet
  facet normal -0.5224985647158739 -0.852640164354138 0
    outer loop
      vertex 9.29312755504344 225.7798373876249 6.5
      vertex 9.29312755504344 225.7798373876249 51.604519673222896
      vertex 9.20208152801713 225.83563046474362 51.49791847198287
    endloop
  endfacet
  facet normal -0.6494480483302164 -0.7604059656000031 5.353490332947383e-18
    outer loop
      vertex 9.555634918610405 225.5556349186104 6.5
      vertex 9.37532889043741 225.7096308147456 51.7007650711028
      vertex 9.29312755504344 225.7798373876249 51.604519673222896
    endloop
  endfacet
  facet normal 0.7604059656000531 -0.6494480483301577 6.971031562832095e-17
    outer loop
      vertex 6.444365081389595 225.5556349186104 6.5
      vertex 6.3832039222982395 225.48402440202534 52.174671109562595
      vertex 6.320929820988265 225.4111107975265 52.434061409431614
    endloop
  endfacet
  facet normal 0.7604059656000313 -0.6494480483301833 0
    outer loop
      vertex 6.444365081389595 225.5556349186104 6.5
      vertex 6.444365081389595 225.5556349186104 52.027015009793786
      vertex 6.3832039222982395 225.48402440202534 52.174671109562595
    endloop
  endfacet
  facet normal 0.7604059655998153 -0.6494480483304361 -1.4457919026299252e-15
    outer loop
      vertex 6.444365081389595 225.5556349186104 6.5
      vertex 6.320929820988265 225.4111107975265 52.434061409431614
      vertex 6.3 225.3866051257036 52.7
    endloop
  endfacet
  facet normal 0.6494480483302205 -0.7604059655999994 1.3702511570131467e-17
    outer loop
      vertex 6.706872444956559 225.7798373876249 6.5
      vertex 6.624671109562589 225.7096308147456 51.7007650711028
      vertex 6.485288908879775 225.590587169245 51.92821615044277
    endloop
  endfacet
  facet normal 0.6494480483302052 -0.7604059656000125 0
    outer loop
      vertex 6.444365081389595 225.5556349186104 6.5
      vertex 6.485288908879775 225.590587169245 51.92821615044277
      vertex 6.444365081389595 225.5556349186104 52.027015009793786
    endloop
  endfacet
  facet normal -0.6494480483302181 -0.7604059656000016 -7.496132032493279e-18
    outer loop
      vertex 9.555634918610405 225.5556349186104 6.5
      vertex 9.514711091120226 225.590587169245 51.92821615044277
      vertex 9.37532889043741 225.7096308147456 51.7007650711028
    endloop
  endfacet
  facet normal -0.6494480483302133 -0.7604059656000056 0
    outer loop
      vertex 9.555634918610405 225.5556349186104 6.5
      vertex 9.555634918610405 225.5556349186104 52.02701500979378
      vertex 9.514711091120226 225.590587169245 51.92821615044277
    endloop
  endfacet
  facet normal -0.7604059656000312 -0.6494480483301833 -1.290116865430764e-16
    outer loop
      vertex 9.779837387624884 225.29312755504344 6.5
      vertex 9.61679607770176 225.48402440202534 52.174671109562595
      vertex 9.555634918610405 225.5556349186104 52.02701500979378
    endloop
  endfacet
  facet normal -0.7604059656000526 -0.6494480483301582 -3.0907914677402935e-16
    outer loop
      vertex 9.779837387624884 225.29312755504344 6.5
      vertex 9.679070179011735 225.4111107975265 52.434061409431614
      vertex 9.61679607770176 225.48402440202534 52.174671109562595
    endloop
  endfacet
  facet normal -0.760405965599841 -0.6494480483304063 7.912022058506692e-16
    outer loop
      vertex 9.779837387624884 225.29312755504344 6.5
      vertex 9.7 225.3866051257036 52.7
      vertex 9.679070179011735 225.4111107975265 52.434061409431614
    endloop
  endfacet
  facet normal 0.760405965600034 0.64944804833018 0
    outer loop
      vertex 6.220162612375115 222.70687244495656 6.5
      vertex 6.220162612375115 222.70687244495656 61.7
      vertex 6.3 222.6133948742964 52.7
    endloop
  endfacet
  facet normal -0.7604059656000458 0.6494480483301663 2.468596362546361e-16
    outer loop
      vertex 9.555634918610405 222.4443650813896 6.5
      vertex 9.7 222.6133948742964 52.7
      vertex 9.779837387624884 222.70687244495656 61.7
    endloop
  endfacet
  facet normal 0.7604059656000469 -0.6494480483301651 2.687410383202744e-16
    outer loop
      vertex 6.444365081389595 225.5556349186104 6.5
      vertex 6.3 225.3866051257036 52.7
      vertex 6.220162612375115 225.29312755504344 61.7
    endloop
  endfacet
  facet normal -0.760405965600034 -0.64944804833018 0
    outer loop
      vertex 9.779837387624884 225.29312755504344 6.5
      vertex 9.779837387624884 225.29312755504344 61.7
      vertex 9.7 225.3866051257036 52.7
    endloop
  endfacet
  facet normal 0.852640164354097 0.522498564715941 0
    outer loop
      vertex 6.220162612375115 222.70687244495656 6.5
      vertex 6.039785646785591 223.001220900573 61.7
      vertex 6.220162612375115 222.70687244495656 61.7
    endloop
  endfacet
  facet normal 0.9238795325112903 0.38268343236508123 0
    outer loop
      vertex 6.039785646785591 223.001220900573 6.5
      vertex 5.907675664150663 223.32016261237513 61.7
      vertex 6.039785646785591 223.001220900573 61.7
    endloop
  endfacet
  facet normal 0.972369920397675 0.2334453638559115 0
    outer loop
      vertex 5.907675664150663 223.32016261237513 6.5
      vertex 5.827085650690696 223.6558441769115 61.7
      vertex 5.907675664150663 223.32016261237513 61.7
    endloop
  endfacet
  facet normal 0.9969173337331281 0.07845909572784533 0
    outer loop
      vertex 5.827085650690696 223.6558441769115 6.5
      vertex 5.8 224 61.7
      vertex 5.827085650690696 223.6558441769115 61.7
    endloop
  endfacet
  facet normal 0.9969173337331281 -0.07845909572784533 0
    outer loop
      vertex 5.8 224 6.5
      vertex 5.827085650690696 224.3441558230885 61.7
      vertex 5.8 224 61.7
    endloop
  endfacet
  facet normal 0.972369920397675 -0.2334453638559115 0
    outer loop
      vertex 5.827085650690696 224.3441558230885 6.5
      vertex 5.907675664150663 224.67983738762487 61.7
      vertex 5.827085650690696 224.3441558230885 61.7
    endloop
  endfacet
  facet normal 0.9238795325112903 -0.38268343236508123 0
    outer loop
      vertex 5.907675664150663 224.67983738762487 6.5
      vertex 6.039785646785591 224.998779099427 61.7
      vertex 5.907675664150663 224.67983738762487 61.7
    endloop
  endfacet
  facet normal 0.852640164354097 -0.522498564715941 0
    outer loop
      vertex 6.039785646785591 224.998779099427 6.5
      vertex 6.220162612375115 225.29312755504344 61.7
      vertex 6.039785646785591 224.998779099427 61.7
    endloop
  endfacet
  facet normal -0.8526401643540958 0.5224985647159428 0
    outer loop
      vertex 9.96021435321441 223.001220900573 6.5
      vertex 9.779837387624884 222.70687244495656 61.7
      vertex 9.96021435321441 223.001220900573 61.7
    endloop
  endfacet
  facet normal -0.9238795325112903 0.38268343236508123 0
    outer loop
      vertex 10.092324335849337 223.32016261237513 6.5
      vertex 9.96021435321441 223.001220900573 61.7
      vertex 10.092324335849337 223.32016261237513 61.7
    endloop
  endfacet
  facet normal -0.972369920397675 0.2334453638559115 0
    outer loop
      vertex 10.172914349309304 223.6558441769115 6.5
      vertex 10.092324335849337 223.32016261237513 61.7
      vertex 10.172914349309304 223.6558441769115 61.7
    endloop
  endfacet
  facet normal -0.9969173337331281 0.07845909572784275 0
    outer loop
      vertex 10.2 224 6.5
      vertex 10.172914349309304 223.6558441769115 61.7
      vertex 10.2 224 61.7
    endloop
  endfacet
  facet normal -0.972369920397675 -0.2334453638559115 0
    outer loop
      vertex 10.092324335849337 224.67983738762487 6.5
      vertex 10.172914349309304 224.3441558230885 61.7
      vertex 10.092324335849337 224.67983738762487 61.7
    endloop
  endfacet
  facet normal -0.9969173337331281 -0.07845909572784275 0
    outer loop
      vertex 10.172914349309304 224.3441558230885 6.5
      vertex 10.2 224 61.7
      vertex 10.172914349309304 224.3441558230885 61.7
    endloop
  endfacet
  facet normal -0.8526401643540958 -0.5224985647159428 0
    outer loop
      vertex 9.779837387624884 225.29312755504344 6.5
      vertex 9.96021435321441 224.998779099427 61.7
      vertex 9.779837387624884 225.29312755504344 61.7
    endloop
  endfacet
  facet normal -0.9238795325112903 -0.38268343236508123 0
    outer loop
      vertex 9.96021435321441 224.998779099427 6.5
      vertex 10.092324335849337 224.67983738762487 61.7
      vertex 9.96021435321441 224.998779099427 61.7
    endloop
  endfacet
  facet normal 0.7604059655998444 0.649448048330402 -3.988173190756476e-15
    outer loop
      vertex 6.3 222.6133948742964 52.7
      vertex 6.220162612375115 222.70687244495656 61.7
      vertex 6.320929820988265 222.5888892024735 52.96593859056839
    endloop
  endfacet
  facet normal -0.7604059655998566 0.6494480483303877 -3.731234295001686e-15
    outer loop
      vertex 9.7 222.6133948742964 52.7
      vertex 9.679070179011735 222.5888892024735 52.96593859056839
      vertex 9.779837387624884 222.70687244495656 61.7
    endloop
  endfacet
  facet normal 0.7604059656000502 0.6494480483301611 1.6408513304509308e-15
    outer loop
      vertex 6.320929820988265 222.5888892024735 52.96593859056839
      vertex 6.220162612375115 222.70687244495656 61.7
      vertex 6.3832039222982395 222.51597559797466 53.22532889043741
    endloop
  endfacet
  facet normal 0.7604059656000305 0.6494480483301842 7.41891712700611e-16
    outer loop
      vertex 6.3832039222982395 222.51597559797466 53.22532889043741
      vertex 6.220162612375115 222.70687244495656 61.7
      vertex 6.444365081389595 222.4443650813896 53.37298499020622
    endloop
  endfacet
  facet normal 0.6494480483302052 0.7604059656000125 -1.623009109510917e-19
    outer loop
      vertex 6.485288908879775 222.409412830755 53.471783849557234
      vertex 6.444365081389595 222.4443650813896 53.37298499020622
      vertex 6.444365081389595 222.4443650813896 61.7
    endloop
  endfacet
  facet normal 0.6494480483302204 0.7604059655999995 1.3087930232766475e-16
    outer loop
      vertex 6.485288908879775 222.409412830755 53.471783849557234
      vertex 6.444365081389595 222.4443650813896 61.7
      vertex 6.624671109562589 222.2903691852544 53.699234928897205
    endloop
  endfacet
  facet normal 0.6494480483302162 0.7604059656000032 -3.262335940503471e-17
    outer loop
      vertex 6.624671109562589 222.2903691852544 53.699234928897205
      vertex 6.444365081389595 222.4443650813896 61.7
      vertex 6.706872444956559 222.2201626123751 53.79548032677711
    endloop
  endfacet
  facet normal 0.5224985647158777 0.8526401643541358 0
    outer loop
      vertex 6.706872444956559 222.2201626123751 53.79548032677711
      vertex 6.706872444956559 222.2201626123751 61.7
      vertex 6.797918471982869 222.16436953525638 53.902081528017135
    endloop
  endfacet
  facet normal 0.5224985647304259 0.8526401643452207 7.696706024862228e-13
    outer loop
      vertex 7.000765071102796 222.0400649794442 54.07532889043741
      vertex 6.706872444956559 222.2201626123751 61.7
      vertex 7.001220900572997 222.0397856467856 54.075608223096005
    endloop
  endfacet
  facet normal 0.5224985647159229 0.8526401643541082 7.2605790304793755e-16
    outer loop
      vertex 6.797918471982869 222.16436953525638 53.902081528017135
      vertex 6.706872444956559 222.2201626123751 61.7
      vertex 7.000765071102796 222.0400649794442 54.07532889043741
    endloop
  endfacet
  facet normal 0.23344536385602835 0.9723699203976471 0
    outer loop
      vertex 7.320162612375116 221.90767566415067 54.25279656266483
      vertex 7.320162612375116 221.90767566415067 61.7
      vertex 7.474671109562589 221.87058145587855 54.31679607770177
    endloop
  endfacet
  facet normal 0.23344536385588946 0.9723699203976804 -3.0744726346776817e-15
    outer loop
      vertex 7.474671109562589 221.87058145587855 54.31679607770177
      vertex 7.320162612375116 221.90767566415067 61.7
      vertex 7.655844176911492 221.8270856506907 54.360291882889626
    endloop
  endfacet
  facet normal 0.07845909572790921 0.996917333733123 0
    outer loop
      vertex 7.655844176911492 221.8270856506907 54.360291882889626
      vertex 7.655844176911492 221.8270856506907 61.7
      vertex 7.734061409431607 221.82092982098825 54.379070179011734
    endloop
  endfacet
  facet normal 0.3826834323650224 0.9238795325113147 4.947615005463148e-19
    outer loop
      vertex 7.228216150442771 221.94576113569528 54.21471109112023
      vertex 7.001220900572997 222.0397856467856 54.075608223096005
      vertex 7.001220900572997 222.0397856467856 61.7
    endloop
  endfacet
  facet normal 0.3826834323651405 0.9238795325112656 4.19877866989139e-15
    outer loop
      vertex 7.228216150442771 221.94576113569528 54.21471109112023
      vertex 7.001220900572997 222.0397856467856 61.7
      vertex 7.320162612375116 221.90767566415067 54.25279656266483
    endloop
  endfacet
  facet normal 0.07845909572776119 0.9969173337331345 -1.5911912661788263e-15
    outer loop
      vertex 7.734061409431607 221.82092982098825 54.379070179011734
      vertex 7.655844176911492 221.8270856506907 61.7
      vertex 8 221.8 54.400000000000006
    endloop
  endfacet
  facet normal -0.07845909572776107 0.9969173337331346 0
    outer loop
      vertex 8 221.8 54.400000000000006
      vertex 8 221.8 61.7
      vertex 8.265938590568393 221.82092982098825 54.379070179011734
    endloop
  endfacet
  facet normal -0.07845909572790921 0.996917333733123 0
    outer loop
      vertex 8.344155823088508 221.8270856506907 54.360291882889626
      vertex 8.265938590568393 221.82092982098825 54.379070179011734
      vertex 8.344155823088508 221.8270856506907 61.7
    endloop
  endfacet
  facet normal -0.23344536385602835 0.9723699203976471 -9.678340121393117e-21
    outer loop
      vertex 8.525328890437411 221.87058145587855 54.31679607770177
      vertex 8.679837387624884 221.90767566415067 61.7
      vertex 8.679837387624884 221.90767566415067 54.25279656266483
    endloop
  endfacet
  facet normal -0.23344536385588868 0.9723699203976806 0
    outer loop
      vertex 8.344155823088508 221.8270856506907 54.360291882889626
      vertex 8.344155823088508 221.8270856506907 61.7
      vertex 8.525328890437411 221.87058145587855 54.31679607770177
    endloop
  endfacet
  facet normal -0.38268343236514196 0.9238795325112651 -2.534362285449859e-19
    outer loop
      vertex 8.77178384955723 221.94576113569528 54.21471109112023
      vertex 8.679837387624884 221.90767566415067 54.25279656266483
      vertex 8.679837387624884 221.90767566415067 61.7
    endloop
  endfacet
  facet normal -0.38268343236502367 0.9238795325113142 -6.249142910717962e-19
    outer loop
      vertex 8.77178384955723 221.94576113569528 54.21471109112023
      vertex 8.998779099427002 222.0397856467856 61.7
      vertex 8.998779099427002 222.0397856467856 54.07560822309601
    endloop
  endfacet
  facet normal -0.6494480483302182 0.7604059656000014 -3.545307201460562e-17
    outer loop
      vertex 9.37532889043741 222.2903691852544 53.699234928897205
      vertex 9.29312755504344 222.2201626123751 61.7
      vertex 9.514711091120226 222.409412830755 53.471783849557234
    endloop
  endfacet
  facet normal -0.6494480483302133 0.7604059656000056 8.274524131978096e-20
    outer loop
      vertex 9.514711091120226 222.409412830755 53.471783849557234
      vertex 9.555634918610405 222.4443650813896 61.7
      vertex 9.555634918610405 222.4443650813896 53.37298499020623
    endloop
  endfacet
  facet normal -0.7604059656000504 0.6494480483301609 1.567245876857739e-15
    outer loop
      vertex 9.679070179011735 222.5888892024735 52.96593859056839
      vertex 9.61679607770176 222.51597559797466 53.22532889043741
      vertex 9.779837387624884 222.70687244495656 61.7
    endloop
  endfacet
  facet normal -0.7604059656000306 0.6494480483301841 6.67599870782448e-16
    outer loop
      vertex 9.61679607770176 222.51597559797466 53.22532889043741
      vertex 9.555634918610405 222.4443650813896 53.37298499020623
      vertex 9.779837387624884 222.70687244495656 61.7
    endloop
  endfacet
  facet normal -0.522498564715874 0.8526401643541381 0
    outer loop
      vertex 9.29312755504344 222.2201626123751 53.79548032677711
      vertex 9.20208152801713 222.16436953525638 53.902081528017135
      vertex 9.29312755504344 222.2201626123751 61.7
    endloop
  endfacet
  facet normal -0.5224985647159243 0.8526401643541073 1.1607526131717885e-15
    outer loop
      vertex 9.20208152801713 222.16436953525638 53.902081528017135
      vertex 8.999234928897204 222.0400649794442 54.07532889043741
      vertex 8.998779099427002 222.0397856467856 61.7
    endloop
  endfacet
  facet normal -0.5224985647300286 0.8526401643454641 1.490928617173462e-21
    outer loop
      vertex 8.999234928897204 222.0400649794442 54.07532889043741
      vertex 8.998779099427002 222.0397856467856 54.07560822309601
      vertex 8.998779099427002 222.0397856467856 61.7
    endloop
  endfacet
  facet normal -0.6494480483302161 0.7604059656000032 -4.438568569417845e-19
    outer loop
      vertex 9.37532889043741 222.2903691852544 53.699234928897205
      vertex 9.29312755504344 222.2201626123751 53.79548032677711
      vertex 9.29312755504344 222.2201626123751 61.7
    endloop
  endfacet
  facet normal 0.760405965599775 -0.6494480483304833 8.953706434872495e-15
    outer loop
      vertex 6.3 225.3866051257036 52.7
      vertex 6.320929820988265 225.4111107975265 52.96593859056839
      vertex 6.444365081389595 225.5556349186104 61.7
    endloop
  endfacet
  facet normal -0.7604059655998566 -0.6494480483303877 -3.731514313374178e-15
    outer loop
      vertex 9.7 225.3866051257036 52.7
      vertex 9.779837387624884 225.29312755504344 61.7
      vertex 9.679070179011735 225.4111107975265 52.96593859056839
    endloop
  endfacet
  facet normal 0.7604059656000538 -0.649448048330157 -3.8455245921932225e-16
    outer loop
      vertex 6.320929820988265 225.4111107975265 52.96593859056839
      vertex 6.3832039222982395 225.48402440202534 53.22532889043741
      vertex 6.444365081389595 225.5556349186104 61.7
    endloop
  endfacet
  facet normal 0.7604059656000312 -0.6494480483301834 1.7984236067669293e-19
    outer loop
      vertex 6.3832039222982395 225.48402440202534 53.22532889043741
      vertex 6.444365081389595 225.5556349186104 53.37298499020622
      vertex 6.444365081389595 225.5556349186104 61.7
    endloop
  endfacet
  facet normal 0.6494480483302052 -0.7604059656000125 0
    outer loop
      vertex 6.444365081389595 225.5556349186104 53.37298499020622
      vertex 6.485288908879775 225.590587169245 53.471783849557234
      vertex 6.444365081389595 225.5556349186104 61.7
    endloop
  endfacet
  facet normal 0.6494480483302206 -0.7604059655999995 -7.803690083395382e-17
    outer loop
      vertex 6.485288908879775 225.590587169245 53.471783849557234
      vertex 6.624671109562589 225.7096308147456 53.699234928897205
      vertex 6.706872444956559 225.7798373876249 61.7
    endloop
  endfacet
  facet normal 0.6494480483302161 -0.7604059656000032 -4.438568569417845e-19
    outer loop
      vertex 6.624671109562589 225.7096308147456 53.699234928897205
      vertex 6.706872444956559 225.7798373876249 53.79548032677711
      vertex 6.706872444956559 225.7798373876249 61.7
    endloop
  endfacet
  facet normal 0.5224985647158777 -0.8526401643541358 0
    outer loop
      vertex 6.706872444956559 225.7798373876249 53.79548032677711
      vertex 6.797918471982869 225.83563046474362 53.902081528017135
      vertex 6.706872444956559 225.7798373876249 61.7
    endloop
  endfacet
  facet normal 0.5224985647159226 -0.8526401643541084 1.2217570208766624e-15
    outer loop
      vertex 6.797918471982869 225.83563046474362 53.902081528017135
      vertex 7.000765071102796 225.9599350205558 54.07532889043741
      vertex 7.001220900572997 225.9602143532144 61.7
    endloop
  endfacet
  facet normal 0.5224985647307688 -0.8526401643450106 2.473471260872182e-21
    outer loop
      vertex 7.000765071102796 225.9599350205558 54.07532889043741
      vertex 7.001220900572997 225.9602143532144 54.075608223096005
      vertex 7.001220900572997 225.9602143532144 61.7
    endloop
  endfacet
  facet normal 0.3826834323650224 -0.9238795325113147 0
    outer loop
      vertex 7.001220900572997 225.9602143532144 54.075608223096005
      vertex 7.228216150442771 226.05423886430472 54.21471109112023
      vertex 7.001220900572997 225.9602143532144 61.7
    endloop
  endfacet
  facet normal 0.38268343236514196 -0.9238795325112651 -2.534362285449859e-19
    outer loop
      vertex 7.228216150442771 226.05423886430472 54.21471109112023
      vertex 7.320162612375116 226.09232433584933 54.25279656266483
      vertex 7.320162612375116 226.09232433584933 61.7
    endloop
  endfacet
  facet normal 0.23344536385602835 -0.9723699203976471 0
    outer loop
      vertex 7.320162612375116 226.09232433584933 54.25279656266483
      vertex 7.474671109562589 226.12941854412145 54.31679607770177
      vertex 7.320162612375116 226.09232433584933 61.7
    endloop
  endfacet
  facet normal 0.23344536385588868 -0.9723699203976806 1.663992723840248e-19
    outer loop
      vertex 7.474671109562589 226.12941854412145 54.31679607770177
      vertex 7.655844176911492 226.1729143493093 54.360291882889626
      vertex 7.655844176911492 226.1729143493093 61.7
    endloop
  endfacet
  facet normal 0.07845909572790921 -0.996917333733123 0
    outer loop
      vertex 7.655844176911492 226.1729143493093 54.360291882889626
      vertex 7.734061409431607 226.17907017901175 54.379070179011734
      vertex 7.655844176911492 226.1729143493093 61.7
    endloop
  endfacet
  facet normal 0.07845909572776107 -0.9969173337331346 2.592891861205194e-22
    outer loop
      vertex 7.734061409431607 226.17907017901175 54.379070179011734
      vertex 8 226.2 54.400000000000006
      vertex 8 226.2 61.7
    endloop
  endfacet
  facet normal -0.07845909572790921 -0.996917333733123 0
    outer loop
      vertex 8.344155823088508 226.1729143493093 54.360291882889626
      vertex 8.344155823088508 226.1729143493093 61.7
      vertex 8.265938590568393 226.17907017901175 54.379070179011734
    endloop
  endfacet
  facet normal -0.07845909572776119 -0.9969173337331345 -1.591316827449527e-15
    outer loop
      vertex 8 226.2 54.400000000000006
      vertex 8.265938590568393 226.17907017901175 54.379070179011734
      vertex 8.344155823088508 226.1729143493093 61.7
    endloop
  endfacet
  facet normal -0.23344536385602832 -0.9723699203976471 9.678340121393115e-21
    outer loop
      vertex 8.525328890437411 226.12941854412145 54.31679607770177
      vertex 8.679837387624884 226.09232433584933 54.25279656266483
      vertex 8.679837387624884 226.09232433584933 61.7
    endloop
  endfacet
  facet normal -0.2334453638558894 -0.9723699203976804 -3.075041278477684e-15
    outer loop
      vertex 8.344155823088508 226.1729143493093 54.360291882889626
      vertex 8.525328890437411 226.12941854412145 54.31679607770177
      vertex 8.679837387624884 226.09232433584933 61.7
    endloop
  endfacet
  facet normal -0.3826834323651405 -0.9238795325112656 4.15393408471987e-15
    outer loop
      vertex 8.77178384955723 226.05423886430472 54.21471109112023
      vertex 8.998779099427002 225.9602143532144 61.7
      vertex 8.679837387624884 226.09232433584933 54.25279656266483
    endloop
  endfacet
  facet normal -0.38268343236502367 -0.9238795325113142 6.249142910717962e-19
    outer loop
      vertex 8.77178384955723 226.05423886430472 54.21471109112023
      vertex 8.998779099427002 225.9602143532144 54.07560822309601
      vertex 8.998779099427002 225.9602143532144 61.7
    endloop
  endfacet
  facet normal -0.6494480483302133 -0.7604059656000056 0
    outer loop
      vertex 9.555634918610405 225.5556349186104 53.37298499020623
      vertex 9.555634918610405 225.5556349186104 61.7
      vertex 9.514711091120226 225.590587169245 53.471783849557234
    endloop
  endfacet
  facet normal -0.6494480483302181 -0.7604059656000015 3.9921676298451736e-17
    outer loop
      vertex 9.37532889043741 225.7096308147456 53.699234928897205
      vertex 9.514711091120226 225.590587169245 53.471783849557234
      vertex 9.555634918610405 225.5556349186104 61.7
    endloop
  endfacet
  facet normal -0.7604059656000504 -0.6494480483301609 1.5670702641137106e-15
    outer loop
      vertex 9.679070179011735 225.4111107975265 52.96593859056839
      vertex 9.779837387624884 225.29312755504344 61.7
      vertex 9.61679607770176 225.48402440202534 53.22532889043741
    endloop
  endfacet
  facet normal -0.7604059656000306 -0.6494480483301841 6.657353908242737e-16
    outer loop
      vertex 9.61679607770176 225.48402440202534 53.22532889043741
      vertex 9.779837387624884 225.29312755504344 61.7
      vertex 9.555634918610405 225.5556349186104 53.37298499020623
    endloop
  endfacet
  facet normal -0.522498564715874 -0.8526401643541381 0
    outer loop
      vertex 9.29312755504344 225.7798373876249 53.79548032677711
      vertex 9.29312755504344 225.7798373876249 61.7
      vertex 9.20208152801713 225.83563046474362 53.902081528017135
    endloop
  endfacet
  facet normal -0.5224985647297028 -0.8526401643456639 7.313337864431874e-13
    outer loop
      vertex 8.999234928897204 225.9599350205558 54.07532889043741
      vertex 9.29312755504344 225.7798373876249 61.7
      vertex 8.998779099427002 225.9602143532144 54.07560822309601
    endloop
  endfacet
  facet normal -0.5224985647159245 -0.8526401643541072 8.118322222801455e-16
    outer loop
      vertex 9.20208152801713 225.83563046474362 53.902081528017135
      vertex 9.29312755504344 225.7798373876249 61.7
      vertex 8.999234928897204 225.9599350205558 54.07532889043741
    endloop
  endfacet
  facet normal -0.6494480483302162 -0.7604059656000032 -3.262335940503471e-17
    outer loop
      vertex 9.37532889043741 225.7096308147456 53.699234928897205
      vertex 9.555634918610405 225.5556349186104 61.7
      vertex 9.29312755504344 225.7798373876249 53.79548032677711
    endloop
  endfacet
  facet normal 0.7604059656000189 0.6494480483301979 0
    outer loop
      vertex 6.444365081389595 222.4443650813896 53.37298499020622
      vertex 6.220162612375115 222.70687244495656 61.7
      vertex 6.444365081389595 222.4443650813896 61.7
    endloop
  endfacet
  facet normal 0.6494480483302167 0.7604059656000026 0
    outer loop
      vertex 6.706872444956559 222.2201626123751 53.79548032677711
      vertex 6.444365081389595 222.4443650813896 61.7
      vertex 6.706872444956559 222.2201626123751 61.7
    endloop
  endfacet
  facet normal 0.5224985647159321 0.8526401643541025 0
    outer loop
      vertex 7.001220900572997 222.0397856467856 54.075608223096005
      vertex 6.706872444956559 222.2201626123751 61.7
      vertex 7.001220900572997 222.0397856467856 61.7
    endloop
  endfacet
  facet normal 0.23344536385595302 0.9723699203976652 0
    outer loop
      vertex 7.655844176911492 221.8270856506907 54.360291882889626
      vertex 7.320162612375116 221.90767566415067 61.7
      vertex 7.655844176911492 221.8270856506907 61.7
    endloop
  endfacet
  facet normal 0.38268343236505686 0.9238795325113004 0
    outer loop
      vertex 7.320162612375116 221.90767566415067 54.25279656266483
      vertex 7.001220900572997 222.0397856467856 61.7
      vertex 7.320162612375116 221.90767566415067 61.7
    endloop
  endfacet
  facet normal 0.07845909572779472 0.996917333733132 0
    outer loop
      vertex 8 221.8 54.400000000000006
      vertex 7.655844176911492 221.8270856506907 61.7
      vertex 8 221.8 61.7
    endloop
  endfacet
  facet normal -0.07845909572779473 0.996917333733132 -1.2306018729940186e-15
    outer loop
      vertex 8.265938590568393 221.82092982098825 54.379070179011734
      vertex 8 221.8 61.7
      vertex 8.344155823088508 221.8270856506907 61.7
    endloop
  endfacet
  facet normal -0.23344536385595296 0.9723699203976651 -1.6679012767522953e-15
    outer loop
      vertex 8.525328890437411 221.87058145587855 54.31679607770177
      vertex 8.344155823088508 221.8270856506907 61.7
      vertex 8.679837387624884 221.90767566415067 61.7
    endloop
  endfacet
  facet normal -0.38268343236505775 0.9238795325113001 1.2122704866560028e-15
    outer loop
      vertex 8.77178384955723 221.94576113569528 54.21471109112023
      vertex 8.679837387624884 221.90767566415067 61.7
      vertex 8.998779099427002 222.0397856467856 61.7
    endloop
  endfacet
  facet normal -0.6494480483302167 0.7604059656000027 2.9430882335326746e-17
    outer loop
      vertex 9.514711091120226 222.409412830755 53.471783849557234
      vertex 9.29312755504344 222.2201626123751 61.7
      vertex 9.555634918610405 222.4443650813896 61.7
    endloop
  endfacet
  facet normal -0.76040596560002 0.6494480483301963 0
    outer loop
      vertex 9.555634918610405 222.4443650813896 53.37298499020623
      vertex 9.555634918610405 222.4443650813896 61.7
      vertex 9.779837387624884 222.70687244495656 61.7
    endloop
  endfacet
  facet normal -0.5224985647159311 0.8526401643541031 9.168437716136902e-16
    outer loop
      vertex 9.20208152801713 222.16436953525638 53.902081528017135
      vertex 8.998779099427002 222.0397856467856 61.7
      vertex 9.29312755504344 222.2201626123751 61.7
    endloop
  endfacet
  facet normal 0.7604059656000188 -0.6494480483301979 -3.1915588732289944e-16
    outer loop
      vertex 6.3 225.3866051257036 52.7
      vertex 6.444365081389595 225.5556349186104 61.7
      vertex 6.220162612375115 225.29312755504344 61.7
    endloop
  endfacet
  facet normal 0.6494480483302167 -0.7604059656000027 9.959770424344737e-17
    outer loop
      vertex 6.485288908879775 225.590587169245 53.471783849557234
      vertex 6.706872444956559 225.7798373876249 61.7
      vertex 6.444365081389595 225.5556349186104 61.7
    endloop
  endfacet
  facet normal 0.5224985647159323 -0.8526401643541024 8.75602166020239e-16
    outer loop
      vertex 6.797918471982869 225.83563046474362 53.902081528017135
      vertex 7.001220900572997 225.9602143532144 61.7
      vertex 6.706872444956559 225.7798373876249 61.7
    endloop
  endfacet
  facet normal 0.3826834323650568 -0.9238795325113004 1.2256967669399977e-15
    outer loop
      vertex 7.228216150442771 226.05423886430472 54.21471109112023
      vertex 7.320162612375116 226.09232433584933 61.7
      vertex 7.001220900572997 225.9602143532144 61.7
    endloop
  endfacet
  facet normal 0.23344536385595296 -0.9723699203976651 -1.6679012767522953e-15
    outer loop
      vertex 7.474671109562589 226.12941854412145 54.31679607770177
      vertex 7.655844176911492 226.1729143493093 61.7
      vertex 7.320162612375116 226.09232433584933 61.7
    endloop
  endfacet
  facet normal 0.07845909572779473 -0.996917333733132 -1.2306018729940186e-15
    outer loop
      vertex 7.734061409431607 226.17907017901175 54.379070179011734
      vertex 8 226.2 61.7
      vertex 7.655844176911492 226.1729143493093 61.7
    endloop
  endfacet
  facet normal -0.07845909572779472 -0.996917333733132 0
    outer loop
      vertex 8 226.2 54.400000000000006
      vertex 8.344155823088508 226.1729143493093 61.7
      vertex 8 226.2 61.7
    endloop
  endfacet
  facet normal -0.23344536385595302 -0.9723699203976652 0
    outer loop
      vertex 8.344155823088508 226.1729143493093 54.360291882889626
      vertex 8.679837387624884 226.09232433584933 61.7
      vertex 8.344155823088508 226.1729143493093 61.7
    endloop
  endfacet
  facet normal -0.3826834323650577 -0.9238795325113 0
    outer loop
      vertex 8.679837387624884 226.09232433584933 54.25279656266483
      vertex 8.998779099427002 225.9602143532144 61.7
      vertex 8.679837387624884 226.09232433584933 61.7
    endloop
  endfacet
  facet normal -0.76040596560002 -0.6494480483301963 0
    outer loop
      vertex 9.555634918610405 225.5556349186104 53.37298499020623
      vertex 9.779837387624884 225.29312755504344 61.7
      vertex 9.555634918610405 225.5556349186104 61.7
    endloop
  endfacet
  facet normal -0.522498564715931 -0.8526401643541031 0
    outer loop
      vertex 8.998779099427002 225.9602143532144 54.07560822309601
      vertex 9.29312755504344 225.7798373876249 61.7
      vertex 8.998779099427002 225.9602143532144 61.7
    endloop
  endfacet
  facet normal -0.6494480483302167 -0.7604059656000026 0
    outer loop
      vertex 9.29312755504344 225.7798373876249 53.79548032677711
      vertex 9.555634918610405 225.5556349186104 61.7
      vertex 9.29312755504344 225.7798373876249 61.7
    endloop
  endfacet
  facet normal 0.8526401643540944 0.5224985647159455 0
    outer loop
      vertex 1.9857059617285167 220.93556412675807 2.5
      vertex 1.9857059617285167 220.93556412675807 6.5
      vertex 2.5391352879691045 220.0324495470258 2.5
    endloop
  endfacet
  facet normal 0.9238795325112876 0.3826834323650877 4.0803978202186864e-18
    outer loop
      vertex 1.9857059617285167 220.93556412675807 2.5
      vertex 1.5803685150077138 221.91413528796912 2.5
      vertex 1.5803685150077138 221.91413528796912 6.5
    endloop
  endfacet
  facet normal 0.9723699203976754 0.23344536385590992 3.0343346688533947e-18
    outer loop
      vertex 1.5803685150077138 221.91413528796912 2.5
      vertex 1.3331037009828197 222.94406736097844 2.5
      vertex 1.3331037009828197 222.94406736097844 6.5
    endloop
  endfacet
  facet normal 0.6494480483301717 0.7604059656000411 0
    outer loop
      vertex 3.227029226990804 219.2270292269908 2.5
      vertex 3.227029226990804 219.2270292269908 6
      vertex 4.032449547025806 218.53913528796912 2.5
    endloop
  endfacet
  facet normal 0.5224985647159593 0.8526401643540857 0
    outer loop
      vertex 4.032449547025806 218.53913528796912 2.5
      vertex 4.032449547025806 218.53913528796912 6
      vertex 4.9355641267580594 217.9857059617285 2.5
    endloop
  endfacet
  facet normal 0 0 1
    outer loop
      vertex 2.5391352879691045 220.0324495470258 2.5
      vertex 3.227029226990804 219.2270292269908 2.5
      vertex 3.227029226990804 228.7729707730092 2.5
    endloop
  endfacet
  facet normal 0 0 1
    outer loop
      vertex 3.227029226990804 219.2270292269908 2.5
      vertex 4.032449547025806 218.53913528796912 2.5
      vertex 4.032449547025806 229.46086471203088 2.5
    endloop
  endfacet
  facet normal 0 0 1
    outer loop
      vertex 4.032449547025806 218.53913528796912 2.5
      vertex 4.9355641267580594 217.9857059617285 2.5
      vertex 4.912238376288851 230 2.5
    endloop
  endfacet
  facet normal 0.7604059656000347 0.6494480483301792 4.7917790304039714e-17
    outer loop
      vertex 2.5391352879691045 220.0324495470258 2.5
      vertex 2.566849819335883 220 6
      vertex 3.227029226990804 219.2270292269908 2.5
    endloop
  endfacet
  facet normal 0 0 1
    outer loop
      vertex 1.5803685150077138 221.91413528796912 2.5
      vertex 1.5803685150077138 226.08586471203088 2.5
      vertex 1.3331037009828197 222.94406736097844 2.5
    endloop
  endfacet
  facet normal 0 0 1
    outer loop
      vertex 1.9857059617285167 220.93556412675807 2.5
      vertex 1.9857059617285167 227.06443587324193 2.5
      vertex 1.5803685150077138 221.91413528796912 2.5
    endloop
  endfacet
  facet normal 0 0 1
    outer loop
      vertex 1.3331037009828197 222.94406736097844 2.5
      vertex 1.3331037009828197 225.05593263902156 2.5
      vertex 1.25 224 2.5
    endloop
  endfacet
  facet normal 0 0 1
    outer loop
      vertex 1.9857059617285167 220.93556412675807 2.5
      vertex 2.5391352879691045 220.0324495470258 2.5
      vertex 2.5391352879691045 227.9675504529742 2.5
    endloop
  endfacet
  facet normal 0 0 1
    outer loop
      vertex 1.3331037009828197 222.94406736097844 2.5
      vertex 1.5803685150077138 226.08586471203088 2.5
      vertex 1.3331037009828197 225.05593263902156 2.5
    endloop
  endfacet
  facet normal 0 0 1
    outer loop
      vertex 1.5803685150077138 221.91413528796912 2.5
      vertex 1.9857059617285167 227.06443587324193 2.5
      vertex 1.5803685150077138 226.08586471203088 2.5
    endloop
  endfacet
  facet normal 0 0 1
    outer loop
      vertex 1.9857059617285167 220.93556412675807 2.5
      vertex 2.5391352879691045 227.9675504529742 2.5
      vertex 1.9857059617285167 227.06443587324193 2.5
    endloop
  endfacet
  facet normal 0.996917333733128 0.078459095727844 1.1513647633131633e-18
    outer loop
      vertex 1.3331037009828197 222.94406736097844 2.5
      vertex 1.25 224 2.5
      vertex 1.25 224 6.5
    endloop
  endfacet
  facet normal 0.996917333733128 -0.078459095727844 -1.1513647633131633e-18
    outer loop
      vertex 1.25 224 2.5
      vertex 1.3331037009828197 225.05593263902156 2.5
      vertex 1.3331037009828197 225.05593263902156 6.5
    endloop
  endfacet
  facet normal 0.9723699203976754 -0.23344536385590992 -3.0343346688533947e-18
    outer loop
      vertex 1.3331037009828197 225.05593263902156 2.5
      vertex 1.5803685150077138 226.08586471203088 2.5
      vertex 1.5803685150077138 226.08586471203088 6.5
    endloop
  endfacet
  facet normal 0.9238795325112876 -0.3826834323650877 -4.0803978202186864e-18
    outer loop
      vertex 1.5803685150077138 226.08586471203088 2.5
      vertex 1.9857059617285167 227.06443587324193 2.5
      vertex 1.9857059617285167 227.06443587324193 6.5
    endloop
  endfacet
  facet normal 0.8526401643540944 -0.5224985647159455 3.983067912371783e-18
    outer loop
      vertex 1.9857059617285167 227.06443587324193 2.5
      vertex 2.5391352879691045 227.9675504529742 2.5
      vertex 2.5391352879691045 227.9675504529742 6.5
    endloop
  endfacet
  facet normal 0 0 1
    outer loop
      vertex 2.5391352879691045 220.0324495470258 2.5
      vertex 3.227029226990804 228.7729707730092 2.5
      vertex 2.5391352879691045 227.9675504529742 2.5
    endloop
  endfacet
  facet normal 0 0 1
    outer loop
      vertex 3.227029226990804 219.2270292269908 2.5
      vertex 4.032449547025806 229.46086471203088 2.5
      vertex 3.227029226990804 228.7729707730092 2.5
    endloop
  endfacet
  facet normal 0 0 1
    outer loop
      vertex 4.032449547025806 218.53913528796912 2.5
      vertex 4.912238376288851 230 2.5
      vertex 4.032449547025806 229.46086471203088 2.5
    endloop
  endfacet
  facet normal 0.7604059656000346 -0.6494480483301792 -1.5081058214266152e-19
    outer loop
      vertex 2.5391352879691045 227.9675504529742 2.5
      vertex 3.227029226990804 228.7729707730092 2.5
      vertex 3.227029226990804 228.7729707730092 6.5
    endloop
  endfacet
  facet normal 0.6494480483301717 -0.7604059656000411 0
    outer loop
      vertex 3.227029226990804 228.7729707730092 2.5
      vertex 4.032449547025806 229.46086471203088 2.5
      vertex 3.227029226990804 228.7729707730092 6.5
    endloop
  endfacet
  facet normal 0.5224985647159591 -0.8526401643540858 0
    outer loop
      vertex 4.032449547025806 229.46086471203088 2.5
      vertex 4.912238376288851 230 2.5
      vertex 4.032449547025806 229.46086471203088 6.5
    endloop
  endfacet
  facet normal 0 0 1
    outer loop
      vertex 6.944067360978441 217.33310370098283 2.5
      vertex 7.001220900572997 222.0397856467856 2.5
      vertex 5.9141352879691045 217.5803685150077 2.5
    endloop
  endfacet
  facet normal 0 0 1
    outer loop
      vertex 6.944067360978441 217.33310370098283 2.5
      vertex 8 217.25 2.5
      vertex 8 221.8 2.5
    endloop
  endfacet
  facet normal 0.38268343236509306 0.9238795325112854 0
    outer loop
      vertex 4.9355641267580594 217.9857059617285 2.5
      vertex 4.9355641267580594 217.9857059617285 6
      vertex 5.9141352879691045 217.5803685150077 2.5
    endloop
  endfacet
  facet normal 0.2334453638558881 0.9723699203976808 1.1693074446540135e-18
    outer loop
      vertex 6.944067360978441 217.33310370098283 2.5
      vertex 5.9141352879691045 217.5803685150077 2.5
      vertex 5.9141352879691045 217.5803685150077 6
    endloop
  endfacet
  facet normal 0.07845909572785599 0.9969173337331271 0
    outer loop
      vertex 6.944067360978441 217.33310370098283 2.5
      vertex 6.944067360978441 217.33310370098283 6
      vertex 8 217.25 2.5
    endloop
  endfacet
  facet normal 0 0 1
    outer loop
      vertex 4.9355641267580594 217.9857059617285 2.5
      vertex 5.9141352879691045 217.5803685150077 2.5
      vertex 6.039785646785591 223.001220900573 2.5
    endloop
  endfacet
  facet normal 0 0 1
    outer loop
      vertex 5.9141352879691045 217.5803685150077 2.5
      vertex 6.444365081389595 222.4443650813896 2.5
      vertex 6.220162612375115 222.70687244495656 2.5
    endloop
  endfacet
  facet normal 0 0 1
    outer loop
      vertex 5.9141352879691045 217.5803685150077 2.5
      vertex 6.706872444956559 222.2201626123751 2.5
      vertex 6.444365081389595 222.4443650813896 2.5
    endloop
  endfacet
  facet normal 0 0 1
    outer loop
      vertex 4.9355641267580594 217.9857059617285 2.5
      vertex 6.039785646785591 223.001220900573 2.5
      vertex 5.907675664150663 223.32016261237513 2.5
    endloop
  endfacet
  facet normal 0 0 1
    outer loop
      vertex 4.9355641267580594 217.9857059617285 2.5
      vertex 5.907675664150663 223.32016261237513 2.5
      vertex 5.827085650690696 223.6558441769115 2.5
    endloop
  endfacet
  facet normal 0 0 1
    outer loop
      vertex 4.9355641267580594 217.9857059617285 2.5
      vertex 5.827085650690696 223.6558441769115 2.5
      vertex 5.8 224 2.5
    endloop
  endfacet
  facet normal 0 0 1
    outer loop
      vertex 5.9141352879691045 217.5803685150077 2.5
      vertex 6.220162612375115 222.70687244495656 2.5
      vertex 6.039785646785591 223.001220900573 2.5
    endloop
  endfacet
  facet normal 0 0 1
    outer loop
      vertex 5.9141352879691045 217.5803685150077 2.5
      vertex 7.001220900572997 222.0397856467856 2.5
      vertex 6.706872444956559 222.2201626123751 2.5
    endloop
  endfacet
  facet normal 0 0 1
    outer loop
      vertex 6.944067360978441 217.33310370098283 2.5
      vertex 7.320162612375116 221.90767566415067 2.5
      vertex 7.001220900572997 222.0397856467856 2.5
    endloop
  endfacet
  facet normal 0 0 1
    outer loop
      vertex 6.944067360978441 217.33310370098283 2.5
      vertex 7.655844176911492 221.8270856506907 2.5
      vertex 7.320162612375116 221.90767566415067 2.5
    endloop
  endfacet
  facet normal 0 0 1
    outer loop
      vertex 6.944067360978441 217.33310370098283 2.5
      vertex 8 221.8 2.5
      vertex 7.655844176911492 221.8270856506907 2.5
    endloop
  endfacet
  facet normal 0 0 1
    outer loop
      vertex 8 217.25 2.5
      vertex 9.055932639021558 217.33310370098283 2.5
      vertex 8.679837387624884 221.90767566415067 2.5
    endloop
  endfacet
  facet normal 0 0 1
    outer loop
      vertex 9.055932639021558 217.33310370098283 2.5
      vertex 10.085864712030896 217.5803685150077 2.5
      vertex 9.555634918610405 222.4443650813896 2.5
    endloop
  endfacet
  facet normal -0.07845909572785606 0.9969173337331271 0
    outer loop
      vertex 8 217.25 2.5
      vertex 8 217.25 6
      vertex 9.055932639021558 217.33310370098283 2.5
    endloop
  endfacet
  facet normal -0.2334453638558879 0.9723699203976808 0
    outer loop
      vertex 9.055932639021558 217.33310370098283 2.5
      vertex 9.055932639021558 217.33310370098283 6
      vertex 10.085864712030896 217.5803685150077 2.5
    endloop
  endfacet
  facet normal 0 0 1
    outer loop
      vertex 8 217.25 2.5
      vertex 8.344155823088508 221.8270856506907 2.5
      vertex 8 221.8 2.5
    endloop
  endfacet
  facet normal 0 0 1
    outer loop
      vertex 8 217.25 2.5
      vertex 8.679837387624884 221.90767566415067 2.5
      vertex 8.344155823088508 221.8270856506907 2.5
    endloop
  endfacet
  facet normal 0 0 1
    outer loop
      vertex 9.055932639021558 217.33310370098283 2.5
      vertex 8.998779099427002 222.0397856467856 2.5
      vertex 8.679837387624884 221.90767566415067 2.5
    endloop
  endfacet
  facet normal 0 0 1
    outer loop
      vertex 9.055932639021558 217.33310370098283 2.5
      vertex 9.29312755504344 222.2201626123751 2.5
      vertex 8.998779099427002 222.0397856467856 2.5
    endloop
  endfacet
  facet normal 0 0 1
    outer loop
      vertex 9.055932639021558 217.33310370098283 2.5
      vertex 9.555634918610405 222.4443650813896 2.5
      vertex 9.29312755504344 222.2201626123751 2.5
    endloop
  endfacet
  facet normal 0 0 1
    outer loop
      vertex 10.085864712030896 217.5803685150077 2.5
      vertex 9.779837387624884 222.70687244495656 2.5
      vertex 9.555634918610405 222.4443650813896 2.5
    endloop
  endfacet
  facet normal 0 0 1
    outer loop
      vertex 10.085864712030896 217.5803685150077 2.5
      vertex 9.96021435321441 223.001220900573 2.5
      vertex 9.779837387624884 222.70687244495656 2.5
    endloop
  endfacet
  facet normal 0 0 1
    outer loop
      vertex 10.085864712030896 217.5803685150077 2.5
      vertex 10.092324335849337 223.32016261237513 2.5
      vertex 9.96021435321441 223.001220900573 2.5
    endloop
  endfacet
  facet normal 0 0 1
    outer loop
      vertex 10.085864712030896 217.5803685150077 2.5
      vertex 10.172914349309304 223.6558441769115 2.5
      vertex 10.092324335849337 223.32016261237513 2.5
    endloop
  endfacet
  facet normal 0 0 1
    outer loop
      vertex 10.085864712030896 217.5803685150077 2.5
      vertex 10.2 224 2.5
      vertex 10.172914349309304 223.6558441769115 2.5
    endloop
  endfacet
  facet normal 0 0 1
    outer loop
      vertex 4.9355641267580594 217.9857059617285 2.5
      vertex 5.8 224 2.5
      vertex 4.912238376288851 230 2.5
    endloop
  endfacet
  facet normal 0 0 1
    outer loop
      vertex 5.8 224 2.5
      vertex 5.827085650690696 224.3441558230885 2.5
      vertex 4.912238376288851 230 2.5
    endloop
  endfacet
  facet normal 0 0 1
    outer loop
      vertex 5.827085650690696 224.3441558230885 2.5
      vertex 5.907675664150663 224.67983738762487 2.5
      vertex 4.912238376288851 230 2.5
    endloop
  endfacet
  facet normal 0 0 1
    outer loop
      vertex 5.907675664150663 224.67983738762487 2.5
      vertex 6.039785646785591 224.998779099427 2.5
      vertex 4.912238376288851 230 2.5
    endloop
  endfacet
  facet normal 0 0 1
    outer loop
      vertex 6.039785646785591 224.998779099427 2.5
      vertex 6.220162612375115 225.29312755504344 2.5
      vertex 4.912238376288851 230 2.5
    endloop
  endfacet
  facet normal 0 0 1
    outer loop
      vertex 6.220162612375115 225.29312755504344 2.5
      vertex 6.444365081389595 225.5556349186104 2.5
      vertex 4.912238376288851 230 2.5
    endloop
  endfacet
  facet normal 0 0 1
    outer loop
      vertex 6.444365081389595 225.5556349186104 2.5
      vertex 11.087761623711149 230 2.5
      vertex 4.912238376288851 230 2.5
    endloop
  endfacet
  facet normal 0 0 1
    outer loop
      vertex 6.444365081389595 225.5556349186104 2.5
      vertex 6.706872444956559 225.7798373876249 2.5
      vertex 11.087761623711149 230 2.5
    endloop
  endfacet
  facet normal 0 0 1
    outer loop
      vertex 6.706872444956559 225.7798373876249 2.5
      vertex 7.001220900572997 225.9602143532144 2.5
      vertex 11.087761623711149 230 2.5
    endloop
  endfacet
  facet normal 0 0 1
    outer loop
      vertex 7.001220900572997 225.9602143532144 2.5
      vertex 7.320162612375116 226.09232433584933 2.5
      vertex 11.087761623711149 230 2.5
    endloop
  endfacet
  facet normal 0 0 1
    outer loop
      vertex 7.320162612375116 226.09232433584933 2.5
      vertex 7.655844176911492 226.1729143493093 2.5
      vertex 11.087761623711149 230 2.5
    endloop
  endfacet
  facet normal 0 0 1
    outer loop
      vertex 7.655844176911492 226.1729143493093 2.5
      vertex 8 226.2 2.5
      vertex 11.087761623711149 230 2.5
    endloop
  endfacet
  facet normal 0 0 1
    outer loop
      vertex 8 226.2 2.5
      vertex 8.344155823088508 226.1729143493093 2.5
      vertex 11.087761623711149 230 2.5
    endloop
  endfacet
  facet normal 0 0 1
    outer loop
      vertex 8.344155823088508 226.1729143493093 2.5
      vertex 8.679837387624884 226.09232433584933 2.5
      vertex 11.087761623711149 230 2.5
    endloop
  endfacet
  facet normal 0 0 1
    outer loop
      vertex 8.679837387624884 226.09232433584933 2.5
      vertex 8.998779099427002 225.9602143532144 2.5
      vertex 11.087761623711149 230 2.5
    endloop
  endfacet
  facet normal 0 0 1
    outer loop
      vertex 8.998779099427002 225.9602143532144 2.5
      vertex 9.29312755504344 225.7798373876249 2.5
      vertex 11.087761623711149 230 2.5
    endloop
  endfacet
  facet normal 0 0 1
    outer loop
      vertex 9.779837387624884 225.29312755504344 2.5
      vertex 9.96021435321441 224.998779099427 2.5
      vertex 11.087761623711149 230 2.5
    endloop
  endfacet
  facet normal 0 0 1
    outer loop
      vertex 9.29312755504344 225.7798373876249 2.5
      vertex 9.555634918610405 225.5556349186104 2.5
      vertex 11.087761623711149 230 2.5
    endloop
  endfacet
  facet normal 0 0 1
    outer loop
      vertex 9.555634918610405 225.5556349186104 2.5
      vertex 9.779837387624884 225.29312755504344 2.5
      vertex 11.087761623711149 230 2.5
    endloop
  endfacet
  facet normal 0.7604059656000373 0.6494480483301763 1.3585550975414155e-18
    outer loop
      vertex 2.5391352879691045 220.0324495470258 2.5
      vertex 2.566849819335883 220 6.5
      vertex 2.566849819335883 220 6
    endloop
  endfacet
  facet normal 0.7604059656000373 0.6494480483301763 0
    outer loop
      vertex 2.5391352879691045 220.0324495470258 2.5
      vertex 2.5391352879691045 220.0324495470258 6.5
      vertex 2.566849819335883 220 6.5
    endloop
  endfacet
  facet normal 0.8526401643540944 0.5224985647159455 0
    outer loop
      vertex 2.5391352879691045 220.0324495470258 2.5
      vertex 1.9857059617285167 220.93556412675807 6.5
      vertex 2.5391352879691045 220.0324495470258 6.5
    endloop
  endfacet
  facet normal 0.9238795325112876 0.3826834323650877 0
    outer loop
      vertex 1.9857059617285167 220.93556412675807 2.5
      vertex 1.5803685150077138 221.91413528796912 6.5
      vertex 1.9857059617285167 220.93556412675807 6.5
    endloop
  endfacet
  facet normal 0.9723699203976754 0.23344536385590992 0
    outer loop
      vertex 1.5803685150077138 221.91413528796912 2.5
      vertex 1.3331037009828197 222.94406736097844 6.5
      vertex 1.5803685150077138 221.91413528796912 6.5
    endloop
  endfacet
  facet normal 0.6494480483301717 0.7604059656000411 0
    outer loop
      vertex 4.032449547025806 218.53913528796912 2.5
      vertex 3.227029226990804 219.2270292269908 6
      vertex 4.032449547025806 218.53913528796912 6
    endloop
  endfacet
  facet normal 0.5224985647159593 0.8526401643540857 0
    outer loop
      vertex 4.9355641267580594 217.9857059617285 2.5
      vertex 4.032449547025806 218.53913528796912 6
      vertex 4.9355641267580594 217.9857059617285 6
    endloop
  endfacet
  facet normal 0.7604059656000346 0.6494480483301794 0
    outer loop
      vertex 3.227029226990804 219.2270292269908 2.5
      vertex 2.566849819335883 220 6
      vertex 3.227029226990804 219.2270292269908 6
    endloop
  endfacet
  facet normal 0 0 -1
    outer loop
      vertex 1.9857059617285167 220.93556412675807 6.5
      vertex 1.9857059617285167 227.06443587324193 6.5
      vertex 2.5391352879691045 220.0324495470258 6.5
    endloop
  endfacet
  facet normal 0 0 -1
    outer loop
      vertex 2.5391352879691045 220.0324495470258 6.5
      vertex 2.5391352879691045 227.9675504529742 6.5
      vertex 2.566849819335883 220 6.5
    endloop
  endfacet
  facet normal 0 0 -1
    outer loop
      vertex 6.220162612375115 222.70687244495656 6.5
      vertex 2.566849819335883 220 6.5
      vertex 6.039785646785591 223.001220900573 6.5
    endloop
  endfacet
  facet normal 0 0 -1
    outer loop
      vertex 6.220162612375115 222.70687244495656 6.5
      vertex 6.444365081389595 222.4443650813896 6.5
      vertex 2.566849819335883 220 6.5
    endloop
  endfacet
  facet normal 0 0 -1
    outer loop
      vertex 5.907675664150663 223.32016261237513 6.5
      vertex 2.566849819335883 220 6.5
      vertex 5.827085650690696 223.6558441769115 6.5
    endloop
  endfacet
  facet normal 0 0 -1
    outer loop
      vertex 5.907675664150663 223.32016261237513 6.5
      vertex 6.039785646785591 223.001220900573 6.5
      vertex 2.566849819335883 220 6.5
    endloop
  endfacet
  facet normal 0.996917333733128 -0.078459095727844 0
    outer loop
      vertex 1.25 224 2.5
      vertex 1.3331037009828197 225.05593263902156 6.5
      vertex 1.25 224 6.5
    endloop
  endfacet
  facet normal 0.996917333733128 0.078459095727844 0
    outer loop
      vertex 1.3331037009828197 222.94406736097844 2.5
      vertex 1.25 224 6.5
      vertex 1.3331037009828197 222.94406736097844 6.5
    endloop
  endfacet
  facet normal 0.9723699203976754 -0.23344536385590992 0
    outer loop
      vertex 1.3331037009828197 225.05593263902156 2.5
      vertex 1.5803685150077138 226.08586471203088 6.5
      vertex 1.3331037009828197 225.05593263902156 6.5
    endloop
  endfacet
  facet normal 0.9238795325112876 -0.3826834323650877 0
    outer loop
      vertex 1.5803685150077138 226.08586471203088 2.5
      vertex 1.9857059617285167 227.06443587324193 6.5
      vertex 1.5803685150077138 226.08586471203088 6.5
    endloop
  endfacet
  facet normal 0.8526401643540944 -0.5224985647159455 0
    outer loop
      vertex 1.9857059617285167 227.06443587324193 2.5
      vertex 2.5391352879691045 227.9675504529742 6.5
      vertex 1.9857059617285167 227.06443587324193 6.5
    endloop
  endfacet
  facet normal 0.7604059656000346 -0.6494480483301792 0
    outer loop
      vertex 2.5391352879691045 227.9675504529742 2.5
      vertex 3.227029226990804 228.7729707730092 6.5
      vertex 2.5391352879691045 227.9675504529742 6.5
    endloop
  endfacet
  facet normal 0.6494480483301717 -0.7604059656000411 0
    outer loop
      vertex 4.032449547025806 229.46086471203088 2.5
      vertex 4.032449547025806 229.46086471203088 6.5
      vertex 3.227029226990804 228.7729707730092 6.5
    endloop
  endfacet
  facet normal 0.5224985647159591 -0.8526401643540858 -1.6873967122945551e-18
    outer loop
      vertex 4.032449547025806 229.46086471203088 6.5
      vertex 4.912238376288851 230 2.5
      vertex 4.912238376288851 230 6
    endloop
  endfacet
  facet normal 0 0 -1
    outer loop
      vertex 1.5803685150077138 221.91413528796912 6.5
      vertex 1.3331037009828197 222.94406736097844 6.5
      vertex 1.3331037009828197 225.05593263902156 6.5
    endloop
  endfacet
  facet normal 0 0 -1
    outer loop
      vertex 1.9857059617285167 220.93556412675807 6.5
      vertex 1.5803685150077138 221.91413528796912 6.5
      vertex 1.5803685150077138 226.08586471203088 6.5
    endloop
  endfacet
  facet normal 0 0 -1
    outer loop
      vertex 1.3331037009828197 222.94406736097844 6.5
      vertex 1.25 224 6.5
      vertex 1.3331037009828197 225.05593263902156 6.5
    endloop
  endfacet
  facet normal 0 0 -1
    outer loop
      vertex 1.5803685150077138 221.91413528796912 6.5
      vertex 1.3331037009828197 225.05593263902156 6.5
      vertex 1.5803685150077138 226.08586471203088 6.5
    endloop
  endfacet
  facet normal 0 0 -1
    outer loop
      vertex 1.9857059617285167 220.93556412675807 6.5
      vertex 1.5803685150077138 226.08586471203088 6.5
      vertex 1.9857059617285167 227.06443587324193 6.5
    endloop
  endfacet
  facet normal 0 0 -1
    outer loop
      vertex 2.5391352879691045 220.0324495470258 6.5
      vertex 1.9857059617285167 227.06443587324193 6.5
      vertex 2.5391352879691045 227.9675504529742 6.5
    endloop
  endfacet
  facet normal 0 0 -1
    outer loop
      vertex 2.5391352879691045 227.9675504529742 6.5
      vertex 3.227029226990804 228.7729707730092 6.5
      vertex 2.566849819335883 220 6.5
    endloop
  endfacet
  facet normal 0 0 -1
    outer loop
      vertex 3.227029226990804 228.7729707730092 6.5
      vertex 4.032449547025806 229.46086471203088 6.5
      vertex 2.566849819335883 220 6.5
    endloop
  endfacet
  facet normal 0 0 -1
    outer loop
      vertex 5.827085650690696 223.6558441769115 6.5
      vertex 2.566849819335883 220 6.5
      vertex 4.912238376288851 230 6.5
    endloop
  endfacet
  facet normal 0 0 -1
    outer loop
      vertex 4.032449547025806 229.46086471203088 6.5
      vertex 4.912238376288851 230 6.5
      vertex 2.566849819335883 220 6.5
    endloop
  endfacet
  facet normal 0.5224985647159591 -0.8526401643540858 -1.1811776986061884e-17
    outer loop
      vertex 4.032449547025806 229.46086471203088 6.5
      vertex 4.912238376288851 230 6
      vertex 4.912238376288851 230 6.5
    endloop
  endfacet
  facet normal 0.38268343236509306 0.9238795325112854 0
    outer loop
      vertex 5.9141352879691045 217.5803685150077 2.5
      vertex 4.9355641267580594 217.9857059617285 6
      vertex 5.9141352879691045 217.5803685150077 6
    endloop
  endfacet
  facet normal 0.2334453638558881 0.9723699203976808 0
    outer loop
      vertex 6.944067360978441 217.33310370098283 2.5
      vertex 5.9141352879691045 217.5803685150077 6
      vertex 6.944067360978441 217.33310370098283 6
    endloop
  endfacet
  facet normal 0.07845909572785599 0.9969173337331271 0
    outer loop
      vertex 8 217.25 2.5
      vertex 6.944067360978441 217.33310370098283 6
      vertex 8 217.25 6
    endloop
  endfacet
  facet normal -0.07845909572785606 0.9969173337331271 0
    outer loop
      vertex 9.055932639021558 217.33310370098283 2.5
      vertex 8 217.25 6
      vertex 9.055932639021558 217.33310370098283 6
    endloop
  endfacet
  facet normal -0.2334453638558879 0.9723699203976808 0
    outer loop
      vertex 10.085864712030896 217.5803685150077 2.5
      vertex 9.055932639021558 217.33310370098283 6
      vertex 10.085864712030896 217.5803685150077 6
    endloop
  endfacet
  facet normal 0 0 -1
    outer loop
      vertex 6.444365081389595 222.4443650813896 6.5
      vertex 6.706872444956559 222.2201626123751 6.5
      vertex 2.566849819335883 220 6.5
    endloop
  endfacet
  facet normal 0 0 -1
    outer loop
      vertex 6.706872444956559 222.2201626123751 6.5
      vertex 10.02977988575846 220 6.5
      vertex 2.566849819335883 220 6.5
    endloop
  endfacet
  facet normal 0 0 -1
    outer loop
      vertex 6.706872444956559 222.2201626123751 6.5
      vertex 7.001220900572997 222.0397856467856 6.5
      vertex 10.02977988575846 220 6.5
    endloop
  endfacet
  facet normal 0 0 -1
    outer loop
      vertex 7.320162612375116 221.90767566415067 6.5
      vertex 10.02977988575846 220 6.5
      vertex 7.001220900572997 222.0397856467856 6.5
    endloop
  endfacet
  facet normal 0 0 -1
    outer loop
      vertex 7.320162612375116 221.90767566415067 6.5
      vertex 7.655844176911492 221.8270856506907 6.5
      vertex 10.02977988575846 220 6.5
    endloop
  endfacet
  facet normal 0 0 -1
    outer loop
      vertex 7.655844176911492 221.8270856506907 6.5
      vertex 8 221.8 6.5
      vertex 10.02977988575846 220 6.5
    endloop
  endfacet
  facet normal 0 0 -1
    outer loop
      vertex 8 221.8 6.5
      vertex 8.344155823088508 221.8270856506907 6.5
      vertex 10.02977988575846 220 6.5
    endloop
  endfacet
  facet normal 0 0 -1
    outer loop
      vertex 8.344155823088508 221.8270856506907 6.5
      vertex 8.679837387624884 221.90767566415067 6.5
      vertex 10.02977988575846 220 6.5
    endloop
  endfacet
  facet normal 0 0 -1
    outer loop
      vertex 8.679837387624884 221.90767566415067 6.5
      vertex 8.998779099427002 222.0397856467856 6.5
      vertex 10.02977988575846 220 6.5
    endloop
  endfacet
  facet normal 0 0 -1
    outer loop
      vertex 8.998779099427002 222.0397856467856 6.5
      vertex 9.29312755504344 222.2201626123751 6.5
      vertex 10.02977988575846 220 6.5
    endloop
  endfacet
  facet normal 0 0 -1
    outer loop
      vertex 9.29312755504344 222.2201626123751 6.5
      vertex 9.555634918610405 222.4443650813896 6.5
      vertex 10.02977988575846 220 6.5
    endloop
  endfacet
  facet normal 0 0 -1
    outer loop
      vertex 9.555634918610405 222.4443650813896 6.5
      vertex 9.779837387624884 222.70687244495656 6.5
      vertex 10.02977988575846 220 6.5
    endloop
  endfacet
  facet normal 0 0 -1
    outer loop
      vertex 9.779837387624884 222.70687244495656 6.5
      vertex 9.96021435321441 223.001220900573 6.5
      vertex 10.02977988575846 220 6.5
    endloop
  endfacet
  facet normal 0 0 -1
    outer loop
      vertex 5.827085650690696 223.6558441769115 6.5
      vertex 4.912238376288851 230 6.5
      vertex 5.8 224 6.5
    endloop
  endfacet
  facet normal 0 0 -1
    outer loop
      vertex 5.8 224 6.5
      vertex 4.912238376288851 230 6.5
      vertex 5.827085650690696 224.3441558230885 6.5
    endloop
  endfacet
  facet normal 0 0 -1
    outer loop
      vertex 5.827085650690696 224.3441558230885 6.5
      vertex 4.912238376288851 230 6.5
      vertex 5.907675664150663 224.67983738762487 6.5
    endloop
  endfacet
  facet normal 0 0 -1
    outer loop
      vertex 5.907675664150663 224.67983738762487 6.5
      vertex 4.912238376288851 230 6.5
      vertex 6.039785646785591 224.998779099427 6.5
    endloop
  endfacet
  facet normal 0 0 -1
    outer loop
      vertex 6.039785646785591 224.998779099427 6.5
      vertex 4.912238376288851 230 6.5
      vertex 6.220162612375115 225.29312755504344 6.5
    endloop
  endfacet
  facet normal 0 0 -1
    outer loop
      vertex 6.220162612375115 225.29312755504344 6.5
      vertex 4.912238376288851 230 6.5
      vertex 6.444365081389595 225.5556349186104 6.5
    endloop
  endfacet
  facet normal 0 0 -1
    outer loop
      vertex 6.444365081389595 225.5556349186104 6.5
      vertex 4.912238376288851 230 6.5
      vertex 6.706872444956559 225.7798373876249 6.5
    endloop
  endfacet
  facet normal 0 0 -1
    outer loop
      vertex 6.706872444956559 225.7798373876249 6.5
      vertex 4.912238376288851 230 6.5
      vertex 7.001220900572997 225.9602143532144 6.5
    endloop
  endfacet
  facet normal 0 0 -1
    outer loop
      vertex 7.001220900572997 225.9602143532144 6.5
      vertex 4.912238376288851 230 6.5
      vertex 7.320162612375116 226.09232433584933 6.5
    endloop
  endfacet
  facet normal 0 0 -1
    outer loop
      vertex 7.320162612375116 226.09232433584933 6.5
      vertex 4.912238376288851 230 6.5
      vertex 7.655844176911492 226.1729143493093 6.5
    endloop
  endfacet
  facet normal 0 0 -1
    outer loop
      vertex 7.655844176911492 226.1729143493093 6.5
      vertex 4.912238376288851 230 6.5
      vertex 8 226.2 6.5
    endloop
  endfacet
  facet normal 0 0 -1
    outer loop
      vertex 8 226.2 6.5
      vertex 4.912238376288851 230 6.5
      vertex 8.344155823088508 226.1729143493093 6.5
    endloop
  endfacet
  facet normal 0 0 -1
    outer loop
      vertex 8.344155823088508 226.1729143493093 6.5
      vertex 4.912238376288851 230 6.5
      vertex 8.679837387624884 226.09232433584933 6.5
    endloop
  endfacet
  facet normal 0 0 -1
    outer loop
      vertex 8.679837387624884 226.09232433584933 6.5
      vertex 4.912238376288851 230 6.5
      vertex 8.998779099427002 225.9602143532144 6.5
    endloop
  endfacet
  facet normal 0 0 -1
    outer loop
      vertex 8.998779099427002 225.9602143532144 6.5
      vertex 4.912238376288851 230 6.5
      vertex 9.29312755504344 225.7798373876249 6.5
    endloop
  endfacet
  facet normal 0 0 -1
    outer loop
      vertex 9.29312755504344 225.7798373876249 6.5
      vertex 4.912238376288851 230 6.5
      vertex 9.555634918610405 225.5556349186104 6.5
    endloop
  endfacet
  facet normal 0 0 -1
    outer loop
      vertex 9.555634918610405 225.5556349186104 6.5
      vertex 4.912238376288851 230 6.5
      vertex 11.087761623711149 230 6.5
    endloop
  endfacet
  facet normal 0 0 -1
    outer loop
      vertex 9.779837387624884 225.29312755504344 6.5
      vertex 11.087761623711149 230 6.5
      vertex 9.96021435321441 224.998779099427 6.5
    endloop
  endfacet
  facet normal 0 0 -1
    outer loop
      vertex 9.555634918610405 225.5556349186104 6.5
      vertex 11.087761623711149 230 6.5
      vertex 9.779837387624884 225.29312755504344 6.5
    endloop
  endfacet
  facet normal -0.38268343236509306 0.9238795325112854 0
    outer loop
      vertex 10.085864712030896 217.5803685150077 2.5
      vertex 10.085864712030896 217.5803685150077 6
      vertex 11.06443587324194 217.9857059617285 2.5
    endloop
  endfacet
  facet normal -0.5224985647159593 0.8526401643540857 0
    outer loop
      vertex 11.06443587324194 217.9857059617285 2.5
      vertex 11.06443587324194 217.9857059617285 6
      vertex 11.967550452974194 218.53913528796912 2.5
    endloop
  endfacet
  facet normal -0.6494480483301721 0.7604059656000407 0
    outer loop
      vertex 11.967550452974194 218.53913528796912 2.5
      vertex 11.967550452974194 218.53913528796912 6
      vertex 12.772970773009195 219.2270292269908 2.5
    endloop
  endfacet
  facet normal 0 0 1
    outer loop
      vertex 10.085864712030896 217.5803685150077 2.5
      vertex 11.06443587324194 217.9857059617285 2.5
      vertex 11.087761623711149 230 2.5
    endloop
  endfacet
  facet normal 0 0 1
    outer loop
      vertex 11.06443587324194 217.9857059617285 2.5
      vertex 11.967550452974194 218.53913528796912 2.5
      vertex 11.967550452974194 229.46086471203088 2.5
    endloop
  endfacet
  facet normal 0 0 1
    outer loop
      vertex 11.967550452974194 218.53913528796912 2.5
      vertex 12.772970773009195 219.2270292269908 2.5
      vertex 12.772970773009195 228.7729707730092 2.5
    endloop
  endfacet
  facet normal 0 0 1
    outer loop
      vertex 12.772970773009195 219.2270292269908 2.5
      vertex 13.460864712030896 220.0324495470258 2.5
      vertex 13.460864712030896 227.9675504529742 2.5
    endloop
  endfacet
  facet normal 0 0 1
    outer loop
      vertex 13.460864712030896 220.0324495470258 2.5
      vertex 14.014294038271483 220.93556412675807 2.5
      vertex 14.014294038271483 227.06443587324193 2.5
    endloop
  endfacet
  facet normal -0.7604059656000343 0.6494480483301798 0
    outer loop
      vertex 12.772970773009195 219.2270292269908 2.5
      vertex 12.772970773009195 219.2270292269908 6
      vertex 13.460864712030896 220.0324495470258 2.5
    endloop
  endfacet
  facet normal -0.8526401643540944 0.5224985647159455 0
    outer loop
      vertex 13.460864712030896 220.0324495470258 2.5
      vertex 13.460864712030896 220.0324495470258 6.5
      vertex 14.014294038271483 220.93556412675807 2.5
    endloop
  endfacet
  facet normal -0.9238795325112874 0.3826834323650884 0
    outer loop
      vertex 14.014294038271483 220.93556412675807 2.5
      vertex 14.014294038271483 220.93556412675807 6.5
      vertex 14.419631484992287 221.91413528796912 2.5
    endloop
  endfacet
  facet normal -0.9723699203976756 0.2334453638559091 0
    outer loop
      vertex 14.419631484992287 221.91413528796912 2.5
      vertex 14.419631484992287 221.91413528796912 6.5
      vertex 14.66689629901718 222.94406736097844 2.5
    endloop
  endfacet
  facet normal 0 0 1
    outer loop
      vertex 10.085864712030896 217.5803685150077 2.5
      vertex 11.087761623711149 230 2.5
      vertex 10.2 224 2.5
    endloop
  endfacet
  facet normal 0 0 1
    outer loop
      vertex 10.2 224 2.5
      vertex 11.087761623711149 230 2.5
      vertex 10.172914349309304 224.3441558230885 2.5
    endloop
  endfacet
  facet normal 0 0 1
    outer loop
      vertex 10.092324335849337 224.67983738762487 2.5
      vertex 10.172914349309304 224.3441558230885 2.5
      vertex 11.087761623711149 230 2.5
    endloop
  endfacet
  facet normal 0 0 1
    outer loop
      vertex 11.06443587324194 217.9857059617285 2.5
      vertex 11.967550452974194 229.46086471203088 2.5
      vertex 11.087761623711149 230 2.5
    endloop
  endfacet
  facet normal 0 0 1
    outer loop
      vertex 11.967550452974194 218.53913528796912 2.5
      vertex 12.772970773009195 228.7729707730092 2.5
      vertex 11.967550452974194 229.46086471203088 2.5
    endloop
  endfacet
  facet normal 0 0 1
    outer loop
      vertex 10.092324335849337 224.67983738762487 2.5
      vertex 11.087761623711149 230 2.5
      vertex 9.96021435321441 224.998779099427 2.5
    endloop
  endfacet
  facet normal -0.5224985647159591 -0.8526401643540858 1.6873967122945551e-18
    outer loop
      vertex 11.967550452974194 229.46086471203088 2.5
      vertex 11.087761623711149 230 6
      vertex 11.087761623711149 230 2.5
    endloop
  endfacet
  facet normal -0.6494480483301721 -0.7604059656000407 0
    outer loop
      vertex 11.967550452974194 229.46086471203088 2.5
      vertex 12.772970773009195 228.7729707730092 2.5
      vertex 11.967550452974194 229.46086471203088 6.5
    endloop
  endfacet
  facet normal 0 0 1
    outer loop
      vertex 12.772970773009195 219.2270292269908 2.5
      vertex 13.460864712030896 227.9675504529742 2.5
      vertex 12.772970773009195 228.7729707730092 2.5
    endloop
  endfacet
  facet normal 0 0 1
    outer loop
      vertex 13.460864712030896 220.0324495470258 2.5
      vertex 14.014294038271483 227.06443587324193 2.5
      vertex 13.460864712030896 227.9675504529742 2.5
    endloop
  endfacet
  facet normal 0 0 1
    outer loop
      vertex 14.014294038271483 220.93556412675807 2.5
      vertex 14.419631484992287 221.91413528796912 2.5
      vertex 14.419631484992287 226.08586471203088 2.5
    endloop
  endfacet
  facet normal 0 0 1
    outer loop
      vertex 14.419631484992287 221.91413528796912 2.5
      vertex 14.66689629901718 222.94406736097844 2.5
      vertex 14.66689629901718 225.05593263902156 2.5
    endloop
  endfacet
  facet normal 0 0 1
    outer loop
      vertex 14.66689629901718 222.94406736097844 2.5
      vertex 14.75 224 2.5
      vertex 14.66689629901718 225.05593263902156 2.5
    endloop
  endfacet
  facet normal 0 0 1
    outer loop
      vertex 14.419631484992287 221.91413528796912 2.5
      vertex 14.66689629901718 225.05593263902156 2.5
      vertex 14.419631484992287 226.08586471203088 2.5
    endloop
  endfacet
  facet normal 0 0 1
    outer loop
      vertex 14.014294038271483 220.93556412675807 2.5
      vertex 14.419631484992287 226.08586471203088 2.5
      vertex 14.014294038271483 227.06443587324193 2.5
    endloop
  endfacet
  facet normal -0.996917333733128 0.078459095727844 0
    outer loop
      vertex 14.66689629901718 222.94406736097844 2.5
      vertex 14.66689629901718 222.94406736097844 6.5
      vertex 14.75 224 2.5
    endloop
  endfacet
  facet normal -0.996917333733128 -0.078459095727844 0
    outer loop
      vertex 14.75 224 2.5
      vertex 14.75 224 6.5
      vertex 14.66689629901718 225.05593263902156 2.5
    endloop
  endfacet
  facet normal -0.9723699203976756 -0.2334453638559091 -3.793032735296018e-18
    outer loop
      vertex 14.419631484992287 226.08586471203088 2.5
      vertex 14.66689629901718 225.05593263902156 2.5
      vertex 14.66689629901718 225.05593263902156 6.5
    endloop
  endfacet
  facet normal -0.8526401643540944 -0.5224985647159455 -3.983067912371783e-18
    outer loop
      vertex 13.460864712030896 227.9675504529742 2.5
      vertex 14.014294038271483 227.06443587324193 2.5
      vertex 14.014294038271483 227.06443587324193 6.5
    endloop
  endfacet
  facet normal -0.7604059656000343 -0.6494480483301798 0
    outer loop
      vertex 13.460864712030896 227.9675504529742 2.5
      vertex 13.460864712030896 227.9675504529742 6.5
      vertex 12.772970773009195 228.7729707730092 2.5
    endloop
  endfacet
  facet normal -0.9238795325112874 -0.3826834323650884 0
    outer loop
      vertex 14.419631484992287 226.08586471203088 2.5
      vertex 14.419631484992287 226.08586471203088 6.5
      vertex 14.014294038271483 227.06443587324193 2.5
    endloop
  endfacet
  facet normal -0.38268343236509306 0.9238795325112854 0
    outer loop
      vertex 11.06443587324194 217.9857059617285 2.5
      vertex 10.085864712030896 217.5803685150077 6
      vertex 11.06443587324194 217.9857059617285 6
    endloop
  endfacet
  facet normal -0.5224985647159593 0.8526401643540857 0
    outer loop
      vertex 11.967550452974194 218.53913528796912 2.5
      vertex 11.06443587324194 217.9857059617285 6
      vertex 11.967550452974194 218.53913528796912 6
    endloop
  endfacet
  facet normal -0.6494480483301721 0.7604059656000407 0
    outer loop
      vertex 12.772970773009195 219.2270292269908 2.5
      vertex 11.967550452974194 218.53913528796912 6
      vertex 12.772970773009195 219.2270292269908 6
    endloop
  endfacet
  facet normal -0.7604059656000346 0.6494480483301794 -1.428021628258613e-16
    outer loop
      vertex 13.460864712030896 220.0324495470258 2.5
      vertex 12.772970773009195 219.2270292269908 6
      vertex 13.433150180664116 220 6
    endloop
  endfacet
  facet normal -0.7604059656000268 0.6494480483301882 0
    outer loop
      vertex 13.460864712030896 220.0324495470258 2.5
      vertex 13.433150180664116 220 6
      vertex 13.460864712030896 220.0324495470258 6.5
    endloop
  endfacet
  facet normal -0.8526401643540944 0.5224985647159455 0
    outer loop
      vertex 14.014294038271483 220.93556412675807 2.5
      vertex 13.460864712030896 220.0324495470258 6.5
      vertex 14.014294038271483 220.93556412675807 6.5
    endloop
  endfacet
  facet normal -0.9238795325112874 0.3826834323650884 0
    outer loop
      vertex 14.419631484992287 221.91413528796912 2.5
      vertex 14.014294038271483 220.93556412675807 6.5
      vertex 14.419631484992287 221.91413528796912 6.5
    endloop
  endfacet
  facet normal -0.9723699203976756 0.2334453638559091 0
    outer loop
      vertex 14.66689629901718 222.94406736097844 2.5
      vertex 14.419631484992287 221.91413528796912 6.5
      vertex 14.66689629901718 222.94406736097844 6.5
    endloop
  endfacet
  facet normal 0 0 -1
    outer loop
      vertex 9.96021435321441 223.001220900573 6.5
      vertex 13.433150180664116 220 6.5
      vertex 10.02977988575846 220 6.5
    endloop
  endfacet
  facet normal 0 0 -1
    outer loop
      vertex 9.96021435321441 223.001220900573 6.5
      vertex 10.092324335849337 223.32016261237513 6.5
      vertex 13.433150180664116 220 6.5
    endloop
  endfacet
  facet normal 0 0 -1
    outer loop
      vertex 10.092324335849337 223.32016261237513 6.5
      vertex 10.172914349309304 223.6558441769115 6.5
      vertex 13.433150180664116 220 6.5
    endloop
  endfacet
  facet normal 0 0 -1
    outer loop
      vertex 10.172914349309304 223.6558441769115 6.5
      vertex 10.2 224 6.5
      vertex 13.433150180664116 220 6.5
    endloop
  endfacet
  facet normal 0 0 -1
    outer loop
      vertex 10.2 224 6.5
      vertex 10.172914349309304 224.3441558230885 6.5
      vertex 13.433150180664116 220 6.5
    endloop
  endfacet
  facet normal -0.7604059656000268 0.6494480483301882 -2.2392037679488148e-18
    outer loop
      vertex 13.460864712030896 220.0324495470258 6.5
      vertex 13.433150180664116 220 6
      vertex 13.433150180664116 220 6.5
    endloop
  endfacet
  facet normal -0.5224985647159591 -0.8526401643540858 1.1811776986061884e-17
    outer loop
      vertex 11.967550452974194 229.46086471203088 2.5
      vertex 11.087761623711149 230 6.5
      vertex 11.087761623711149 230 6
    endloop
  endfacet
  facet normal -0.5224985647159591 -0.8526401643540858 0
    outer loop
      vertex 11.967550452974194 229.46086471203088 2.5
      vertex 11.967550452974194 229.46086471203088 6.5
      vertex 11.087761623711149 230 6.5
    endloop
  endfacet
  facet normal -0.6494480483301721 -0.7604059656000407 0
    outer loop
      vertex 12.772970773009195 228.7729707730092 2.5
      vertex 12.772970773009195 228.7729707730092 6.5
      vertex 11.967550452974194 229.46086471203088 6.5
    endloop
  endfacet
  facet normal -0.996917333733128 0.078459095727844 0
    outer loop
      vertex 14.75 224 2.5
      vertex 14.66689629901718 222.94406736097844 6.5
      vertex 14.75 224 6.5
    endloop
  endfacet
  facet normal -0.996917333733128 -0.078459095727844 0
    outer loop
      vertex 14.66689629901718 225.05593263902156 2.5
      vertex 14.75 224 6.5
      vertex 14.66689629901718 225.05593263902156 6.5
    endloop
  endfacet
  facet normal -0.9723699203976756 -0.2334453638559091 0
    outer loop
      vertex 14.419631484992287 226.08586471203088 2.5
      vertex 14.66689629901718 225.05593263902156 6.5
      vertex 14.419631484992287 226.08586471203088 6.5
    endloop
  endfacet
  facet normal -0.8526401643540944 -0.5224985647159455 0
    outer loop
      vertex 13.460864712030896 227.9675504529742 2.5
      vertex 14.014294038271483 227.06443587324193 6.5
      vertex 13.460864712030896 227.9675504529742 6.5
    endloop
  endfacet
  facet normal -0.7604059656000343 -0.6494480483301798 0
    outer loop
      vertex 12.772970773009195 228.7729707730092 2.5
      vertex 13.460864712030896 227.9675504529742 6.5
      vertex 12.772970773009195 228.7729707730092 6.5
    endloop
  endfacet
  facet normal -0.9238795325112874 -0.3826834323650884 0
    outer loop
      vertex 14.014294038271483 227.06443587324193 2.5
      vertex 14.419631484992287 226.08586471203088 6.5
      vertex 14.014294038271483 227.06443587324193 6.5
    endloop
  endfacet
  facet normal 0 0 -1
    outer loop
      vertex 10.092324335849337 224.67983738762487 6.5
      vertex 11.087761623711149 230 6.5
      vertex 10.172914349309304 224.3441558230885 6.5
    endloop
  endfacet
  facet normal 0 0 -1
    outer loop
      vertex 10.172914349309304 224.3441558230885 6.5
      vertex 11.087761623711149 230 6.5
      vertex 13.433150180664116 220 6.5
    endloop
  endfacet
  facet normal 0 0 -1
    outer loop
      vertex 11.967550452974194 229.46086471203088 6.5
      vertex 12.772970773009195 228.7729707730092 6.5
      vertex 13.433150180664116 220 6.5
    endloop
  endfacet
  facet normal 0 0 -1
    outer loop
      vertex 10.092324335849337 224.67983738762487 6.5
      vertex 9.96021435321441 224.998779099427 6.5
      vertex 11.087761623711149 230 6.5
    endloop
  endfacet
  facet normal 0 0 -1
    outer loop
      vertex 11.967550452974194 229.46086471203088 6.5
      vertex 13.433150180664116 220 6.5
      vertex 11.087761623711149 230 6.5
    endloop
  endfacet
  facet normal 0 0 -1
    outer loop
      vertex 13.460864712030896 220.0324495470258 6.5
      vertex 13.433150180664116 220 6.5
      vertex 12.772970773009195 228.7729707730092 6.5
    endloop
  endfacet
  facet normal 0 0 -1
    outer loop
      vertex 13.460864712030896 220.0324495470258 6.5
      vertex 13.460864712030896 227.9675504529742 6.5
      vertex 14.014294038271483 220.93556412675807 6.5
    endloop
  endfacet
  facet normal 0 0 -1
    outer loop
      vertex 13.460864712030896 220.0324495470258 6.5
      vertex 12.772970773009195 228.7729707730092 6.5
      vertex 13.460864712030896 227.9675504529742 6.5
    endloop
  endfacet
  facet normal 0 0 -1
    outer loop
      vertex 14.014294038271483 220.93556412675807 6.5
      vertex 13.460864712030896 227.9675504529742 6.5
      vertex 14.014294038271483 227.06443587324193 6.5
    endloop
  endfacet
  facet normal 0 0 -1
    outer loop
      vertex 14.014294038271483 220.93556412675807 6.5
      vertex 14.014294038271483 227.06443587324193 6.5
      vertex 14.419631484992287 221.91413528796912 6.5
    endloop
  endfacet
  facet normal 0 0 -1
    outer loop
      vertex 14.419631484992287 221.91413528796912 6.5
      vertex 14.419631484992287 226.08586471203088 6.5
      vertex 14.66689629901718 222.94406736097844 6.5
    endloop
  endfacet
  facet normal 0 0 -1
    outer loop
      vertex 14.66689629901718 222.94406736097844 6.5
      vertex 14.66689629901718 225.05593263902156 6.5
      vertex 14.75 224 6.5
    endloop
  endfacet
  facet normal 0 0 -1
    outer loop
      vertex 14.419631484992287 221.91413528796912 6.5
      vertex 14.014294038271483 227.06443587324193 6.5
      vertex 14.419631484992287 226.08586471203088 6.5
    endloop
  endfacet
  facet normal 0 0 -1
    outer loop
      vertex 14.66689629901718 222.94406736097844 6.5
      vertex 14.419631484992287 226.08586471203088 6.5
      vertex 14.66689629901718 225.05593263902156 6.5
    endloop
  endfacet
  facet normal 0.6494480483301978 0.7604059656000188 0
    outer loop
      vertex 154.9443650813896 3.444365081389595 2.5
      vertex 155.20687244495656 3.2201626123751153 0
      vertex 154.9443650813896 3.444365081389595 0
    endloop
  endfacet
  facet normal 0.522498564715941 0.8526401643540971 0
    outer loop
      vertex 155.20687244495656 3.2201626123751153 2.5
      vertex 155.501220900573 3.0397856467855906 0
      vertex 155.20687244495656 3.2201626123751153 0
    endloop
  endfacet
  facet normal 0.3826834323650823 0.9238795325112898 0
    outer loop
      vertex 155.501220900573 3.0397856467855906 2.5
      vertex 155.82016261237513 2.9076756641506623 0
      vertex 155.501220900573 3.0397856467855906 0
    endloop
  endfacet
  facet normal 0.2334453638559091 0.9723699203976758 0
    outer loop
      vertex 155.82016261237513 2.9076756641506623 2.5
      vertex 156.1558441769115 2.8270856506906967 0
      vertex 155.82016261237513 2.9076756641506623 0
    endloop
  endfacet
  facet normal 0.07845909572784661 0.9969173337331279 0
    outer loop
      vertex 156.1558441769115 2.8270856506906967 2.5
      vertex 156.5 2.8 0
      vertex 156.1558441769115 2.8270856506906967 0
    endloop
  endfacet
  facet normal -0.07845909572784661 0.9969173337331279 0
    outer loop
      vertex 156.5 2.8 2.5
      vertex 156.8441558230885 2.8270856506906967 0
      vertex 156.5 2.8 0
    endloop
  endfacet
  facet normal 0.7604059656000026 0.6494480483302167 3.9921612790916674e-18
    outer loop
      vertex 154.7201626123751 3.7068724449565593 2.5
      vertex 154.9443650813896 3.444365081389595 2.5
      vertex 154.9443650813896 3.444365081389595 0
    endloop
  endfacet
  facet normal 0.6494480483301978 0.7604059656000188 -2.466579363344081e-18
    outer loop
      vertex 154.9443650813896 3.444365081389595 2.5
      vertex 155.20687244495656 3.2201626123751153 2.5
      vertex 155.20687244495656 3.2201626123751153 0
    endloop
  endfacet
  facet normal 0.522498564715941 0.8526401643540971 1.9883422897976053e-18
    outer loop
      vertex 155.20687244495656 3.2201626123751153 2.5
      vertex 155.501220900573 3.0397856467855906 2.5
      vertex 155.501220900573 3.0397856467855906 0
    endloop
  endfacet
  facet normal 0.3826834323650823 0.9238795325112898 -2.210143310136492e-18
    outer loop
      vertex 155.501220900573 3.0397856467855906 2.5
      vertex 155.82016261237513 2.9076756641506623 2.5
      vertex 155.82016261237513 2.9076756641506623 0
    endloop
  endfacet
  facet normal 0.2334453638559091 0.9723699203976758 1.2301264610503451e-18
    outer loop
      vertex 155.82016261237513 2.9076756641506623 2.5
      vertex 156.1558441769115 2.8270856506906967 2.5
      vertex 156.1558441769115 2.8270856506906967 0
    endloop
  endfacet
  facet normal 0.07845909572784661 0.9969173337331279 -5.962937737744198e-19
    outer loop
      vertex 156.1558441769115 2.8270856506906967 2.5
      vertex 156.5 2.8 2.5
      vertex 156.5 2.8 0
    endloop
  endfacet
  facet normal -0.07845909572784661 0.9969173337331279 5.962937737744198e-19
    outer loop
      vertex 156.5 2.8 2.5
      vertex 156.8441558230885 2.8270856506906967 2.5
      vertex 156.8441558230885 2.8270856506906967 0
    endloop
  endfacet
  facet normal 0.9238795325113004 0.38268343236505686 0
    outer loop
      vertex 154.40767566415067 4.320162612375116 2.5
      vertex 154.5397856467856 4.001220900572997 0
      vertex 154.40767566415067 4.320162612375116 0
    endloop
  endfacet
  facet normal 0.8526401643541025 0.5224985647159323 0
    outer loop
      vertex 154.5397856467856 4.001220900572997 2.5
      vertex 154.7201626123751 3.7068724449565593 0
      vertex 154.5397856467856 4.001220900572997 0
    endloop
  endfacet
  facet normal 0.7604059656000026 0.6494480483302167 0
    outer loop
      vertex 154.7201626123751 3.7068724449565593 2.5
      vertex 154.9443650813896 3.444365081389595 0
      vertex 154.7201626123751 3.7068724449565593 0
    endloop
  endfacet
  facet normal 0.9723699203976651 0.23344536385595296 0
    outer loop
      vertex 154.3270856506907 4.655844176911492 2.5
      vertex 154.40767566415067 4.320162612375116 0
      vertex 154.3270856506907 4.655844176911492 0
    endloop
  endfacet
  facet normal 0.996917333733132 0.07845909572779473 0
    outer loop
      vertex 154.3 5 2.5
      vertex 154.3270856506907 4.655844176911492 0
      vertex 154.3 5 0
    endloop
  endfacet
  facet normal 0.996917333733132 -0.07845909572779473 0
    outer loop
      vertex 154.3270856506907 5.344155823088508 2.5
      vertex 154.3 5 0
      vertex 154.3270856506907 5.344155823088508 0
    endloop
  endfacet
  facet normal 0.9723699203976651 -0.23344536385595296 0
    outer loop
      vertex 154.40767566415067 5.679837387624884 2.5
      vertex 154.3270856506907 5.344155823088508 0
      vertex 154.40767566415067 5.679837387624884 0
    endloop
  endfacet
  facet normal 0.9238795325113004 -0.38268343236505686 0
    outer loop
      vertex 154.5397856467856 5.998779099427003 2.5
      vertex 154.40767566415067 5.679837387624884 0
      vertex 154.5397856467856 5.998779099427003 0
    endloop
  endfacet
  facet normal 0.8526401643541025 -0.5224985647159323 0
    outer loop
      vertex 154.7201626123751 6.293127555043441 2.5
      vertex 154.5397856467856 5.998779099427003 0
      vertex 154.7201626123751 6.293127555043441 0
    endloop
  endfacet
  facet normal 0.7604059656000026 -0.6494480483302167 0
    outer loop
      vertex 154.9443650813896 6.555634918610405 2.5
      vertex 154.7201626123751 6.293127555043441 0
      vertex 154.9443650813896 6.555634918610405 0
    endloop
  endfacet
  facet normal 0.6494480483301978 -0.7604059656000188 0
    outer loop
      vertex 155.20687244495656 6.779837387624885 2.5
      vertex 154.9443650813896 6.555634918610405 0
      vertex 155.20687244495656 6.779837387624885 0
    endloop
  endfacet
  facet normal 0.522498564715941 -0.8526401643540971 0
    outer loop
      vertex 155.501220900573 6.960214353214409 2.5
      vertex 155.20687244495656 6.779837387624885 0
      vertex 155.501220900573 6.960214353214409 0
    endloop
  endfacet
  facet normal 0.38268343236508123 -0.9238795325112904 0
    outer loop
      vertex 155.82016261237513 7.092324335849337 2.5
      vertex 155.501220900573 6.960214353214409 0
      vertex 155.82016261237513 7.092324335849337 0
    endloop
  endfacet
  facet normal 0.23344536385591153 -0.9723699203976751 0
    outer loop
      vertex 156.1558441769115 7.172914349309304 2.5
      vertex 155.82016261237513 7.092324335849337 0
      vertex 156.1558441769115 7.172914349309304 0
    endloop
  endfacet
  facet normal -0.07845909572784532 -0.9969173337331279 0
    outer loop
      vertex 156.8441558230885 7.172914349309304 2.5
      vertex 156.5 7.2 0
      vertex 156.8441558230885 7.172914349309304 0
    endloop
  endfacet
  facet normal 0.9238795325113004 0.38268343236505686 0
    outer loop
      vertex 154.5397856467856 4.001220900572997 2.5
      vertex 154.5397856467856 4.001220900572997 0
      vertex 154.40767566415067 4.320162612375116 2.5
    endloop
  endfacet
  facet normal 0.9723699203976651 0.23344536385595296 1.0733025078569383e-19
    outer loop
      vertex 154.3270856506907 4.655844176911492 2.5
      vertex 154.40767566415067 4.320162612375116 2.5
      vertex 154.40767566415067 4.320162612375116 0
    endloop
  endfacet
  facet normal 0.8526401643541025 0.5224985647159323 0
    outer loop
      vertex 154.7201626123751 3.7068724449565593 2.5
      vertex 154.7201626123751 3.7068724449565593 0
      vertex 154.5397856467856 4.001220900572997 2.5
    endloop
  endfacet
  facet normal 0.996917333733132 0.07845909572779473 0
    outer loop
      vertex 154.3270856506907 4.655844176911492 2.5
      vertex 154.3270856506907 4.655844176911492 0
      vertex 154.3 5 2.5
    endloop
  endfacet
  facet normal 0.996917333733132 -0.07845909572779473 0
    outer loop
      vertex 154.3 5 2.5
      vertex 154.3 5 0
      vertex 154.3270856506907 5.344155823088508 2.5
    endloop
  endfacet
  facet normal 0.9723699203976651 -0.23344536385595296 0
    outer loop
      vertex 154.3270856506907 5.344155823088508 2.5
      vertex 154.3270856506907 5.344155823088508 0
      vertex 154.40767566415067 5.679837387624884 2.5
    endloop
  endfacet
  facet normal 0.9238795325113004 -0.38268343236505686 0
    outer loop
      vertex 154.40767566415067 5.679837387624884 2.5
      vertex 154.40767566415067 5.679837387624884 0
      vertex 154.5397856467856 5.998779099427003 2.5
    endloop
  endfacet
  facet normal 0.8526401643541025 -0.5224985647159323 0
    outer loop
      vertex 154.5397856467856 5.998779099427003 2.5
      vertex 154.5397856467856 5.998779099427003 0
      vertex 154.7201626123751 6.293127555043441 2.5
    endloop
  endfacet
  facet normal 0.7604059656000026 -0.6494480483302167 0
    outer loop
      vertex 154.7201626123751 6.293127555043441 2.5
      vertex 154.7201626123751 6.293127555043441 0
      vertex 154.9443650813896 6.555634918610405 2.5
    endloop
  endfacet
  facet normal 0.6494480483301978 -0.7604059656000188 0
    outer loop
      vertex 154.9443650813896 6.555634918610405 2.5
      vertex 154.9443650813896 6.555634918610405 0
      vertex 155.20687244495656 6.779837387624885 2.5
    endloop
  endfacet
  facet normal 0.522498564715941 -0.8526401643540971 0
    outer loop
      vertex 155.20687244495656 6.779837387624885 2.5
      vertex 155.20687244495656 6.779837387624885 0
      vertex 155.501220900573 6.960214353214409 2.5
    endloop
  endfacet
  facet normal 0.38268343236508123 -0.9238795325112904 0
    outer loop
      vertex 155.501220900573 6.960214353214409 2.5
      vertex 155.501220900573 6.960214353214409 0
      vertex 155.82016261237513 7.092324335849337 2.5
    endloop
  endfacet
  facet normal 0.23344536385591153 -0.9723699203976751 0
    outer loop
      vertex 155.82016261237513 7.092324335849337 2.5
      vertex 155.82016261237513 7.092324335849337 0
      vertex 156.1558441769115 7.172914349309304 2.5
    endloop
  endfacet
  facet normal 0.07845909572784532 -0.9969173337331279 0
    outer loop
      vertex 156.1558441769115 7.172914349309304 2.5
      vertex 156.1558441769115 7.172914349309304 0
      vertex 156.5 7.2 2.5
    endloop
  endfacet
  facet normal -0.2334453638559091 0.9723699203976758 0
    outer loop
      vertex 156.8441558230885 2.8270856506906967 2.5
      vertex 157.17983738762487 2.9076756641506623 0
      vertex 156.8441558230885 2.8270856506906967 0
    endloop
  endfacet
  facet normal -0.3826834323650823 0.9238795325112898 0
    outer loop
      vertex 157.17983738762487 2.9076756641506623 2.5
      vertex 157.498779099427 3.0397856467855906 0
      vertex 157.17983738762487 2.9076756641506623 0
    endloop
  endfacet
  facet normal -0.522498564715941 0.8526401643540971 0
    outer loop
      vertex 157.498779099427 3.0397856467855906 2.5
      vertex 157.79312755504344 3.2201626123751153 0
      vertex 157.498779099427 3.0397856467855906 0
    endloop
  endfacet
  facet normal -0.6494480483301978 0.7604059656000188 0
    outer loop
      vertex 157.79312755504344 3.2201626123751153 2.5
      vertex 158.0556349186104 3.444365081389595 0
      vertex 157.79312755504344 3.2201626123751153 0
    endloop
  endfacet
  facet normal -0.7604059656000026 0.6494480483302167 0
    outer loop
      vertex 158.0556349186104 3.444365081389595 2.5
      vertex 158.2798373876249 3.7068724449565593 0
      vertex 158.0556349186104 3.444365081389595 0
    endloop
  endfacet
  facet normal -0.2334453638559091 0.9723699203976758 -1.2301264610503451e-18
    outer loop
      vertex 156.8441558230885 2.8270856506906967 2.5
      vertex 157.17983738762487 2.9076756641506623 2.5
      vertex 157.17983738762487 2.9076756641506623 0
    endloop
  endfacet
  facet normal -0.3826834323650823 0.9238795325112898 2.210143310136492e-18
    outer loop
      vertex 157.17983738762487 2.9076756641506623 2.5
      vertex 157.498779099427 3.0397856467855906 2.5
      vertex 157.498779099427 3.0397856467855906 0
    endloop
  endfacet
  facet normal -0.522498564715941 0.8526401643540971 -1.9883422897976053e-18
    outer loop
      vertex 157.498779099427 3.0397856467855906 2.5
      vertex 157.79312755504344 3.2201626123751153 2.5
      vertex 157.79312755504344 3.2201626123751153 0
    endloop
  endfacet
  facet normal -0.6494480483301978 0.7604059656000188 2.466579363344081e-18
    outer loop
      vertex 157.79312755504344 3.2201626123751153 2.5
      vertex 158.0556349186104 3.444365081389595 2.5
      vertex 158.0556349186104 3.444365081389595 0
    endloop
  endfacet
  facet normal -0.23344536385591153 -0.9723699203976751 0
    outer loop
      vertex 157.17983738762487 7.092324335849337 2.5
      vertex 156.8441558230885 7.172914349309304 0
      vertex 157.17983738762487 7.092324335849337 0
    endloop
  endfacet
  facet normal -0.38268343236508123 -0.9238795325112904 0
    outer loop
      vertex 157.498779099427 6.960214353214409 2.5
      vertex 157.17983738762487 7.092324335849337 0
      vertex 157.498779099427 6.960214353214409 0
    endloop
  endfacet
  facet normal -0.522498564715941 -0.8526401643540971 0
    outer loop
      vertex 157.79312755504344 6.779837387624885 2.5
      vertex 157.498779099427 6.960214353214409 0
      vertex 157.79312755504344 6.779837387624885 0
    endloop
  endfacet
  facet normal -0.6494480483301978 -0.7604059656000188 0
    outer loop
      vertex 158.0556349186104 6.555634918610405 2.5
      vertex 157.79312755504344 6.779837387624885 0
      vertex 158.0556349186104 6.555634918610405 0
    endloop
  endfacet
  facet normal -0.8526401643541025 0.5224985647159323 0
    outer loop
      vertex 158.2798373876249 3.7068724449565593 2.5
      vertex 158.4602143532144 4.001220900572997 0
      vertex 158.2798373876249 3.7068724449565593 0
    endloop
  endfacet
  facet normal -0.9238795325113004 0.38268343236505686 0
    outer loop
      vertex 158.4602143532144 4.001220900572997 2.5
      vertex 158.59232433584933 4.320162612375116 0
      vertex 158.4602143532144 4.001220900572997 0
    endloop
  endfacet
  facet normal -0.9723699203976651 0.23344536385595296 0
    outer loop
      vertex 158.59232433584933 4.320162612375116 2.5
      vertex 158.6729143493093 4.655844176911492 0
      vertex 158.59232433584933 4.320162612375116 0
    endloop
  endfacet
  facet normal -0.996917333733132 0.07845909572779473 0
    outer loop
      vertex 158.6729143493093 4.655844176911492 2.5
      vertex 158.7 5 0
      vertex 158.6729143493093 4.655844176911492 0
    endloop
  endfacet
  facet normal -0.996917333733132 -0.07845909572779473 0
    outer loop
      vertex 158.7 5 2.5
      vertex 158.6729143493093 5.344155823088508 0
      vertex 158.7 5 0
    endloop
  endfacet
  facet normal -0.9238795325113004 -0.38268343236505686 0
    outer loop
      vertex 158.59232433584933 5.679837387624884 2.5
      vertex 158.4602143532144 5.998779099427003 0
      vertex 158.59232433584933 5.679837387624884 0
    endloop
  endfacet
  facet normal -0.9723699203976651 -0.23344536385595296 0
    outer loop
      vertex 158.6729143493093 5.344155823088508 2.5
      vertex 158.59232433584933 5.679837387624884 0
      vertex 158.6729143493093 5.344155823088508 0
    endloop
  endfacet
  facet normal -0.8526401643541025 -0.5224985647159323 0
    outer loop
      vertex 158.4602143532144 5.998779099427003 2.5
      vertex 158.2798373876249 6.293127555043441 0
      vertex 158.4602143532144 5.998779099427003 0
    endloop
  endfacet
  facet normal -0.7604059656000026 -0.6494480483302167 0
    outer loop
      vertex 158.2798373876249 6.293127555043441 2.5
      vertex 158.0556349186104 6.555634918610405 0
      vertex 158.2798373876249 6.293127555043441 0
    endloop
  endfacet
  facet normal -0.23344536385591153 -0.9723699203976751 0
    outer loop
      vertex 156.8441558230885 7.172914349309304 2.5
      vertex 156.8441558230885 7.172914349309304 0
      vertex 157.17983738762487 7.092324335849337 2.5
    endloop
  endfacet
  facet normal -0.38268343236508123 -0.9238795325112904 0
    outer loop
      vertex 157.17983738762487 7.092324335849337 2.5
      vertex 157.17983738762487 7.092324335849337 0
      vertex 157.498779099427 6.960214353214409 2.5
    endloop
  endfacet
  facet normal -0.522498564715941 -0.8526401643540971 0
    outer loop
      vertex 157.498779099427 6.960214353214409 2.5
      vertex 157.498779099427 6.960214353214409 0
      vertex 157.79312755504344 6.779837387624885 2.5
    endloop
  endfacet
  facet normal -0.6494480483301978 -0.7604059656000188 0
    outer loop
      vertex 157.79312755504344 6.779837387624885 2.5
      vertex 157.79312755504344 6.779837387624885 0
      vertex 158.0556349186104 6.555634918610405 2.5
    endloop
  endfacet
  facet normal -0.7604059656000026 0.6494480483302167 -3.9921612790916674e-18
    outer loop
      vertex 158.0556349186104 3.444365081389595 2.5
      vertex 158.2798373876249 3.7068724449565593 2.5
      vertex 158.2798373876249 3.7068724449565593 0
    endloop
  endfacet
  facet normal -0.8526401643541025 0.5224985647159323 3.6590444475868885e-19
    outer loop
      vertex 158.2798373876249 3.7068724449565593 2.5
      vertex 158.4602143532144 4.001220900572997 2.5
      vertex 158.4602143532144 4.001220900572997 0
    endloop
  endfacet
  facet normal -0.9238795325113004 0.38268343236505686 -4.137927310539887e-19
    outer loop
      vertex 158.4602143532144 4.001220900572997 2.5
      vertex 158.59232433584933 4.320162612375116 2.5
      vertex 158.59232433584933 4.320162612375116 0
    endloop
  endfacet
  facet normal -0.9723699203976651 0.23344536385595296 -1.0733025078569383e-19
    outer loop
      vertex 158.59232433584933 4.320162612375116 2.5
      vertex 158.6729143493093 4.655844176911492 2.5
      vertex 158.6729143493093 4.655844176911492 0
    endloop
  endfacet
  facet normal -0.996917333733132 0.07845909572779473 -1.5384756316508737e-19
    outer loop
      vertex 158.6729143493093 4.655844176911492 2.5
      vertex 158.7 5 2.5
      vertex 158.7 5 0
    endloop
  endfacet
  facet normal -0.996917333733132 -0.07845909572779473 1.5384756316508737e-19
    outer loop
      vertex 158.7 5 2.5
      vertex 158.6729143493093 5.344155823088508 2.5
      vertex 158.6729143493093 5.344155823088508 0
    endloop
  endfacet
  facet normal -0.8526401643541025 -0.5224985647159323 -3.6590444475868885e-19
    outer loop
      vertex 158.4602143532144 5.998779099427003 2.5
      vertex 158.2798373876249 6.293127555043441 2.5
      vertex 158.2798373876249 6.293127555043441 0
    endloop
  endfacet
  facet normal -0.9723699203976651 -0.23344536385595296 1.0733025078569383e-19
    outer loop
      vertex 158.6729143493093 5.344155823088508 2.5
      vertex 158.59232433584933 5.679837387624884 2.5
      vertex 158.59232433584933 5.679837387624884 0
    endloop
  endfacet
  facet normal -0.9238795325113004 -0.38268343236505686 0
    outer loop
      vertex 158.4602143532144 5.998779099427003 2.5
      vertex 158.4602143532144 5.998779099427003 0
      vertex 158.59232433584933 5.679837387624884 2.5
    endloop
  endfacet
  facet normal -0.7604059656000026 -0.6494480483302167 0
    outer loop
      vertex 158.0556349186104 6.555634918610405 2.5
      vertex 158.0556349186104 6.555634918610405 0
      vertex 158.2798373876249 6.293127555043441 2.5
    endloop
  endfacet
  facet normal 0.07845909572784532 -0.9969173337331279 0
    outer loop
      vertex 156.5 7.2 2.5
      vertex 156.1558441769115 7.172914349309304 0
      vertex 156.5 7.2 0
    endloop
  endfacet
  facet normal -0.07845909572784532 -0.9969173337331279 0
    outer loop
      vertex 156.5 7.2 2.5
      vertex 156.5 7.2 0
      vertex 156.8441558230885 7.172914349309304 2.5
    endloop
  endfacet
  facet normal 0.9238795325112855 0.3826834323650927 6.7791673493732384e-18
    outer loop
      vertex 150.4857059617285 1.935564126758059 2.5
      vertex 150.0803685150077 2.914135287969105 2.5
      vertex 150.0803685150077 2.914135287969105 6
    endloop
  endfacet
  facet normal 0.8526401643540856 0.5224985647159598 0
    outer loop
      vertex 150.4857059617285 1.935564126758059 2.5
      vertex 150.4857059617285 1.935564126758059 6
      vertex 151.03913528796912 1.0324495470258062 2.5
    endloop
  endfacet
  facet normal 0.7604059656000413 0.6494480483301716 0
    outer loop
      vertex 151.03913528796912 1.0324495470258062 2.5
      vertex 151.03913528796912 1.0324495470258062 6
      vertex 151.7270292269908 0.22702922699080386 2.5
    endloop
  endfacet
  facet normal 0 0 1
    outer loop
      vertex 150.4857059617285 1.935564126758059 2.5
      vertex 150.4857059617285 8.06443587324194 2.5
      vertex 150.0803685150077 2.914135287969105 2.5
    endloop
  endfacet
  facet normal 0 0 1
    outer loop
      vertex 150.0803685150077 2.914135287969105 2.5
      vertex 150.0803685150077 7.0858647120308955 2.5
      vertex 149.83310370098283 3.9440673609784414 2.5
    endloop
  endfacet
  facet normal 0 0 1
    outer loop
      vertex 149.83310370098283 3.9440673609784414 2.5
      vertex 149.83310370098283 6.055932639021559 2.5
      vertex 149.75 5 2.5
    endloop
  endfacet
  facet normal 0 0 1
    outer loop
      vertex 149.83310370098283 3.9440673609784414 2.5
      vertex 150.0803685150077 7.0858647120308955 2.5
      vertex 149.83310370098283 6.055932639021559 2.5
    endloop
  endfacet
  facet normal 0 0 1
    outer loop
      vertex 150.0803685150077 2.914135287969105 2.5
      vertex 150.4857059617285 8.06443587324194 2.5
      vertex 150.0803685150077 7.0858647120308955 2.5
    endloop
  endfacet
  facet normal 0 0 1
    outer loop
      vertex 150.4857059617285 1.935564126758059 2.5
      vertex 151.03913528796912 1.0324495470258062 2.5
      vertex 151.03913528796912 8.967550452974194 2.5
    endloop
  endfacet
  facet normal 0 0 1
    outer loop
      vertex 151.03913528796912 1.0324495470258062 2.5
      vertex 151.7270292269908 0.22702922699080386 2.5
      vertex 151.7270292269908 9.772970773009195 2.5
    endloop
  endfacet
  facet normal 0 0 1
    outer loop
      vertex 150.4857059617285 1.935564126758059 2.5
      vertex 151.03913528796912 8.967550452974194 2.5
      vertex 150.4857059617285 8.06443587324194 2.5
    endloop
  endfacet
  facet normal 0 0 1
    outer loop
      vertex 151.03913528796912 1.0324495470258062 2.5
      vertex 151.7270292269908 9.772970773009195 2.5
      vertex 151.03913528796912 8.967550452974194 2.5
    endloop
  endfacet
  facet normal 0.9723699203976807 0.23344536385588815 8.416560877801525e-19
    outer loop
      vertex 150.0803685150077 2.914135287969105 2.5
      vertex 149.83310370098283 3.9440673609784414 2.5
      vertex 149.83310370098283 3.9440673609784414 6
    endloop
  endfacet
  facet normal 0.9969173337331271 0.07845909572785599 -6.399723117677521e-19
    outer loop
      vertex 149.83310370098283 3.9440673609784414 2.5
      vertex 149.75 5 2.5
      vertex 149.75 5 6
    endloop
  endfacet
  facet normal 0.9969173337331271 -0.07845909572785599 6.399723117677521e-19
    outer loop
      vertex 149.75 5 2.5
      vertex 149.83310370098283 6.055932639021559 2.5
      vertex 149.83310370098283 6.055932639021559 6
    endloop
  endfacet
  facet normal 0.9723699203976808 -0.2334453638558881 -1.1693074446540135e-18
    outer loop
      vertex 149.83310370098283 6.055932639021559 2.5
      vertex 150.0803685150077 7.0858647120308955 2.5
      vertex 150.0803685150077 7.0858647120308955 6
    endloop
  endfacet
  facet normal 0 0 1
    outer loop
      vertex 151.7270292269908 0.22702922699080386 2.5
      vertex 151.99284629890784 0 2.5
      vertex 152.5324495470258 10.460864712030896 2.5
    endloop
  endfacet
  facet normal 0 0 1
    outer loop
      vertex 152.5324495470258 10.460864712030896 2.5
      vertex 151.99284629890784 0 2.5
      vertex 152.56872038647788 0 2.5
    endloop
  endfacet
  facet normal 0 0 1
    outer loop
      vertex 154.7201626123751 3.7068724449565593 2.5
      vertex 154.5397856467856 4.001220900572997 2.5
      vertex 152.56872038647788 0 2.5
    endloop
  endfacet
  facet normal 0 0 1
    outer loop
      vertex 154.7201626123751 3.7068724449565593 2.5
      vertex 152.56872038647788 0 2.5
      vertex 154.9443650813896 3.444365081389595 2.5
    endloop
  endfacet
  facet normal 0 0 1
    outer loop
      vertex 154.5397856467856 4.001220900572997 2.5
      vertex 154.40767566415067 4.320162612375116 2.5
      vertex 152.56872038647788 0 2.5
    endloop
  endfacet
  facet normal 0 0 1
    outer loop
      vertex 154.3270856506907 4.655844176911492 2.5
      vertex 152.56872038647788 0 2.5
      vertex 154.40767566415067 4.320162612375116 2.5
    endloop
  endfacet
  facet normal 0 0 1
    outer loop
      vertex 154.3270856506907 4.655844176911492 2.5
      vertex 154.3 5 2.5
      vertex 152.56872038647788 0 2.5
    endloop
  endfacet
  facet normal 0.6494480483301928 0.7604059656000232 1.480310825806678e-18
    outer loop
      vertex 151.7270292269908 0.22702922699080386 2.5
      vertex 151.99284629890784 0 6
      vertex 151.99284629890784 0 2.5
    endloop
  endfacet
  facet normal 0 0 1
    outer loop
      vertex 151.7270292269908 0.22702922699080386 2.5
      vertex 152.5324495470258 10.460864712030896 2.5
      vertex 151.7270292269908 9.772970773009195 2.5
    endloop
  endfacet
  facet normal 0 0 1
    outer loop
      vertex 152.5324495470258 10.460864712030896 2.5
      vertex 152.56872038647788 0 2.5
      vertex 153.43556412675807 11.014294038271483 2.5
    endloop
  endfacet
  facet normal 0 0 1
    outer loop
      vertex 154.3 5 2.5
      vertex 154.41413528796912 11.419631484992287 2.5
      vertex 152.56872038647788 0 2.5
    endloop
  endfacet
  facet normal 0.9238795325112854 -0.38268343236509306 9.264178051927235e-19
    outer loop
      vertex 150.0803685150077 7.0858647120308955 2.5
      vertex 150.4857059617285 8.06443587324194 2.5
      vertex 150.4857059617285 8.06443587324194 6
    endloop
  endfacet
  facet normal 0.8526401643540857 -0.5224985647159593 -6.557884278236909e-18
    outer loop
      vertex 150.4857059617285 8.06443587324194 2.5
      vertex 151.03913528796912 8.967550452974194 2.5
      vertex 151.03913528796912 8.967550452974194 6
    endloop
  endfacet
  facet normal 0.7604059656000407 -0.6494480483301721 -3.8224589292896865e-18
    outer loop
      vertex 151.03913528796912 8.967550452974194 2.5
      vertex 151.7270292269908 9.772970773009195 2.5
      vertex 151.7270292269908 9.772970773009195 6
    endloop
  endfacet
  facet normal 0 0 1
    outer loop
      vertex 153.43556412675807 11.014294038271483 2.5
      vertex 152.56872038647788 0 2.5
      vertex 154.41413528796912 11.419631484992287 2.5
    endloop
  endfacet
  facet normal 0.6494480483301798 -0.7604059656000343 1.310538427621186e-17
    outer loop
      vertex 151.7270292269908 9.772970773009195 2.5
      vertex 152.5324495470258 10.460864712030896 2.5
      vertex 152.5324495470258 10.460864712030896 6
    endloop
  endfacet
  facet normal 0.5224985647159455 -0.8526401643540944 4.5520776141391805e-18
    outer loop
      vertex 152.5324495470258 10.460864712030896 2.5
      vertex 153.43556412675807 11.014294038271483 2.5
      vertex 153.43556412675807 11.014294038271483 6
    endloop
  endfacet
  facet normal 0.3826834323650884 -0.9238795325112874 5.176619984555934e-18
    outer loop
      vertex 153.43556412675807 11.014294038271483 2.5
      vertex 154.41413528796912 11.419631484992287 2.5
      vertex 154.41413528796912 11.419631484992287 6
    endloop
  endfacet
  facet normal 0.9238795325112855 0.3826834323650927 0
    outer loop
      vertex 150.4857059617285 1.935564126758059 2.5
      vertex 150.0803685150077 2.914135287969105 6
      vertex 150.4857059617285 1.935564126758059 6
    endloop
  endfacet
  facet normal 0.9723699203976807 0.23344536385588815 0
    outer loop
      vertex 150.0803685150077 2.914135287969105 2.5
      vertex 149.83310370098283 3.9440673609784414 6
      vertex 150.0803685150077 2.914135287969105 6
    endloop
  endfacet
  facet normal 0.8526401643540856 0.5224985647159598 0
    outer loop
      vertex 151.03913528796912 1.0324495470258062 2.5
      vertex 150.4857059617285 1.935564126758059 6
      vertex 151.03913528796912 1.0324495470258062 6
    endloop
  endfacet
  facet normal 0.7604059656000413 0.6494480483301716 0
    outer loop
      vertex 151.7270292269908 0.22702922699080386 2.5
      vertex 151.03913528796912 1.0324495470258062 6
      vertex 151.7270292269908 0.22702922699080386 6
    endloop
  endfacet
  facet normal 0.9969173337331271 0.07845909572785599 0
    outer loop
      vertex 149.83310370098283 3.9440673609784414 2.5
      vertex 149.75 5 6
      vertex 149.83310370098283 3.9440673609784414 6
    endloop
  endfacet
  facet normal 0.9969173337331271 -0.07845909572785599 0
    outer loop
      vertex 149.75 5 2.5
      vertex 149.83310370098283 6.055932639021559 6
      vertex 149.75 5 6
    endloop
  endfacet
  facet normal 0.9723699203976808 -0.2334453638558881 0
    outer loop
      vertex 149.83310370098283 6.055932639021559 2.5
      vertex 150.0803685150077 7.0858647120308955 6
      vertex 149.83310370098283 6.055932639021559 6
    endloop
  endfacet
  facet normal 0.6494480483301928 0.7604059656000232 0
    outer loop
      vertex 151.7270292269908 0.22702922699080386 2.5
      vertex 151.7270292269908 0.22702922699080386 6
      vertex 151.99284629890784 0 6
    endloop
  endfacet
  facet normal 0.9238795325112854 -0.38268343236509306 0
    outer loop
      vertex 150.0803685150077 7.0858647120308955 2.5
      vertex 150.4857059617285 8.06443587324194 6
      vertex 150.0803685150077 7.0858647120308955 6
    endloop
  endfacet
  facet normal 0.8526401643540857 -0.5224985647159593 0
    outer loop
      vertex 150.4857059617285 8.06443587324194 2.5
      vertex 151.03913528796912 8.967550452974194 6
      vertex 150.4857059617285 8.06443587324194 6
    endloop
  endfacet
  facet normal 0.7604059656000407 -0.6494480483301721 0
    outer loop
      vertex 151.03913528796912 8.967550452974194 2.5
      vertex 151.7270292269908 9.772970773009195 6
      vertex 151.03913528796912 8.967550452974194 6
    endloop
  endfacet
  facet normal 0.6494480483301798 -0.7604059656000343 0
    outer loop
      vertex 151.7270292269908 9.772970773009195 2.5
      vertex 152.5324495470258 10.460864712030896 6
      vertex 151.7270292269908 9.772970773009195 6
    endloop
  endfacet
  facet normal 0.5224985647159455 -0.8526401643540944 0
    outer loop
      vertex 152.5324495470258 10.460864712030896 2.5
      vertex 153.43556412675807 11.014294038271483 6
      vertex 152.5324495470258 10.460864712030896 6
    endloop
  endfacet
  facet normal 0.3826834323650884 -0.9238795325112874 0
    outer loop
      vertex 153.43556412675807 11.014294038271483 2.5
      vertex 154.41413528796912 11.419631484992287 6
      vertex 153.43556412675807 11.014294038271483 6
    endloop
  endfacet
  facet normal 0 0 1
    outer loop
      vertex 154.9443650813896 3.444365081389595 2.5
      vertex 152.56872038647788 0 2.5
      vertex 155.20687244495656 3.2201626123751153 2.5
    endloop
  endfacet
  facet normal 0 0 1
    outer loop
      vertex 155.20687244495656 3.2201626123751153 2.5
      vertex 152.56872038647788 0 2.5
      vertex 155.501220900573 3.0397856467855906 2.5
    endloop
  endfacet
  facet normal 0 0 1
    outer loop
      vertex 155.501220900573 3.0397856467855906 2.5
      vertex 152.56872038647788 0 2.5
      vertex 155.82016261237513 2.9076756641506623 2.5
    endloop
  endfacet
  facet normal 0 0 1
    outer loop
      vertex 155.82016261237513 2.9076756641506623 2.5
      vertex 152.56872038647788 0 2.5
      vertex 156.1558441769115 2.8270856506906967 2.5
    endloop
  endfacet
  facet normal 0 0 1
    outer loop
      vertex 156.1558441769115 2.8270856506906967 2.5
      vertex 152.56872038647788 0 2.5
      vertex 156.5 2.8 2.5
    endloop
  endfacet
  facet normal 0 0 1
    outer loop
      vertex 156.5 2.8 2.5
      vertex 152.56872038647788 0 2.5
      vertex 156.8441558230885 2.8270856506906967 2.5
    endloop
  endfacet
  facet normal 0 0 1
    outer loop
      vertex 156.8441558230885 2.8270856506906967 2.5
      vertex 152.56872038647788 0 2.5
      vertex 157.17983738762487 2.9076756641506623 2.5
    endloop
  endfacet
  facet normal 0 0 1
    outer loop
      vertex 157.17983738762487 2.9076756641506623 2.5
      vertex 152.56872038647788 0 2.5
      vertex 157.498779099427 3.0397856467855906 2.5
    endloop
  endfacet
  facet normal 0 0 1
    outer loop
      vertex 157.498779099427 3.0397856467855906 2.5
      vertex 152.56872038647788 0 2.5
      vertex 157.79312755504344 3.2201626123751153 2.5
    endloop
  endfacet
  facet normal 0 0 1
    outer loop
      vertex 157.79312755504344 3.2201626123751153 2.5
      vertex 152.56872038647788 0 2.5
      vertex 161.00715370109216 0 2.5
    endloop
  endfacet
  facet normal 0 0 1
    outer loop
      vertex 157.79312755504344 3.2201626123751153 2.5
      vertex 161.00715370109216 0 2.5
      vertex 158.0556349186104 3.444365081389595 2.5
    endloop
  endfacet
  facet normal 0 0 1
    outer loop
      vertex 158.0556349186104 3.444365081389595 2.5
      vertex 161.00715370109216 0 2.5
      vertex 158.2798373876249 3.7068724449565593 2.5
    endloop
  endfacet
  facet normal 0 0 1
    outer loop
      vertex 158.2798373876249 3.7068724449565593 2.5
      vertex 161.00715370109216 0 2.5
      vertex 158.4602143532144 4.001220900572997 2.5
    endloop
  endfacet
  facet normal 0 0 1
    outer loop
      vertex 158.4602143532144 4.001220900572997 2.5
      vertex 161.00715370109216 0 2.5
      vertex 158.59232433584933 4.320162612375116 2.5
    endloop
  endfacet
  facet normal 0 0 1
    outer loop
      vertex 158.7 5 2.5
      vertex 159.56443587324193 11.014294038271483 2.5
      vertex 158.6729143493093 5.344155823088508 2.5
    endloop
  endfacet
  facet normal 0 0 1
    outer loop
      vertex 154.3 5 2.5
      vertex 154.3270856506907 5.344155823088508 2.5
      vertex 154.41413528796912 11.419631484992287 2.5
    endloop
  endfacet
  facet normal 0 0 1
    outer loop
      vertex 154.3270856506907 5.344155823088508 2.5
      vertex 154.40767566415067 5.679837387624884 2.5
      vertex 154.41413528796912 11.419631484992287 2.5
    endloop
  endfacet
  facet normal 0 0 1
    outer loop
      vertex 154.40767566415067 5.679837387624884 2.5
      vertex 154.5397856467856 5.998779099427003 2.5
      vertex 154.41413528796912 11.419631484992287 2.5
    endloop
  endfacet
  facet normal 0 0 1
    outer loop
      vertex 154.5397856467856 5.998779099427003 2.5
      vertex 154.7201626123751 6.293127555043441 2.5
      vertex 154.41413528796912 11.419631484992287 2.5
    endloop
  endfacet
  facet normal 0 0 1
    outer loop
      vertex 154.7201626123751 6.293127555043441 2.5
      vertex 154.9443650813896 6.555634918610405 2.5
      vertex 154.41413528796912 11.419631484992287 2.5
    endloop
  endfacet
  facet normal 0 0 1
    outer loop
      vertex 154.9443650813896 6.555634918610405 2.5
      vertex 155.20687244495656 6.779837387624885 2.5
      vertex 154.41413528796912 11.419631484992287 2.5
    endloop
  endfacet
  facet normal 0 0 1
    outer loop
      vertex 155.20687244495656 6.779837387624885 2.5
      vertex 155.501220900573 6.960214353214409 2.5
      vertex 155.44406736097844 11.66689629901718 2.5
    endloop
  endfacet
  facet normal 0 0 1
    outer loop
      vertex 155.20687244495656 6.779837387624885 2.5
      vertex 155.44406736097844 11.66689629901718 2.5
      vertex 154.41413528796912 11.419631484992287 2.5
    endloop
  endfacet
  facet normal 0 0 1
    outer loop
      vertex 155.501220900573 6.960214353214409 2.5
      vertex 155.82016261237513 7.092324335849337 2.5
      vertex 155.44406736097844 11.66689629901718 2.5
    endloop
  endfacet
  facet normal 0 0 1
    outer loop
      vertex 155.44406736097844 11.66689629901718 2.5
      vertex 155.82016261237513 7.092324335849337 2.5
      vertex 156.1558441769115 7.172914349309304 2.5
    endloop
  endfacet
  facet normal 0 0 1
    outer loop
      vertex 156.1558441769115 7.172914349309304 2.5
      vertex 156.5 7.2 2.5
      vertex 156.5 11.75 2.5
    endloop
  endfacet
  facet normal 0 0 1
    outer loop
      vertex 155.44406736097844 11.66689629901718 2.5
      vertex 156.1558441769115 7.172914349309304 2.5
      vertex 156.5 11.75 2.5
    endloop
  endfacet
  facet normal 0.23344536385590917 -0.9723699203976758 4.334894554624022e-18
    outer loop
      vertex 154.41413528796912 11.419631484992287 2.5
      vertex 155.44406736097844 11.66689629901718 2.5
      vertex 155.44406736097844 11.66689629901718 6
    endloop
  endfacet
  facet normal 0.078459095727844 -0.996917333733128 -1.3158454437864723e-18
    outer loop
      vertex 155.44406736097844 11.66689629901718 2.5
      vertex 156.5 11.75 2.5
      vertex 156.5 11.75 6
    endloop
  endfacet
  facet normal 0 0 1
    outer loop
      vertex 156.5 7.2 2.5
      vertex 156.8441558230885 7.172914349309304 2.5
      vertex 157.55593263902156 11.66689629901718 2.5
    endloop
  endfacet
  facet normal 0 0 1
    outer loop
      vertex 156.8441558230885 7.172914349309304 2.5
      vertex 157.17983738762487 7.092324335849337 2.5
      vertex 157.55593263902156 11.66689629901718 2.5
    endloop
  endfacet
  facet normal 0 0 1
    outer loop
      vertex 157.17983738762487 7.092324335849337 2.5
      vertex 157.498779099427 6.960214353214409 2.5
      vertex 157.55593263902156 11.66689629901718 2.5
    endloop
  endfacet
  facet normal 0 0 1
    outer loop
      vertex 157.498779099427 6.960214353214409 2.5
      vertex 157.79312755504344 6.779837387624885 2.5
      vertex 157.55593263902156 11.66689629901718 2.5
    endloop
  endfacet
  facet normal 0 0 1
    outer loop
      vertex 156.5 7.2 2.5
      vertex 157.55593263902156 11.66689629901718 2.5
      vertex 156.5 11.75 2.5
    endloop
  endfacet
  facet normal 0 0 1
    outer loop
      vertex 157.79312755504344 6.779837387624885 2.5
      vertex 158.58586471203088 11.419631484992287 2.5
      vertex 157.55593263902156 11.66689629901718 2.5
    endloop
  endfacet
  facet normal 0 0 1
    outer loop
      vertex 158.4602143532144 5.998779099427003 2.5
      vertex 158.59232433584933 5.679837387624884 2.5
      vertex 158.58586471203088 11.419631484992287 2.5
    endloop
  endfacet
  facet normal 0 0 1
    outer loop
      vertex 158.4602143532144 5.998779099427003 2.5
      vertex 158.58586471203088 11.419631484992287 2.5
      vertex 158.2798373876249 6.293127555043441 2.5
    endloop
  endfacet
  facet normal 0 0 1
    outer loop
      vertex 157.79312755504344 6.779837387624885 2.5
      vertex 158.0556349186104 6.555634918610405 2.5
      vertex 158.58586471203088 11.419631484992287 2.5
    endloop
  endfacet
  facet normal 0 0 1
    outer loop
      vertex 158.0556349186104 6.555634918610405 2.5
      vertex 158.2798373876249 6.293127555043441 2.5
      vertex 158.58586471203088 11.419631484992287 2.5
    endloop
  endfacet
  facet normal 0 0 1
    outer loop
      vertex 158.6729143493093 5.344155823088508 2.5
      vertex 159.56443587324193 11.014294038271483 2.5
      vertex 158.59232433584933 5.679837387624884 2.5
    endloop
  endfacet
  facet normal 0 0 1
    outer loop
      vertex 158.59232433584933 5.679837387624884 2.5
      vertex 159.56443587324193 11.014294038271483 2.5
      vertex 158.58586471203088 11.419631484992287 2.5
    endloop
  endfacet
  facet normal -0.078459095727844 -0.996917333733128 1.3158454437864723e-18
    outer loop
      vertex 156.5 11.75 2.5
      vertex 157.55593263902156 11.66689629901718 2.5
      vertex 157.55593263902156 11.66689629901718 6
    endloop
  endfacet
  facet normal -0.23344536385590917 -0.9723699203976758 -4.334894554624022e-18
    outer loop
      vertex 157.55593263902156 11.66689629901718 2.5
      vertex 158.58586471203088 11.419631484992287 2.5
      vertex 158.58586471203088 11.419631484992287 6
    endloop
  endfacet
  facet normal -0.3826834323650884 -0.9238795325112874 -5.176619984555934e-18
    outer loop
      vertex 158.58586471203088 11.419631484992287 2.5
      vertex 159.56443587324193 11.014294038271483 2.5
      vertex 159.56443587324193 11.014294038271483 6
    endloop
  endfacet
  facet normal 0 0 1
    outer loop
      vertex 158.59232433584933 4.320162612375116 2.5
      vertex 161.00715370109216 0 2.5
      vertex 158.6729143493093 4.655844176911492 2.5
    endloop
  endfacet
  facet normal 0 0 1
    outer loop
      vertex 158.6729143493093 4.655844176911492 2.5
      vertex 161.00715370109216 0 2.5
      vertex 158.7 5 2.5
    endloop
  endfacet
  facet normal 0 0 1
    outer loop
      vertex 161.2729707730092 0.22702922699080386 2.5
      vertex 161.2729707730092 9.772970773009195 2.5
      vertex 161.00715370109216 0 2.5
    endloop
  endfacet
  facet normal 0 0 1
    outer loop
      vertex 161.2729707730092 0.22702922699080386 2.5
      vertex 161.96086471203088 1.0324495470258062 2.5
      vertex 161.96086471203088 8.967550452974194 2.5
    endloop
  endfacet
  facet normal -0.6494480483301928 0.7604059656000232 0
    outer loop
      vertex 161.2729707730092 0.22702922699080386 2.5
      vertex 161.00715370109216 0 2.5
      vertex 161.2729707730092 0.22702922699080386 6
    endloop
  endfacet
  facet normal -0.7604059656000413 0.6494480483301716 0
    outer loop
      vertex 161.2729707730092 0.22702922699080386 2.5
      vertex 161.2729707730092 0.22702922699080386 6
      vertex 161.96086471203088 1.0324495470258062 2.5
    endloop
  endfacet
  facet normal 0 0 1
    outer loop
      vertex 158.7 5 2.5
      vertex 161.00715370109216 0 2.5
      vertex 159.56443587324193 11.014294038271483 2.5
    endloop
  endfacet
  facet normal 0 0 1
    outer loop
      vertex 159.56443587324193 11.014294038271483 2.5
      vertex 161.00715370109216 0 2.5
      vertex 160.4675504529742 10.460864712030896 2.5
    endloop
  endfacet
  facet normal 0 0 1
    outer loop
      vertex 160.4675504529742 10.460864712030896 2.5
      vertex 161.00715370109216 0 2.5
      vertex 161.2729707730092 9.772970773009195 2.5
    endloop
  endfacet
  facet normal 0 0 1
    outer loop
      vertex 161.2729707730092 0.22702922699080386 2.5
      vertex 161.96086471203088 8.967550452974194 2.5
      vertex 161.2729707730092 9.772970773009195 2.5
    endloop
  endfacet
  facet normal -0.8526401643540856 0.5224985647159598 0
    outer loop
      vertex 161.96086471203088 1.0324495470258062 2.5
      vertex 161.96086471203088 1.0324495470258062 6
      vertex 162.5142940382715 1.935564126758059 2.5
    endloop
  endfacet
  facet normal -0.9238795325112855 0.3826834323650927 0
    outer loop
      vertex 162.5142940382715 1.935564126758059 2.5
      vertex 162.5142940382715 1.935564126758059 6
      vertex 162.9196314849923 2.914135287969105 2.5
    endloop
  endfacet
  facet normal -0.9723699203976807 0.23344536385588815 0
    outer loop
      vertex 162.9196314849923 2.914135287969105 2.5
      vertex 162.9196314849923 2.914135287969105 6
      vertex 163.16689629901717 3.9440673609784414 2.5
    endloop
  endfacet
  facet normal 0 0 1
    outer loop
      vertex 161.96086471203088 1.0324495470258062 2.5
      vertex 162.5142940382715 1.935564126758059 2.5
      vertex 162.5142940382715 8.06443587324194 2.5
    endloop
  endfacet
  facet normal 0 0 1
    outer loop
      vertex 162.5142940382715 1.935564126758059 2.5
      vertex 162.9196314849923 2.914135287969105 2.5
      vertex 162.9196314849923 7.0858647120308955 2.5
    endloop
  endfacet
  facet normal 0 0 1
    outer loop
      vertex 162.9196314849923 2.914135287969105 2.5
      vertex 163.16689629901717 3.9440673609784414 2.5
      vertex 163.16689629901717 6.055932639021559 2.5
    endloop
  endfacet
  facet normal 0 0 1
    outer loop
      vertex 162.9196314849923 2.914135287969105 2.5
      vertex 163.16689629901717 6.055932639021559 2.5
      vertex 162.9196314849923 7.0858647120308955 2.5
    endloop
  endfacet
  facet normal 0 0 1
    outer loop
      vertex 163.16689629901717 3.9440673609784414 2.5
      vertex 163.25 5 2.5
      vertex 163.16689629901717 6.055932639021559 2.5
    endloop
  endfacet
  facet normal 0 0 1
    outer loop
      vertex 161.96086471203088 1.0324495470258062 2.5
      vertex 162.5142940382715 8.06443587324194 2.5
      vertex 161.96086471203088 8.967550452974194 2.5
    endloop
  endfacet
  facet normal 0 0 1
    outer loop
      vertex 162.5142940382715 1.935564126758059 2.5
      vertex 162.9196314849923 7.0858647120308955 2.5
      vertex 162.5142940382715 8.06443587324194 2.5
    endloop
  endfacet
  facet normal -0.9969173337331271 0.07845909572785599 0
    outer loop
      vertex 163.16689629901717 3.9440673609784414 2.5
      vertex 163.16689629901717 3.9440673609784414 6
      vertex 163.25 5 2.5
    endloop
  endfacet
  facet normal -0.9723699203976808 -0.2334453638558881 0
    outer loop
      vertex 163.16689629901717 6.055932639021559 2.5
      vertex 163.16689629901717 6.055932639021559 6
      vertex 162.9196314849923 7.0858647120308955 2.5
    endloop
  endfacet
  facet normal -0.9969173337331271 -0.07845909572785599 0
    outer loop
      vertex 163.25 5 2.5
      vertex 163.25 5 6
      vertex 163.16689629901717 6.055932639021559 2.5
    endloop
  endfacet
  facet normal -0.5224985647159455 -0.8526401643540944 -4.5520776141391805e-18
    outer loop
      vertex 159.56443587324193 11.014294038271483 2.5
      vertex 160.4675504529742 10.460864712030896 2.5
      vertex 160.4675504529742 10.460864712030896 6
    endloop
  endfacet
  facet normal -0.6494480483301798 -0.7604059656000343 -1.310538427621186e-17
    outer loop
      vertex 160.4675504529742 10.460864712030896 2.5
      vertex 161.2729707730092 9.772970773009195 2.5
      vertex 161.2729707730092 9.772970773009195 6
    endloop
  endfacet
  facet normal -0.7604059656000407 -0.6494480483301721 0
    outer loop
      vertex 161.96086471203088 8.967550452974194 2.5
      vertex 161.96086471203088 8.967550452974194 6
      vertex 161.2729707730092 9.772970773009195 2.5
    endloop
  endfacet
  facet normal -0.8526401643540857 -0.5224985647159593 6.557884278236909e-18
    outer loop
      vertex 161.96086471203088 8.967550452974194 2.5
      vertex 162.5142940382715 8.06443587324194 2.5
      vertex 162.5142940382715 8.06443587324194 6
    endloop
  endfacet
  facet normal -0.9238795325112854 -0.38268343236509306 0
    outer loop
      vertex 162.9196314849923 7.0858647120308955 2.5
      vertex 162.9196314849923 7.0858647120308955 6
      vertex 162.5142940382715 8.06443587324194 2.5
    endloop
  endfacet
  facet normal 0.23344536385590917 -0.9723699203976758 0
    outer loop
      vertex 154.41413528796912 11.419631484992287 2.5
      vertex 155.44406736097844 11.66689629901718 6
      vertex 154.41413528796912 11.419631484992287 6
    endloop
  endfacet
  facet normal 0.078459095727844 -0.996917333733128 0
    outer loop
      vertex 155.44406736097844 11.66689629901718 2.5
      vertex 156.5 11.75 6
      vertex 155.44406736097844 11.66689629901718 6
    endloop
  endfacet
  facet normal -0.078459095727844 -0.996917333733128 0
    outer loop
      vertex 156.5 11.75 2.5
      vertex 157.55593263902156 11.66689629901718 6
      vertex 156.5 11.75 6
    endloop
  endfacet
  facet normal -0.23344536385590917 -0.9723699203976758 0
    outer loop
      vertex 157.55593263902156 11.66689629901718 2.5
      vertex 158.58586471203088 11.419631484992287 6
      vertex 157.55593263902156 11.66689629901718 6
    endloop
  endfacet
  facet normal -0.3826834323650884 -0.9238795325112874 0
    outer loop
      vertex 158.58586471203088 11.419631484992287 2.5
      vertex 159.56443587324193 11.014294038271483 6
      vertex 158.58586471203088 11.419631484992287 6
    endloop
  endfacet
  facet normal -0.6494480483301928 0.7604059656000232 -1.480310825806678e-18
    outer loop
      vertex 161.2729707730092 0.22702922699080386 6
      vertex 161.00715370109216 0 2.5
      vertex 161.00715370109216 0 6
    endloop
  endfacet
  facet normal -0.7604059656000413 0.6494480483301716 0
    outer loop
      vertex 161.96086471203088 1.0324495470258062 2.5
      vertex 161.2729707730092 0.22702922699080386 6
      vertex 161.96086471203088 1.0324495470258062 6
    endloop
  endfacet
  facet normal -0.8526401643540856 0.5224985647159598 0
    outer loop
      vertex 162.5142940382715 1.935564126758059 2.5
      vertex 161.96086471203088 1.0324495470258062 6
      vertex 162.5142940382715 1.935564126758059 6
    endloop
  endfacet
  facet normal -0.9238795325112855 0.3826834323650927 0
    outer loop
      vertex 162.9196314849923 2.914135287969105 2.5
      vertex 162.5142940382715 1.935564126758059 6
      vertex 162.9196314849923 2.914135287969105 6
    endloop
  endfacet
  facet normal -0.9723699203976807 0.23344536385588815 0
    outer loop
      vertex 163.16689629901717 3.9440673609784414 2.5
      vertex 162.9196314849923 2.914135287969105 6
      vertex 163.16689629901717 3.9440673609784414 6
    endloop
  endfacet
  facet normal -0.9969173337331271 -0.07845909572785599 0
    outer loop
      vertex 163.16689629901717 6.055932639021559 2.5
      vertex 163.25 5 6
      vertex 163.16689629901717 6.055932639021559 6
    endloop
  endfacet
  facet normal -0.9723699203976808 -0.2334453638558881 0
    outer loop
      vertex 162.9196314849923 7.0858647120308955 2.5
      vertex 163.16689629901717 6.055932639021559 6
      vertex 162.9196314849923 7.0858647120308955 6
    endloop
  endfacet
  facet normal -0.9969173337331271 0.07845909572785599 0
    outer loop
      vertex 163.25 5 2.5
      vertex 163.16689629901717 3.9440673609784414 6
      vertex 163.25 5 6
    endloop
  endfacet
  facet normal -0.6494480483301798 -0.7604059656000343 0
    outer loop
      vertex 160.4675504529742 10.460864712030896 2.5
      vertex 161.2729707730092 9.772970773009195 6
      vertex 160.4675504529742 10.460864712030896 6
    endloop
  endfacet
  facet normal -0.7604059656000407 -0.6494480483301721 0
    outer loop
      vertex 161.2729707730092 9.772970773009195 2.5
      vertex 161.96086471203088 8.967550452974194 6
      vertex 161.2729707730092 9.772970773009195 6
    endloop
  endfacet
  facet normal -0.5224985647159455 -0.8526401643540944 0
    outer loop
      vertex 159.56443587324193 11.014294038271483 2.5
      vertex 160.4675504529742 10.460864712030896 6
      vertex 159.56443587324193 11.014294038271483 6
    endloop
  endfacet
  facet normal -0.8526401643540857 -0.5224985647159593 0
    outer loop
      vertex 161.96086471203088 8.967550452974194 2.5
      vertex 162.5142940382715 8.06443587324194 6
      vertex 161.96086471203088 8.967550452974194 6
    endloop
  endfacet
  facet normal -0.9238795325112854 -0.38268343236509306 0
    outer loop
      vertex 162.5142940382715 8.06443587324194 2.5
      vertex 162.9196314849923 7.0858647120308955 6
      vertex 162.5142940382715 8.06443587324194 6
    endloop
  endfacet
  facet normal 0.7604059655999896 0.649448048330232 0
    outer loop
      vertex 154.7201626123751 222.70687244495656 2.5
      vertex 154.9443650813896 222.4443650813896 0
      vertex 154.7201626123751 222.70687244495656 0
    endloop
  endfacet
  facet normal 0.649448048330232 0.7604059655999896 0
    outer loop
      vertex 154.9443650813896 222.4443650813896 2.5
      vertex 155.20687244495656 222.2201626123751 0
      vertex 154.9443650813896 222.4443650813896 0
    endloop
  endfacet
  facet normal 0.5224985647159242 0.8526401643541073 0
    outer loop
      vertex 155.20687244495656 222.2201626123751 2.5
      vertex 155.501220900573 222.0397856467856 0
      vertex 155.20687244495656 222.2201626123751 0
    endloop
  endfacet
  facet normal 0.23344536385595532 0.9723699203976646 0
    outer loop
      vertex 155.82016261237513 221.90767566415067 2.5
      vertex 156.1558441769115 221.8270856506907 0
      vertex 155.82016261237513 221.90767566415067 0
    endloop
  endfacet
  facet normal 0.3826834323650505 0.9238795325113031 0
    outer loop
      vertex 155.501220900573 222.0397856467856 2.5
      vertex 155.82016261237513 221.90767566415067 0
      vertex 155.501220900573 222.0397856467856 0
    endloop
  endfacet
  facet normal 0.07845909572779675 0.9969173337331318 0
    outer loop
      vertex 156.1558441769115 221.8270856506907 2.5
      vertex 156.5 221.8 0
      vertex 156.1558441769115 221.8270856506907 0
    endloop
  endfacet
  facet normal -0.07845909572779675 0.9969173337331318 0
    outer loop
      vertex 156.5 221.8 2.5
      vertex 156.8441558230885 221.8270856506907 0
      vertex 156.5 221.8 0
    endloop
  endfacet
  facet normal 0.8526401643541073 0.5224985647159242 0
    outer loop
      vertex 154.7201626123751 222.70687244495656 2.5
      vertex 154.7201626123751 222.70687244495656 0
      vertex 154.5397856467856 223.001220900573 2.5
    endloop
  endfacet
  facet normal 0.649448048330232 0.7604059655999896 -1.0328791190944685e-18
    outer loop
      vertex 154.9443650813896 222.4443650813896 2.5
      vertex 155.20687244495656 222.2201626123751 2.5
      vertex 155.20687244495656 222.2201626123751 0
    endloop
  endfacet
  facet normal 0.7604059655999896 0.649448048330232 -1.0328791190944685e-18
    outer loop
      vertex 154.7201626123751 222.70687244495656 2.5
      vertex 154.9443650813896 222.4443650813896 2.5
      vertex 154.9443650813896 222.4443650813896 0
    endloop
  endfacet
  facet normal 0.5224985647159242 0.8526401643541073 2.7072831305466834e-18
    outer loop
      vertex 155.20687244495656 222.2201626123751 2.5
      vertex 155.501220900573 222.0397856467856 2.5
      vertex 155.501220900573 222.0397856467856 0
    endloop
  endfacet
  facet normal 0.23344536385595532 0.9723699203976646 -1.8054832788624786e-18
    outer loop
      vertex 155.82016261237513 221.90767566415067 2.5
      vertex 156.1558441769115 221.8270856506907 2.5
      vertex 156.1558441769115 221.8270856506907 0
    endloop
  endfacet
  facet normal 0.3826834323650505 0.9238795325113031 -2.565372327823246e-18
    outer loop
      vertex 155.501220900573 222.0397856467856 2.5
      vertex 155.82016261237513 221.90767566415067 2.5
      vertex 155.82016261237513 221.90767566415067 0
    endloop
  endfacet
  facet normal 0.07845909572779675 0.9969173337331318 -4.923013929234788e-19
    outer loop
      vertex 156.1558441769115 221.8270856506907 2.5
      vertex 156.5 221.8 2.5
      vertex 156.5 221.8 0
    endloop
  endfacet
  facet normal -0.07845909572779675 0.9969173337331318 4.923013929234788e-19
    outer loop
      vertex 156.5 221.8 2.5
      vertex 156.8441558230885 221.8270856506907 2.5
      vertex 156.8441558230885 221.8270856506907 0
    endloop
  endfacet
  facet normal -0.23344536385595532 0.9723699203976646 0
    outer loop
      vertex 156.8441558230885 221.8270856506907 2.5
      vertex 157.17983738762487 221.90767566415067 0
      vertex 156.8441558230885 221.8270856506907 0
    endloop
  endfacet
  facet normal -0.3826834323650505 0.9238795325113031 0
    outer loop
      vertex 157.17983738762487 221.90767566415067 2.5
      vertex 157.498779099427 222.0397856467856 0
      vertex 157.17983738762487 221.90767566415067 0
    endloop
  endfacet
  facet normal -0.5224985647159242 0.8526401643541073 0
    outer loop
      vertex 157.498779099427 222.0397856467856 2.5
      vertex 157.79312755504344 222.2201626123751 0
      vertex 157.498779099427 222.0397856467856 0
    endloop
  endfacet
  facet normal -0.649448048330232 0.7604059655999896 0
    outer loop
      vertex 157.79312755504344 222.2201626123751 2.5
      vertex 158.0556349186104 222.4443650813896 0
      vertex 157.79312755504344 222.2201626123751 0
    endloop
  endfacet
  facet normal -0.7604059655999896 0.649448048330232 0
    outer loop
      vertex 158.0556349186104 222.4443650813896 2.5
      vertex 158.2798373876249 222.70687244495656 0
      vertex 158.0556349186104 222.4443650813896 0
    endloop
  endfacet
  facet normal -0.8526401643541073 0.5224985647159242 0
    outer loop
      vertex 158.2798373876249 222.70687244495656 2.5
      vertex 158.4602143532144 223.001220900573 0
      vertex 158.2798373876249 222.70687244495656 0
    endloop
  endfacet
  facet normal -0.23344536385595532 0.9723699203976646 1.8054832788624786e-18
    outer loop
      vertex 156.8441558230885 221.8270856506907 2.5
      vertex 157.17983738762487 221.90767566415067 2.5
      vertex 157.17983738762487 221.90767566415067 0
    endloop
  endfacet
  facet normal -0.3826834323650505 0.9238795325113031 2.565372327823246e-18
    outer loop
      vertex 157.17983738762487 221.90767566415067 2.5
      vertex 157.498779099427 222.0397856467856 2.5
      vertex 157.498779099427 222.0397856467856 0
    endloop
  endfacet
  facet normal -0.5224985647159242 0.8526401643541073 -2.7072831305466834e-18
    outer loop
      vertex 157.498779099427 222.0397856467856 2.5
      vertex 157.79312755504344 222.2201626123751 2.5
      vertex 157.79312755504344 222.2201626123751 0
    endloop
  endfacet
  facet normal -0.649448048330232 0.7604059655999896 1.0328791190944685e-18
    outer loop
      vertex 157.79312755504344 222.2201626123751 2.5
      vertex 158.0556349186104 222.4443650813896 2.5
      vertex 158.0556349186104 222.4443650813896 0
    endloop
  endfacet
  facet normal -0.7604059655999896 0.649448048330232 1.0328791190944685e-18
    outer loop
      vertex 158.0556349186104 222.4443650813896 2.5
      vertex 158.2798373876249 222.70687244495656 2.5
      vertex 158.2798373876249 222.70687244495656 0
    endloop
  endfacet
  facet normal 0.9238795325113031 0.3826834323650505 0
    outer loop
      vertex 154.40767566415067 223.32016261237513 2.5
      vertex 154.5397856467856 223.001220900573 0
      vertex 154.40767566415067 223.32016261237513 0
    endloop
  endfacet
  facet normal 0.9723699203976646 0.23344536385595532 0
    outer loop
      vertex 154.3270856506907 223.6558441769115 2.5
      vertex 154.40767566415067 223.32016261237513 0
      vertex 154.3270856506907 223.6558441769115 0
    endloop
  endfacet
  facet normal 0.8526401643541073 0.5224985647159242 0
    outer loop
      vertex 154.5397856467856 223.001220900573 2.5
      vertex 154.7201626123751 222.70687244495656 0
      vertex 154.5397856467856 223.001220900573 0
    endloop
  endfacet
  facet normal 0.9969173337331318 0.07845909572779675 0
    outer loop
      vertex 154.3 224 2.5
      vertex 154.3270856506907 223.6558441769115 0
      vertex 154.3 224 0
    endloop
  endfacet
  facet normal 0.9969173337331318 -0.07845909572779675 0
    outer loop
      vertex 154.3270856506907 224.3441558230885 2.5
      vertex 154.3 224 0
      vertex 154.3270856506907 224.3441558230885 0
    endloop
  endfacet
  facet normal 0.9723699203976646 -0.23344536385595532 0
    outer loop
      vertex 154.40767566415067 224.67983738762487 2.5
      vertex 154.3270856506907 224.3441558230885 0
      vertex 154.40767566415067 224.67983738762487 0
    endloop
  endfacet
  facet normal 0.9238795325113031 -0.3826834323650505 0
    outer loop
      vertex 154.5397856467856 224.998779099427 2.5
      vertex 154.40767566415067 224.67983738762487 0
      vertex 154.5397856467856 224.998779099427 0
    endloop
  endfacet
  facet normal 0.8526401643541073 -0.5224985647159242 0
    outer loop
      vertex 154.7201626123751 225.29312755504344 2.5
      vertex 154.5397856467856 224.998779099427 0
      vertex 154.7201626123751 225.29312755504344 0
    endloop
  endfacet
  facet normal 0.7604059655999896 -0.649448048330232 0
    outer loop
      vertex 154.9443650813896 225.5556349186104 2.5
      vertex 154.7201626123751 225.29312755504344 0
      vertex 154.9443650813896 225.5556349186104 0
    endloop
  endfacet
  facet normal 0.649448048330232 -0.7604059655999896 0
    outer loop
      vertex 155.20687244495656 225.7798373876249 2.5
      vertex 154.9443650813896 225.5556349186104 0
      vertex 155.20687244495656 225.7798373876249 0
    endloop
  endfacet
  facet normal 0.5224985647159242 -0.8526401643541073 0
    outer loop
      vertex 155.501220900573 225.9602143532144 2.5
      vertex 155.20687244495656 225.7798373876249 0
      vertex 155.501220900573 225.9602143532144 0
    endloop
  endfacet
  facet normal 0.3826834323650505 -0.9238795325113031 0
    outer loop
      vertex 155.82016261237513 226.09232433584933 2.5
      vertex 155.501220900573 225.9602143532144 0
      vertex 155.82016261237513 226.09232433584933 0
    endloop
  endfacet
  facet normal 0.23344536385595532 -0.9723699203976646 0
    outer loop
      vertex 156.1558441769115 226.1729143493093 2.5
      vertex 155.82016261237513 226.09232433584933 0
      vertex 156.1558441769115 226.1729143493093 0
    endloop
  endfacet
  facet normal 0.07845909572779675 -0.9969173337331318 0
    outer loop
      vertex 156.5 226.2 2.5
      vertex 156.1558441769115 226.1729143493093 0
      vertex 156.5 226.2 0
    endloop
  endfacet
  facet normal -0.07845909572779675 -0.9969173337331318 0
    outer loop
      vertex 156.8441558230885 226.1729143493093 2.5
      vertex 156.5 226.2 0
      vertex 156.8441558230885 226.1729143493093 0
    endloop
  endfacet
  facet normal 0.9238795325113031 0.3826834323650505 0
    outer loop
      vertex 154.5397856467856 223.001220900573 2.5
      vertex 154.5397856467856 223.001220900573 0
      vertex 154.40767566415067 223.32016261237513 2.5
    endloop
  endfacet
  facet normal 0.9723699203976646 0.23344536385595532 -1.8054832788624786e-18
    outer loop
      vertex 154.3270856506907 223.6558441769115 2.5
      vertex 154.40767566415067 223.32016261237513 2.5
      vertex 154.40767566415067 223.32016261237513 0
    endloop
  endfacet
  facet normal 0.9969173337331318 0.07845909572779675 0
    outer loop
      vertex 154.3270856506907 223.6558441769115 2.5
      vertex 154.3270856506907 223.6558441769115 0
      vertex 154.3 224 2.5
    endloop
  endfacet
  facet normal 0.9969173337331318 -0.07845909572779675 0
    outer loop
      vertex 154.3 224 2.5
      vertex 154.3 224 0
      vertex 154.3270856506907 224.3441558230885 2.5
    endloop
  endfacet
  facet normal 0.9723699203976646 -0.23344536385595532 0
    outer loop
      vertex 154.3270856506907 224.3441558230885 2.5
      vertex 154.3270856506907 224.3441558230885 0
      vertex 154.40767566415067 224.67983738762487 2.5
    endloop
  endfacet
  facet normal 0.9238795325113031 -0.3826834323650505 0
    outer loop
      vertex 154.40767566415067 224.67983738762487 2.5
      vertex 154.40767566415067 224.67983738762487 0
      vertex 154.5397856467856 224.998779099427 2.5
    endloop
  endfacet
  facet normal 0.8526401643541073 -0.5224985647159242 0
    outer loop
      vertex 154.5397856467856 224.998779099427 2.5
      vertex 154.5397856467856 224.998779099427 0
      vertex 154.7201626123751 225.29312755504344 2.5
    endloop
  endfacet
  facet normal 0.7604059655999896 -0.649448048330232 0
    outer loop
      vertex 154.7201626123751 225.29312755504344 2.5
      vertex 154.7201626123751 225.29312755504344 0
      vertex 154.9443650813896 225.5556349186104 2.5
    endloop
  endfacet
  facet normal 0.649448048330232 -0.7604059655999896 0
    outer loop
      vertex 154.9443650813896 225.5556349186104 2.5
      vertex 154.9443650813896 225.5556349186104 0
      vertex 155.20687244495656 225.7798373876249 2.5
    endloop
  endfacet
  facet normal 0.5224985647159242 -0.8526401643541073 0
    outer loop
      vertex 155.20687244495656 225.7798373876249 2.5
      vertex 155.20687244495656 225.7798373876249 0
      vertex 155.501220900573 225.9602143532144 2.5
    endloop
  endfacet
  facet normal 0.3826834323650505 -0.9238795325113031 0
    outer loop
      vertex 155.501220900573 225.9602143532144 2.5
      vertex 155.501220900573 225.9602143532144 0
      vertex 155.82016261237513 226.09232433584933 2.5
    endloop
  endfacet
  facet normal 0.23344536385595532 -0.9723699203976646 0
    outer loop
      vertex 155.82016261237513 226.09232433584933 2.5
      vertex 155.82016261237513 226.09232433584933 0
      vertex 156.1558441769115 226.1729143493093 2.5
    endloop
  endfacet
  facet normal 0.07845909572779675 -0.9969173337331318 0
    outer loop
      vertex 156.1558441769115 226.1729143493093 2.5
      vertex 156.1558441769115 226.1729143493093 0
      vertex 156.5 226.2 2.5
    endloop
  endfacet
  facet normal -0.07845909572779675 -0.9969173337331318 0
    outer loop
      vertex 156.5 226.2 2.5
      vertex 156.5 226.2 0
      vertex 156.8441558230885 226.1729143493093 2.5
    endloop
  endfacet
  facet normal -0.23344536385595532 -0.9723699203976646 0
    outer loop
      vertex 157.17983738762487 226.09232433584933 2.5
      vertex 156.8441558230885 226.1729143493093 0
      vertex 157.17983738762487 226.09232433584933 0
    endloop
  endfacet
  facet normal -0.3826834323650505 -0.9238795325113031 0
    outer loop
      vertex 157.498779099427 225.9602143532144 2.5
      vertex 157.17983738762487 226.09232433584933 0
      vertex 157.498779099427 225.9602143532144 0
    endloop
  endfacet
  facet normal -0.5224985647159242 -0.8526401643541073 0
    outer loop
      vertex 157.79312755504344 225.7798373876249 2.5
      vertex 157.498779099427 225.9602143532144 0
      vertex 157.79312755504344 225.7798373876249 0
    endloop
  endfacet
  facet normal -0.649448048330232 -0.7604059655999896 0
    outer loop
      vertex 158.0556349186104 225.5556349186104 2.5
      vertex 157.79312755504344 225.7798373876249 0
      vertex 158.0556349186104 225.5556349186104 0
    endloop
  endfacet
  facet normal -0.9238795325113031 0.3826834323650505 0
    outer loop
      vertex 158.4602143532144 223.001220900573 2.5
      vertex 158.59232433584933 223.32016261237513 0
      vertex 158.4602143532144 223.001220900573 0
    endloop
  endfacet
  facet normal -0.9723699203976646 0.23344536385595532 0
    outer loop
      vertex 158.59232433584933 223.32016261237513 2.5
      vertex 158.6729143493093 223.6558441769115 0
      vertex 158.59232433584933 223.32016261237513 0
    endloop
  endfacet
  facet normal -0.9969173337331318 0.07845909572779675 0
    outer loop
      vertex 158.6729143493093 223.6558441769115 2.5
      vertex 158.7 224 0
      vertex 158.6729143493093 223.6558441769115 0
    endloop
  endfacet
  facet normal -0.9969173337331318 -0.07845909572779675 0
    outer loop
      vertex 158.7 224 2.5
      vertex 158.6729143493093 224.3441558230885 0
      vertex 158.7 224 0
    endloop
  endfacet
  facet normal -0.9723699203976646 -0.23344536385595532 0
    outer loop
      vertex 158.6729143493093 224.3441558230885 2.5
      vertex 158.59232433584933 224.67983738762487 0
      vertex 158.6729143493093 224.3441558230885 0
    endloop
  endfacet
  facet normal -0.7604059655999896 -0.649448048330232 0
    outer loop
      vertex 158.2798373876249 225.29312755504344 2.5
      vertex 158.0556349186104 225.5556349186104 0
      vertex 158.2798373876249 225.29312755504344 0
    endloop
  endfacet
  facet normal -0.9238795325113031 -0.3826834323650505 0
    outer loop
      vertex 158.59232433584933 224.67983738762487 2.5
      vertex 158.4602143532144 224.998779099427 0
      vertex 158.59232433584933 224.67983738762487 0
    endloop
  endfacet
  facet normal -0.8526401643541073 -0.5224985647159242 0
    outer loop
      vertex 158.4602143532144 224.998779099427 2.5
      vertex 158.2798373876249 225.29312755504344 0
      vertex 158.4602143532144 224.998779099427 0
    endloop
  endfacet
  facet normal -0.23344536385595532 -0.9723699203976646 0
    outer loop
      vertex 156.8441558230885 226.1729143493093 2.5
      vertex 156.8441558230885 226.1729143493093 0
      vertex 157.17983738762487 226.09232433584933 2.5
    endloop
  endfacet
  facet normal -0.3826834323650505 -0.9238795325113031 0
    outer loop
      vertex 157.17983738762487 226.09232433584933 2.5
      vertex 157.17983738762487 226.09232433584933 0
      vertex 157.498779099427 225.9602143532144 2.5
    endloop
  endfacet
  facet normal -0.5224985647159242 -0.8526401643541073 0
    outer loop
      vertex 157.498779099427 225.9602143532144 2.5
      vertex 157.498779099427 225.9602143532144 0
      vertex 157.79312755504344 225.7798373876249 2.5
    endloop
  endfacet
  facet normal -0.649448048330232 -0.7604059655999896 -1.0328791190944685e-18
    outer loop
      vertex 158.0556349186104 225.5556349186104 2.5
      vertex 157.79312755504344 225.7798373876249 2.5
      vertex 157.79312755504344 225.7798373876249 0
    endloop
  endfacet
  facet normal -0.8526401643541073 0.5224985647159242 -2.7072831305466834e-18
    outer loop
      vertex 158.2798373876249 222.70687244495656 2.5
      vertex 158.4602143532144 223.001220900573 2.5
      vertex 158.4602143532144 223.001220900573 0
    endloop
  endfacet
  facet normal -0.9238795325113031 0.3826834323650505 2.565372327823246e-18
    outer loop
      vertex 158.4602143532144 223.001220900573 2.5
      vertex 158.59232433584933 223.32016261237513 2.5
      vertex 158.59232433584933 223.32016261237513 0
    endloop
  endfacet
  facet normal -0.9723699203976646 0.23344536385595532 1.8054832788624786e-18
    outer loop
      vertex 158.59232433584933 223.32016261237513 2.5
      vertex 158.6729143493093 223.6558441769115 2.5
      vertex 158.6729143493093 223.6558441769115 0
    endloop
  endfacet
  facet normal -0.9969173337331318 0.07845909572779675 4.923013929234788e-19
    outer loop
      vertex 158.6729143493093 223.6558441769115 2.5
      vertex 158.7 224 2.5
      vertex 158.7 224 0
    endloop
  endfacet
  facet normal -0.9969173337331318 -0.07845909572779675 -4.923013929234788e-19
    outer loop
      vertex 158.7 224 2.5
      vertex 158.6729143493093 224.3441558230885 2.5
      vertex 158.6729143493093 224.3441558230885 0
    endloop
  endfacet
  facet normal -0.9723699203976646 -0.23344536385595532 0
    outer loop
      vertex 158.59232433584933 224.67983738762487 2.5
      vertex 158.59232433584933 224.67983738762487 0
      vertex 158.6729143493093 224.3441558230885 2.5
    endloop
  endfacet
  facet normal -0.7604059655999896 -0.649448048330232 0
    outer loop
      vertex 158.0556349186104 225.5556349186104 2.5
      vertex 158.0556349186104 225.5556349186104 0
      vertex 158.2798373876249 225.29312755504344 2.5
    endloop
  endfacet
  facet normal -0.8526401643541073 -0.5224985647159242 2.7072831305466834e-18
    outer loop
      vertex 158.4602143532144 224.998779099427 2.5
      vertex 158.2798373876249 225.29312755504344 2.5
      vertex 158.2798373876249 225.29312755504344 0
    endloop
  endfacet
  facet normal -0.9238795325113031 -0.3826834323650505 -2.565372327823246e-18
    outer loop
      vertex 158.59232433584933 224.67983738762487 2.5
      vertex 158.4602143532144 224.998779099427 2.5
      vertex 158.4602143532144 224.998779099427 0
    endloop
  endfacet
  facet normal 0.5224985647159243 0.8526401643541074 1.5099385754195695e-19
    outer loop
      vertex 155.20687244495656 222.2201626123751 6.5
      vertex 155.501220900573 222.0397856467856 51.324391776903994
      vertex 155.501220900573 222.0397856467856 6.5
    endloop
  endfacet
  facet normal 0.649448048330232 0.7604059655999896 -5.724920288352252e-20
    outer loop
      vertex 154.9443650813896 222.4443650813896 6.5
      vertex 155.20687244495656 222.2201626123751 51.60451967322291
      vertex 155.20687244495656 222.2201626123751 6.5
    endloop
  endfacet
  facet normal 0.7604059655999896 0.649448048330232 -5.671792444948764e-20
    outer loop
      vertex 154.7201626123751 222.70687244495656 6.5
      vertex 154.9443650813896 222.4443650813896 52.02701500979374
      vertex 154.9443650813896 222.4443650813896 6.5
    endloop
  endfacet
  facet normal 0.23344536385595532 0.9723699203976647 -1.0134121636558749e-19
    outer loop
      vertex 155.82016261237513 221.90767566415067 6.5
      vertex 156.1558441769115 221.8270856506907 51.03970811711038
      vertex 156.1558441769115 221.8270856506907 6.5
    endloop
  endfacet
  facet normal 0.3826834323650505 0.9238795325113031 -1.4364686533076412e-19
    outer loop
      vertex 155.501220900573 222.0397856467856 6.5
      vertex 155.82016261237513 221.90767566415067 51.14720343733517
      vertex 155.82016261237513 221.90767566415067 6.5
    endloop
  endfacet
  facet normal 0.07845909572779675 0.9969173337331317 -2.765738162491454e-20
    outer loop
      vertex 156.1558441769115 221.8270856506907 6.5
      vertex 156.5 221.8 51
      vertex 156.5 221.8 6.5
    endloop
  endfacet
  facet normal -0.07845909572779676 0.9969173337331317 2.7632724468526334e-20
    outer loop
      vertex 156.5 221.8 6.5
      vertex 156.8441558230885 221.8270856506907 51.03970811711038
      vertex 156.8441558230885 221.8270856506907 6.5
    endloop
  endfacet
  facet normal -0.23344536385595532 0.9723699203976647 1.0109722109451797e-19
    outer loop
      vertex 156.8441558230885 221.8270856506907 6.5
      vertex 157.17983738762487 221.90767566415067 51.14720343733517
      vertex 157.17983738762487 221.90767566415067 6.5
    endloop
  endfacet
  facet normal -0.3826834323650504 0.9238795325113031 1.4307903722327068e-19
    outer loop
      vertex 157.17983738762487 221.90767566415067 6.5
      vertex 157.498779099427 222.0397856467856 51.324391776903994
      vertex 157.498779099427 222.0397856467856 6.5
    endloop
  endfacet
  facet normal -0.5224985647159242 0.8526401643541073 -1.5005608917690733e-19
    outer loop
      vertex 157.498779099427 222.0397856467856 6.5
      vertex 157.79312755504344 222.2201626123751 51.60451967322291
      vertex 157.79312755504344 222.2201626123751 6.5
    endloop
  endfacet
  facet normal -0.649448048330232 0.7604059655999896 2.2481354638204866e-16
    outer loop
      vertex 157.79312755504344 222.2201626123751 6.5
      vertex 158.01471109112023 222.409412830755 51.92821615044277
      vertex 158.0556349186104 222.4443650813896 6.5
    endloop
  endfacet
  facet normal 0.649448048330232 -0.7604059655999896 2.248589881179818e-16
    outer loop
      vertex 154.9443650813896 225.5556349186104 6.5
      vertex 155.20687244495656 225.7798373876249 6.5
      vertex 154.98528890887977 225.590587169245 51.92821615044277
    endloop
  endfacet
  facet normal 0.5224985647159242 -0.8526401643541073 0
    outer loop
      vertex 155.20687244495656 225.7798373876249 6.5
      vertex 155.501220900573 225.9602143532144 6.5
      vertex 155.20687244495656 225.7798373876249 51.60451967322291
    endloop
  endfacet
  facet normal 0.3826834323650504 -0.9238795325113031 0
    outer loop
      vertex 155.501220900573 225.9602143532144 6.5
      vertex 155.82016261237513 226.09232433584933 6.5
      vertex 155.501220900573 225.9602143532144 51.324391776903994
    endloop
  endfacet
  facet normal 0.23344536385595532 -0.9723699203976647 0
    outer loop
      vertex 155.82016261237513 226.09232433584933 6.5
      vertex 156.1558441769115 226.1729143493093 6.5
      vertex 155.82016261237513 226.09232433584933 51.14720343733517
    endloop
  endfacet
  facet normal 0.07845909572779676 -0.9969173337331317 0
    outer loop
      vertex 156.1558441769115 226.1729143493093 6.5
      vertex 156.5 226.2 6.5
      vertex 156.1558441769115 226.1729143493093 51.03970811711038
    endloop
  endfacet
  facet normal -0.07845909572779675 -0.9969173337331317 0
    outer loop
      vertex 156.5 226.2 6.5
      vertex 156.8441558230885 226.1729143493093 6.5
      vertex 156.5 226.2 51
    endloop
  endfacet
  facet normal -0.23344536385595532 -0.9723699203976647 0
    outer loop
      vertex 156.8441558230885 226.1729143493093 6.5
      vertex 157.17983738762487 226.09232433584933 6.5
      vertex 156.8441558230885 226.1729143493093 51.03970811711038
    endloop
  endfacet
  facet normal -0.3826834323650505 -0.9238795325113031 0
    outer loop
      vertex 157.17983738762487 226.09232433584933 6.5
      vertex 157.498779099427 225.9602143532144 6.5
      vertex 157.17983738762487 226.09232433584933 51.14720343733517
    endloop
  endfacet
  facet normal -0.5224985647159243 -0.8526401643541074 0
    outer loop
      vertex 157.498779099427 225.9602143532144 6.5
      vertex 157.79312755504344 225.7798373876249 6.5
      vertex 157.498779099427 225.9602143532144 51.324391776903994
    endloop
  endfacet
  facet normal -0.649448048330232 -0.7604059655999896 -5.724920288352252e-20
    outer loop
      vertex 158.0556349186104 225.5556349186104 6.5
      vertex 157.79312755504344 225.7798373876249 51.60451967322291
      vertex 157.79312755504344 225.7798373876249 6.5
    endloop
  endfacet
  facet normal -0.7604059655999896 -0.649448048330232 0
    outer loop
      vertex 158.0556349186104 225.5556349186104 6.5
      vertex 158.2798373876249 225.29312755504344 6.5
      vertex 158.0556349186104 225.5556349186104 52.02701500979374
    endloop
  endfacet
  facet normal -0.7604059655999895 0.649448048330232 4.6778945611162515e-20
    outer loop
      vertex 158.0556349186104 222.4443650813896 6.5
      vertex 158.2798373876249 222.70687244495656 61.7
      vertex 158.2798373876249 222.70687244495656 6.5
    endloop
  endfacet
  facet normal -0.8526401643541074 0.5224985647159243 0
    outer loop
      vertex 158.2798373876249 222.70687244495656 6.5
      vertex 158.2798373876249 222.70687244495656 61.7
      vertex 158.4602143532144 223.001220900573 6.5
    endloop
  endfacet
  facet normal 0.923879532511303 0.3826834323650505 -1.161853409340238e-19
    outer loop
      vertex 154.5397856467856 223.001220900573 6.5
      vertex 154.40767566415067 223.32016261237513 6.5
      vertex 154.40767566415067 223.32016261237513 61.7
    endloop
  endfacet
  facet normal 0.9723699203976645 0.23344536385595524 0
    outer loop
      vertex 154.3270856506907 223.6558441769115 6.5
      vertex 154.3270856506907 223.6558441769115 61.7
      vertex 154.40767566415067 223.32016261237513 6.5
    endloop
  endfacet
  facet normal 0.8526401643541074 0.5224985647159243 1.2261246062258532e-19
    outer loop
      vertex 154.7201626123751 222.70687244495656 6.5
      vertex 154.5397856467856 223.001220900573 6.5
      vertex 154.5397856467856 223.001220900573 61.7
    endloop
  endfacet
  facet normal 0.9969173337331317 0.07845909572779675 -2.2296258737476393e-20
    outer loop
      vertex 154.3270856506907 223.6558441769115 6.5
      vertex 154.3 224 6.5
      vertex 154.3 224 61.7
    endloop
  endfacet
  facet normal 0.9969173337331317 -0.07845909572779675 2.2296258737476393e-20
    outer loop
      vertex 154.3 224 6.5
      vertex 154.3270856506907 224.3441558230885 6.5
      vertex 154.3270856506907 224.3441558230885 61.7
    endloop
  endfacet
  facet normal 0.9723699203976645 -0.23344536385595524 8.177007603543832e-20
    outer loop
      vertex 154.3270856506907 224.3441558230885 6.5
      vertex 154.40767566415067 224.67983738762487 6.5
      vertex 154.40767566415067 224.67983738762487 61.7
    endloop
  endfacet
  facet normal 0.923879532511303 -0.3826834323650505 1.161853409340238e-19
    outer loop
      vertex 154.40767566415067 224.67983738762487 6.5
      vertex 154.5397856467856 224.998779099427 6.5
      vertex 154.5397856467856 224.998779099427 61.7
    endloop
  endfacet
  facet normal 0.8526401643541074 -0.5224985647159243 -1.2261246062258532e-19
    outer loop
      vertex 154.5397856467856 224.998779099427 6.5
      vertex 154.7201626123751 225.29312755504344 6.5
      vertex 154.7201626123751 225.29312755504344 61.7
    endloop
  endfacet
  facet normal 0.7604059655999895 -0.649448048330232 0
    outer loop
      vertex 154.7201626123751 225.29312755504344 6.5
      vertex 154.9443650813896 225.5556349186104 6.5
      vertex 154.7201626123751 225.29312755504344 61.7
    endloop
  endfacet
  facet normal -0.923879532511303 0.3826834323650505 0
    outer loop
      vertex 158.4602143532144 223.001220900573 6.5
      vertex 158.4602143532144 223.001220900573 61.7
      vertex 158.59232433584933 223.32016261237513 6.5
    endloop
  endfacet
  facet normal -0.9723699203976645 0.23344536385595524 0
    outer loop
      vertex 158.59232433584933 223.32016261237513 6.5
      vertex 158.59232433584933 223.32016261237513 61.7
      vertex 158.6729143493093 223.6558441769115 6.5
    endloop
  endfacet
  facet normal -0.9969173337331317 0.07845909572779675 0
    outer loop
      vertex 158.6729143493093 223.6558441769115 6.5
      vertex 158.6729143493093 223.6558441769115 61.7
      vertex 158.7 224 6.5
    endloop
  endfacet
  facet normal -0.9969173337331317 -0.07845909572779675 0
    outer loop
      vertex 158.7 224 6.5
      vertex 158.7 224 61.7
      vertex 158.6729143493093 224.3441558230885 6.5
    endloop
  endfacet
  facet normal -0.9723699203976645 -0.23344536385595524 -8.177007603543832e-20
    outer loop
      vertex 158.59232433584933 224.67983738762487 6.5
      vertex 158.6729143493093 224.3441558230885 6.5
      vertex 158.6729143493093 224.3441558230885 61.7
    endloop
  endfacet
  facet normal -0.923879532511303 -0.3826834323650505 0
    outer loop
      vertex 158.59232433584933 224.67983738762487 6.5
      vertex 158.59232433584933 224.67983738762487 61.7
      vertex 158.4602143532144 224.998779099427 6.5
    endloop
  endfacet
  facet normal -0.8526401643541074 -0.5224985647159243 0
    outer loop
      vertex 158.4602143532144 224.998779099427 6.5
      vertex 158.4602143532144 224.998779099427 61.7
      vertex 158.2798373876249 225.29312755504344 6.5
    endloop
  endfacet
  facet normal 0.5224985647211284 0.8526401643509183 -4.6871997651802495e-14
    outer loop
      vertex 155.20687244495656 222.2201626123751 6.5
      vertex 155.5007650711028 222.0400649794442 51.324671109562594
      vertex 155.501220900573 222.0397856467856 51.324391776903994
    endloop
  endfacet
  facet normal 0.6494480483302567 0.7604059655999685 -2.4709863590511633e-16
    outer loop
      vertex 154.9443650813896 222.4443650813896 6.5
      vertex 155.1246711095626 222.2903691852544 51.7007650711028
      vertex 155.20687244495656 222.2201626123751 51.60451967322291
    endloop
  endfacet
  facet normal 0.5224985647158716 0.8526401643541397 4.007033271705825e-16
    outer loop
      vertex 155.20687244495656 222.2201626123751 6.5
      vertex 155.29791847198288 222.16436953525636 51.49791847198287
      vertex 155.5007650711028 222.0400649794442 51.324671109562594
    endloop
  endfacet
  facet normal 0.5224985647160156 0.8526401643540513 0
    outer loop
      vertex 155.20687244495656 222.2201626123751 6.5
      vertex 155.20687244495656 222.2201626123751 51.60451967322291
      vertex 155.29791847198288 222.16436953525636 51.49791847198287
    endloop
  endfacet
  facet normal 0.2334453638560263 0.9723699203976475 -5.659953690926425e-16
    outer loop
      vertex 155.82016261237513 221.90767566415067 6.5
      vertex 155.9746711095626 221.87058145587858 51.08320392229824
      vertex 156.1558441769115 221.8270856506907 51.03970811711038
    endloop
  endfacet
  facet normal 0.23344536385587192 0.9723699203976847 0
    outer loop
      vertex 155.82016261237513 221.90767566415067 6.5
      vertex 155.82016261237513 221.90767566415067 51.14720343733517
      vertex 155.9746711095626 221.87058145587858 51.08320392229824
    endloop
  endfacet
  facet normal 0.3826834323650441 0.9238795325113057 0
    outer loop
      vertex 155.501220900573 222.0397856467856 6.5
      vertex 155.501220900573 222.0397856467856 51.324391776903994
      vertex 155.72821615044276 221.94576113569528 51.18528890887978
    endloop
  endfacet
  facet normal 0.38268343236506625 0.9238795325112965 -1.3208731672198833e-16
    outer loop
      vertex 155.501220900573 222.0397856467856 6.5
      vertex 155.72821615044276 221.94576113569528 51.18528890887978
      vertex 155.82016261237513 221.90767566415067 51.14720343733517
    endloop
  endfacet
  facet normal 0.0784590957279216 0.996917333733122 0
    outer loop
      vertex 156.1558441769115 221.8270856506907 6.5
      vertex 156.1558441769115 221.8270856506907 51.03970811711038
      vertex 156.2340614094316 221.82092982098825 51.02092982098827
    endloop
  endfacet
  facet normal 0.07845909572776005 0.9969173337331346 2.8558539574940254e-16
    outer loop
      vertex 156.1558441769115 221.8270856506907 6.5
      vertex 156.2340614094316 221.82092982098825 51.02092982098827
      vertex 156.5 221.8 51
    endloop
  endfacet
  facet normal -0.07845909572776003 0.9969173337331347 0
    outer loop
      vertex 156.5 221.8 6.5
      vertex 156.5 221.8 51
      vertex 156.7659385905684 221.82092982098825 51.02092982098827
    endloop
  endfacet
  facet normal -0.07845909572792184 0.9969173337331219 9.725167421120316e-16
    outer loop
      vertex 156.5 221.8 6.5
      vertex 156.7659385905684 221.82092982098825 51.02092982098827
      vertex 156.8441558230885 221.8270856506907 51.03970811711038
    endloop
  endfacet
  facet normal -0.23344536385602646 0.9723699203976477 0
    outer loop
      vertex 156.8441558230885 221.8270856506907 6.5
      vertex 156.8441558230885 221.8270856506907 51.03970811711038
      vertex 157.0253288904374 221.87058145587858 51.08320392229824
    endloop
  endfacet
  facet normal -0.23344536385587167 0.9723699203976848 -6.653700796701678e-16
    outer loop
      vertex 156.8441558230885 221.8270856506907 6.5
      vertex 157.0253288904374 221.87058145587858 51.08320392229824
      vertex 157.17983738762487 221.90767566415067 51.14720343733517
    endloop
  endfacet
  facet normal -0.38268343236506625 0.9238795325112965 0
    outer loop
      vertex 157.17983738762487 221.90767566415067 6.5
      vertex 157.17983738762487 221.90767566415067 51.14720343733517
      vertex 157.27178384955724 221.94576113569528 51.18528890887978
    endloop
  endfacet
  facet normal -0.382683432365044 0.9238795325113057 -5.3639709016815116e-17
    outer loop
      vertex 157.17983738762487 221.90767566415067 6.5
      vertex 157.27178384955724 221.94576113569528 51.18528890887978
      vertex 157.498779099427 222.0397856467856 51.324391776903994
    endloop
  endfacet
  facet normal -0.522498564721147 0.8526401643509068 0
    outer loop
      vertex 157.498779099427 222.0397856467856 6.5
      vertex 157.498779099427 222.0397856467856 51.324391776903994
      vertex 157.4992349288972 222.0400649794442 51.324671109562594
    endloop
  endfacet
  facet normal -0.5224985647158713 0.8526401643541397 -7.379492324032653e-17
    outer loop
      vertex 157.498779099427 222.0397856467856 6.5
      vertex 157.4992349288972 222.0400649794442 51.324671109562594
      vertex 157.70208152801712 222.16436953525636 51.49791847198287
    endloop
  endfacet
  facet normal -0.5224985647160161 0.852640164354051 8.269939044471528e-16
    outer loop
      vertex 157.498779099427 222.0397856467856 6.5
      vertex 157.70208152801712 222.16436953525636 51.49791847198287
      vertex 157.79312755504344 222.2201626123751 51.60451967322291
    endloop
  endfacet
  facet normal -0.6494480483302568 0.7604059655999685 0
    outer loop
      vertex 157.79312755504344 222.2201626123751 6.5
      vertex 157.79312755504344 222.2201626123751 51.60451967322291
      vertex 157.8753288904374 222.2903691852544 51.7007650711028
    endloop
  endfacet
  facet normal 0.7604059655999571 0.64944804833027 3.7990509243094607e-16
    outer loop
      vertex 154.7201626123751 222.70687244495656 6.5
      vertex 154.88320392229824 222.51597559797466 52.174671109562595
      vertex 154.9443650813896 222.4443650813896 52.02701500979374
    endloop
  endfacet
  facet normal 0.7604059656000163 0.6494480483302006 -1.2096172408537002e-16
    outer loop
      vertex 154.7201626123751 222.70687244495656 6.5
      vertex 154.82092982098825 222.5888892024735 52.434061409431614
      vertex 154.88320392229824 222.51597559797466 52.174671109562595
    endloop
  endfacet
  facet normal 0.6494480483301753 0.7604059656000381 3.131494241610496e-16
    outer loop
      vertex 154.9443650813896 222.4443650813896 6.5
      vertex 154.98528890887977 222.409412830755 51.92821615044277
      vertex 155.1246711095626 222.2903691852544 51.7007650711028
    endloop
  endfacet
  facet normal 0.6494480483303763 0.7604059655998663 0
    outer loop
      vertex 154.9443650813896 222.4443650813896 6.5
      vertex 154.9443650813896 222.4443650813896 52.02701500979374
      vertex 154.98528890887977 222.409412830755 51.92821615044277
    endloop
  endfacet
  facet normal 0.7604059656001587 0.6494480483300341 -8.616572833353639e-16
    outer loop
      vertex 154.7201626123751 222.70687244495656 6.5
      vertex 154.8 222.6133948742964 52.7
      vertex 154.82092982098825 222.5888892024735 52.434061409431614
    endloop
  endfacet
  facet normal -0.6494480483301749 0.7604059656000385 -2.576056542311471e-16
    outer loop
      vertex 157.79312755504344 222.2201626123751 6.5
      vertex 157.8753288904374 222.2903691852544 51.7007650711028
      vertex 158.01471109112023 222.409412830755 51.92821615044277
    endloop
  endfacet
  facet normal -0.6494480483303763 0.7604059655998663 0
    outer loop
      vertex 158.0556349186104 222.4443650813896 6.5
      vertex 158.01471109112023 222.409412830755 51.92821615044277
      vertex 158.0556349186104 222.4443650813896 52.02701500979374
    endloop
  endfacet
  facet normal -0.7604059655999568 0.6494480483302706 0
    outer loop
      vertex 158.0556349186104 222.4443650813896 6.5
      vertex 158.0556349186104 222.4443650813896 52.02701500979374
      vertex 158.11679607770176 222.51597559797466 52.174671109562595
    endloop
  endfacet
  facet normal -0.7604059656000168 0.6494480483302003 1.907731998169591e-16
    outer loop
      vertex 158.0556349186104 222.4443650813896 6.5
      vertex 158.11679607770176 222.51597559797466 52.174671109562595
      vertex 158.17907017901175 222.5888892024735 52.434061409431614
    endloop
  endfacet
  facet normal -0.7604059656001697 0.6494480483300213 1.1640261907960802e-15
    outer loop
      vertex 158.0556349186104 222.4443650813896 6.5
      vertex 158.17907017901175 222.5888892024735 52.434061409431614
      vertex 158.2 222.6133948742964 52.7
    endloop
  endfacet
  facet normal 0.522498564721147 -0.8526401643509068 0
    outer loop
      vertex 155.501220900573 225.9602143532144 6.5
      vertex 155.501220900573 225.9602143532144 51.324391776903994
      vertex 155.5007650711028 225.9599350205558 51.324671109562594
    endloop
  endfacet
  facet normal 0.6494480483302568 -0.7604059655999685 0
    outer loop
      vertex 155.20687244495656 225.7798373876249 6.5
      vertex 155.20687244495656 225.7798373876249 51.60451967322291
      vertex 155.1246711095626 225.7096308147456 51.7007650711028
    endloop
  endfacet
  facet normal 0.5224985647158713 -0.8526401643541397 -7.379492324032653e-17
    outer loop
      vertex 155.501220900573 225.9602143532144 6.5
      vertex 155.5007650711028 225.9599350205558 51.324671109562594
      vertex 155.29791847198288 225.83563046474364 51.49791847198287
    endloop
  endfacet
  facet normal 0.5224985647160161 -0.852640164354051 8.269939044471528e-16
    outer loop
      vertex 155.501220900573 225.9602143532144 6.5
      vertex 155.29791847198288 225.83563046474364 51.49791847198287
      vertex 155.20687244495656 225.7798373876249 51.60451967322291
    endloop
  endfacet
  facet normal 0.38268343236506625 -0.9238795325112965 0
    outer loop
      vertex 155.82016261237513 226.09232433584933 6.5
      vertex 155.82016261237513 226.09232433584933 51.14720343733517
      vertex 155.72821615044276 226.05423886430472 51.18528890887978
    endloop
  endfacet
  facet normal 0.382683432365044 -0.9238795325113057 -5.3639709016815116e-17
    outer loop
      vertex 155.82016261237513 226.09232433584933 6.5
      vertex 155.72821615044276 226.05423886430472 51.18528890887978
      vertex 155.501220900573 225.9602143532144 51.324391776903994
    endloop
  endfacet
  facet normal 0.23344536385587167 -0.9723699203976848 -6.653700796701678e-16
    outer loop
      vertex 156.1558441769115 226.1729143493093 6.5
      vertex 155.9746711095626 226.12941854412142 51.08320392229824
      vertex 155.82016261237513 226.09232433584933 51.14720343733517
    endloop
  endfacet
  facet normal 0.23344536385602646 -0.9723699203976477 0
    outer loop
      vertex 156.1558441769115 226.1729143493093 6.5
      vertex 156.1558441769115 226.1729143493093 51.03970811711038
      vertex 155.9746711095626 226.12941854412142 51.08320392229824
    endloop
  endfacet
  facet normal 0.07845909572792184 -0.9969173337331219 9.725167421120316e-16
    outer loop
      vertex 156.5 226.2 6.5
      vertex 156.2340614094316 226.17907017901175 51.02092982098827
      vertex 156.1558441769115 226.1729143493093 51.03970811711038
    endloop
  endfacet
  facet normal 0.07845909572776003 -0.9969173337331347 0
    outer loop
      vertex 156.5 226.2 6.5
      vertex 156.5 226.2 51
      vertex 156.2340614094316 226.17907017901175 51.02092982098827
    endloop
  endfacet
  facet normal -0.07845909572776005 -0.9969173337331346 2.8558539574940254e-16
    outer loop
      vertex 156.8441558230885 226.1729143493093 6.5
      vertex 156.7659385905684 226.17907017901175 51.02092982098827
      vertex 156.5 226.2 51
    endloop
  endfacet
  facet normal -0.0784590957279216 -0.996917333733122 0
    outer loop
      vertex 156.8441558230885 226.1729143493093 6.5
      vertex 156.8441558230885 226.1729143493093 51.03970811711038
      vertex 156.7659385905684 226.17907017901175 51.02092982098827
    endloop
  endfacet
  facet normal -0.2334453638560263 -0.9723699203976475 -5.659953690926425e-16
    outer loop
      vertex 157.17983738762487 226.09232433584933 6.5
      vertex 157.0253288904374 226.12941854412142 51.08320392229824
      vertex 156.8441558230885 226.1729143493093 51.03970811711038
    endloop
  endfacet
  facet normal -0.23344536385587192 -0.9723699203976847 0
    outer loop
      vertex 157.17983738762487 226.09232433584933 6.5
      vertex 157.17983738762487 226.09232433584933 51.14720343733517
      vertex 157.0253288904374 226.12941854412142 51.08320392229824
    endloop
  endfacet
  facet normal -0.38268343236506625 -0.9238795325112965 -1.3208731672198833e-16
    outer loop
      vertex 157.498779099427 225.9602143532144 6.5
      vertex 157.27178384955724 226.05423886430472 51.18528890887978
      vertex 157.17983738762487 226.09232433584933 51.14720343733517
    endloop
  endfacet
  facet normal -0.3826834323650441 -0.9238795325113057 0
    outer loop
      vertex 157.498779099427 225.9602143532144 6.5
      vertex 157.498779099427 225.9602143532144 51.324391776903994
      vertex 157.27178384955724 226.05423886430472 51.18528890887978
    endloop
  endfacet
  facet normal -0.5224985647211284 -0.8526401643509183 -4.6871997651802495e-14
    outer loop
      vertex 157.79312755504344 225.7798373876249 6.5
      vertex 157.4992349288972 225.9599350205558 51.324671109562594
      vertex 157.498779099427 225.9602143532144 51.324391776903994
    endloop
  endfacet
  facet normal -0.5224985647158716 -0.8526401643541397 4.007033271705825e-16
    outer loop
      vertex 157.79312755504344 225.7798373876249 6.5
      vertex 157.70208152801712 225.83563046474364 51.49791847198287
      vertex 157.4992349288972 225.9599350205558 51.324671109562594
    endloop
  endfacet
  facet normal -0.6494480483302567 -0.7604059655999685 -2.4709863590511633e-16
    outer loop
      vertex 158.0556349186104 225.5556349186104 6.5
      vertex 157.8753288904374 225.7096308147456 51.7007650711028
      vertex 157.79312755504344 225.7798373876249 51.60451967322291
    endloop
  endfacet
  facet normal -0.5224985647160156 -0.8526401643540513 0
    outer loop
      vertex 157.79312755504344 225.7798373876249 6.5
      vertex 157.79312755504344 225.7798373876249 51.60451967322291
      vertex 157.70208152801712 225.83563046474364 51.49791847198287
    endloop
  endfacet
  facet normal 0.7604059656000168 -0.6494480483302003 1.907731998169591e-16
    outer loop
      vertex 154.9443650813896 225.5556349186104 6.5
      vertex 154.88320392229824 225.48402440202534 52.174671109562595
      vertex 154.82092982098825 225.4111107975265 52.434061409431614
    endloop
  endfacet
  facet normal 0.6494480483301749 -0.7604059656000385 -2.576056542311471e-16
    outer loop
      vertex 155.20687244495656 225.7798373876249 6.5
      vertex 155.1246711095626 225.7096308147456 51.7007650711028
      vertex 154.98528890887977 225.590587169245 51.92821615044277
    endloop
  endfacet
  facet normal 0.6494480483303763 -0.7604059655998663 0
    outer loop
      vertex 154.9443650813896 225.5556349186104 6.5
      vertex 154.98528890887977 225.590587169245 51.92821615044277
      vertex 154.9443650813896 225.5556349186104 52.02701500979374
    endloop
  endfacet
  facet normal 0.7604059655999568 -0.6494480483302706 0
    outer loop
      vertex 154.9443650813896 225.5556349186104 6.5
      vertex 154.9443650813896 225.5556349186104 52.02701500979374
      vertex 154.88320392229824 225.48402440202534 52.174671109562595
    endloop
  endfacet
  facet normal 0.7604059656001697 -0.6494480483300213 1.1640261907960802e-15
    outer loop
      vertex 154.9443650813896 225.5556349186104 6.5
      vertex 154.82092982098825 225.4111107975265 52.434061409431614
      vertex 154.8 225.3866051257036 52.7
    endloop
  endfacet
  facet normal -0.6494480483301753 -0.7604059656000381 3.131494241610496e-16
    outer loop
      vertex 158.0556349186104 225.5556349186104 6.5
      vertex 158.01471109112023 225.590587169245 51.92821615044277
      vertex 157.8753288904374 225.7096308147456 51.7007650711028
    endloop
  endfacet
  facet normal -0.6494480483303763 -0.7604059655998663 0
    outer loop
      vertex 158.0556349186104 225.5556349186104 6.5
      vertex 158.0556349186104 225.5556349186104 52.02701500979374
      vertex 158.01471109112023 225.590587169245 51.92821615044277
    endloop
  endfacet
  facet normal -0.7604059655999571 -0.64944804833027 3.7990509243094607e-16
    outer loop
      vertex 158.2798373876249 225.29312755504344 6.5
      vertex 158.11679607770176 225.48402440202534 52.174671109562595
      vertex 158.0556349186104 225.5556349186104 52.02701500979374
    endloop
  endfacet
  facet normal -0.7604059656000163 -0.6494480483302006 -1.2096172408537002e-16
    outer loop
      vertex 158.2798373876249 225.29312755504344 6.5
      vertex 158.17907017901175 225.4111107975265 52.434061409431614
      vertex 158.11679607770176 225.48402440202534 52.174671109562595
    endloop
  endfacet
  facet normal -0.7604059656001587 -0.6494480483300341 -8.616572833353639e-16
    outer loop
      vertex 158.2798373876249 225.29312755504344 6.5
      vertex 158.2 225.3866051257036 52.7
      vertex 158.17907017901175 225.4111107975265 52.434061409431614
    endloop
  endfacet
  facet normal 0.7604059655999484 0.6494480483302802 0
    outer loop
      vertex 154.7201626123751 222.70687244495656 6.5
      vertex 154.7201626123751 222.70687244495656 61.7
      vertex 154.8 222.6133948742964 52.7
    endloop
  endfacet
  facet normal -0.7604059655999136 0.6494480483303211 -7.320649326987279e-16
    outer loop
      vertex 158.0556349186104 222.4443650813896 6.5
      vertex 158.2 222.6133948742964 52.7
      vertex 158.2798373876249 222.70687244495656 61.7
    endloop
  endfacet
  facet normal 0.7604059655999136 -0.6494480483303211 -7.320649326987279e-16
    outer loop
      vertex 154.9443650813896 225.5556349186104 6.5
      vertex 154.8 225.3866051257036 52.7
      vertex 154.7201626123751 225.29312755504344 61.7
    endloop
  endfacet
  facet normal -0.7604059655999484 -0.6494480483302802 0
    outer loop
      vertex 158.2798373876249 225.29312755504344 6.5
      vertex 158.2798373876249 225.29312755504344 61.7
      vertex 158.2 225.3866051257036 52.7
    endloop
  endfacet
  facet normal 0.8526401643541074 0.5224985647159243 0
    outer loop
      vertex 154.7201626123751 222.70687244495656 6.5
      vertex 154.5397856467856 223.001220900573 61.7
      vertex 154.7201626123751 222.70687244495656 61.7
    endloop
  endfacet
  facet normal 0.923879532511303 0.3826834323650505 0
    outer loop
      vertex 154.5397856467856 223.001220900573 6.5
      vertex 154.40767566415067 223.32016261237513 61.7
      vertex 154.5397856467856 223.001220900573 61.7
    endloop
  endfacet
  facet normal 0.9723699203976645 0.23344536385595524 0
    outer loop
      vertex 154.40767566415067 223.32016261237513 6.5
      vertex 154.3270856506907 223.6558441769115 61.7
      vertex 154.40767566415067 223.32016261237513 61.7
    endloop
  endfacet
  facet normal 0.9969173337331317 0.07845909572779675 0
    outer loop
      vertex 154.3270856506907 223.6558441769115 6.5
      vertex 154.3 224 61.7
      vertex 154.3270856506907 223.6558441769115 61.7
    endloop
  endfacet
  facet normal 0.9969173337331317 -0.07845909572779675 0
    outer loop
      vertex 154.3 224 6.5
      vertex 154.3270856506907 224.3441558230885 61.7
      vertex 154.3 224 61.7
    endloop
  endfacet
  facet normal 0.9723699203976645 -0.23344536385595524 0
    outer loop
      vertex 154.3270856506907 224.3441558230885 6.5
      vertex 154.40767566415067 224.67983738762487 61.7
      vertex 154.3270856506907 224.3441558230885 61.7
    endloop
  endfacet
  facet normal 0.923879532511303 -0.3826834323650505 0
    outer loop
      vertex 154.40767566415067 224.67983738762487 6.5
      vertex 154.5397856467856 224.998779099427 61.7
      vertex 154.40767566415067 224.67983738762487 61.7
    endloop
  endfacet
  facet normal 0.8526401643541074 -0.5224985647159243 0
    outer loop
      vertex 154.5397856467856 224.998779099427 6.5
      vertex 154.7201626123751 225.29312755504344 61.7
      vertex 154.5397856467856 224.998779099427 61.7
    endloop
  endfacet
  facet normal -0.8526401643541074 0.5224985647159243 0
    outer loop
      vertex 158.4602143532144 223.001220900573 6.5
      vertex 158.2798373876249 222.70687244495656 61.7
      vertex 158.4602143532144 223.001220900573 61.7
    endloop
  endfacet
  facet normal -0.923879532511303 0.3826834323650505 0
    outer loop
      vertex 158.59232433584933 223.32016261237513 6.5
      vertex 158.4602143532144 223.001220900573 61.7
      vertex 158.59232433584933 223.32016261237513 61.7
    endloop
  endfacet
  facet normal -0.9723699203976645 0.23344536385595524 0
    outer loop
      vertex 158.6729143493093 223.6558441769115 6.5
      vertex 158.59232433584933 223.32016261237513 61.7
      vertex 158.6729143493093 223.6558441769115 61.7
    endloop
  endfacet
  facet normal -0.9969173337331317 0.07845909572779675 0
    outer loop
      vertex 158.7 224 6.5
      vertex 158.6729143493093 223.6558441769115 61.7
      vertex 158.7 224 61.7
    endloop
  endfacet
  facet normal -0.9969173337331317 -0.07845909572779675 0
    outer loop
      vertex 158.6729143493093 224.3441558230885 6.5
      vertex 158.7 224 61.7
      vertex 158.6729143493093 224.3441558230885 61.7
    endloop
  endfacet
  facet normal -0.9723699203976645 -0.23344536385595524 0
    outer loop
      vertex 158.59232433584933 224.67983738762487 6.5
      vertex 158.6729143493093 224.3441558230885 61.7
      vertex 158.59232433584933 224.67983738762487 61.7
    endloop
  endfacet
  facet normal -0.8526401643541074 -0.5224985647159243 0
    outer loop
      vertex 158.2798373876249 225.29312755504344 6.5
      vertex 158.4602143532144 224.998779099427 61.7
      vertex 158.2798373876249 225.29312755504344 61.7
    endloop
  endfacet
  facet normal -0.923879532511303 -0.3826834323650505 0
    outer loop
      vertex 158.4602143532144 224.998779099427 6.5
      vertex 158.59232433584933 224.67983738762487 61.7
      vertex 158.4602143532144 224.998779099427 61.7
    endloop
  endfacet
  facet normal 0.7604059656001414 0.6494480483300541 4.061647326732942e-15
    outer loop
      vertex 154.8 222.6133948742964 52.7
      vertex 154.7201626123751 222.70687244495656 61.7
      vertex 154.82092982098825 222.5888892024735 52.96593859056839
    endloop
  endfacet
  facet normal -0.7604059656001414 0.6494480483300541 4.061449000204445e-15
    outer loop
      vertex 158.17907017901175 222.5888892024735 52.96593859056839
      vertex 158.2798373876249 222.70687244495656 61.7
      vertex 158.2 222.6133948742964 52.7
    endloop
  endfacet
  facet normal 0.7604059656000154 0.6494480483302019 6.114994494734551e-16
    outer loop
      vertex 154.82092982098825 222.5888892024735 52.96593859056839
      vertex 154.7201626123751 222.70687244495656 61.7
      vertex 154.88320392229824 222.51597559797466 53.22532889043741
    endloop
  endfacet
  facet normal 0.7604059655999588 0.6494480483302681 -1.9715346955445947e-15
    outer loop
      vertex 154.88320392229824 222.51597559797466 53.22532889043741
      vertex 154.7201626123751 222.70687244495656 61.7
      vertex 154.9443650813896 222.4443650813896 53.37298499020626
    endloop
  endfacet
  facet normal 0.6494480483303764 0.7604059655998664 5.678657927906651e-20
    outer loop
      vertex 154.98528890887977 222.409412830755 53.471783849557234
      vertex 154.9443650813896 222.4443650813896 53.37298499020626
      vertex 154.9443650813896 222.4443650813896 61.7
    endloop
  endfacet
  facet normal 0.6494480483301766 0.7604059656000368 -1.717349531977422e-15
    outer loop
      vertex 154.98528890887977 222.409412830755 53.471783849557234
      vertex 154.9443650813896 222.4443650813896 61.7
      vertex 155.1246711095626 222.2903691852544 53.699234928897205
    endloop
  endfacet
  facet normal 0.6494480483302558 0.7604059655999692 1.3667490579220685e-15
    outer loop
      vertex 155.1246711095626 222.2903691852544 53.699234928897205
      vertex 154.9443650813896 222.4443650813896 61.7
      vertex 155.20687244495656 222.2201626123751 53.795480326777096
    endloop
  endfacet
  facet normal 0.5224985647160156 0.8526401643540513 0
    outer loop
      vertex 155.20687244495656 222.2201626123751 53.795480326777096
      vertex 155.20687244495656 222.2201626123751 61.7
      vertex 155.29791847198288 222.16436953525636 53.902081528017135
    endloop
  endfacet
  facet normal 0.5224985647158729 0.8526401643541388 -2.2922470010729513e-15
    outer loop
      vertex 155.29791847198288 222.16436953525636 53.902081528017135
      vertex 155.20687244495656 222.2201626123751 61.7
      vertex 155.5007650711028 222.0400649794442 54.07532889043741
    endloop
  endfacet
  facet normal 0.5224985647210263 0.8526401643509809 2.7094172974676877e-13
    outer loop
      vertex 155.5007650711028 222.0400649794442 54.07532889043741
      vertex 155.20687244495656 222.2201626123751 61.7
      vertex 155.501220900573 222.0397856467856 54.07560822309601
    endloop
  endfacet
  facet normal 0.23344536385587186 0.9723699203976846 0
    outer loop
      vertex 155.82016261237513 221.90767566415067 54.252796562664834
      vertex 155.82016261237513 221.90767566415067 61.7
      vertex 155.9746711095626 221.87058145587858 54.31679607770177
    endloop
  endfacet
  facet normal 0.23344536385602568 0.9723699203976478 3.403355893965407e-15
    outer loop
      vertex 155.9746711095626 221.87058145587858 54.31679607770177
      vertex 155.82016261237513 221.90767566415067 61.7
      vertex 156.1558441769115 221.8270856506907 54.360291882889626
    endloop
  endfacet
  facet normal 0.3826834323650441 0.9238795325113057 0
    outer loop
      vertex 155.501220900573 222.0397856467856 54.07560822309601
      vertex 155.501220900573 222.0397856467856 61.7
      vertex 155.72821615044276 221.94576113569528 54.21471109112023
    endloop
  endfacet
  facet normal 0.3826834323650661 0.9238795325112967 7.779091990449471e-16
    outer loop
      vertex 155.72821615044276 221.94576113569528 54.21471109112023
      vertex 155.501220900573 222.0397856467856 61.7
      vertex 155.82016261237513 221.90767566415067 54.252796562664834
    endloop
  endfacet
  facet normal 0.0784590957279216 0.9969173337331221 0
    outer loop
      vertex 156.1558441769115 221.8270856506907 54.360291882889626
      vertex 156.1558441769115 221.8270856506907 61.7
      vertex 156.2340614094316 221.82092982098825 54.379070179011734
    endloop
  endfacet
  facet normal 0.07845909572776015 0.9969173337331345 -1.7355458983576923e-15
    outer loop
      vertex 156.2340614094316 221.82092982098825 54.379070179011734
      vertex 156.1558441769115 221.8270856506907 61.7
      vertex 156.5 221.8 54.400000000000006
    endloop
  endfacet
  facet normal -0.07845909572776001 0.9969173337331346 0
    outer loop
      vertex 156.5 221.8 54.400000000000006
      vertex 156.5 221.8 61.7
      vertex 156.7659385905684 221.82092982098825 54.379070179011734
    endloop
  endfacet
  facet normal -0.6494480483301738 0.7604059656000395 1.475119010513094e-15
    outer loop
      vertex 158.01471109112023 222.409412830755 53.471783849557234
      vertex 157.8753288904374 222.2903691852544 53.699234928897205
      vertex 157.79312755504344 222.2201626123751 61.7
    endloop
  endfacet
  facet normal -0.6494480483303763 0.7604059655998664 -5.678657927906651e-20
    outer loop
      vertex 158.01471109112023 222.409412830755 53.471783849557234
      vertex 158.0556349186104 222.4443650813896 61.7
      vertex 158.0556349186104 222.4443650813896 53.37298499020626
    endloop
  endfacet
  facet normal -0.0784590957279216 0.9969173337331221 0
    outer loop
      vertex 156.8441558230885 221.8270856506907 54.360291882889626
      vertex 156.7659385905684 221.82092982098825 54.379070179011734
      vertex 156.8441558230885 221.8270856506907 61.7
    endloop
  endfacet
  facet normal -0.23344536385602646 0.9723699203976475 0
    outer loop
      vertex 156.8441558230885 221.8270856506907 54.360291882889626
      vertex 156.8441558230885 221.8270856506907 61.7
      vertex 157.0253288904374 221.87058145587858 54.31679607770177
    endloop
  endfacet
  facet normal -0.23344536385587186 0.9723699203976846 1.5221380630938508e-19
    outer loop
      vertex 157.0253288904374 221.87058145587858 54.31679607770177
      vertex 157.17983738762487 221.90767566415067 61.7
      vertex 157.17983738762487 221.90767566415067 54.252796562664834
    endloop
  endfacet
  facet normal -0.3826834323650663 0.9238795325112964 -2.6683740448498154e-19
    outer loop
      vertex 157.27178384955724 221.94576113569528 54.21471109112023
      vertex 157.17983738762487 221.90767566415067 54.252796562664834
      vertex 157.17983738762487 221.90767566415067 61.7
    endloop
  endfacet
  facet normal -0.3826834323650441 0.9238795325113057 -8.553050300550903e-19
    outer loop
      vertex 157.27178384955724 221.94576113569528 54.21471109112023
      vertex 157.498779099427 222.0397856467856 61.7
      vertex 157.498779099427 222.0397856467856 54.07560822309601
    endloop
  endfacet
  facet normal -0.5224985647158711 0.8526401643541398 4.338529667120109e-16
    outer loop
      vertex 157.4992349288972 222.0400649794442 54.07532889043741
      vertex 157.498779099427 222.0397856467856 61.7
      vertex 157.70208152801712 222.16436953525636 53.902081528017135
    endloop
  endfacet
  facet normal -0.5224985647211471 0.8526401643509068 2.6883039550205836e-21
    outer loop
      vertex 157.4992349288972 222.0400649794442 54.07532889043741
      vertex 157.498779099427 222.0397856467856 54.07560822309601
      vertex 157.498779099427 222.0397856467856 61.7
    endloop
  endfacet
  facet normal -0.6494480483302567 0.7604059655999685 -3.5788771223044443e-19
    outer loop
      vertex 157.8753288904374 222.2903691852544 53.699234928897205
      vertex 157.79312755504344 222.2201626123751 53.795480326777096
      vertex 157.79312755504344 222.2201626123751 61.7
    endloop
  endfacet
  facet normal -0.5224985647160156 0.8526401643540513 0
    outer loop
      vertex 157.79312755504344 222.2201626123751 53.795480326777096
      vertex 157.70208152801712 222.16436953525636 53.902081528017135
      vertex 157.79312755504344 222.2201626123751 61.7
    endloop
  endfacet
  facet normal -0.7604059656000154 0.6494480483302019 6.121506514708315e-16
    outer loop
      vertex 158.17907017901175 222.5888892024735 52.96593859056839
      vertex 158.11679607770176 222.51597559797466 53.22532889043741
      vertex 158.2798373876249 222.70687244495656 61.7
    endloop
  endfacet
  facet normal -0.7604059655999588 0.6494480483302681 -1.9720456933172115e-15
    outer loop
      vertex 158.11679607770176 222.51597559797466 53.22532889043741
      vertex 158.0556349186104 222.4443650813896 53.37298499020626
      vertex 158.2798373876249 222.70687244495656 61.7
    endloop
  endfacet
  facet normal 0.7604059656002019 -0.6494480483299835 -7.205101810030302e-15
    outer loop
      vertex 154.8 225.3866051257036 52.7
      vertex 154.82092982098825 225.4111107975265 52.96593859056839
      vertex 154.9443650813896 225.5556349186104 61.7
    endloop
  endfacet
  facet normal -0.7604059656001414 -0.6494480483300541 4.060925383749276e-15
    outer loop
      vertex 158.17907017901175 225.4111107975265 52.96593859056839
      vertex 158.2 225.3866051257036 52.7
      vertex 158.2798373876249 225.29312755504344 61.7
    endloop
  endfacet
  facet normal 0.7604059656000184 -0.6494480483301984 -1.0536895308258607e-15
    outer loop
      vertex 154.82092982098825 225.4111107975265 52.96593859056839
      vertex 154.88320392229824 225.48402440202534 53.22532889043741
      vertex 154.9443650813896 225.5556349186104 61.7
    endloop
  endfacet
  facet normal 0.7604059655999567 -0.6494480483302705 4.748333226819702e-19
    outer loop
      vertex 154.88320392229824 225.48402440202534 53.22532889043741
      vertex 154.9443650813896 225.5556349186104 53.37298499020626
      vertex 154.9443650813896 225.5556349186104 61.7
    endloop
  endfacet
  facet normal 0.6494480483303764 -0.7604059655998664 0
    outer loop
      vertex 154.9443650813896 225.5556349186104 53.37298499020626
      vertex 154.98528890887977 225.590587169245 53.471783849557234
      vertex 154.9443650813896 225.5556349186104 61.7
    endloop
  endfacet
  facet normal 0.6494480483301738 -0.7604059656000395 1.475119010513094e-15
    outer loop
      vertex 154.98528890887977 225.590587169245 53.471783849557234
      vertex 155.1246711095626 225.7096308147456 53.699234928897205
      vertex 155.20687244495656 225.7798373876249 61.7
    endloop
  endfacet
  facet normal 0.6494480483302567 -0.7604059655999685 -3.5788771223044443e-19
    outer loop
      vertex 155.1246711095626 225.7096308147456 53.699234928897205
      vertex 155.20687244495656 225.7798373876249 53.795480326777096
      vertex 155.20687244495656 225.7798373876249 61.7
    endloop
  endfacet
  facet normal 0.5224985647160156 -0.8526401643540513 0
    outer loop
      vertex 155.20687244495656 225.7798373876249 53.795480326777096
      vertex 155.29791847198288 225.83563046474364 53.902081528017135
      vertex 155.20687244495656 225.7798373876249 61.7
    endloop
  endfacet
  facet normal 0.5224985647158712 -0.8526401643541398 4.3469210779974903e-16
    outer loop
      vertex 155.29791847198288 225.83563046474364 53.902081528017135
      vertex 155.5007650711028 225.9599350205558 54.07532889043741
      vertex 155.501220900573 225.9602143532144 61.7
    endloop
  endfacet
  facet normal 0.5224985647211471 -0.8526401643509068 2.6883039550205836e-21
    outer loop
      vertex 155.5007650711028 225.9599350205558 54.07532889043741
      vertex 155.501220900573 225.9602143532144 54.07560822309601
      vertex 155.501220900573 225.9602143532144 61.7
    endloop
  endfacet
  facet normal 0.3826834323650441 -0.9238795325113057 0
    outer loop
      vertex 155.501220900573 225.9602143532144 54.07560822309601
      vertex 155.72821615044276 226.05423886430472 54.21471109112023
      vertex 155.501220900573 225.9602143532144 61.7
    endloop
  endfacet
  facet normal 0.3826834323650663 -0.9238795325112964 -2.6683740448498154e-19
    outer loop
      vertex 155.72821615044276 226.05423886430472 54.21471109112023
      vertex 155.82016261237513 226.09232433584933 54.252796562664834
      vertex 155.82016261237513 226.09232433584933 61.7
    endloop
  endfacet
  facet normal 0.23344536385587186 -0.9723699203976846 0
    outer loop
      vertex 155.82016261237513 226.09232433584933 54.252796562664834
      vertex 155.9746711095626 226.12941854412142 54.31679607770177
      vertex 155.82016261237513 226.09232433584933 61.7
    endloop
  endfacet
  facet normal 0.23344536385602646 -0.9723699203976475 1.1394564162586868e-19
    outer loop
      vertex 155.9746711095626 226.12941854412142 54.31679607770177
      vertex 156.1558441769115 226.1729143493093 54.360291882889626
      vertex 156.1558441769115 226.1729143493093 61.7
    endloop
  endfacet
  facet normal 0.0784590957279216 -0.9969173337331221 0
    outer loop
      vertex 156.1558441769115 226.1729143493093 54.360291882889626
      vertex 156.2340614094316 226.17907017901175 54.379070179011734
      vertex 156.1558441769115 226.1729143493093 61.7
    endloop
  endfacet
  facet normal 0.07845909572776001 -0.9969173337331346 -1.2064736457250488e-19
    outer loop
      vertex 156.2340614094316 226.17907017901175 54.379070179011734
      vertex 156.5 226.2 54.400000000000006
      vertex 156.5 226.2 61.7
    endloop
  endfacet
  facet normal -0.07845909572776015 -0.9969173337331345 -1.735512998556307e-15
    outer loop
      vertex 156.5 226.2 54.400000000000006
      vertex 156.7659385905684 226.17907017901175 54.379070179011734
      vertex 156.8441558230885 226.1729143493093 61.7
    endloop
  endfacet
  facet normal -0.6494480483303764 -0.7604059655998664 5.678657927906651e-20
    outer loop
      vertex 158.01471109112023 225.590587169245 53.471783849557234
      vertex 158.0556349186104 225.5556349186104 53.37298499020626
      vertex 158.0556349186104 225.5556349186104 61.7
    endloop
  endfacet
  facet normal -0.6494480483301766 -0.7604059656000368 -1.717349531977422e-15
    outer loop
      vertex 158.01471109112023 225.590587169245 53.471783849557234
      vertex 158.0556349186104 225.5556349186104 61.7
      vertex 157.8753288904374 225.7096308147456 53.699234928897205
    endloop
  endfacet
  facet normal -0.0784590957279216 -0.9969173337331221 0
    outer loop
      vertex 156.8441558230885 226.1729143493093 54.360291882889626
      vertex 156.8441558230885 226.1729143493093 61.7
      vertex 156.7659385905684 226.17907017901175 54.379070179011734
    endloop
  endfacet
  facet normal -0.23344536385602568 -0.9723699203976478 3.403613838661563e-15
    outer loop
      vertex 156.8441558230885 226.1729143493093 54.360291882889626
      vertex 157.0253288904374 226.12941854412142 54.31679607770177
      vertex 157.17983738762487 226.09232433584933 61.7
    endloop
  endfacet
  facet normal -0.23344536385587195 -0.9723699203976848 -1.5221380630938513e-19
    outer loop
      vertex 157.0253288904374 226.12941854412142 54.31679607770177
      vertex 157.17983738762487 226.09232433584933 54.252796562664834
      vertex 157.17983738762487 226.09232433584933 61.7
    endloop
  endfacet
  facet normal -0.3826834323650441 -0.9238795325113057 0
    outer loop
      vertex 157.498779099427 225.9602143532144 54.07560822309601
      vertex 157.498779099427 225.9602143532144 61.7
      vertex 157.27178384955724 226.05423886430472 54.21471109112023
    endloop
  endfacet
  facet normal -0.3826834323650661 -0.9238795325112967 7.779091990449471e-16
    outer loop
      vertex 157.27178384955724 226.05423886430472 54.21471109112023
      vertex 157.498779099427 225.9602143532144 61.7
      vertex 157.17983738762487 226.09232433584933 54.252796562664834
    endloop
  endfacet
  facet normal -0.5224985647158729 -0.8526401643541388 -2.2937978319955833e-15
    outer loop
      vertex 157.4992349288972 225.9599350205558 54.07532889043741
      vertex 157.70208152801712 225.83563046474364 53.902081528017135
      vertex 157.79312755504344 225.7798373876249 61.7
    endloop
  endfacet
  facet normal -0.5224985647210263 -0.8526401643509809 2.7094172974676877e-13
    outer loop
      vertex 157.4992349288972 225.9599350205558 54.07532889043741
      vertex 157.79312755504344 225.7798373876249 61.7
      vertex 157.498779099427 225.9602143532144 54.07560822309601
    endloop
  endfacet
  facet normal -0.6494480483302558 -0.7604059655999692 1.3667490579220685e-15
    outer loop
      vertex 157.8753288904374 225.7096308147456 53.699234928897205
      vertex 158.0556349186104 225.5556349186104 61.7
      vertex 157.79312755504344 225.7798373876249 53.795480326777096
    endloop
  endfacet
  facet normal -0.5224985647160156 -0.8526401643540513 0
    outer loop
      vertex 157.79312755504344 225.7798373876249 53.795480326777096
      vertex 157.79312755504344 225.7798373876249 61.7
      vertex 157.70208152801712 225.83563046474364 53.902081528017135
    endloop
  endfacet
  facet normal -0.7604059656000154 -0.6494480483302019 6.114994494734551e-16
    outer loop
      vertex 158.17907017901175 225.4111107975265 52.96593859056839
      vertex 158.2798373876249 225.29312755504344 61.7
      vertex 158.11679607770176 225.48402440202534 53.22532889043741
    endloop
  endfacet
  facet normal -0.7604059655999588 -0.6494480483302681 -1.9715346955445947e-15
    outer loop
      vertex 158.11679607770176 225.48402440202534 53.22532889043741
      vertex 158.2798373876249 225.29312755504344 61.7
      vertex 158.0556349186104 225.5556349186104 53.37298499020626
    endloop
  endfacet
  facet normal 0.7604059655999896 0.6494480483302321 0
    outer loop
      vertex 154.9443650813896 222.4443650813896 53.37298499020626
      vertex 154.7201626123751 222.70687244495656 61.7
      vertex 154.9443650813896 222.4443650813896 61.7
    endloop
  endfacet
  facet normal 0.6494480483302321 0.7604059655999896 0
    outer loop
      vertex 155.20687244495656 222.2201626123751 53.795480326777096
      vertex 154.9443650813896 222.4443650813896 61.7
      vertex 155.20687244495656 222.2201626123751 61.7
    endloop
  endfacet
  facet normal 0.5224985647159242 0.8526401643541074 0
    outer loop
      vertex 155.501220900573 222.0397856467856 54.07560822309601
      vertex 155.20687244495656 222.2201626123751 61.7
      vertex 155.501220900573 222.0397856467856 61.7
    endloop
  endfacet
  facet normal 0.23344536385595532 0.9723699203976647 0
    outer loop
      vertex 156.1558441769115 221.8270856506907 54.360291882889626
      vertex 155.82016261237513 221.90767566415067 61.7
      vertex 156.1558441769115 221.8270856506907 61.7
    endloop
  endfacet
  facet normal 0.3826834323650505 0.9238795325113031 0
    outer loop
      vertex 155.82016261237513 221.90767566415067 54.252796562664834
      vertex 155.501220900573 222.0397856467856 61.7
      vertex 155.82016261237513 221.90767566415067 61.7
    endloop
  endfacet
  facet normal 0.07845909572779675 0.9969173337331318 0
    outer loop
      vertex 156.5 221.8 54.400000000000006
      vertex 156.1558441769115 221.8270856506907 61.7
      vertex 156.5 221.8 61.7
    endloop
  endfacet
  facet normal -0.07845909572779675 0.9969173337331318 -1.3422130393269027e-15
    outer loop
      vertex 156.7659385905684 221.82092982098825 54.379070179011734
      vertex 156.5 221.8 61.7
      vertex 156.8441558230885 221.8270856506907 61.7
    endloop
  endfacet
  facet normal -0.23344536385595532 0.9723699203976647 1.8462788696960964e-15
    outer loop
      vertex 157.0253288904374 221.87058145587858 54.31679607770177
      vertex 156.8441558230885 221.8270856506907 61.7
      vertex 157.17983738762487 221.90767566415067 61.7
    endloop
  endfacet
  facet normal -0.3826834323650504 0.9238795325113031 2.272022986187347e-16
    outer loop
      vertex 157.27178384955724 221.94576113569528 54.21471109112023
      vertex 157.17983738762487 221.90767566415067 61.7
      vertex 157.498779099427 222.0397856467856 61.7
    endloop
  endfacet
  facet normal -0.649448048330232 0.7604059655999895 -1.2415381862359348e-15
    outer loop
      vertex 158.01471109112023 222.409412830755 53.471783849557234
      vertex 157.79312755504344 222.2201626123751 61.7
      vertex 158.0556349186104 222.4443650813896 61.7
    endloop
  endfacet
  facet normal -0.5224985647159242 0.8526401643541075 -1.4683248870123412e-15
    outer loop
      vertex 157.70208152801712 222.16436953525636 53.902081528017135
      vertex 157.498779099427 222.0397856467856 61.7
      vertex 157.79312755504344 222.2201626123751 61.7
    endloop
  endfacet
  facet normal -0.7604059655999896 0.6494480483302321 0
    outer loop
      vertex 158.0556349186104 222.4443650813896 53.37298499020626
      vertex 158.0556349186104 222.4443650813896 61.7
      vertex 158.2798373876249 222.70687244495656 61.7
    endloop
  endfacet
  facet normal 0.7604059655999896 -0.6494480483302321 8.672196909565895e-16
    outer loop
      vertex 154.8 225.3866051257036 52.7
      vertex 154.9443650813896 225.5556349186104 61.7
      vertex 154.7201626123751 225.29312755504344 61.7
    endloop
  endfacet
  facet normal 0.649448048330232 -0.7604059655999895 -1.2415381862359348e-15
    outer loop
      vertex 154.98528890887977 225.590587169245 53.471783849557234
      vertex 155.20687244495656 225.7798373876249 61.7
      vertex 154.9443650813896 225.5556349186104 61.7
    endloop
  endfacet
  facet normal 0.5224985647159242 -0.8526401643541075 -1.4683248870123412e-15
    outer loop
      vertex 155.29791847198288 225.83563046474364 53.902081528017135
      vertex 155.501220900573 225.9602143532144 61.7
      vertex 155.20687244495656 225.7798373876249 61.7
    endloop
  endfacet
  facet normal 0.3826834323650504 -0.9238795325113031 2.272022986187347e-16
    outer loop
      vertex 155.72821615044276 226.05423886430472 54.21471109112023
      vertex 155.82016261237513 226.09232433584933 61.7
      vertex 155.501220900573 225.9602143532144 61.7
    endloop
  endfacet
  facet normal 0.23344536385595532 -0.9723699203976647 1.8462788696960964e-15
    outer loop
      vertex 155.9746711095626 226.12941854412142 54.31679607770177
      vertex 156.1558441769115 226.1729143493093 61.7
      vertex 155.82016261237513 226.09232433584933 61.7
    endloop
  endfacet
  facet normal 0.07845909572779675 -0.9969173337331318 -1.3422130393269027e-15
    outer loop
      vertex 156.2340614094316 226.17907017901175 54.379070179011734
      vertex 156.5 226.2 61.7
      vertex 156.1558441769115 226.1729143493093 61.7
    endloop
  endfacet
  facet normal -0.07845909572779675 -0.9969173337331318 0
    outer loop
      vertex 156.5 226.2 54.400000000000006
      vertex 156.8441558230885 226.1729143493093 61.7
      vertex 156.5 226.2 61.7
    endloop
  endfacet
  facet normal -0.23344536385595532 -0.9723699203976647 0
    outer loop
      vertex 156.8441558230885 226.1729143493093 54.360291882889626
      vertex 157.17983738762487 226.09232433584933 61.7
      vertex 156.8441558230885 226.1729143493093 61.7
    endloop
  endfacet
  facet normal -0.3826834323650505 -0.9238795325113031 0
    outer loop
      vertex 157.17983738762487 226.09232433584933 54.252796562664834
      vertex 157.498779099427 225.9602143532144 61.7
      vertex 157.17983738762487 226.09232433584933 61.7
    endloop
  endfacet
  facet normal -0.5224985647159242 -0.8526401643541074 0
    outer loop
      vertex 157.498779099427 225.9602143532144 54.07560822309601
      vertex 157.79312755504344 225.7798373876249 61.7
      vertex 157.498779099427 225.9602143532144 61.7
    endloop
  endfacet
  facet normal -0.6494480483302321 -0.7604059655999896 0
    outer loop
      vertex 157.79312755504344 225.7798373876249 53.795480326777096
      vertex 158.0556349186104 225.5556349186104 61.7
      vertex 157.79312755504344 225.7798373876249 61.7
    endloop
  endfacet
  facet normal -0.7604059655999896 -0.6494480483302321 0
    outer loop
      vertex 158.0556349186104 225.5556349186104 53.37298499020626
      vertex 158.2798373876249 225.29312755504344 61.7
      vertex 158.0556349186104 225.5556349186104 61.7
    endloop
  endfacet
  facet normal 0 0 1
    outer loop
      vertex 151.03913528796912 220.0324495470258 2.5
      vertex 151.7270292269908 219.2270292269908 2.5
      vertex 151.7270292269908 228.7729707730092 2.5
    endloop
  endfacet
  facet normal 0.9238795325112862 0.3826834323650913 3.3720138431030495e-19
    outer loop
      vertex 150.4857059617285 220.93556412675807 2.5
      vertex 150.0803685150077 221.91413528796912 2.5
      vertex 150.0803685150077 221.91413528796912 6.5
    endloop
  endfacet
  facet normal 0.9723699203976799 0.2334453638558917 3.2309047638889573e-18
    outer loop
      vertex 150.0803685150077 221.91413528796912 2.5
      vertex 149.83310370098283 222.94406736097844 2.5
      vertex 149.83310370098283 222.94406736097844 6.5
    endloop
  endfacet
  facet normal 0.8526401643540876 0.5224985647159563 0
    outer loop
      vertex 150.4857059617285 220.93556412675807 2.5
      vertex 150.4857059617285 220.93556412675807 6.5
      vertex 151.03913528796912 220.0324495470258 2.5
    endloop
  endfacet
  facet normal 0.760405965600045 0.6494480483301671 1.9768036887312543e-15
    outer loop
      vertex 151.03913528796912 220.0324495470258 2.5
      vertex 151.06684981933589 220 6
      vertex 151.7270292269908 219.2270292269908 2.5
    endloop
  endfacet
  facet normal 0.6494480483301671 0.760405965600045 0
    outer loop
      vertex 151.7270292269908 219.2270292269908 2.5
      vertex 151.7270292269908 219.2270292269908 6
      vertex 152.5324495470258 218.53913528796912 2.5
    endloop
  endfacet
  facet normal 0.5224985647159563 0.8526401643540876 0
    outer loop
      vertex 152.5324495470258 218.53913528796912 2.5
      vertex 152.5324495470258 218.53913528796912 6
      vertex 153.43556412675807 217.9857059617285 2.5
    endloop
  endfacet
  facet normal 0.3826834323650912 0.9238795325112862 0
    outer loop
      vertex 153.43556412675807 217.9857059617285 2.5
      vertex 153.43556412675807 217.9857059617285 6
      vertex 154.41413528796912 217.5803685150077 2.5
    endloop
  endfacet
  facet normal 0 0 1
    outer loop
      vertex 151.7270292269908 219.2270292269908 2.5
      vertex 152.5324495470258 218.53913528796912 2.5
      vertex 152.5324495470258 229.46086471203088 2.5
    endloop
  endfacet
  facet normal 0 0 1
    outer loop
      vertex 153.43556412675807 217.9857059617285 2.5
      vertex 154.41413528796912 217.5803685150077 2.5
      vertex 154.5397856467856 223.001220900573 2.5
    endloop
  endfacet
  facet normal 0 0 1
    outer loop
      vertex 152.5324495470258 218.53913528796912 2.5
      vertex 153.43556412675807 217.9857059617285 2.5
      vertex 153.41223837628885 230 2.5
    endloop
  endfacet
  facet normal 0 0 1
    outer loop
      vertex 153.43556412675807 217.9857059617285 2.5
      vertex 154.5397856467856 223.001220900573 2.5
      vertex 154.40767566415067 223.32016261237513 2.5
    endloop
  endfacet
  facet normal 0 0 1
    outer loop
      vertex 153.43556412675807 217.9857059617285 2.5
      vertex 154.40767566415067 223.32016261237513 2.5
      vertex 154.3270856506907 223.6558441769115 2.5
    endloop
  endfacet
  facet normal 0 0 1
    outer loop
      vertex 153.43556412675807 217.9857059617285 2.5
      vertex 154.3270856506907 223.6558441769115 2.5
      vertex 154.3 224 2.5
    endloop
  endfacet
  facet normal 0 0 1
    outer loop
      vertex 150.0803685150077 221.91413528796912 2.5
      vertex 150.0803685150077 226.08586471203088 2.5
      vertex 149.83310370098283 222.94406736097844 2.5
    endloop
  endfacet
  facet normal 0 0 1
    outer loop
      vertex 150.4857059617285 220.93556412675807 2.5
      vertex 150.4857059617285 227.06443587324193 2.5
      vertex 150.0803685150077 221.91413528796912 2.5
    endloop
  endfacet
  facet normal 0 0 1
    outer loop
      vertex 149.83310370098283 222.94406736097844 2.5
      vertex 149.83310370098283 225.05593263902156 2.5
      vertex 149.75 224 2.5
    endloop
  endfacet
  facet normal 0 0 1
    outer loop
      vertex 149.83310370098283 222.94406736097844 2.5
      vertex 150.0803685150077 226.08586471203088 2.5
      vertex 149.83310370098283 225.05593263902156 2.5
    endloop
  endfacet
  facet normal 0 0 1
    outer loop
      vertex 150.0803685150077 221.91413528796912 2.5
      vertex 150.4857059617285 227.06443587324193 2.5
      vertex 150.0803685150077 226.08586471203088 2.5
    endloop
  endfacet
  facet normal 0 0 1
    outer loop
      vertex 150.4857059617285 220.93556412675807 2.5
      vertex 151.03913528796912 220.0324495470258 2.5
      vertex 151.03913528796912 227.9675504529742 2.5
    endloop
  endfacet
  facet normal 0 0 1
    outer loop
      vertex 150.4857059617285 220.93556412675807 2.5
      vertex 151.03913528796912 227.9675504529742 2.5
      vertex 150.4857059617285 227.06443587324193 2.5
    endloop
  endfacet
  facet normal 0 0 1
    outer loop
      vertex 151.03913528796912 220.0324495470258 2.5
      vertex 151.7270292269908 228.7729707730092 2.5
      vertex 151.03913528796912 227.9675504529742 2.5
    endloop
  endfacet
  facet normal 0.9969173337331272 0.07845909572785567 7.725661285073202e-19
    outer loop
      vertex 149.83310370098283 222.94406736097844 2.5
      vertex 149.75 224 2.5
      vertex 149.75 224 6.5
    endloop
  endfacet
  facet normal 0.9969173337331272 -0.07845909572785567 -7.725661285073202e-19
    outer loop
      vertex 149.75 224 2.5
      vertex 149.83310370098283 225.05593263902156 2.5
      vertex 149.83310370098283 225.05593263902156 6.5
    endloop
  endfacet
  facet normal 0.9723699203976799 -0.2334453638558917 -3.2309047638889573e-18
    outer loop
      vertex 149.83310370098283 225.05593263902156 2.5
      vertex 150.0803685150077 226.08586471203088 2.5
      vertex 150.0803685150077 226.08586471203088 6.5
    endloop
  endfacet
  facet normal 0.9238795325112862 -0.3826834323650913 -3.3720138431030495e-19
    outer loop
      vertex 150.0803685150077 226.08586471203088 2.5
      vertex 150.4857059617285 227.06443587324193 2.5
      vertex 150.4857059617285 227.06443587324193 6.5
    endloop
  endfacet
  facet normal 0.8526401643540876 -0.5224985647159563 5.2539646554862134e-18
    outer loop
      vertex 150.4857059617285 227.06443587324193 2.5
      vertex 151.03913528796912 227.9675504529742 2.5
      vertex 151.03913528796912 227.9675504529742 6.5
    endloop
  endfacet
  facet normal 0.760405965600045 -0.6494480483301672 -2.353652128651382e-18
    outer loop
      vertex 151.03913528796912 227.9675504529742 2.5
      vertex 151.7270292269908 228.7729707730092 2.5
      vertex 151.7270292269908 228.7729707730092 6.5
    endloop
  endfacet
  facet normal 0 0 1
    outer loop
      vertex 151.7270292269908 219.2270292269908 2.5
      vertex 152.5324495470258 229.46086471203088 2.5
      vertex 151.7270292269908 228.7729707730092 2.5
    endloop
  endfacet
  facet normal 0 0 1
    outer loop
      vertex 152.5324495470258 218.53913528796912 2.5
      vertex 153.41223837628885 230 2.5
      vertex 152.5324495470258 229.46086471203088 2.5
    endloop
  endfacet
  facet normal 0 0 1
    outer loop
      vertex 153.43556412675807 217.9857059617285 2.5
      vertex 154.3 224 2.5
      vertex 153.41223837628885 230 2.5
    endloop
  endfacet
  facet normal 0 0 1
    outer loop
      vertex 154.3 224 2.5
      vertex 154.3270856506907 224.3441558230885 2.5
      vertex 153.41223837628885 230 2.5
    endloop
  endfacet
  facet normal 0 0 1
    outer loop
      vertex 154.3270856506907 224.3441558230885 2.5
      vertex 154.40767566415067 224.67983738762487 2.5
      vertex 153.41223837628885 230 2.5
    endloop
  endfacet
  facet normal 0 0 1
    outer loop
      vertex 154.40767566415067 224.67983738762487 2.5
      vertex 154.5397856467856 224.998779099427 2.5
      vertex 153.41223837628885 230 2.5
    endloop
  endfacet
  facet normal 0.6494480483301672 -0.760405965600045 0
    outer loop
      vertex 151.7270292269908 228.7729707730092 2.5
      vertex 152.5324495470258 229.46086471203088 2.5
      vertex 151.7270292269908 228.7729707730092 6.5
    endloop
  endfacet
  facet normal 0.5224985647159577 -0.8526401643540868 0
    outer loop
      vertex 152.5324495470258 229.46086471203088 2.5
      vertex 153.41223837628885 230 2.5
      vertex 152.5324495470258 229.46086471203088 6.5
    endloop
  endfacet
  facet normal 0.9238795325112862 0.3826834323650913 0
    outer loop
      vertex 150.4857059617285 220.93556412675807 2.5
      vertex 150.0803685150077 221.91413528796912 6.5
      vertex 150.4857059617285 220.93556412675807 6.5
    endloop
  endfacet
  facet normal 0.9723699203976799 0.2334453638558917 0
    outer loop
      vertex 150.0803685150077 221.91413528796912 2.5
      vertex 149.83310370098283 222.94406736097844 6.5
      vertex 150.0803685150077 221.91413528796912 6.5
    endloop
  endfacet
  facet normal 0.8526401643540876 0.5224985647159563 0
    outer loop
      vertex 151.03913528796912 220.0324495470258 2.5
      vertex 150.4857059617285 220.93556412675807 6.5
      vertex 151.03913528796912 220.0324495470258 6.5
    endloop
  endfacet
  facet normal 0.7604059656001503 0.6494480483300439 1.8340737560282688e-18
    outer loop
      vertex 151.03913528796912 220.0324495470258 2.5
      vertex 151.06684981933589 220 6.5
      vertex 151.06684981933589 220 6
    endloop
  endfacet
  facet normal 0.7604059656000406 0.6494480483301723 0
    outer loop
      vertex 151.7270292269908 219.2270292269908 2.5
      vertex 151.06684981933589 220 6
      vertex 151.7270292269908 219.2270292269908 6
    endloop
  endfacet
  facet normal 0.7604059656001503 0.6494480483300439 0
    outer loop
      vertex 151.03913528796912 220.0324495470258 2.5
      vertex 151.03913528796912 220.0324495470258 6.5
      vertex 151.06684981933589 220 6.5
    endloop
  endfacet
  facet normal 0.6494480483301671 0.760405965600045 0
    outer loop
      vertex 152.5324495470258 218.53913528796912 2.5
      vertex 151.7270292269908 219.2270292269908 6
      vertex 152.5324495470258 218.53913528796912 6
    endloop
  endfacet
  facet normal 0.5224985647159563 0.8526401643540876 0
    outer loop
      vertex 153.43556412675807 217.9857059617285 2.5
      vertex 152.5324495470258 218.53913528796912 6
      vertex 153.43556412675807 217.9857059617285 6
    endloop
  endfacet
  facet normal 0.3826834323650912 0.9238795325112862 0
    outer loop
      vertex 154.41413528796912 217.5803685150077 2.5
      vertex 153.43556412675807 217.9857059617285 6
      vertex 154.41413528796912 217.5803685150077 6
    endloop
  endfacet
  facet normal 0 0 -1
    outer loop
      vertex 150.4857059617285 220.93556412675807 6.5
      vertex 150.4857059617285 227.06443587324193 6.5
      vertex 151.03913528796912 220.0324495470258 6.5
    endloop
  endfacet
  facet normal 0 0 -1
    outer loop
      vertex 151.03913528796912 220.0324495470258 6.5
      vertex 151.03913528796912 227.9675504529742 6.5
      vertex 151.06684981933589 220 6.5
    endloop
  endfacet
  facet normal 0 0 -1
    outer loop
      vertex 154.7201626123751 222.70687244495656 6.5
      vertex 151.06684981933589 220 6.5
      vertex 154.5397856467856 223.001220900573 6.5
    endloop
  endfacet
  facet normal 0 0 -1
    outer loop
      vertex 154.5397856467856 223.001220900573 6.5
      vertex 151.06684981933589 220 6.5
      vertex 154.40767566415067 223.32016261237513 6.5
    endloop
  endfacet
  facet normal 0 0 -1
    outer loop
      vertex 154.3270856506907 223.6558441769115 6.5
      vertex 154.40767566415067 223.32016261237513 6.5
      vertex 151.06684981933589 220 6.5
    endloop
  endfacet
  facet normal 0 0 -1
    outer loop
      vertex 154.7201626123751 222.70687244495656 6.5
      vertex 154.9443650813896 222.4443650813896 6.5
      vertex 151.06684981933589 220 6.5
    endloop
  endfacet
  facet normal 0 0 -1
    outer loop
      vertex 154.9443650813896 222.4443650813896 6.5
      vertex 155.20687244495656 222.2201626123751 6.5
      vertex 151.06684981933589 220 6.5
    endloop
  endfacet
  facet normal 0 0 -1
    outer loop
      vertex 155.20687244495656 222.2201626123751 6.5
      vertex 155.501220900573 222.0397856467856 6.5
      vertex 151.06684981933589 220 6.5
    endloop
  endfacet
  facet normal 0 0 -1
    outer loop
      vertex 155.501220900573 222.0397856467856 6.5
      vertex 155.82016261237513 221.90767566415067 6.5
      vertex 151.06684981933589 220 6.5
    endloop
  endfacet
  facet normal 0.9969173337331272 0.07845909572785567 0
    outer loop
      vertex 149.83310370098283 222.94406736097844 2.5
      vertex 149.75 224 6.5
      vertex 149.83310370098283 222.94406736097844 6.5
    endloop
  endfacet
  facet normal 0.9969173337331272 -0.07845909572785567 0
    outer loop
      vertex 149.75 224 2.5
      vertex 149.83310370098283 225.05593263902156 6.5
      vertex 149.75 224 6.5
    endloop
  endfacet
  facet normal 0.9723699203976799 -0.2334453638558917 0
    outer loop
      vertex 149.83310370098283 225.05593263902156 2.5
      vertex 150.0803685150077 226.08586471203088 6.5
      vertex 149.83310370098283 225.05593263902156 6.5
    endloop
  endfacet
  facet normal 0.9238795325112862 -0.3826834323650913 0
    outer loop
      vertex 150.0803685150077 226.08586471203088 2.5
      vertex 150.4857059617285 227.06443587324193 6.5
      vertex 150.0803685150077 226.08586471203088 6.5
    endloop
  endfacet
  facet normal 0.8526401643540876 -0.5224985647159563 0
    outer loop
      vertex 150.4857059617285 227.06443587324193 2.5
      vertex 151.03913528796912 227.9675504529742 6.5
      vertex 150.4857059617285 227.06443587324193 6.5
    endloop
  endfacet
  facet normal 0.760405965600045 -0.6494480483301672 0
    outer loop
      vertex 151.03913528796912 227.9675504529742 2.5
      vertex 151.7270292269908 228.7729707730092 6.5
      vertex 151.03913528796912 227.9675504529742 6.5
    endloop
  endfacet
  facet normal 0.6494480483301672 -0.760405965600045 0
    outer loop
      vertex 152.5324495470258 229.46086471203088 2.5
      vertex 152.5324495470258 229.46086471203088 6.5
      vertex 151.7270292269908 228.7729707730092 6.5
    endloop
  endfacet
  facet normal 0.5224985647159577 -0.8526401643540868 6.069661762415205e-18
    outer loop
      vertex 152.5324495470258 229.46086471203088 6.5
      vertex 153.41223837628885 230 2.5
      vertex 153.41223837628885 230 6
    endloop
  endfacet
  facet normal 0 0 -1
    outer loop
      vertex 150.0803685150077 221.91413528796912 6.5
      vertex 149.83310370098283 222.94406736097844 6.5
      vertex 149.83310370098283 225.05593263902156 6.5
    endloop
  endfacet
  facet normal 0 0 -1
    outer loop
      vertex 150.4857059617285 220.93556412675807 6.5
      vertex 150.0803685150077 221.91413528796912 6.5
      vertex 150.0803685150077 226.08586471203088 6.5
    endloop
  endfacet
  facet normal 0 0 -1
    outer loop
      vertex 149.83310370098283 222.94406736097844 6.5
      vertex 149.75 224 6.5
      vertex 149.83310370098283 225.05593263902156 6.5
    endloop
  endfacet
  facet normal 0 0 -1
    outer loop
      vertex 150.0803685150077 221.91413528796912 6.5
      vertex 149.83310370098283 225.05593263902156 6.5
      vertex 150.0803685150077 226.08586471203088 6.5
    endloop
  endfacet
  facet normal 0 0 -1
    outer loop
      vertex 150.4857059617285 220.93556412675807 6.5
      vertex 150.0803685150077 226.08586471203088 6.5
      vertex 150.4857059617285 227.06443587324193 6.5
    endloop
  endfacet
  facet normal 0 0 -1
    outer loop
      vertex 151.03913528796912 220.0324495470258 6.5
      vertex 150.4857059617285 227.06443587324193 6.5
      vertex 151.03913528796912 227.9675504529742 6.5
    endloop
  endfacet
  facet normal 0 0 -1
    outer loop
      vertex 151.03913528796912 227.9675504529742 6.5
      vertex 151.7270292269908 228.7729707730092 6.5
      vertex 151.06684981933589 220 6.5
    endloop
  endfacet
  facet normal 0 0 -1
    outer loop
      vertex 151.7270292269908 228.7729707730092 6.5
      vertex 152.5324495470258 229.46086471203088 6.5
      vertex 151.06684981933589 220 6.5
    endloop
  endfacet
  facet normal 0 0 -1
    outer loop
      vertex 154.3270856506907 223.6558441769115 6.5
      vertex 151.06684981933589 220 6.5
      vertex 153.41223837628885 230 6.5
    endloop
  endfacet
  facet normal 0 0 -1
    outer loop
      vertex 154.3270856506907 223.6558441769115 6.5
      vertex 153.41223837628885 230 6.5
      vertex 154.3 224 6.5
    endloop
  endfacet
  facet normal 0 0 -1
    outer loop
      vertex 154.3 224 6.5
      vertex 153.41223837628885 230 6.5
      vertex 154.3270856506907 224.3441558230885 6.5
    endloop
  endfacet
  facet normal 0 0 -1
    outer loop
      vertex 154.3270856506907 224.3441558230885 6.5
      vertex 153.41223837628885 230 6.5
      vertex 154.40767566415067 224.67983738762487 6.5
    endloop
  endfacet
  facet normal 0 0 -1
    outer loop
      vertex 152.5324495470258 229.46086471203088 6.5
      vertex 153.41223837628885 230 6.5
      vertex 151.06684981933589 220 6.5
    endloop
  endfacet
  facet normal 0 0 -1
    outer loop
      vertex 154.40767566415067 224.67983738762487 6.5
      vertex 153.41223837628885 230 6.5
      vertex 154.5397856467856 224.998779099427 6.5
    endloop
  endfacet
  facet normal 0.5224985647159577 -0.8526401643540868 4.2487632336906437e-17
    outer loop
      vertex 152.5324495470258 229.46086471203088 6.5
      vertex 153.41223837628885 230 6
      vertex 153.41223837628885 230 6.5
    endloop
  endfacet
  facet normal 0 0 1
    outer loop
      vertex 155.44406736097844 217.33310370098283 2.5
      vertex 155.501220900573 222.0397856467856 2.5
      vertex 154.41413528796912 217.5803685150077 2.5
    endloop
  endfacet
  facet normal 0 0 1
    outer loop
      vertex 155.44406736097844 217.33310370098283 2.5
      vertex 156.5 217.25 2.5
      vertex 156.5 221.8 2.5
    endloop
  endfacet
  facet normal 0.2334453638558917 0.9723699203976799 3.6924625873016656e-18
    outer loop
      vertex 155.44406736097844 217.33310370098283 2.5
      vertex 154.41413528796912 217.5803685150077 2.5
      vertex 154.41413528796912 217.5803685150077 6
    endloop
  endfacet
  facet normal 0.07845909572785567 0.9969173337331272 0
    outer loop
      vertex 155.44406736097844 217.33310370098283 2.5
      vertex 155.44406736097844 217.33310370098283 6
      vertex 156.5 217.25 2.5
    endloop
  endfacet
  facet normal 0 0 1
    outer loop
      vertex 154.41413528796912 217.5803685150077 2.5
      vertex 154.9443650813896 222.4443650813896 2.5
      vertex 154.7201626123751 222.70687244495656 2.5
    endloop
  endfacet
  facet normal 0 0 1
    outer loop
      vertex 154.41413528796912 217.5803685150077 2.5
      vertex 155.20687244495656 222.2201626123751 2.5
      vertex 154.9443650813896 222.4443650813896 2.5
    endloop
  endfacet
  facet normal 0 0 1
    outer loop
      vertex 154.41413528796912 217.5803685150077 2.5
      vertex 155.501220900573 222.0397856467856 2.5
      vertex 155.20687244495656 222.2201626123751 2.5
    endloop
  endfacet
  facet normal 0 0 1
    outer loop
      vertex 154.41413528796912 217.5803685150077 2.5
      vertex 154.7201626123751 222.70687244495656 2.5
      vertex 154.5397856467856 223.001220900573 2.5
    endloop
  endfacet
  facet normal 0 0 1
    outer loop
      vertex 155.44406736097844 217.33310370098283 2.5
      vertex 155.82016261237513 221.90767566415067 2.5
      vertex 155.501220900573 222.0397856467856 2.5
    endloop
  endfacet
  facet normal 0 0 1
    outer loop
      vertex 155.44406736097844 217.33310370098283 2.5
      vertex 156.1558441769115 221.8270856506907 2.5
      vertex 155.82016261237513 221.90767566415067 2.5
    endloop
  endfacet
  facet normal 0 0 1
    outer loop
      vertex 155.44406736097844 217.33310370098283 2.5
      vertex 156.5 221.8 2.5
      vertex 156.1558441769115 221.8270856506907 2.5
    endloop
  endfacet
  facet normal 0 0 1
    outer loop
      vertex 156.5 217.25 2.5
      vertex 156.8441558230885 221.8270856506907 2.5
      vertex 156.5 221.8 2.5
    endloop
  endfacet
  facet normal 0 0 1
    outer loop
      vertex 156.5 217.25 2.5
      vertex 157.55593263902156 217.33310370098283 2.5
      vertex 157.17983738762487 221.90767566415067 2.5
    endloop
  endfacet
  facet normal 0 0 1
    outer loop
      vertex 157.55593263902156 217.33310370098283 2.5
      vertex 158.58586471203088 217.5803685150077 2.5
      vertex 158.0556349186104 222.4443650813896 2.5
    endloop
  endfacet
  facet normal -0.07845909572785567 0.9969173337331272 0
    outer loop
      vertex 156.5 217.25 2.5
      vertex 156.5 217.25 6
      vertex 157.55593263902156 217.33310370098283 2.5
    endloop
  endfacet
  facet normal -0.2334453638558917 0.9723699203976799 0
    outer loop
      vertex 157.55593263902156 217.33310370098283 2.5
      vertex 157.55593263902156 217.33310370098283 6
      vertex 158.58586471203088 217.5803685150077 2.5
    endloop
  endfacet
  facet normal -0.3826834323650912 0.9238795325112862 0
    outer loop
      vertex 158.58586471203088 217.5803685150077 2.5
      vertex 158.58586471203088 217.5803685150077 6
      vertex 159.56443587324193 217.9857059617285 2.5
    endloop
  endfacet
  facet normal 0 0 1
    outer loop
      vertex 156.5 217.25 2.5
      vertex 157.17983738762487 221.90767566415067 2.5
      vertex 156.8441558230885 221.8270856506907 2.5
    endloop
  endfacet
  facet normal 0 0 1
    outer loop
      vertex 157.55593263902156 217.33310370098283 2.5
      vertex 157.498779099427 222.0397856467856 2.5
      vertex 157.17983738762487 221.90767566415067 2.5
    endloop
  endfacet
  facet normal 0 0 1
    outer loop
      vertex 157.55593263902156 217.33310370098283 2.5
      vertex 157.79312755504344 222.2201626123751 2.5
      vertex 157.498779099427 222.0397856467856 2.5
    endloop
  endfacet
  facet normal 0 0 1
    outer loop
      vertex 157.55593263902156 217.33310370098283 2.5
      vertex 158.0556349186104 222.4443650813896 2.5
      vertex 157.79312755504344 222.2201626123751 2.5
    endloop
  endfacet
  facet normal 0 0 1
    outer loop
      vertex 158.0556349186104 222.4443650813896 2.5
      vertex 158.58586471203088 217.5803685150077 2.5
      vertex 158.2798373876249 222.70687244495656 2.5
    endloop
  endfacet
  facet normal 0 0 1
    outer loop
      vertex 158.58586471203088 217.5803685150077 2.5
      vertex 158.4602143532144 223.001220900573 2.5
      vertex 158.2798373876249 222.70687244495656 2.5
    endloop
  endfacet
  facet normal 0 0 1
    outer loop
      vertex 158.58586471203088 217.5803685150077 2.5
      vertex 158.59232433584933 223.32016261237513 2.5
      vertex 158.4602143532144 223.001220900573 2.5
    endloop
  endfacet
  facet normal 0 0 1
    outer loop
      vertex 158.58586471203088 217.5803685150077 2.5
      vertex 158.6729143493093 223.6558441769115 2.5
      vertex 158.59232433584933 223.32016261237513 2.5
    endloop
  endfacet
  facet normal 0 0 1
    outer loop
      vertex 158.58586471203088 217.5803685150077 2.5
      vertex 158.7 224 2.5
      vertex 158.6729143493093 223.6558441769115 2.5
    endloop
  endfacet
  facet normal 0 0 1
    outer loop
      vertex 158.58586471203088 217.5803685150077 2.5
      vertex 159.56443587324193 217.9857059617285 2.5
      vertex 159.58776162371115 230 2.5
    endloop
  endfacet
  facet normal 0 0 1
    outer loop
      vertex 154.5397856467856 224.998779099427 2.5
      vertex 154.7201626123751 225.29312755504344 2.5
      vertex 153.41223837628885 230 2.5
    endloop
  endfacet
  facet normal 0 0 1
    outer loop
      vertex 154.7201626123751 225.29312755504344 2.5
      vertex 154.9443650813896 225.5556349186104 2.5
      vertex 153.41223837628885 230 2.5
    endloop
  endfacet
  facet normal 0 0 1
    outer loop
      vertex 154.9443650813896 225.5556349186104 2.5
      vertex 155.20687244495656 225.7798373876249 2.5
      vertex 159.58776162371115 230 2.5
    endloop
  endfacet
  facet normal 0 0 1
    outer loop
      vertex 155.20687244495656 225.7798373876249 2.5
      vertex 155.501220900573 225.9602143532144 2.5
      vertex 159.58776162371115 230 2.5
    endloop
  endfacet
  facet normal 0 0 1
    outer loop
      vertex 154.9443650813896 225.5556349186104 2.5
      vertex 159.58776162371115 230 2.5
      vertex 153.41223837628885 230 2.5
    endloop
  endfacet
  facet normal 0 0 1
    outer loop
      vertex 158.58586471203088 217.5803685150077 2.5
      vertex 159.58776162371115 230 2.5
      vertex 158.7 224 2.5
    endloop
  endfacet
  facet normal 0 0 1
    outer loop
      vertex 158.7 224 2.5
      vertex 159.58776162371115 230 2.5
      vertex 158.6729143493093 224.3441558230885 2.5
    endloop
  endfacet
  facet normal 0 0 1
    outer loop
      vertex 158.59232433584933 224.67983738762487 2.5
      vertex 158.6729143493093 224.3441558230885 2.5
      vertex 159.58776162371115 230 2.5
    endloop
  endfacet
  facet normal 0 0 1
    outer loop
      vertex 155.501220900573 225.9602143532144 2.5
      vertex 155.82016261237513 226.09232433584933 2.5
      vertex 159.58776162371115 230 2.5
    endloop
  endfacet
  facet normal 0 0 1
    outer loop
      vertex 155.82016261237513 226.09232433584933 2.5
      vertex 156.1558441769115 226.1729143493093 2.5
      vertex 159.58776162371115 230 2.5
    endloop
  endfacet
  facet normal 0 0 1
    outer loop
      vertex 156.1558441769115 226.1729143493093 2.5
      vertex 156.5 226.2 2.5
      vertex 159.58776162371115 230 2.5
    endloop
  endfacet
  facet normal 0 0 1
    outer loop
      vertex 156.5 226.2 2.5
      vertex 156.8441558230885 226.1729143493093 2.5
      vertex 159.58776162371115 230 2.5
    endloop
  endfacet
  facet normal 0 0 1
    outer loop
      vertex 156.8441558230885 226.1729143493093 2.5
      vertex 157.17983738762487 226.09232433584933 2.5
      vertex 159.58776162371115 230 2.5
    endloop
  endfacet
  facet normal 0 0 1
    outer loop
      vertex 157.498779099427 225.9602143532144 2.5
      vertex 157.79312755504344 225.7798373876249 2.5
      vertex 159.58776162371115 230 2.5
    endloop
  endfacet
  facet normal 0 0 1
    outer loop
      vertex 158.0556349186104 225.5556349186104 2.5
      vertex 159.58776162371115 230 2.5
      vertex 157.79312755504344 225.7798373876249 2.5
    endloop
  endfacet
  facet normal 0 0 1
    outer loop
      vertex 158.0556349186104 225.5556349186104 2.5
      vertex 158.2798373876249 225.29312755504344 2.5
      vertex 159.58776162371115 230 2.5
    endloop
  endfacet
  facet normal 0 0 1
    outer loop
      vertex 157.17983738762487 226.09232433584933 2.5
      vertex 157.498779099427 225.9602143532144 2.5
      vertex 159.58776162371115 230 2.5
    endloop
  endfacet
  facet normal 0 0 1
    outer loop
      vertex 158.4602143532144 224.998779099427 2.5
      vertex 159.58776162371115 230 2.5
      vertex 158.2798373876249 225.29312755504344 2.5
    endloop
  endfacet
  facet normal 0 0 1
    outer loop
      vertex 158.59232433584933 224.67983738762487 2.5
      vertex 159.58776162371115 230 2.5
      vertex 158.4602143532144 224.998779099427 2.5
    endloop
  endfacet
  facet normal -0.5224985647159563 0.8526401643540876 0
    outer loop
      vertex 159.56443587324193 217.9857059617285 2.5
      vertex 159.56443587324193 217.9857059617285 6
      vertex 160.4675504529742 218.53913528796912 2.5
    endloop
  endfacet
  facet normal -0.6494480483301671 0.760405965600045 0
    outer loop
      vertex 160.4675504529742 218.53913528796912 2.5
      vertex 160.4675504529742 218.53913528796912 6
      vertex 161.2729707730092 219.2270292269908 2.5
    endloop
  endfacet
  facet normal 0 0 1
    outer loop
      vertex 159.56443587324193 217.9857059617285 2.5
      vertex 160.4675504529742 218.53913528796912 2.5
      vertex 160.4675504529742 229.46086471203088 2.5
    endloop
  endfacet
  facet normal 0 0 1
    outer loop
      vertex 160.4675504529742 218.53913528796912 2.5
      vertex 161.2729707730092 219.2270292269908 2.5
      vertex 161.2729707730092 228.7729707730092 2.5
    endloop
  endfacet
  facet normal 0 0 1
    outer loop
      vertex 161.2729707730092 219.2270292269908 2.5
      vertex 161.96086471203088 220.0324495470258 2.5
      vertex 161.96086471203088 227.9675504529742 2.5
    endloop
  endfacet
  facet normal -0.760405965600045 0.6494480483301671 0
    outer loop
      vertex 161.2729707730092 219.2270292269908 2.5
      vertex 161.2729707730092 219.2270292269908 6
      vertex 161.96086471203088 220.0324495470258 2.5
    endloop
  endfacet
  facet normal 0 0 1
    outer loop
      vertex 161.96086471203088 220.0324495470258 2.5
      vertex 162.5142940382715 220.93556412675807 2.5
      vertex 162.5142940382715 227.06443587324193 2.5
    endloop
  endfacet
  facet normal -0.8526401643540876 0.5224985647159563 0
    outer loop
      vertex 161.96086471203088 220.0324495470258 2.5
      vertex 161.96086471203088 220.0324495470258 6.5
      vertex 162.5142940382715 220.93556412675807 2.5
    endloop
  endfacet
  facet normal -0.9238795325112862 0.3826834323650913 0
    outer loop
      vertex 162.5142940382715 220.93556412675807 2.5
      vertex 162.5142940382715 220.93556412675807 6.5
      vertex 162.9196314849923 221.91413528796912 2.5
    endloop
  endfacet
  facet normal -0.9723699203976799 0.2334453638558917 0
    outer loop
      vertex 162.9196314849923 221.91413528796912 2.5
      vertex 162.9196314849923 221.91413528796912 6.5
      vertex 163.16689629901717 222.94406736097844 2.5
    endloop
  endfacet
  facet normal 0 0 1
    outer loop
      vertex 159.56443587324193 217.9857059617285 2.5
      vertex 160.4675504529742 229.46086471203088 2.5
      vertex 159.58776162371115 230 2.5
    endloop
  endfacet
  facet normal 0 0 1
    outer loop
      vertex 160.4675504529742 218.53913528796912 2.5
      vertex 161.2729707730092 228.7729707730092 2.5
      vertex 160.4675504529742 229.46086471203088 2.5
    endloop
  endfacet
  facet normal 0 0 1
    outer loop
      vertex 161.2729707730092 219.2270292269908 2.5
      vertex 161.96086471203088 227.9675504529742 2.5
      vertex 161.2729707730092 228.7729707730092 2.5
    endloop
  endfacet
  facet normal -0.5224985647159577 -0.8526401643540868 -6.069661762415205e-18
    outer loop
      vertex 160.4675504529742 229.46086471203088 2.5
      vertex 159.58776162371115 230 6
      vertex 159.58776162371115 230 2.5
    endloop
  endfacet
  facet normal -0.6494480483301672 -0.760405965600045 0
    outer loop
      vertex 160.4675504529742 229.46086471203088 2.5
      vertex 161.2729707730092 228.7729707730092 2.5
      vertex 160.4675504529742 229.46086471203088 6.5
    endloop
  endfacet
  facet normal -0.760405965600045 -0.6494480483301672 0
    outer loop
      vertex 161.96086471203088 227.9675504529742 2.5
      vertex 161.96086471203088 227.9675504529742 6.5
      vertex 161.2729707730092 228.7729707730092 2.5
    endloop
  endfacet
  facet normal 0 0 1
    outer loop
      vertex 162.5142940382715 220.93556412675807 2.5
      vertex 162.9196314849923 221.91413528796912 2.5
      vertex 162.9196314849923 226.08586471203088 2.5
    endloop
  endfacet
  facet normal 0 0 1
    outer loop
      vertex 162.9196314849923 221.91413528796912 2.5
      vertex 163.16689629901717 222.94406736097844 2.5
      vertex 163.16689629901717 225.05593263902156 2.5
    endloop
  endfacet
  facet normal 0 0 1
    outer loop
      vertex 163.16689629901717 222.94406736097844 2.5
      vertex 163.25 224 2.5
      vertex 163.16689629901717 225.05593263902156 2.5
    endloop
  endfacet
  facet normal 0 0 1
    outer loop
      vertex 162.9196314849923 221.91413528796912 2.5
      vertex 163.16689629901717 225.05593263902156 2.5
      vertex 162.9196314849923 226.08586471203088 2.5
    endloop
  endfacet
  facet normal 0 0 1
    outer loop
      vertex 161.96086471203088 220.0324495470258 2.5
      vertex 162.5142940382715 227.06443587324193 2.5
      vertex 161.96086471203088 227.9675504529742 2.5
    endloop
  endfacet
  facet normal 0 0 1
    outer loop
      vertex 162.5142940382715 220.93556412675807 2.5
      vertex 162.9196314849923 226.08586471203088 2.5
      vertex 162.5142940382715 227.06443587324193 2.5
    endloop
  endfacet
  facet normal -0.9969173337331272 0.07845909572785567 0
    outer loop
      vertex 163.16689629901717 222.94406736097844 2.5
      vertex 163.16689629901717 222.94406736097844 6.5
      vertex 163.25 224 2.5
    endloop
  endfacet
  facet normal -0.9723699203976799 -0.2334453638558917 0
    outer loop
      vertex 163.16689629901717 225.05593263902156 2.5
      vertex 163.16689629901717 225.05593263902156 6.5
      vertex 162.9196314849923 226.08586471203088 2.5
    endloop
  endfacet
  facet normal -0.9969173337331272 -0.07845909572785567 0
    outer loop
      vertex 163.25 224 2.5
      vertex 163.25 224 6.5
      vertex 163.16689629901717 225.05593263902156 2.5
    endloop
  endfacet
  facet normal -0.8526401643540876 -0.5224985647159563 -5.2539646554862134e-18
    outer loop
      vertex 161.96086471203088 227.9675504529742 2.5
      vertex 162.5142940382715 227.06443587324193 2.5
      vertex 162.5142940382715 227.06443587324193 6.5
    endloop
  endfacet
  facet normal -0.9238795325112862 -0.3826834323650913 0
    outer loop
      vertex 162.9196314849923 226.08586471203088 2.5
      vertex 162.9196314849923 226.08586471203088 6.5
      vertex 162.5142940382715 227.06443587324193 2.5
    endloop
  endfacet
  facet normal 0.2334453638558917 0.9723699203976799 0
    outer loop
      vertex 155.44406736097844 217.33310370098283 2.5
      vertex 154.41413528796912 217.5803685150077 6
      vertex 155.44406736097844 217.33310370098283 6
    endloop
  endfacet
  facet normal 0.07845909572785567 0.9969173337331272 0
    outer loop
      vertex 156.5 217.25 2.5
      vertex 155.44406736097844 217.33310370098283 6
      vertex 156.5 217.25 6
    endloop
  endfacet
  facet normal -0.07845909572785567 0.9969173337331272 0
    outer loop
      vertex 157.55593263902156 217.33310370098283 2.5
      vertex 156.5 217.25 6
      vertex 157.55593263902156 217.33310370098283 6
    endloop
  endfacet
  facet normal -0.2334453638558917 0.9723699203976799 0
    outer loop
      vertex 158.58586471203088 217.5803685150077 2.5
      vertex 157.55593263902156 217.33310370098283 6
      vertex 158.58586471203088 217.5803685150077 6
    endloop
  endfacet
  facet normal -0.3826834323650912 0.9238795325112862 0
    outer loop
      vertex 159.56443587324193 217.9857059617285 2.5
      vertex 158.58586471203088 217.5803685150077 6
      vertex 159.56443587324193 217.9857059617285 6
    endloop
  endfacet
  facet normal 0 0 -1
    outer loop
      vertex 155.82016261237513 221.90767566415067 6.5
      vertex 161.93315018066411 220 6.5
      vertex 151.06684981933589 220 6.5
    endloop
  endfacet
  facet normal 0 0 -1
    outer loop
      vertex 155.82016261237513 221.90767566415067 6.5
      vertex 156.1558441769115 221.8270856506907 6.5
      vertex 161.93315018066411 220 6.5
    endloop
  endfacet
  facet normal 0 0 -1
    outer loop
      vertex 156.1558441769115 221.8270856506907 6.5
      vertex 156.5 221.8 6.5
      vertex 161.93315018066411 220 6.5
    endloop
  endfacet
  facet normal 0 0 -1
    outer loop
      vertex 156.5 221.8 6.5
      vertex 156.8441558230885 221.8270856506907 6.5
      vertex 161.93315018066411 220 6.5
    endloop
  endfacet
  facet normal 0 0 -1
    outer loop
      vertex 156.8441558230885 221.8270856506907 6.5
      vertex 157.17983738762487 221.90767566415067 6.5
      vertex 161.93315018066411 220 6.5
    endloop
  endfacet
  facet normal 0 0 -1
    outer loop
      vertex 157.17983738762487 221.90767566415067 6.5
      vertex 157.498779099427 222.0397856467856 6.5
      vertex 161.93315018066411 220 6.5
    endloop
  endfacet
  facet normal 0 0 -1
    outer loop
      vertex 157.498779099427 222.0397856467856 6.5
      vertex 157.79312755504344 222.2201626123751 6.5
      vertex 161.93315018066411 220 6.5
    endloop
  endfacet
  facet normal 0 0 -1
    outer loop
      vertex 157.79312755504344 222.2201626123751 6.5
      vertex 158.0556349186104 222.4443650813896 6.5
      vertex 161.93315018066411 220 6.5
    endloop
  endfacet
  facet normal 0 0 -1
    outer loop
      vertex 154.5397856467856 224.998779099427 6.5
      vertex 153.41223837628885 230 6.5
      vertex 154.7201626123751 225.29312755504344 6.5
    endloop
  endfacet
  facet normal 0 0 -1
    outer loop
      vertex 154.7201626123751 225.29312755504344 6.5
      vertex 153.41223837628885 230 6.5
      vertex 154.9443650813896 225.5556349186104 6.5
    endloop
  endfacet
  facet normal 0 0 -1
    outer loop
      vertex 154.9443650813896 225.5556349186104 6.5
      vertex 153.41223837628885 230 6.5
      vertex 155.20687244495656 225.7798373876249 6.5
    endloop
  endfacet
  facet normal 0 0 -1
    outer loop
      vertex 155.20687244495656 225.7798373876249 6.5
      vertex 153.41223837628885 230 6.5
      vertex 155.501220900573 225.9602143532144 6.5
    endloop
  endfacet
  facet normal 0 0 -1
    outer loop
      vertex 155.501220900573 225.9602143532144 6.5
      vertex 153.41223837628885 230 6.5
      vertex 155.82016261237513 226.09232433584933 6.5
    endloop
  endfacet
  facet normal 0 0 -1
    outer loop
      vertex 155.82016261237513 226.09232433584933 6.5
      vertex 153.41223837628885 230 6.5
      vertex 156.1558441769115 226.1729143493093 6.5
    endloop
  endfacet
  facet normal 0 0 -1
    outer loop
      vertex 156.1558441769115 226.1729143493093 6.5
      vertex 153.41223837628885 230 6.5
      vertex 156.5 226.2 6.5
    endloop
  endfacet
  facet normal 0 0 -1
    outer loop
      vertex 156.5 226.2 6.5
      vertex 153.41223837628885 230 6.5
      vertex 156.8441558230885 226.1729143493093 6.5
    endloop
  endfacet
  facet normal 0 0 -1
    outer loop
      vertex 156.8441558230885 226.1729143493093 6.5
      vertex 153.41223837628885 230 6.5
      vertex 157.17983738762487 226.09232433584933 6.5
    endloop
  endfacet
  facet normal 0 0 -1
    outer loop
      vertex 157.17983738762487 226.09232433584933 6.5
      vertex 153.41223837628885 230 6.5
      vertex 159.58776162371115 230 6.5
    endloop
  endfacet
  facet normal 0 0 -1
    outer loop
      vertex 158.59232433584933 224.67983738762487 6.5
      vertex 159.58776162371115 230 6.5
      vertex 158.6729143493093 224.3441558230885 6.5
    endloop
  endfacet
  facet normal 0 0 -1
    outer loop
      vertex 157.498779099427 225.9602143532144 6.5
      vertex 159.58776162371115 230 6.5
      vertex 157.79312755504344 225.7798373876249 6.5
    endloop
  endfacet
  facet normal 0 0 -1
    outer loop
      vertex 158.0556349186104 225.5556349186104 6.5
      vertex 157.79312755504344 225.7798373876249 6.5
      vertex 159.58776162371115 230 6.5
    endloop
  endfacet
  facet normal 0 0 -1
    outer loop
      vertex 158.0556349186104 225.5556349186104 6.5
      vertex 159.58776162371115 230 6.5
      vertex 158.2798373876249 225.29312755504344 6.5
    endloop
  endfacet
  facet normal 0 0 -1
    outer loop
      vertex 157.17983738762487 226.09232433584933 6.5
      vertex 159.58776162371115 230 6.5
      vertex 157.498779099427 225.9602143532144 6.5
    endloop
  endfacet
  facet normal 0 0 -1
    outer loop
      vertex 158.4602143532144 224.998779099427 6.5
      vertex 158.2798373876249 225.29312755504344 6.5
      vertex 159.58776162371115 230 6.5
    endloop
  endfacet
  facet normal 0 0 -1
    outer loop
      vertex 158.59232433584933 224.67983738762487 6.5
      vertex 158.4602143532144 224.998779099427 6.5
      vertex 159.58776162371115 230 6.5
    endloop
  endfacet
  facet normal -0.5224985647159563 0.8526401643540876 0
    outer loop
      vertex 160.4675504529742 218.53913528796912 2.5
      vertex 159.56443587324193 217.9857059617285 6
      vertex 160.4675504529742 218.53913528796912 6
    endloop
  endfacet
  facet normal -0.6494480483301671 0.760405965600045 0
    outer loop
      vertex 161.2729707730092 219.2270292269908 2.5
      vertex 160.4675504529742 218.53913528796912 6
      vertex 161.2729707730092 219.2270292269908 6
    endloop
  endfacet
  facet normal -0.7604059656000406 0.6494480483301723 2.0591183071765727e-15
    outer loop
      vertex 161.96086471203088 220.0324495470258 2.5
      vertex 161.2729707730092 219.2270292269908 6
      vertex 161.93315018066411 220 6
    endloop
  endfacet
  facet normal -0.7604059656001503 0.6494480483300439 0
    outer loop
      vertex 161.96086471203088 220.0324495470258 2.5
      vertex 161.93315018066411 220 6
      vertex 161.96086471203088 220.0324495470258 6.5
    endloop
  endfacet
  facet normal -0.8526401643540876 0.5224985647159563 0
    outer loop
      vertex 162.5142940382715 220.93556412675807 2.5
      vertex 161.96086471203088 220.0324495470258 6.5
      vertex 162.5142940382715 220.93556412675807 6.5
    endloop
  endfacet
  facet normal -0.9238795325112862 0.3826834323650913 0
    outer loop
      vertex 162.9196314849923 221.91413528796912 2.5
      vertex 162.5142940382715 220.93556412675807 6.5
      vertex 162.9196314849923 221.91413528796912 6.5
    endloop
  endfacet
  facet normal -0.9723699203976799 0.2334453638558917 0
    outer loop
      vertex 163.16689629901717 222.94406736097844 2.5
      vertex 162.9196314849923 221.91413528796912 6.5
      vertex 163.16689629901717 222.94406736097844 6.5
    endloop
  endfacet
  facet normal 0 0 -1
    outer loop
      vertex 158.0556349186104 222.4443650813896 6.5
      vertex 158.2798373876249 222.70687244495656 6.5
      vertex 161.93315018066411 220 6.5
    endloop
  endfacet
  facet normal 0 0 -1
    outer loop
      vertex 158.2798373876249 222.70687244495656 6.5
      vertex 158.4602143532144 223.001220900573 6.5
      vertex 161.93315018066411 220 6.5
    endloop
  endfacet
  facet normal 0 0 -1
    outer loop
      vertex 158.4602143532144 223.001220900573 6.5
      vertex 158.59232433584933 223.32016261237513 6.5
      vertex 161.93315018066411 220 6.5
    endloop
  endfacet
  facet normal 0 0 -1
    outer loop
      vertex 158.59232433584933 223.32016261237513 6.5
      vertex 158.6729143493093 223.6558441769115 6.5
      vertex 161.93315018066411 220 6.5
    endloop
  endfacet
  facet normal 0 0 -1
    outer loop
      vertex 158.6729143493093 223.6558441769115 6.5
      vertex 158.7 224 6.5
      vertex 161.93315018066411 220 6.5
    endloop
  endfacet
  facet normal 0 0 -1
    outer loop
      vertex 158.7 224 6.5
      vertex 158.6729143493093 224.3441558230885 6.5
      vertex 161.93315018066411 220 6.5
    endloop
  endfacet
  facet normal -0.7604059656001503 0.6494480483300439 -1.8340737560282688e-18
    outer loop
      vertex 161.96086471203088 220.0324495470258 6.5
      vertex 161.93315018066411 220 6
      vertex 161.93315018066411 220 6.5
    endloop
  endfacet
  facet normal -0.5224985647159577 -0.8526401643540868 -4.2487632336906437e-17
    outer loop
      vertex 160.4675504529742 229.46086471203088 2.5
      vertex 159.58776162371115 230 6.5
      vertex 159.58776162371115 230 6
    endloop
  endfacet
  facet normal -0.5224985647159577 -0.8526401643540868 0
    outer loop
      vertex 160.4675504529742 229.46086471203088 2.5
      vertex 160.4675504529742 229.46086471203088 6.5
      vertex 159.58776162371115 230 6.5
    endloop
  endfacet
  facet normal -0.6494480483301672 -0.760405965600045 0
    outer loop
      vertex 161.2729707730092 228.7729707730092 2.5
      vertex 161.2729707730092 228.7729707730092 6.5
      vertex 160.4675504529742 229.46086471203088 6.5
    endloop
  endfacet
  facet normal -0.760405965600045 -0.6494480483301672 0
    outer loop
      vertex 161.2729707730092 228.7729707730092 2.5
      vertex 161.96086471203088 227.9675504529742 6.5
      vertex 161.2729707730092 228.7729707730092 6.5
    endloop
  endfacet
  facet normal -0.9969173337331272 -0.07845909572785567 0
    outer loop
      vertex 163.16689629901717 225.05593263902156 2.5
      vertex 163.25 224 6.5
      vertex 163.16689629901717 225.05593263902156 6.5
    endloop
  endfacet
  facet normal -0.9723699203976799 -0.2334453638558917 0
    outer loop
      vertex 162.9196314849923 226.08586471203088 2.5
      vertex 163.16689629901717 225.05593263902156 6.5
      vertex 162.9196314849923 226.08586471203088 6.5
    endloop
  endfacet
  facet normal -0.9969173337331272 0.07845909572785567 0
    outer loop
      vertex 163.25 224 2.5
      vertex 163.16689629901717 222.94406736097844 6.5
      vertex 163.25 224 6.5
    endloop
  endfacet
  facet normal -0.8526401643540876 -0.5224985647159563 0
    outer loop
      vertex 161.96086471203088 227.9675504529742 2.5
      vertex 162.5142940382715 227.06443587324193 6.5
      vertex 161.96086471203088 227.9675504529742 6.5
    endloop
  endfacet
  facet normal -0.9238795325112862 -0.3826834323650913 0
    outer loop
      vertex 162.5142940382715 227.06443587324193 2.5
      vertex 162.9196314849923 226.08586471203088 6.5
      vertex 162.5142940382715 227.06443587324193 6.5
    endloop
  endfacet
  facet normal 0 0 -1
    outer loop
      vertex 158.6729143493093 224.3441558230885 6.5
      vertex 159.58776162371115 230 6.5
      vertex 161.93315018066411 220 6.5
    endloop
  endfacet
  facet normal 0 0 -1
    outer loop
      vertex 161.96086471203088 220.0324495470258 6.5
      vertex 161.93315018066411 220 6.5
      vertex 161.2729707730092 228.7729707730092 6.5
    endloop
  endfacet
  facet normal 0 0 -1
    outer loop
      vertex 160.4675504529742 229.46086471203088 6.5
      vertex 161.2729707730092 228.7729707730092 6.5
      vertex 161.93315018066411 220 6.5
    endloop
  endfacet
  facet normal 0 0 -1
    outer loop
      vertex 161.96086471203088 220.0324495470258 6.5
      vertex 161.2729707730092 228.7729707730092 6.5
      vertex 161.96086471203088 227.9675504529742 6.5
    endloop
  endfacet
  facet normal 0 0 -1
    outer loop
      vertex 160.4675504529742 229.46086471203088 6.5
      vertex 161.93315018066411 220 6.5
      vertex 159.58776162371115 230 6.5
    endloop
  endfacet
  facet normal 0 0 -1
    outer loop
      vertex 161.96086471203088 220.0324495470258 6.5
      vertex 161.96086471203088 227.9675504529742 6.5
      vertex 162.5142940382715 220.93556412675807 6.5
    endloop
  endfacet
  facet normal 0 0 -1
    outer loop
      vertex 162.5142940382715 220.93556412675807 6.5
      vertex 162.5142940382715 227.06443587324193 6.5
      vertex 162.9196314849923 221.91413528796912 6.5
    endloop
  endfacet
  facet normal 0 0 -1
    outer loop
      vertex 162.9196314849923 221.91413528796912 6.5
      vertex 162.9196314849923 226.08586471203088 6.5
      vertex 163.16689629901717 222.94406736097844 6.5
    endloop
  endfacet
  facet normal 0 0 -1
    outer loop
      vertex 163.16689629901717 222.94406736097844 6.5
      vertex 163.16689629901717 225.05593263902156 6.5
      vertex 163.25 224 6.5
    endloop
  endfacet
  facet normal 0 0 -1
    outer loop
      vertex 162.5142940382715 220.93556412675807 6.5
      vertex 161.96086471203088 227.9675504529742 6.5
      vertex 162.5142940382715 227.06443587324193 6.5
    endloop
  endfacet
  facet normal 0 0 -1
    outer loop
      vertex 162.9196314849923 221.91413528796912 6.5
      vertex 162.5142940382715 227.06443587324193 6.5
      vertex 162.9196314849923 226.08586471203088 6.5
    endloop
  endfacet
  facet normal 0 0 -1
    outer loop
      vertex 163.16689629901717 222.94406736097844 6.5
      vertex 162.9196314849923 226.08586471203088 6.5
      vertex 163.16689629901717 225.05593263902156 6.5
    endloop
  endfacet
  facet normal 0.23344536385588388 0 0.9723699203976818
    outer loop
      vertex 7.734061409431607 221.82092982098825 51.02092982098827
      vertex 7.474671109562589 220 51.08320392229824
      vertex 7.734061409431607 220 51.02092982098827
    endloop
  endfacet
  facet normal 0.23344536385588874 0 0.9723699203976806
    outer loop
      vertex 7.474671109562589 221.87058145587855 51.08320392229824
      vertex 7.474671109562589 220 51.08320392229824
      vertex 7.655844176911492 221.8270856506907 51.03970811711038
    endloop
  endfacet
  facet normal 0.23344536385587275 1.6697592814058672e-15 0.9723699203976843
    outer loop
      vertex 7.734061409431607 221.82092982098825 51.02092982098827
      vertex 7.655844176911492 221.8270856506907 51.03970811711038
      vertex 7.474671109562589 220 51.08320392229824
    endloop
  endfacet
  facet normal 0.7604059656000368 0 0.6494480483301768
    outer loop
      vertex 6.797918471982869 222.16436953525638 51.49791847198287
      vertex 6.624671109562589 220 51.7007650711028
      vertex 6.797918471982869 220 51.49791847198287
    endloop
  endfacet
  facet normal 0.649448048330176 0 0.7604059656000374
    outer loop
      vertex 7.000765071102796 222.0400649794442 51.324671109562594
      vertex 6.797918471982869 220 51.49791847198287
      vertex 7.000765071102796 220 51.324671109562594
    endloop
  endfacet
  facet normal 0.5224985647159558 0 0.8526401643540878
    outer loop
      vertex 7.228216150442771 221.94576113569528 51.18528890887978
      vertex 7.000765071102796 220 51.324671109562594
      vertex 7.228216150442771 220 51.18528890887978
    endloop
  endfacet
  facet normal 0.38268343236509766 0 0.9238795325112835
    outer loop
      vertex 7.474671109562589 221.87058145587855 51.08320392229824
      vertex 7.228216150442771 220 51.18528890887978
      vertex 7.474671109562589 220 51.08320392229824
    endloop
  endfacet
  facet normal 0.8526401643540887 0 0.5224985647159546
    outer loop
      vertex 6.624671109562589 222.2903691852544 51.7007650711028
      vertex 6.485288908879775 220 51.92821615044277
      vertex 6.624671109562589 220 51.7007650711028
    endloop
  endfacet
  facet normal 0.9238795325112898 0 0.382683432365082
    outer loop
      vertex 6.485288908879775 222.409412830755 51.92821615044277
      vertex 6.3832039222982395 220 52.174671109562595
      vertex 6.485288908879775 220 51.92821615044277
    endloop
  endfacet
  facet normal 0.5224985647114441 0 0.8526401643568529
    outer loop
      vertex 7.000765071102796 222.0400649794442 51.324671109562594
      vertex 7.000765071102796 220 51.324671109562594
      vertex 7.001220900572997 222.0397856467856 51.324391776904
    endloop
  endfacet
  facet normal 0.649448048330176 0 0.7604059656000375
    outer loop
      vertex 6.797918471982869 222.16436953525638 51.49791847198287
      vertex 6.797918471982869 220 51.49791847198287
      vertex 7.000765071102796 222.0400649794442 51.324671109562594
    endloop
  endfacet
  facet normal 0.3826834323651072 -1.4748968122527615e-15 0.9238795325112794
    outer loop
      vertex 7.474671109562589 221.87058145587855 51.08320392229824
      vertex 7.320162612375116 221.90767566415067 51.14720343733518
      vertex 7.228216150442771 220 51.18528890887978
    endloop
  endfacet
  facet normal 0.38268343236508107 0 0.9238795325112904
    outer loop
      vertex 7.228216150442771 221.94576113569528 51.18528890887978
      vertex 7.228216150442771 220 51.18528890887978
      vertex 7.320162612375116 221.90767566415067 51.14720343733518
    endloop
  endfacet
  facet normal 0.5224985647159645 -1.3889222524825047e-15 0.8526401643540827
    outer loop
      vertex 7.228216150442771 221.94576113569528 51.18528890887978
      vertex 7.001220900572997 222.0397856467856 51.324391776904
      vertex 7.000765071102796 220 51.324671109562594
    endloop
  endfacet
  facet normal 0.760405965600031 1.0887143072049446e-15 0.6494480483301837
    outer loop
      vertex 6.797918471982869 222.16436953525638 51.49791847198287
      vertex 6.706872444956559 222.2201626123751 51.604519673222896
      vertex 6.624671109562589 220 51.7007650711028
    endloop
  endfacet
  facet normal 0.7604059656000434 0 0.649448048330169
    outer loop
      vertex 6.624671109562589 222.2903691852544 51.7007650711028
      vertex 6.624671109562589 220 51.7007650711028
      vertex 6.706872444956559 222.2201626123751 51.604519673222896
    endloop
  endfacet
  facet normal 0.8526401643540887 -1.7813570806488497e-19 0.5224985647159546
    outer loop
      vertex 6.624671109562589 222.2903691852544 51.7007650711028
      vertex 6.485288908879775 222.409412830755 51.92821615044277
      vertex 6.485288908879775 220 51.92821615044277
    endloop
  endfacet
  facet normal 0.9238795325112934 -1.0141169057990033e-15 0.3826834323650736
    outer loop
      vertex 6.485288908879775 222.409412830755 51.92821615044277
      vertex 6.444365081389595 222.4443650813896 52.027015009793786
      vertex 6.3832039222982395 220 52.174671109562595
    endloop
  endfacet
  facet normal 0.07845909572786694 0 0.9969173337331262
    outer loop
      vertex 8 221.8 51
      vertex 7.734061409431607 220 51.02092982098827
      vertex 8 220 51
    endloop
  endfacet
  facet normal -0.07845909572786695 0 0.9969173337331263
    outer loop
      vertex 8.265938590568393 221.82092982098825 51.02092982098827
      vertex 8 220 51
      vertex 8.265938590568393 220 51.02092982098827
    endloop
  endfacet
  facet normal -0.23344536385588385 5.070582779411265e-16 0.9723699203976817
    outer loop
      vertex 8.344155823088508 221.8270856506907 51.03970811711038
      vertex 8.265938590568393 220 51.02092982098827
      vertex 8.525328890437411 220 51.08320392229824
    endloop
  endfacet
  facet normal 0.07845909572786695 -4.933939687057174e-19 0.9969173337331263
    outer loop
      vertex 8 221.8 51
      vertex 7.734061409431607 221.82092982098825 51.02092982098827
      vertex 7.734061409431607 220 51.02092982098827
    endloop
  endfacet
  facet normal -0.07845909572786694 0 0.9969173337331262
    outer loop
      vertex 8 221.8 51
      vertex 8 220 51
      vertex 8.265938590568393 221.82092982098825 51.02092982098827
    endloop
  endfacet
  facet normal -0.23344536385587267 0 0.9723699203976844
    outer loop
      vertex 8.265938590568393 221.82092982098825 51.02092982098827
      vertex 8.265938590568393 220 51.02092982098827
      vertex 8.344155823088508 221.8270856506907 51.03970811711038
    endloop
  endfacet
  facet normal -0.2334453638558887 6.529104019288337e-19 0.9723699203976806
    outer loop
      vertex 8.344155823088508 221.8270856506907 51.03970811711038
      vertex 8.525328890437411 220 51.08320392229824
      vertex 8.525328890437411 221.87058145587855 51.08320392229824
    endloop
  endfacet
  facet normal -0.3826834323650976 -9.37410192788782e-16 0.9238795325112834
    outer loop
      vertex 8.679837387624884 221.90767566415067 51.14720343733518
      vertex 8.525328890437411 220 51.08320392229824
      vertex 8.77178384955723 220 51.18528890887978
    endloop
  endfacet
  facet normal -0.5224985647159558 1.355701982045691e-15 0.8526401643540878
    outer loop
      vertex 8.998779099427002 222.0397856467856 51.324391776903994
      vertex 8.77178384955723 220 51.18528890887978
      vertex 8.999234928897204 220 51.324671109562594
    endloop
  endfacet
  facet normal -0.38268343236510755 0 0.9238795325112794
    outer loop
      vertex 8.525328890437411 221.87058145587855 51.08320392229824
      vertex 8.525328890437411 220 51.08320392229824
      vertex 8.679837387624884 221.90767566415067 51.14720343733518
    endloop
  endfacet
  facet normal -0.38268343236508107 2.5988790943900997e-19 0.9238795325112904
    outer loop
      vertex 8.679837387624884 221.90767566415067 51.14720343733518
      vertex 8.77178384955723 220 51.18528890887978
      vertex 8.77178384955723 221.94576113569528 51.18528890887978
    endloop
  endfacet
  facet normal -0.5224985647159469 0 0.8526401643540933
    outer loop
      vertex 8.77178384955723 221.94576113569528 51.18528890887978
      vertex 8.77178384955723 220 51.18528890887978
      vertex 8.998779099427002 222.0397856467856 51.324391776903994
    endloop
  endfacet
  facet normal -0.6494480483301777 0 0.760405965600036
    outer loop
      vertex 9.20208152801713 222.16436953525638 51.49791847198287
      vertex 8.999234928897204 220 51.324671109562594
      vertex 9.20208152801713 220 51.49791847198287
    endloop
  endfacet
  facet normal -0.7604059656000351 7.319128089302077e-16 0.6494480483301788
    outer loop
      vertex 9.29312755504344 222.2201626123751 51.604519673222896
      vertex 9.20208152801713 220 51.49791847198287
      vertex 9.37532889043741 220 51.7007650711028
    endloop
  endfacet
  facet normal -0.8526401643540872 0 0.5224985647159569
    outer loop
      vertex 9.37532889043741 222.2903691852544 51.7007650711028
      vertex 9.37532889043741 220 51.7007650711028
      vertex 9.514711091120226 220 51.92821615044277
    endloop
  endfacet
  facet normal -0.9238795325112911 4.965035279710074e-16 0.38268343236507923
    outer loop
      vertex 9.555634918610405 222.4443650813896 52.02701500979378
      vertex 9.514711091120226 220 51.92821615044277
      vertex 9.61679607770176 220 52.174671109562595
    endloop
  endfacet
  facet normal -0.5224985647203663 0 0.8526401643513852
    outer loop
      vertex 8.999234928897204 222.0400649794442 51.324671109562594
      vertex 8.998779099427002 222.0397856467856 51.324391776903994
      vertex 8.999234928897204 220 51.324671109562594
    endloop
  endfacet
  facet normal -0.6494480483301778 0 0.760405965600036
    outer loop
      vertex 8.999234928897204 222.0400649794442 51.324671109562594
      vertex 8.999234928897204 220 51.324671109562594
      vertex 9.20208152801713 222.16436953525638 51.49791847198287
    endloop
  endfacet
  facet normal -0.7604059656000275 0 0.6494480483301875
    outer loop
      vertex 9.20208152801713 222.16436953525638 51.49791847198287
      vertex 9.20208152801713 220 51.49791847198287
      vertex 9.29312755504344 222.2201626123751 51.604519673222896
    endloop
  endfacet
  facet normal -0.7604059656000434 -1.8172083258395069e-19 0.649448048330169
    outer loop
      vertex 9.29312755504344 222.2201626123751 51.604519673222896
      vertex 9.37532889043741 220 51.7007650711028
      vertex 9.37532889043741 222.2903691852544 51.7007650711028
    endloop
  endfacet
  facet normal -0.8526401643540873 1.406035692926438e-18 0.522498564715957
    outer loop
      vertex 9.37532889043741 222.2903691852544 51.7007650711028
      vertex 9.514711091120226 220 51.92821615044277
      vertex 9.514711091120226 222.409412830755 51.92821615044277
    endloop
  endfacet
  facet normal -0.9238795325112866 0 0.38268343236508967
    outer loop
      vertex 9.514711091120226 222.409412830755 51.92821615044277
      vertex 9.514711091120226 220 51.92821615044277
      vertex 9.555634918610405 222.4443650813896 52.02701500979378
    endloop
  endfacet
  facet normal 0.9723699203976758 0 0.23344536385590908
    outer loop
      vertex 6.3832039222982395 222.51597559797466 52.174671109562595
      vertex 6.320929820988265 220 52.434061409431614
      vertex 6.3832039222982395 220 52.174671109562595
    endloop
  endfacet
  facet normal 0.996917333733128 0 0.07845909572784483
    outer loop
      vertex 6.320929820988265 222.5888892024735 52.434061409431614
      vertex 6.3 220 52.7
      vertex 6.320929820988265 220 52.434061409431614
    endloop
  endfacet
  facet normal 0.996917333733128 0 -0.07845909572784483
    outer loop
      vertex 6.320929820988265 222.5888892024735 52.96593859056839
      vertex 6.320929820988265 220 52.96593859056839
      vertex 6.3 220 52.7
    endloop
  endfacet
  facet normal 0.9238795325112875 7.677176508782355e-19 0.38268343236508795
    outer loop
      vertex 6.444365081389595 222.4443650813896 52.027015009793786
      vertex 6.3832039222982395 222.51597559797466 52.174671109562595
      vertex 6.3832039222982395 220 52.174671109562595
    endloop
  endfacet
  facet normal 0.9723699203976757 1.8203531270193282e-18 0.23344536385590903
    outer loop
      vertex 6.3832039222982395 222.51597559797466 52.174671109562595
      vertex 6.320929820988265 222.5888892024735 52.434061409431614
      vertex 6.320929820988265 220 52.434061409431614
    endloop
  endfacet
  facet normal 0.9969173337331281 0 0.07845909572784485
    outer loop
      vertex 6.3 222.6133948742964 52.7
      vertex 6.3 220 52.7
      vertex 6.320929820988265 222.5888892024735 52.434061409431614
    endloop
  endfacet
  facet normal 0.9969173337331281 0 -0.07845909572784485
    outer loop
      vertex 6.3 222.6133948742964 52.7
      vertex 6.320929820988265 222.5888892024735 52.96593859056839
      vertex 6.3 220 52.7
    endloop
  endfacet
  facet normal 0.9723699203976758 0 -0.23344536385590908
    outer loop
      vertex 6.3832039222982395 222.51597559797466 53.22532889043741
      vertex 6.3832039222982395 220 53.22532889043741
      vertex 6.320929820988265 220 52.96593859056839
    endloop
  endfacet
  facet normal 0.9723699203976757 0 -0.23344536385590903
    outer loop
      vertex 6.320929820988265 222.5888892024735 52.96593859056839
      vertex 6.3832039222982395 222.51597559797466 53.22532889043741
      vertex 6.320929820988265 220 52.96593859056839
    endloop
  endfacet
  facet normal 0.9238795325112874 0 -0.38268343236508784
    outer loop
      vertex 6.3832039222982395 222.51597559797466 53.22532889043741
      vertex 6.444365081389595 222.4443650813896 53.37298499020622
      vertex 6.3832039222982395 220 53.22532889043741
    endloop
  endfacet
  facet normal 0.92387953251129 -4.147158972318548e-16 -0.38268343236508207
    outer loop
      vertex 6.444365081389595 222.4443650813896 53.37298499020622
      vertex 6.485288908879775 220 53.471783849557234
      vertex 6.3832039222982395 220 53.22532889043741
    endloop
  endfacet
  facet normal 0.8526401643540887 0 -0.5224985647159546
    outer loop
      vertex 6.624671109562589 222.2903691852544 53.699234928897205
      vertex 6.624671109562589 220 53.699234928897205
      vertex 6.485288908879775 220 53.471783849557234
    endloop
  endfacet
  facet normal 0.7604059656000367 5.854614992367224e-16 -0.6494480483301769
    outer loop
      vertex 6.706872444956559 222.2201626123751 53.79548032677711
      vertex 6.797918471982869 220 53.902081528017135
      vertex 6.624671109562589 220 53.699234928897205
    endloop
  endfacet
  facet normal 0.649448048330176 0 -0.7604059656000375
    outer loop
      vertex 6.797918471982869 222.16436953525638 53.902081528017135
      vertex 7.000765071102796 220 54.07532889043741
      vertex 6.797918471982869 220 53.902081528017135
    endloop
  endfacet
  facet normal 0.9238795325112936 0 -0.3826834323650733
    outer loop
      vertex 6.485288908879775 222.409412830755 53.471783849557234
      vertex 6.485288908879775 220 53.471783849557234
      vertex 6.444365081389595 222.4443650813896 53.37298499020622
    endloop
  endfacet
  facet normal 0.8526401643540887 0 -0.5224985647159545
    outer loop
      vertex 6.485288908879775 222.409412830755 53.471783849557234
      vertex 6.624671109562589 222.2903691852544 53.699234928897205
      vertex 6.485288908879775 220 53.471783849557234
    endloop
  endfacet
  facet normal 0.7604059656000434 0 -0.649448048330169
    outer loop
      vertex 6.624671109562589 222.2903691852544 53.699234928897205
      vertex 6.706872444956559 222.2201626123751 53.79548032677711
      vertex 6.624671109562589 220 53.699234928897205
    endloop
  endfacet
  facet normal 0.7604059656000307 6.484384754671556e-19 -0.649448048330184
    outer loop
      vertex 6.706872444956559 222.2201626123751 53.79548032677711
      vertex 6.797918471982869 222.16436953525638 53.902081528017135
      vertex 6.797918471982869 220 53.902081528017135
    endloop
  endfacet
  facet normal -0.9723699203976758 0 0.23344536385590908
    outer loop
      vertex 9.61679607770176 222.51597559797466 52.174671109562595
      vertex 9.61679607770176 220 52.174671109562595
      vertex 9.679070179011735 220 52.434061409431614
    endloop
  endfacet
  facet normal -0.9969173337331282 0 0.07845909572784152
    outer loop
      vertex 9.679070179011735 222.5888892024735 52.434061409431614
      vertex 9.679070179011735 220 52.434061409431614
      vertex 9.7 220 52.7
    endloop
  endfacet
  facet normal -0.9969173337331282 0 -0.07845909572784152
    outer loop
      vertex 9.679070179011735 222.5888892024735 52.96593859056839
      vertex 9.7 220 52.7
      vertex 9.679070179011735 220 52.96593859056839
    endloop
  endfacet
  facet normal -0.9238795325112941 1.4588098873095058e-18 0.38268343236507224
    outer loop
      vertex 9.555634918610405 222.4443650813896 52.02701500979378
      vertex 9.61679607770176 220 52.174671109562595
      vertex 9.61679607770176 222.51597559797466 52.174671109562595
    endloop
  endfacet
  facet normal -0.9723699203976757 -1.8203531270193282e-18 0.23344536385590903
    outer loop
      vertex 9.61679607770176 222.51597559797466 52.174671109562595
      vertex 9.679070179011735 220 52.434061409431614
      vertex 9.679070179011735 222.5888892024735 52.434061409431614
    endloop
  endfacet
  facet normal -0.9969173337331282 -2.6329734552660382e-20 0.07845909572784152
    outer loop
      vertex 9.679070179011735 222.5888892024735 52.434061409431614
      vertex 9.7 220 52.7
      vertex 9.7 222.6133948742964 52.7
    endloop
  endfacet
  facet normal -0.9969173337331282 0 -0.07845909572784152
    outer loop
      vertex 9.7 222.6133948742964 52.7
      vertex 9.7 220 52.7
      vertex 9.679070179011735 222.5888892024735 52.96593859056839
    endloop
  endfacet
  facet normal -0.9723699203976758 0 -0.23344536385590908
    outer loop
      vertex 9.61679607770176 222.51597559797466 53.22532889043741
      vertex 9.679070179011735 220 52.96593859056839
      vertex 9.61679607770176 220 53.22532889043741
    endloop
  endfacet
  facet normal -0.9238795325112912 0 -0.38268343236507923
    outer loop
      vertex 9.514711091120226 222.409412830755 53.471783849557234
      vertex 9.61679607770176 220 53.22532889043741
      vertex 9.514711091120226 220 53.471783849557234
    endloop
  endfacet
  facet normal -0.8526401643540872 0 -0.5224985647159569
    outer loop
      vertex 9.37532889043741 222.2903691852544 53.699234928897205
      vertex 9.514711091120226 220 53.471783849557234
      vertex 9.37532889043741 220 53.699234928897205
    endloop
  endfacet
  facet normal -0.7604059656000351 0 -0.6494480483301788
    outer loop
      vertex 9.20208152801713 222.16436953525638 53.902081528017135
      vertex 9.37532889043741 220 53.699234928897205
      vertex 9.20208152801713 220 53.902081528017135
    endloop
  endfacet
  facet normal -0.9238795325112941 0 -0.3826834323650722
    outer loop
      vertex 9.61679607770176 222.51597559797466 53.22532889043741
      vertex 9.61679607770176 220 53.22532889043741
      vertex 9.555634918610405 222.4443650813896 53.37298499020623
    endloop
  endfacet
  facet normal -0.923879532511287 1.2127299818658573e-15 -0.3826834323650893
    outer loop
      vertex 9.514711091120226 222.409412830755 53.471783849557234
      vertex 9.555634918610405 222.4443650813896 53.37298499020623
      vertex 9.61679607770176 220 53.22532889043741
    endloop
  endfacet
  facet normal -0.9723699203976757 0 -0.23344536385590903
    outer loop
      vertex 9.679070179011735 222.5888892024735 52.96593859056839
      vertex 9.679070179011735 220 52.96593859056839
      vertex 9.61679607770176 222.51597559797466 53.22532889043741
    endloop
  endfacet
  facet normal -0.8526401643540873 -1.4060356929264383e-18 -0.522498564715957
    outer loop
      vertex 9.37532889043741 222.2903691852544 53.699234928897205
      vertex 9.514711091120226 222.409412830755 53.471783849557234
      vertex 9.514711091120226 220 53.471783849557234
    endloop
  endfacet
  facet normal -0.7604059656000434 0 -0.649448048330169
    outer loop
      vertex 9.37532889043741 222.2903691852544 53.699234928897205
      vertex 9.37532889043741 220 53.699234928897205
      vertex 9.29312755504344 222.2201626123751 53.79548032677711
    endloop
  endfacet
  facet normal -0.7604059656000279 1.359882370631063e-15 -0.6494480483301872
    outer loop
      vertex 9.29312755504344 222.2201626123751 53.79548032677711
      vertex 9.37532889043741 220 53.699234928897205
      vertex 9.20208152801713 222.16436953525638 53.902081528017135
    endloop
  endfacet
  facet normal -0.6494480483301777 0 -0.760405965600036
    outer loop
      vertex 9.20208152801713 222.16436953525638 53.902081528017135
      vertex 9.20208152801713 220 53.902081528017135
      vertex 8.999234928897204 222.0400649794442 54.07532889043741
    endloop
  endfacet
  facet normal 0.2334453638558727 0 0.9723699203976844
    outer loop
      vertex 7.734061409431607 226.17907017901175 51.02092982098827
      vertex 7.734061409431607 230 51.02092982098827
      vertex 7.655844176911492 226.1729143493093 51.03970811711038
    endloop
  endfacet
  facet normal 0.2334453638558888 -3.480923943444831e-16 0.9723699203976806
    outer loop
      vertex 7.474671109562589 226.12941854412145 51.08320392229824
      vertex 7.655844176911492 226.1729143493093 51.03970811711038
      vertex 7.734061409431607 230 51.02092982098827
    endloop
  endfacet
  facet normal 0.2334453638558839 0 0.9723699203976818
    outer loop
      vertex 7.474671109562589 226.12941854412145 51.08320392229824
      vertex 7.734061409431607 230 51.02092982098827
      vertex 7.474671109562589 230 51.08320392229824
    endloop
  endfacet
  facet normal 0.649448048330176 -1.237062296992645e-18 0.7604059656000375
    outer loop
      vertex 6.797918471982869 225.83563046474362 51.49791847198287
      vertex 7.000765071102796 225.9599350205558 51.324671109562594
      vertex 7.000765071102796 230 51.324671109562594
    endloop
  endfacet
  facet normal 0.7604059656000308 0 0.649448048330184
    outer loop
      vertex 6.797918471982869 225.83563046474362 51.49791847198287
      vertex 6.797918471982869 230 51.49791847198287
      vertex 6.706872444956559 225.7798373876249 51.604519673222896
    endloop
  endfacet
  facet normal 0.522498564711444 0 0.8526401643568527
    outer loop
      vertex 7.000765071102796 225.9599350205558 51.324671109562594
      vertex 7.001220900572997 225.9602143532144 51.324391776904
      vertex 7.000765071102796 230 51.324671109562594
    endloop
  endfacet
  facet normal 0.382683432365081 0 0.9238795325112903
    outer loop
      vertex 7.228216150442771 226.05423886430472 51.18528890887978
      vertex 7.320162612375116 226.09232433584933 51.14720343733518
      vertex 7.228216150442771 230 51.18528890887978
    endloop
  endfacet
  facet normal 0.5224985647159649 0 0.8526401643540823
    outer loop
      vertex 7.228216150442771 226.05423886430472 51.18528890887978
      vertex 7.228216150442771 230 51.18528890887978
      vertex 7.001220900572997 225.9602143532144 51.324391776904
    endloop
  endfacet
  facet normal 0.38268343236510755 0 0.9238795325112794
    outer loop
      vertex 7.474671109562589 226.12941854412145 51.08320392229824
      vertex 7.474671109562589 230 51.08320392229824
      vertex 7.320162612375116 226.09232433584933 51.14720343733518
    endloop
  endfacet
  facet normal 0.7604059656000434 0 0.6494480483301691
    outer loop
      vertex 6.624671109562589 225.7096308147456 51.7007650711028
      vertex 6.706872444956559 225.7798373876249 51.604519673222896
      vertex 6.624671109562589 230 51.7007650711028
    endloop
  endfacet
  facet normal 0.8526401643540887 -9.733778103822293e-20 0.5224985647159545
    outer loop
      vertex 6.624671109562589 225.7096308147456 51.7007650711028
      vertex 6.485288908879775 230 51.92821615044277
      vertex 6.485288908879775 225.590587169245 51.92821615044277
    endloop
  endfacet
  facet normal 0.9238795325112936 0 0.38268343236507324
    outer loop
      vertex 6.485288908879775 225.590587169245 51.92821615044277
      vertex 6.485288908879775 230 51.92821615044277
      vertex 6.444365081389595 225.5556349186104 52.027015009793786
    endloop
  endfacet
  facet normal 0.6494480483301761 0 0.7604059656000375
    outer loop
      vertex 6.797918471982869 225.83563046474362 51.49791847198287
      vertex 7.000765071102796 230 51.324671109562594
      vertex 6.797918471982869 230 51.49791847198287
    endloop
  endfacet
  facet normal 0.38268343236509766 4.576312790019202e-16 0.9238795325112835
    outer loop
      vertex 7.320162612375116 226.09232433584933 51.14720343733518
      vertex 7.474671109562589 230 51.08320392229824
      vertex 7.228216150442771 230 51.18528890887978
    endloop
  endfacet
  facet normal 0.5224985647159558 7.002673351760582e-16 0.852640164354088
    outer loop
      vertex 7.001220900572997 225.9602143532144 51.324391776904
      vertex 7.228216150442771 230 51.18528890887978
      vertex 7.000765071102796 230 51.324671109562594
    endloop
  endfacet
  facet normal 0.7604059656000367 -3.080022859258756e-16 0.6494480483301769
    outer loop
      vertex 6.706872444956559 225.7798373876249 51.604519673222896
      vertex 6.797918471982869 230 51.49791847198287
      vertex 6.624671109562589 230 51.7007650711028
    endloop
  endfacet
  facet normal 0.8526401643540887 0 0.5224985647159545
    outer loop
      vertex 6.624671109562589 225.7096308147456 51.7007650711028
      vertex 6.624671109562589 230 51.7007650711028
      vertex 6.485288908879775 230 51.92821615044277
    endloop
  endfacet
  facet normal 0.92387953251129 2.280904109645624e-16 0.38268343236508207
    outer loop
      vertex 6.444365081389595 225.5556349186104 52.027015009793786
      vertex 6.485288908879775 230 51.92821615044277
      vertex 6.3832039222982395 230 52.174671109562595
    endloop
  endfacet
  facet normal 0.07845909572786695 0 0.9969173337331262
    outer loop
      vertex 8 226.2 51
      vertex 8 230 51
      vertex 7.734061409431607 226.17907017901175 51.02092982098827
    endloop
  endfacet
  facet normal -0.07845909572786695 2.3513538149193556e-19 0.9969173337331262
    outer loop
      vertex 8 226.2 51
      vertex 8.265938590568393 226.17907017901175 51.02092982098827
      vertex 8.265938590568393 230 51.02092982098827
    endloop
  endfacet
  facet normal -0.23344536385587275 -8.003973291540765e-16 0.9723699203976844
    outer loop
      vertex 8.265938590568393 226.17907017901175 51.02092982098827
      vertex 8.344155823088508 226.1729143493093 51.03970811711038
      vertex 8.525328890437411 230 51.08320392229824
    endloop
  endfacet
  facet normal -0.2334453638558887 3.1553969451886136e-19 0.9723699203976806
    outer loop
      vertex 8.344155823088508 226.1729143493093 51.03970811711038
      vertex 8.525328890437411 226.12941854412145 51.08320392229824
      vertex 8.525328890437411 230 51.08320392229824
    endloop
  endfacet
  facet normal 0.07845909572786695 0 0.9969173337331262
    outer loop
      vertex 7.734061409431607 226.17907017901175 51.02092982098827
      vertex 8 230 51
      vertex 7.734061409431607 230 51.02092982098827
    endloop
  endfacet
  facet normal -0.07845909572786695 0 0.9969173337331262
    outer loop
      vertex 8 226.2 51
      vertex 8.265938590568393 230 51.02092982098827
      vertex 8 230 51
    endloop
  endfacet
  facet normal -0.23344536385588385 0 0.9723699203976818
    outer loop
      vertex 8.265938590568393 226.17907017901175 51.02092982098827
      vertex 8.525328890437411 230 51.08320392229824
      vertex 8.265938590568393 230 51.02092982098827
    endloop
  endfacet
  facet normal -0.3826834323651074 7.242654535162363e-16 0.9238795325112795
    outer loop
      vertex 8.525328890437411 226.12941854412145 51.08320392229824
      vertex 8.679837387624884 226.09232433584933 51.14720343733518
      vertex 8.77178384955723 230 51.18528890887978
    endloop
  endfacet
  facet normal -0.382683432365081 0 0.9238795325112903
    outer loop
      vertex 8.77178384955723 226.05423886430472 51.18528890887978
      vertex 8.77178384955723 230 51.18528890887978
      vertex 8.679837387624884 226.09232433584933 51.14720343733518
    endloop
  endfacet
  facet normal -0.5224985647159471 -6.851584419989436e-16 0.8526401643540933
    outer loop
      vertex 8.77178384955723 226.05423886430472 51.18528890887978
      vertex 8.998779099427002 225.9602143532144 51.324391776903994
      vertex 8.999234928897204 230 51.324671109562594
    endloop
  endfacet
  facet normal -0.38268343236509766 0 0.9238795325112835
    outer loop
      vertex 8.525328890437411 226.12941854412145 51.08320392229824
      vertex 8.77178384955723 230 51.18528890887978
      vertex 8.525328890437411 230 51.08320392229824
    endloop
  endfacet
  facet normal -0.5224985647159558 0 0.8526401643540878
    outer loop
      vertex 8.77178384955723 226.05423886430472 51.18528890887978
      vertex 8.999234928897204 230 51.324671109562594
      vertex 8.77178384955723 230 51.18528890887978
    endloop
  endfacet
  facet normal -0.6494480483301777 1.0290683637835228e-19 0.760405965600036
    outer loop
      vertex 8.999234928897204 225.9599350205558 51.324671109562594
      vertex 9.20208152801713 225.83563046474362 51.49791847198287
      vertex 9.20208152801713 230 51.49791847198287
    endloop
  endfacet
  facet normal -0.5224985647203663 0 0.8526401643513852
    outer loop
      vertex 8.999234928897204 225.9599350205558 51.324671109562594
      vertex 8.999234928897204 230 51.324671109562594
      vertex 8.998779099427002 225.9602143532144 51.324391776903994
    endloop
  endfacet
  facet normal -0.7604059656000278 -7.220394078831123e-16 0.6494480483301874
    outer loop
      vertex 9.20208152801713 225.83563046474362 51.49791847198287
      vertex 9.29312755504344 225.7798373876249 51.604519673222896
      vertex 9.37532889043741 230 51.7007650711028
    endloop
  endfacet
  facet normal -0.7604059656000434 -9.700978570784126e-20 0.6494480483301691
    outer loop
      vertex 9.29312755504344 225.7798373876249 51.604519673222896
      vertex 9.37532889043741 225.7096308147456 51.7007650711028
      vertex 9.37532889043741 230 51.7007650711028
    endloop
  endfacet
  facet normal -0.8526401643540873 7.682928700636991e-19 0.522498564715957
    outer loop
      vertex 9.37532889043741 225.7096308147456 51.7007650711028
      vertex 9.514711091120226 225.590587169245 51.92821615044277
      vertex 9.514711091120226 230 51.92821615044277
    endloop
  endfacet
  facet normal -0.9238795325112868 -6.733315306262421e-16 0.3826834323650895
    outer loop
      vertex 9.514711091120226 225.590587169245 51.92821615044277
      vertex 9.555634918610405 225.5556349186104 52.02701500979378
      vertex 9.61679607770176 230 52.174671109562595
    endloop
  endfacet
  facet normal -0.7604059656000351 0 0.6494480483301789
    outer loop
      vertex 9.20208152801713 225.83563046474362 51.49791847198287
      vertex 9.37532889043741 230 51.7007650711028
      vertex 9.20208152801713 230 51.49791847198287
    endloop
  endfacet
  facet normal -0.6494480483301778 0 0.7604059656000361
    outer loop
      vertex 8.999234928897204 225.9599350205558 51.324671109562594
      vertex 9.20208152801713 230 51.49791847198287
      vertex 8.999234928897204 230 51.324671109562594
    endloop
  endfacet
  facet normal -0.8526401643540872 0 0.5224985647159569
    outer loop
      vertex 9.37532889043741 225.7096308147456 51.7007650711028
      vertex 9.514711091120226 230 51.92821615044277
      vertex 9.37532889043741 230 51.7007650711028
    endloop
  endfacet
  facet normal -0.9238795325112911 0 0.38268343236507923
    outer loop
      vertex 9.514711091120226 225.590587169245 51.92821615044277
      vertex 9.61679607770176 230 52.174671109562595
      vertex 9.514711091120226 230 51.92821615044277
    endloop
  endfacet
  facet normal 0.9238795325112875 4.277168540526086e-19 0.3826834323650879
    outer loop
      vertex 6.444365081389595 225.5556349186104 52.027015009793786
      vertex 6.3832039222982395 230 52.174671109562595
      vertex 6.3832039222982395 225.48402440202534 52.174671109562595
    endloop
  endfacet
  facet normal 0.9723699203976757 1.0269789370135534e-18 0.23344536385590908
    outer loop
      vertex 6.3832039222982395 225.48402440202534 52.174671109562595
      vertex 6.320929820988265 230 52.434061409431614
      vertex 6.320929820988265 225.4111107975265 52.434061409431614
    endloop
  endfacet
  facet normal 0.9969173337331281 0 0.07845909572784483
    outer loop
      vertex 6.3 225.3866051257036 52.7
      vertex 6.320929820988265 225.4111107975265 52.434061409431614
      vertex 6.3 230 52.7
    endloop
  endfacet
  facet normal 0.9969173337331281 0 -0.07845909572784483
    outer loop
      vertex 6.3 225.3866051257036 52.7
      vertex 6.3 230 52.7
      vertex 6.320929820988265 225.4111107975265 52.96593859056839
    endloop
  endfacet
  facet normal 0.9723699203976757 0 0.23344536385590905
    outer loop
      vertex 6.3832039222982395 225.48402440202534 52.174671109562595
      vertex 6.3832039222982395 230 52.174671109562595
      vertex 6.320929820988265 230 52.434061409431614
    endloop
  endfacet
  facet normal 0.996917333733128 0 0.07845909572784482
    outer loop
      vertex 6.320929820988265 225.4111107975265 52.434061409431614
      vertex 6.320929820988265 230 52.434061409431614
      vertex 6.3 230 52.7
    endloop
  endfacet
  facet normal 0.996917333733128 0 -0.07845909572784482
    outer loop
      vertex 6.320929820988265 225.4111107975265 52.96593859056839
      vertex 6.3 230 52.7
      vertex 6.320929820988265 230 52.96593859056839
    endloop
  endfacet
  facet normal 0.9723699203976757 0 -0.23344536385590905
    outer loop
      vertex 6.320929820988265 225.4111107975265 52.96593859056839
      vertex 6.320929820988265 230 52.96593859056839
      vertex 6.3832039222982395 225.48402440202534 53.22532889043741
    endloop
  endfacet
  facet normal 0.9238795325112875 0 -0.382683432365088
    outer loop
      vertex 6.3832039222982395 225.48402440202534 53.22532889043741
      vertex 6.3832039222982395 230 53.22532889043741
      vertex 6.444365081389595 225.5556349186104 53.37298499020622
    endloop
  endfacet
  facet normal 0.9723699203976757 0 -0.23344536385590905
    outer loop
      vertex 6.3832039222982395 225.48402440202534 53.22532889043741
      vertex 6.320929820988265 230 52.96593859056839
      vertex 6.3832039222982395 230 53.22532889043741
    endloop
  endfacet
  facet normal 0.9238795325112935 5.635409284956036e-16 -0.38268343236507346
    outer loop
      vertex 6.444365081389595 225.5556349186104 53.37298499020622
      vertex 6.3832039222982395 230 53.22532889043741
      vertex 6.485288908879775 225.590587169245 53.471783849557234
    endloop
  endfacet
  facet normal 0.8526401643540887 0 -0.5224985647159545
    outer loop
      vertex 6.485288908879775 225.590587169245 53.471783849557234
      vertex 6.485288908879775 230 53.471783849557234
      vertex 6.624671109562589 225.7096308147456 53.699234928897205
    endloop
  endfacet
  facet normal 0.7604059656000434 0 -0.6494480483301691
    outer loop
      vertex 6.624671109562589 225.7096308147456 53.699234928897205
      vertex 6.624671109562589 230 53.699234928897205
      vertex 6.706872444956559 225.7798373876249 53.79548032677711
    endloop
  endfacet
  facet normal 0.7604059656000309 -5.802304550764213e-16 -0.6494480483301838
    outer loop
      vertex 6.706872444956559 225.7798373876249 53.79548032677711
      vertex 6.624671109562589 230 53.699234928897205
      vertex 6.797918471982869 225.83563046474362 53.902081528017135
    endloop
  endfacet
  facet normal 0.6494480483301761 0 -0.7604059656000375
    outer loop
      vertex 6.797918471982869 225.83563046474362 53.902081528017135
      vertex 6.797918471982869 230 53.902081528017135
      vertex 7.000765071102796 225.9599350205558 54.07532889043741
    endloop
  endfacet
  facet normal 0.9238795325112898 0 -0.38268343236508207
    outer loop
      vertex 6.485288908879775 225.590587169245 53.471783849557234
      vertex 6.3832039222982395 230 53.22532889043741
      vertex 6.485288908879775 230 53.471783849557234
    endloop
  endfacet
  facet normal 0.8526401643540887 0 -0.5224985647159545
    outer loop
      vertex 6.624671109562589 225.7096308147456 53.699234928897205
      vertex 6.485288908879775 230 53.471783849557234
      vertex 6.624671109562589 230 53.699234928897205
    endloop
  endfacet
  facet normal 0.7604059656000367 0 -0.6494480483301769
    outer loop
      vertex 6.797918471982869 225.83563046474362 53.902081528017135
      vertex 6.624671109562589 230 53.699234928897205
      vertex 6.797918471982869 230 53.902081528017135
    endloop
  endfacet
  facet normal -0.923879532511294 8.127435587120891e-19 0.3826834323650722
    outer loop
      vertex 9.555634918610405 225.5556349186104 52.02701500979378
      vertex 9.61679607770176 225.48402440202534 52.174671109562595
      vertex 9.61679607770176 230 52.174671109562595
    endloop
  endfacet
  facet normal -0.9723699203976757 -1.0269789370135534e-18 0.23344536385590905
    outer loop
      vertex 9.61679607770176 225.48402440202534 52.174671109562595
      vertex 9.679070179011735 225.4111107975265 52.434061409431614
      vertex 9.679070179011735 230 52.434061409431614
    endloop
  endfacet
  facet normal -0.9969173337331282 -1.4915262013421707e-20 0.07845909572784152
    outer loop
      vertex 9.679070179011735 225.4111107975265 52.434061409431614
      vertex 9.7 225.3866051257036 52.7
      vertex 9.7 230 52.7
    endloop
  endfacet
  facet normal -0.9969173337331282 0 -0.07845909572784152
    outer loop
      vertex 9.7 225.3866051257036 52.7
      vertex 9.679070179011735 225.4111107975265 52.96593859056839
      vertex 9.7 230 52.7
    endloop
  endfacet
  facet normal -0.9723699203976757 0 0.23344536385590905
    outer loop
      vertex 9.61679607770176 225.48402440202534 52.174671109562595
      vertex 9.679070179011735 230 52.434061409431614
      vertex 9.61679607770176 230 52.174671109562595
    endloop
  endfacet
  facet normal -0.9969173337331283 0 0.07845909572784152
    outer loop
      vertex 9.679070179011735 225.4111107975265 52.434061409431614
      vertex 9.7 230 52.7
      vertex 9.679070179011735 230 52.434061409431614
    endloop
  endfacet
  facet normal -0.9969173337331283 0 -0.07845909572784152
    outer loop
      vertex 9.679070179011735 225.4111107975265 52.96593859056839
      vertex 9.679070179011735 230 52.96593859056839
      vertex 9.7 230 52.7
    endloop
  endfacet
  facet normal -0.923879532511294 0 -0.3826834323650722
    outer loop
      vertex 9.61679607770176 225.48402440202534 53.22532889043741
      vertex 9.555634918610405 225.5556349186104 53.37298499020623
      vertex 9.61679607770176 230 53.22532889043741
    endloop
  endfacet
  facet normal -0.9238795325112867 6.217480041134782e-20 -0.38268343236508967
    outer loop
      vertex 9.555634918610405 225.5556349186104 53.37298499020623
      vertex 9.514711091120226 225.590587169245 53.471783849557234
      vertex 9.514711091120226 230 53.471783849557234
    endloop
  endfacet
  facet normal -0.9723699203976757 0 -0.23344536385590905
    outer loop
      vertex 9.679070179011735 225.4111107975265 52.96593859056839
      vertex 9.61679607770176 225.48402440202534 53.22532889043741
      vertex 9.679070179011735 230 52.96593859056839
    endloop
  endfacet
  facet normal -0.8526401643540873 -7.682928700636991e-19 -0.522498564715957
    outer loop
      vertex 9.37532889043741 225.7096308147456 53.699234928897205
      vertex 9.514711091120226 230 53.471783849557234
      vertex 9.514711091120226 225.590587169245 53.471783849557234
    endloop
  endfacet
  facet normal -0.7604059656000434 0 -0.6494480483301691
    outer loop
      vertex 9.37532889043741 225.7096308147456 53.699234928897205
      vertex 9.29312755504344 225.7798373876249 53.79548032677711
      vertex 9.37532889043741 230 53.699234928897205
    endloop
  endfacet
  facet normal -0.7604059656000275 9.115307553451452e-19 -0.6494480483301875
    outer loop
      vertex 9.29312755504344 225.7798373876249 53.79548032677711
      vertex 9.20208152801713 225.83563046474362 53.902081528017135
      vertex 9.20208152801713 230 53.902081528017135
    endloop
  endfacet
  facet normal -0.9723699203976757 0 -0.23344536385590905
    outer loop
      vertex 9.61679607770176 225.48402440202534 53.22532889043741
      vertex 9.61679607770176 230 53.22532889043741
      vertex 9.679070179011735 230 52.96593859056839
    endloop
  endfacet
  facet normal -0.9238795325112911 -2.7307295065409297e-16 -0.3826834323650792
    outer loop
      vertex 9.555634918610405 225.5556349186104 53.37298499020623
      vertex 9.514711091120226 230 53.471783849557234
      vertex 9.61679607770176 230 53.22532889043741
    endloop
  endfacet
  facet normal -0.8526401643540872 0 -0.5224985647159569
    outer loop
      vertex 9.37532889043741 225.7096308147456 53.699234928897205
      vertex 9.37532889043741 230 53.699234928897205
      vertex 9.514711091120226 230 53.471783849557234
    endloop
  endfacet
  facet normal -0.760405965600035 -3.850480664276492e-16 -0.6494480483301787
    outer loop
      vertex 9.29312755504344 225.7798373876249 53.79548032677711
      vertex 9.20208152801713 230 53.902081528017135
      vertex 9.37532889043741 230 53.699234928897205
    endloop
  endfacet
  facet normal -0.6494480483301777 0 -0.760405965600036
    outer loop
      vertex 9.20208152801713 225.83563046474362 53.902081528017135
      vertex 8.999234928897204 230 54.07532889043741
      vertex 9.20208152801713 230 53.902081528017135
    endloop
  endfacet
  facet normal 0.5224985647159558 -1.3868760837762646e-15 -0.8526401643540878
    outer loop
      vertex 7.001220900572997 222.0397856467856 54.075608223096005
      vertex 7.228216150442771 220 54.21471109112023
      vertex 7.000765071102796 220 54.07532889043741
    endloop
  endfacet
  facet normal 0.3826834323650976 -9.37410192788782e-16 -0.9238795325112834
    outer loop
      vertex 7.320162612375116 221.90767566415067 54.25279656266483
      vertex 7.474671109562589 220 54.31679607770177
      vertex 7.228216150442771 220 54.21471109112023
    endloop
  endfacet
  facet normal 0.23344536385588385 5.070582779411265e-16 -0.9723699203976817
    outer loop
      vertex 7.655844176911492 221.8270856506907 54.360291882889626
      vertex 7.734061409431607 220 54.379070179011734
      vertex 7.474671109562589 220 54.31679607770177
    endloop
  endfacet
  facet normal 0.649448048330176 2.44982984063204e-18 -0.7604059656000374
    outer loop
      vertex 6.797918471982869 222.16436953525638 53.902081528017135
      vertex 7.000765071102796 222.0400649794442 54.07532889043741
      vertex 7.000765071102796 220 54.07532889043741
    endloop
  endfacet
  facet normal 0.5224985647114441 0 -0.8526401643568529
    outer loop
      vertex 7.000765071102796 222.0400649794442 54.07532889043741
      vertex 7.001220900572997 222.0397856467856 54.075608223096005
      vertex 7.000765071102796 220 54.07532889043741
    endloop
  endfacet
  facet normal 0.5224985647159649 0 -0.8526401643540823
    outer loop
      vertex 7.228216150442771 221.94576113569528 54.21471109112023
      vertex 7.228216150442771 220 54.21471109112023
      vertex 7.001220900572997 222.0397856467856 54.075608223096005
    endloop
  endfacet
  facet normal 0.38268343236508107 0 -0.9238795325112904
    outer loop
      vertex 7.228216150442771 221.94576113569528 54.21471109112023
      vertex 7.320162612375116 221.90767566415067 54.25279656266483
      vertex 7.228216150442771 220 54.21471109112023
    endloop
  endfacet
  facet normal 0.23344536385588874 0 -0.9723699203976806
    outer loop
      vertex 7.474671109562589 221.87058145587855 54.31679607770177
      vertex 7.655844176911492 221.8270856506907 54.360291882889626
      vertex 7.474671109562589 220 54.31679607770177
    endloop
  endfacet
  facet normal 0.38268343236510755 2.189685886583338e-18 -0.9238795325112794
    outer loop
      vertex 7.320162612375116 221.90767566415067 54.25279656266483
      vertex 7.474671109562589 221.87058145587855 54.31679607770177
      vertex 7.474671109562589 220 54.31679607770177
    endloop
  endfacet
  facet normal 0.23344536385587267 2.3364700260006684e-19 -0.9723699203976844
    outer loop
      vertex 7.655844176911492 221.8270856506907 54.360291882889626
      vertex 7.734061409431607 221.82092982098825 54.379070179011734
      vertex 7.734061409431607 220 54.379070179011734
    endloop
  endfacet
  facet normal 0.07845909572786695 0 -0.9969173337331263
    outer loop
      vertex 7.734061409431607 221.82092982098825 54.379070179011734
      vertex 8 220 54.400000000000006
      vertex 7.734061409431607 220 54.379070179011734
    endloop
  endfacet
  facet normal -0.07845909572786694 0 -0.9969173337331262
    outer loop
      vertex 8 221.8 54.400000000000006
      vertex 8.265938590568393 220 54.379070179011734
      vertex 8 220 54.400000000000006
    endloop
  endfacet
  facet normal -0.23344536385588388 0 -0.9723699203976818
    outer loop
      vertex 8.265938590568393 221.82092982098825 54.379070179011734
      vertex 8.525328890437411 220 54.31679607770177
      vertex 8.265938590568393 220 54.379070179011734
    endloop
  endfacet
  facet normal -0.5224985647159558 0 -0.8526401643540878
    outer loop
      vertex 8.77178384955723 221.94576113569528 54.21471109112023
      vertex 8.999234928897204 220 54.07532889043741
      vertex 8.77178384955723 220 54.21471109112023
    endloop
  endfacet
  facet normal -0.38268343236509766 0 -0.9238795325112835
    outer loop
      vertex 8.525328890437411 221.87058145587855 54.31679607770177
      vertex 8.77178384955723 220 54.21471109112023
      vertex 8.525328890437411 220 54.31679607770177
    endloop
  endfacet
  facet normal 0.07845909572786694 4.991309950622115e-19 -0.9969173337331262
    outer loop
      vertex 7.734061409431607 221.82092982098825 54.379070179011734
      vertex 8 221.8 54.400000000000006
      vertex 8 220 54.400000000000006
    endloop
  endfacet
  facet normal -0.07845909572786695 -4.933939687057174e-19 -0.9969173337331263
    outer loop
      vertex 8 221.8 54.400000000000006
      vertex 8.265938590568393 221.82092982098825 54.379070179011734
      vertex 8.265938590568393 220 54.379070179011734
    endloop
  endfacet
  facet normal -0.38268343236508107 0 -0.9238795325112904
    outer loop
      vertex 8.77178384955723 221.94576113569528 54.21471109112023
      vertex 8.77178384955723 220 54.21471109112023
      vertex 8.679837387624884 221.90767566415067 54.25279656266483
    endloop
  endfacet
  facet normal -0.5224985647159474 1.3568908153808113e-15 -0.8526401643540931
    outer loop
      vertex 8.77178384955723 221.94576113569528 54.21471109112023
      vertex 8.998779099427002 222.0397856467856 54.07560822309601
      vertex 8.999234928897204 220 54.07532889043741
    endloop
  endfacet
  facet normal -0.2334453638558887 -6.529104019288338e-19 -0.9723699203976806
    outer loop
      vertex 8.344155823088508 221.8270856506907 54.360291882889626
      vertex 8.525328890437411 221.87058145587855 54.31679607770177
      vertex 8.525328890437411 220 54.31679607770177
    endloop
  endfacet
  facet normal -0.3826834323651072 -1.4748968122527615e-15 -0.9238795325112794
    outer loop
      vertex 8.525328890437411 221.87058145587855 54.31679607770177
      vertex 8.679837387624884 221.90767566415067 54.25279656266483
      vertex 8.77178384955723 220 54.21471109112023
    endloop
  endfacet
  facet normal -0.23344536385587278 1.668956421371024e-15 -0.9723699203976843
    outer loop
      vertex 8.344155823088508 221.8270856506907 54.360291882889626
      vertex 8.525328890437411 220 54.31679607770177
      vertex 8.265938590568393 221.82092982098825 54.379070179011734
    endloop
  endfacet
  facet normal -0.6494480483301778 0 -0.760405965600036
    outer loop
      vertex 8.999234928897204 222.0400649794442 54.07532889043741
      vertex 9.20208152801713 220 53.902081528017135
      vertex 8.999234928897204 220 54.07532889043741
    endloop
  endfacet
  facet normal -0.5224985647203663 0 -0.8526401643513852
    outer loop
      vertex 8.999234928897204 222.0400649794442 54.07532889043741
      vertex 8.999234928897204 220 54.07532889043741
      vertex 8.998779099427002 222.0397856467856 54.07560822309601
    endloop
  endfacet
  facet normal 0.522498564711444 0 -0.8526401643568527
    outer loop
      vertex 7.000765071102796 225.9599350205558 54.07532889043741
      vertex 7.000765071102796 230 54.07532889043741
      vertex 7.001220900572997 225.9602143532144 54.075608223096005
    endloop
  endfacet
  facet normal 0.5224985647159647 7.016402557172314e-16 -0.8526401643540825
    outer loop
      vertex 7.001220900572997 225.9602143532144 54.075608223096005
      vertex 7.000765071102796 230 54.07532889043741
      vertex 7.228216150442771 226.05423886430472 54.21471109112023
    endloop
  endfacet
  facet normal 0.382683432365081 0 -0.9238795325112903
    outer loop
      vertex 7.228216150442771 226.05423886430472 54.21471109112023
      vertex 7.228216150442771 230 54.21471109112023
      vertex 7.320162612375116 226.09232433584933 54.25279656266483
    endloop
  endfacet
  facet normal 0.38268343236510743 7.25957912040745e-16 -0.9238795325112795
    outer loop
      vertex 7.320162612375116 226.09232433584933 54.25279656266483
      vertex 7.228216150442771 230 54.21471109112023
      vertex 7.474671109562589 226.12941854412145 54.31679607770177
    endloop
  endfacet
  facet normal 0.2334453638558887 0 -0.9723699203976806
    outer loop
      vertex 7.474671109562589 226.12941854412145 54.31679607770177
      vertex 7.474671109562589 230 54.31679607770177
      vertex 7.655844176911492 226.1729143493093 54.360291882889626
    endloop
  endfacet
  facet normal 0.23344536385587275 -8.00012479053389e-16 -0.9723699203976844
    outer loop
      vertex 7.655844176911492 226.1729143493093 54.360291882889626
      vertex 7.474671109562589 230 54.31679607770177
      vertex 7.734061409431607 226.17907017901175 54.379070179011734
    endloop
  endfacet
  facet normal 0.649448048330176 0 -0.7604059656000375
    outer loop
      vertex 7.000765071102796 225.9599350205558 54.07532889043741
      vertex 6.797918471982869 230 53.902081528017135
      vertex 7.000765071102796 230 54.07532889043741
    endloop
  endfacet
  facet normal 0.5224985647159558 0 -0.8526401643540878
    outer loop
      vertex 7.228216150442771 226.05423886430472 54.21471109112023
      vertex 7.000765071102796 230 54.07532889043741
      vertex 7.228216150442771 230 54.21471109112023
    endloop
  endfacet
  facet normal 0.38268343236509766 0 -0.9238795325112835
    outer loop
      vertex 7.474671109562589 226.12941854412145 54.31679607770177
      vertex 7.228216150442771 230 54.21471109112023
      vertex 7.474671109562589 230 54.31679607770177
    endloop
  endfacet
  facet normal 0.23344536385588385 0 -0.9723699203976818
    outer loop
      vertex 7.734061409431607 226.17907017901175 54.379070179011734
      vertex 7.474671109562589 230 54.31679607770177
      vertex 7.734061409431607 230 54.379070179011734
    endloop
  endfacet
  facet normal 0.07845909572786695 0 -0.9969173337331262
    outer loop
      vertex 7.734061409431607 226.17907017901175 54.379070179011734
      vertex 7.734061409431607 230 54.379070179011734
      vertex 8 226.2 54.400000000000006
    endloop
  endfacet
  facet normal -0.07845909572786695 0 -0.9969173337331262
    outer loop
      vertex 8 226.2 54.400000000000006
      vertex 8 230 54.400000000000006
      vertex 8.265938590568393 226.17907017901175 54.379070179011734
    endloop
  endfacet
  facet normal -0.2334453638558727 -1.113484974997372e-19 -0.9723699203976844
    outer loop
      vertex 8.344155823088508 226.1729143493093 54.360291882889626
      vertex 8.265938590568393 226.17907017901175 54.379070179011734
      vertex 8.265938590568393 230 54.379070179011734
    endloop
  endfacet
  facet normal -0.382683432365081 0 -0.9238795325112903
    outer loop
      vertex 8.77178384955723 226.05423886430472 54.21471109112023
      vertex 8.679837387624884 226.09232433584933 54.25279656266483
      vertex 8.77178384955723 230 54.21471109112023
    endloop
  endfacet
  facet normal -0.5224985647159469 0 -0.8526401643540934
    outer loop
      vertex 8.77178384955723 226.05423886430472 54.21471109112023
      vertex 8.77178384955723 230 54.21471109112023
      vertex 8.998779099427002 225.9602143532144 54.07560822309601
    endloop
  endfacet
  facet normal -0.38268343236510755 0 -0.9238795325112794
    outer loop
      vertex 8.525328890437411 226.12941854412145 54.31679607770177
      vertex 8.525328890437411 230 54.31679607770177
      vertex 8.679837387624884 226.09232433584933 54.25279656266483
    endloop
  endfacet
  facet normal -0.2334453638558888 -3.4829311264044344e-16 -0.9723699203976806
    outer loop
      vertex 8.344155823088508 226.1729143493093 54.360291882889626
      vertex 8.265938590568393 230 54.379070179011734
      vertex 8.525328890437411 226.12941854412145 54.31679607770177
    endloop
  endfacet
  facet normal 0.07845909572786695 0 -0.9969173337331262
    outer loop
      vertex 8 226.2 54.400000000000006
      vertex 7.734061409431607 230 54.379070179011734
      vertex 8 230 54.400000000000006
    endloop
  endfacet
  facet normal -0.07845909572786695 0 -0.9969173337331262
    outer loop
      vertex 8.265938590568393 226.17907017901175 54.379070179011734
      vertex 8 230 54.400000000000006
      vertex 8.265938590568393 230 54.379070179011734
    endloop
  endfacet
  facet normal -0.5224985647159558 -6.845267759431557e-16 -0.852640164354088
    outer loop
      vertex 8.998779099427002 225.9602143532144 54.07560822309601
      vertex 8.77178384955723 230 54.21471109112023
      vertex 8.999234928897204 230 54.07532889043741
    endloop
  endfacet
  facet normal -0.2334453638558839 0 -0.9723699203976818
    outer loop
      vertex 8.525328890437411 226.12941854412145 54.31679607770177
      vertex 8.265938590568393 230 54.379070179011734
      vertex 8.525328890437411 230 54.31679607770177
    endloop
  endfacet
  facet normal -0.38268343236509766 4.576312790019202e-16 -0.9238795325112835
    outer loop
      vertex 8.679837387624884 226.09232433584933 54.25279656266483
      vertex 8.525328890437411 230 54.31679607770177
      vertex 8.77178384955723 230 54.21471109112023
    endloop
  endfacet
  facet normal -0.6494480483301778 -1.0607306975606604e-19 -0.7604059656000361
    outer loop
      vertex 9.20208152801713 225.83563046474362 53.902081528017135
      vertex 8.999234928897204 225.9599350205558 54.07532889043741
      vertex 8.999234928897204 230 54.07532889043741
    endloop
  endfacet
  facet normal -0.5224985647203663 0 -0.8526401643513852
    outer loop
      vertex 8.999234928897204 225.9599350205558 54.07532889043741
      vertex 8.998779099427002 225.9602143532144 54.07560822309601
      vertex 8.999234928897204 230 54.07532889043741
    endloop
  endfacet
  facet normal 0.23344536385588993 0 0.9723699203976802
    outer loop
      vertex 156.2340614094316 221.82092982098825 51.02092982098827
      vertex 155.9746711095626 220 51.08320392229824
      vertex 156.2340614094316 220 51.02092982098827
    endloop
  endfacet
  facet normal 0.0784590957278659 0 0.9969173337331263
    outer loop
      vertex 156.5 221.8 51
      vertex 156.2340614094316 220 51.02092982098827
      vertex 156.5 220 51
    endloop
  endfacet
  facet normal -0.07845909572786591 0 0.9969173337331263
    outer loop
      vertex 156.7659385905684 221.82092982098825 51.02092982098827
      vertex 156.5 220 51
      vertex 156.7659385905684 220 51.02092982098827
    endloop
  endfacet
  facet normal 0.23344536385590753 -2.658742561229104e-15 0.9723699203976761
    outer loop
      vertex 156.2340614094316 221.82092982098825 51.02092982098827
      vertex 156.1558441769115 221.8270856506907 51.03970811711038
      vertex 155.9746711095626 220 51.08320392229824
    endloop
  endfacet
  facet normal 0.23344536385588222 0 0.9723699203976821
    outer loop
      vertex 155.9746711095626 221.87058145587858 51.08320392229824
      vertex 155.9746711095626 220 51.08320392229824
      vertex 156.1558441769115 221.8270856506907 51.03970811711038
    endloop
  endfacet
  facet normal 0.07845909572786591 0 0.9969173337331263
    outer loop
      vertex 156.2340614094316 221.82092982098825 51.02092982098827
      vertex 156.2340614094316 220 51.02092982098827
      vertex 156.5 221.8 51
    endloop
  endfacet
  facet normal -0.0784590957278659 0 0.9969173337331263
    outer loop
      vertex 156.5 221.8 51
      vertex 156.5 220 51
      vertex 156.7659385905684 221.82092982098825 51.02092982098827
    endloop
  endfacet
  facet normal 0.6494480483302104 0 0.7604059656000078
    outer loop
      vertex 155.5007650711028 222.0400649794442 51.324671109562594
      vertex 155.29791847198288 220 51.49791847198287
      vertex 155.5007650711028 220 51.324671109562594
    endloop
  endfacet
  facet normal 0.7604059656000285 0 0.6494480483301865
    outer loop
      vertex 155.29791847198288 222.16436953525636 51.49791847198287
      vertex 155.1246711095626 220 51.7007650711028
      vertex 155.29791847198288 220 51.49791847198287
    endloop
  endfacet
  facet normal 0.8526401643540605 0 0.5224985647160005
    outer loop
      vertex 155.1246711095626 222.2903691852544 51.7007650711028
      vertex 154.98528890887977 220 51.92821615044277
      vertex 155.1246711095626 220 51.7007650711028
    endloop
  endfacet
  facet normal 0.9238795325112958 0 0.38268343236506785
    outer loop
      vertex 154.98528890887977 222.409412830755 51.92821615044277
      vertex 154.88320392229824 220 52.174671109562595
      vertex 154.98528890887977 220 51.92821615044277
    endloop
  endfacet
  facet normal 0.5224985647114846 0 0.8526401643568279
    outer loop
      vertex 155.5007650711028 222.0400649794442 51.324671109562594
      vertex 155.5007650711028 220 51.324671109562594
      vertex 155.501220900573 222.0397856467856 51.324391776903994
    endloop
  endfacet
  facet normal 0.6494480483302105 0 0.760405965600008
    outer loop
      vertex 155.29791847198288 222.16436953525636 51.49791847198287
      vertex 155.29791847198288 220 51.49791847198287
      vertex 155.5007650711028 222.0400649794442 51.324671109562594
    endloop
  endfacet
  facet normal 0.7604059656000307 1.1976615707209716e-18 0.6494480483301839
    outer loop
      vertex 155.20687244495656 222.2201626123751 51.60451967322291
      vertex 155.1246711095626 222.2903691852544 51.7007650711028
      vertex 155.1246711095626 220 51.7007650711028
    endloop
  endfacet
  facet normal 0.7604059656000267 3.576620850631048e-16 0.6494480483301888
    outer loop
      vertex 155.29791847198288 222.16436953525636 51.49791847198287
      vertex 155.20687244495656 222.2201626123751 51.60451967322291
      vertex 155.1246711095626 220 51.7007650711028
    endloop
  endfacet
  facet normal 0.8526401643540606 -1.916536851254439e-18 0.5224985647160005
    outer loop
      vertex 155.1246711095626 222.2903691852544 51.7007650711028
      vertex 154.98528890887977 222.409412830755 51.92821615044277
      vertex 154.98528890887977 220 51.92821615044277
    endloop
  endfacet
  facet normal 0.9238795325112967 -2.8792233013856773e-16 0.38268343236506536
    outer loop
      vertex 154.98528890887977 222.409412830755 51.92821615044277
      vertex 154.9443650813896 222.4443650813896 52.02701500979374
      vertex 154.88320392229824 220 52.174671109562595
    endloop
  endfacet
  facet normal 0.5224985647159618 0 0.8526401643540843
    outer loop
      vertex 155.72821615044276 221.94576113569528 51.18528890887978
      vertex 155.5007650711028 220 51.324671109562594
      vertex 155.72821615044276 220 51.18528890887978
    endloop
  endfacet
  facet normal 0.3826834323650811 0 0.9238795325112903
    outer loop
      vertex 155.9746711095626 221.87058145587858 51.08320392229824
      vertex 155.72821615044276 220 51.18528890887978
      vertex 155.9746711095626 220 51.08320392229824
    endloop
  endfacet
  facet normal 0.38268343236506625 0 0.9238795325112965
    outer loop
      vertex 155.72821615044276 221.94576113569528 51.18528890887978
      vertex 155.72821615044276 220 51.18528890887978
      vertex 155.82016261237513 221.90767566415067 51.14720343733517
    endloop
  endfacet
  facet normal 0.5224985647159703 -1.3788590948723237e-15 0.8526401643540791
    outer loop
      vertex 155.501220900573 222.0397856467856 51.324391776903994
      vertex 155.5007650711028 220 51.324671109562594
      vertex 155.72821615044276 221.94576113569528 51.18528890887978
    endloop
  endfacet
  facet normal 0.38268343236508984 -1.3285417174918167e-15 0.9238795325112867
    outer loop
      vertex 155.82016261237513 221.90767566415067 51.14720343733517
      vertex 155.72821615044276 220 51.18528890887978
      vertex 155.9746711095626 221.87058145587858 51.08320392229824
    endloop
  endfacet
  facet normal -0.23344536385588993 -8.078317602670726e-16 0.9723699203976803
    outer loop
      vertex 156.8441558230885 221.8270856506907 51.03970811711038
      vertex 156.7659385905684 220 51.02092982098827
      vertex 157.0253288904374 220 51.08320392229824
    endloop
  endfacet
  facet normal -0.23344536385590775 0 0.9723699203976759
    outer loop
      vertex 156.7659385905684 221.82092982098825 51.02092982098827
      vertex 156.7659385905684 220 51.02092982098827
      vertex 156.8441558230885 221.8270856506907 51.03970811711038
    endloop
  endfacet
  facet normal -0.23344536385588222 -1.2428657137483365e-18 0.9723699203976821
    outer loop
      vertex 156.8441558230885 221.8270856506907 51.03970811711038
      vertex 157.0253288904374 220 51.08320392229824
      vertex 157.0253288904374 221.87058145587858 51.08320392229824
    endloop
  endfacet
  facet normal -0.3826834323650811 -8.413270433155451e-16 0.9238795325112903
    outer loop
      vertex 157.17983738762487 221.90767566415067 51.14720343733517
      vertex 157.0253288904374 220 51.08320392229824
      vertex 157.27178384955724 220 51.18528890887978
    endloop
  endfacet
  facet normal -0.5224985647159618 -1.3762212205406846e-15 0.8526401643540844
    outer loop
      vertex 157.498779099427 222.0397856467856 51.324391776903994
      vertex 157.27178384955724 220 51.18528890887978
      vertex 157.4992349288972 220 51.324671109562594
    endloop
  endfacet
  facet normal -0.6494480483302105 0 0.760405965600008
    outer loop
      vertex 157.70208152801712 222.16436953525636 51.49791847198287
      vertex 157.4992349288972 220 51.324671109562594
      vertex 157.70208152801712 220 51.49791847198287
    endloop
  endfacet
  facet normal -0.7604059656000286 1.9415769069962218e-16 0.6494480483301865
    outer loop
      vertex 157.79312755504344 222.2201626123751 51.60451967322291
      vertex 157.70208152801712 220 51.49791847198287
      vertex 157.8753288904374 220 51.7007650711028
    endloop
  endfacet
  facet normal -0.8526401643540605 0 0.5224985647160005
    outer loop
      vertex 157.8753288904374 222.2903691852544 51.7007650711028
      vertex 157.8753288904374 220 51.7007650711028
      vertex 158.01471109112023 220 51.92821615044277
    endloop
  endfacet
  facet normal -0.9238795325112957 -1.1745580690850872e-16 0.38268343236506785
    outer loop
      vertex 158.0556349186104 222.4443650813896 52.02701500979374
      vertex 158.01471109112023 220 51.92821615044277
      vertex 158.11679607770176 220 52.174671109562595
    endloop
  endfacet
  facet normal -0.38268343236509006 0 0.9238795325112866
    outer loop
      vertex 157.0253288904374 221.87058145587858 51.08320392229824
      vertex 157.0253288904374 220 51.08320392229824
      vertex 157.17983738762487 221.90767566415067 51.14720343733517
    endloop
  endfacet
  facet normal -0.38268343236506625 -1.0212931070699316e-18 0.9238795325112965
    outer loop
      vertex 157.17983738762487 221.90767566415067 51.14720343733517
      vertex 157.27178384955724 220 51.18528890887978
      vertex 157.27178384955724 221.94576113569528 51.18528890887978
    endloop
  endfacet
  facet normal -0.5224985647159708 0 0.8526401643540789
    outer loop
      vertex 157.27178384955724 221.94576113569528 51.18528890887978
      vertex 157.27178384955724 220 51.18528890887978
      vertex 157.498779099427 222.0397856467856 51.324391776903994
    endloop
  endfacet
  facet normal -0.5224985647114846 0 0.8526401643568279
    outer loop
      vertex 157.4992349288972 222.0400649794442 51.324671109562594
      vertex 157.498779099427 222.0397856467856 51.324391776903994
      vertex 157.4992349288972 220 51.324671109562594
    endloop
  endfacet
  facet normal -0.6494480483302104 0 0.7604059656000078
    outer loop
      vertex 157.4992349288972 222.0400649794442 51.324671109562594
      vertex 157.4992349288972 220 51.324671109562594
      vertex 157.70208152801712 222.16436953525636 51.49791847198287
    endloop
  endfacet
  facet normal -0.7604059656000265 0 0.6494480483301888
    outer loop
      vertex 157.70208152801712 222.16436953525636 51.49791847198287
      vertex 157.70208152801712 220 51.49791847198287
      vertex 157.79312755504344 222.2201626123751 51.60451967322291
    endloop
  endfacet
  facet normal -0.7604059656000307 -1.1976615707209716e-18 0.6494480483301839
    outer loop
      vertex 157.79312755504344 222.2201626123751 51.60451967322291
      vertex 157.8753288904374 220 51.7007650711028
      vertex 157.8753288904374 222.2903691852544 51.7007650711028
    endloop
  endfacet
  facet normal -0.8526401643540606 1.9165368512544386e-18 0.5224985647160004
    outer loop
      vertex 157.8753288904374 222.2903691852544 51.7007650711028
      vertex 158.01471109112023 220 51.92821615044277
      vertex 158.01471109112023 222.409412830755 51.92821615044277
    endloop
  endfacet
  facet normal -0.9238795325112968 0 0.3826834323650653
    outer loop
      vertex 158.01471109112023 222.409412830755 51.92821615044277
      vertex 158.01471109112023 220 51.92821615044277
      vertex 158.0556349186104 222.4443650813896 52.02701500979374
    endloop
  endfacet
  facet normal 0.9969173337331346 0 0.07845909572776211
    outer loop
      vertex 154.82092982098825 222.5888892024735 52.434061409431614
      vertex 154.8 220 52.7
      vertex 154.82092982098825 220 52.434061409431614
    endloop
  endfacet
  facet normal 0.9723699203976696 0 0.23344536385593423
    outer loop
      vertex 154.88320392229824 222.51597559797466 52.174671109562595
      vertex 154.82092982098825 220 52.434061409431614
      vertex 154.88320392229824 220 52.174671109562595
    endloop
  endfacet
  facet normal 0.9969173337331346 0 -0.07845909572776211
    outer loop
      vertex 154.82092982098825 222.5888892024735 52.96593859056839
      vertex 154.82092982098825 220 52.96593859056839
      vertex 154.8 220 52.7
    endloop
  endfacet
  facet normal 0.9723699203976697 6.581975076611361e-19 0.23344536385593426
    outer loop
      vertex 154.88320392229824 222.51597559797466 52.174671109562595
      vertex 154.82092982098825 222.5888892024735 52.434061409431614
      vertex 154.82092982098825 220 52.434061409431614
    endloop
  endfacet
  facet normal 0.9238795325112951 2.0817198824686943e-18 0.3826834323650695
    outer loop
      vertex 154.9443650813896 222.4443650813896 52.02701500979374
      vertex 154.88320392229824 222.51597559797466 52.174671109562595
      vertex 154.88320392229824 220 52.174671109562595
    endloop
  endfacet
  facet normal 0.9969173337331344 -3.384530184076382e-19 0.0784590957277621
    outer loop
      vertex 154.82092982098825 222.5888892024735 52.434061409431614
      vertex 154.8 222.6133948742964 52.7
      vertex 154.8 220 52.7
    endloop
  endfacet
  facet normal 0.9969173337331344 0 -0.07845909572776211
    outer loop
      vertex 154.8 222.6133948742964 52.7
      vertex 154.82092982098825 222.5888892024735 52.96593859056839
      vertex 154.8 220 52.7
    endloop
  endfacet
  facet normal 0.9723699203976696 0 -0.23344536385593423
    outer loop
      vertex 154.88320392229824 222.51597559797466 53.22532889043741
      vertex 154.88320392229824 220 53.22532889043741
      vertex 154.82092982098825 220 52.96593859056839
    endloop
  endfacet
  facet normal 0.9238795325112957 -1.1745580690850872e-16 -0.38268343236506785
    outer loop
      vertex 154.9443650813896 222.4443650813896 53.37298499020626
      vertex 154.98528890887977 220 53.471783849557234
      vertex 154.88320392229824 220 53.22532889043741
    endloop
  endfacet
  facet normal 0.8526401643540605 0 -0.5224985647160005
    outer loop
      vertex 155.1246711095626 222.2903691852544 53.699234928897205
      vertex 155.1246711095626 220 53.699234928897205
      vertex 154.98528890887977 220 53.471783849557234
    endloop
  endfacet
  facet normal 0.7604059656000286 1.9415769069962218e-16 -0.6494480483301865
    outer loop
      vertex 155.20687244495656 222.2201626123751 53.795480326777096
      vertex 155.29791847198288 220 53.902081528017135
      vertex 155.1246711095626 220 53.699234928897205
    endloop
  endfacet
  facet normal 0.6494480483302105 0 -0.760405965600008
    outer loop
      vertex 155.29791847198288 222.16436953525636 53.902081528017135
      vertex 155.5007650711028 220 54.07532889043741
      vertex 155.29791847198288 220 53.902081528017135
    endloop
  endfacet
  facet normal 0.9723699203976697 0 -0.23344536385593426
    outer loop
      vertex 154.82092982098825 222.5888892024735 52.96593859056839
      vertex 154.88320392229824 222.51597559797466 53.22532889043741
      vertex 154.82092982098825 220 52.96593859056839
    endloop
  endfacet
  facet normal 0.9238795325112951 0 -0.38268343236506946
    outer loop
      vertex 154.88320392229824 222.51597559797466 53.22532889043741
      vertex 154.9443650813896 222.4443650813896 53.37298499020626
      vertex 154.88320392229824 220 53.22532889043741
    endloop
  endfacet
  facet normal 0.9238795325112968 0 -0.3826834323650653
    outer loop
      vertex 154.98528890887977 222.409412830755 53.471783849557234
      vertex 154.98528890887977 220 53.471783849557234
      vertex 154.9443650813896 222.4443650813896 53.37298499020626
    endloop
  endfacet
  facet normal 0.8526401643540606 0 -0.5224985647160004
    outer loop
      vertex 154.98528890887977 222.409412830755 53.471783849557234
      vertex 155.1246711095626 222.2903691852544 53.699234928897205
      vertex 154.98528890887977 220 53.471783849557234
    endloop
  endfacet
  facet normal 0.7604059656000307 0 -0.6494480483301839
    outer loop
      vertex 155.1246711095626 222.2903691852544 53.699234928897205
      vertex 155.20687244495656 222.2201626123751 53.795480326777096
      vertex 155.1246711095626 220 53.699234928897205
    endloop
  endfacet
  facet normal 0.7604059656000265 -1.9455689475162674e-18 -0.6494480483301888
    outer loop
      vertex 155.20687244495656 222.2201626123751 53.795480326777096
      vertex 155.29791847198288 222.16436953525636 53.902081528017135
      vertex 155.29791847198288 220 53.902081528017135
    endloop
  endfacet
  facet normal -0.9723699203976696 0 0.23344536385593423
    outer loop
      vertex 158.11679607770176 222.51597559797466 52.174671109562595
      vertex 158.11679607770176 220 52.174671109562595
      vertex 158.17907017901175 220 52.434061409431614
    endloop
  endfacet
  facet normal -0.9969173337331346 0 0.07845909572776211
    outer loop
      vertex 158.17907017901175 222.5888892024735 52.434061409431614
      vertex 158.17907017901175 220 52.434061409431614
      vertex 158.2 220 52.7
    endloop
  endfacet
  facet normal -0.9969173337331346 0 -0.07845909572776211
    outer loop
      vertex 158.17907017901175 222.5888892024735 52.96593859056839
      vertex 158.2 220 52.7
      vertex 158.17907017901175 220 52.96593859056839
    endloop
  endfacet
  facet normal -0.9238795325112951 -2.081719882468694e-18 0.38268343236506946
    outer loop
      vertex 158.0556349186104 222.4443650813896 52.02701500979374
      vertex 158.11679607770176 220 52.174671109562595
      vertex 158.11679607770176 222.51597559797466 52.174671109562595
    endloop
  endfacet
  facet normal -0.9723699203976697 -6.581975076611361e-19 0.23344536385593426
    outer loop
      vertex 158.11679607770176 222.51597559797466 52.174671109562595
      vertex 158.17907017901175 220 52.434061409431614
      vertex 158.17907017901175 222.5888892024735 52.434061409431614
    endloop
  endfacet
  facet normal -0.9969173337331344 3.3845301840763825e-19 0.07845909572776211
    outer loop
      vertex 158.17907017901175 222.5888892024735 52.434061409431614
      vertex 158.2 220 52.7
      vertex 158.2 222.6133948742964 52.7
    endloop
  endfacet
  facet normal -0.9969173337331344 -3.384530184076382e-19 -0.0784590957277621
    outer loop
      vertex 158.17907017901175 222.5888892024735 52.96593859056839
      vertex 158.2 222.6133948742964 52.7
      vertex 158.2 220 52.7
    endloop
  endfacet
  facet normal -0.9238795325112958 0 -0.38268343236506785
    outer loop
      vertex 158.01471109112023 222.409412830755 53.471783849557234
      vertex 158.11679607770176 220 53.22532889043741
      vertex 158.01471109112023 220 53.471783849557234
    endloop
  endfacet
  facet normal -0.8526401643540605 0 -0.5224985647160005
    outer loop
      vertex 157.8753288904374 222.2903691852544 53.699234928897205
      vertex 158.01471109112023 220 53.471783849557234
      vertex 157.8753288904374 220 53.699234928897205
    endloop
  endfacet
  facet normal -0.7604059656000285 0 -0.6494480483301865
    outer loop
      vertex 157.70208152801712 222.16436953525636 53.902081528017135
      vertex 157.8753288904374 220 53.699234928897205
      vertex 157.70208152801712 220 53.902081528017135
    endloop
  endfacet
  facet normal -0.9238795325112967 -2.8792233013856773e-16 -0.38268343236506536
    outer loop
      vertex 158.01471109112023 222.409412830755 53.471783849557234
      vertex 158.0556349186104 222.4443650813896 53.37298499020626
      vertex 158.11679607770176 220 53.22532889043741
    endloop
  endfacet
  facet normal -0.8526401643540606 0 -0.5224985647160004
    outer loop
      vertex 158.01471109112023 222.409412830755 53.471783849557234
      vertex 158.01471109112023 220 53.471783849557234
      vertex 157.8753288904374 222.2903691852544 53.699234928897205
    endloop
  endfacet
  facet normal -0.7604059656000307 0 -0.6494480483301839
    outer loop
      vertex 157.8753288904374 222.2903691852544 53.699234928897205
      vertex 157.8753288904374 220 53.699234928897205
      vertex 157.79312755504344 222.2201626123751 53.795480326777096
    endloop
  endfacet
  facet normal -0.6494480483302105 5.970276203441985e-18 -0.760405965600008
    outer loop
      vertex 157.4992349288972 222.0400649794442 54.07532889043741
      vertex 157.70208152801712 222.16436953525636 53.902081528017135
      vertex 157.70208152801712 220 53.902081528017135
    endloop
  endfacet
  facet normal -0.7604059656000267 3.573149987658547e-16 -0.6494480483301888
    outer loop
      vertex 157.79312755504344 222.2201626123751 53.795480326777096
      vertex 157.8753288904374 220 53.699234928897205
      vertex 157.70208152801712 222.16436953525636 53.902081528017135
    endloop
  endfacet
  facet normal -0.9723699203976696 0 -0.23344536385593423
    outer loop
      vertex 158.11679607770176 222.51597559797466 53.22532889043741
      vertex 158.17907017901175 220 52.96593859056839
      vertex 158.11679607770176 220 53.22532889043741
    endloop
  endfacet
  facet normal -0.9723699203976697 0 -0.23344536385593426
    outer loop
      vertex 158.17907017901175 222.5888892024735 52.96593859056839
      vertex 158.17907017901175 220 52.96593859056839
      vertex 158.11679607770176 222.51597559797466 53.22532889043741
    endloop
  endfacet
  facet normal -0.9238795325112951 0 -0.38268343236506946
    outer loop
      vertex 158.11679607770176 222.51597559797466 53.22532889043741
      vertex 158.11679607770176 220 53.22532889043741
      vertex 158.0556349186104 222.4443650813896 53.37298499020626
    endloop
  endfacet
  facet normal 0.2334453638558821 5.544121341941617e-16 0.9723699203976822
    outer loop
      vertex 155.9746711095626 226.12941854412142 51.08320392229824
      vertex 156.1558441769115 226.1729143493093 51.03970811711038
      vertex 156.2340614094316 230 51.02092982098827
    endloop
  endfacet
  facet normal 0.23344536385590778 0 0.972369920397676
    outer loop
      vertex 156.2340614094316 226.17907017901175 51.02092982098827
      vertex 156.2340614094316 230 51.02092982098827
      vertex 156.1558441769115 226.1729143493093 51.03970811711038
    endloop
  endfacet
  facet normal 0.07845909572786591 -4.162426066456947e-21 0.9969173337331263
    outer loop
      vertex 156.2340614094316 226.17907017901175 51.02092982098827
      vertex 156.5 226.2 51
      vertex 156.5 230 51
    endloop
  endfacet
  facet normal -0.07845909572786593 4.1396256391972794e-21 0.9969173337331264
    outer loop
      vertex 156.5 226.2 51
      vertex 156.7659385905684 226.17907017901175 51.02092982098827
      vertex 156.7659385905684 230 51.02092982098827
    endloop
  endfacet
  facet normal 0.2334453638558899 0 0.9723699203976802
    outer loop
      vertex 155.9746711095626 226.12941854412142 51.08320392229824
      vertex 156.2340614094316 230 51.02092982098827
      vertex 155.9746711095626 230 51.08320392229824
    endloop
  endfacet
  facet normal 0.07845909572786593 0 0.9969173337331264
    outer loop
      vertex 156.2340614094316 226.17907017901175 51.02092982098827
      vertex 156.5 230 51
      vertex 156.2340614094316 230 51.02092982098827
    endloop
  endfacet
  facet normal -0.07845909572786591 0 0.9969173337331263
    outer loop
      vertex 156.5 226.2 51
      vertex 156.7659385905684 230 51.02092982098827
      vertex 156.5 230 51
    endloop
  endfacet
  facet normal 0.6494480483302104 3.198434678041616e-18 0.760405965600008
    outer loop
      vertex 155.29791847198288 225.83563046474364 51.49791847198287
      vertex 155.5007650711028 225.9599350205558 51.324671109562594
      vertex 155.5007650711028 230 51.324671109562594
    endloop
  endfacet
  facet normal 0.7604059656000266 0 0.6494480483301889
    outer loop
      vertex 155.29791847198288 225.83563046474364 51.49791847198287
      vertex 155.29791847198288 230 51.49791847198287
      vertex 155.20687244495656 225.7798373876249 51.60451967322291
    endloop
  endfacet
  facet normal 0.5224985647114845 0 0.8526401643568279
    outer loop
      vertex 155.5007650711028 225.9599350205558 51.324671109562594
      vertex 155.501220900573 225.9602143532144 51.324391776903994
      vertex 155.5007650711028 230 51.324671109562594
    endloop
  endfacet
  facet normal 0.7604059656000308 6.393592340189361e-19 0.649448048330184
    outer loop
      vertex 155.20687244495656 225.7798373876249 51.60451967322291
      vertex 155.1246711095626 230 51.7007650711028
      vertex 155.1246711095626 225.7096308147456 51.7007650711028
    endloop
  endfacet
  facet normal 0.8526401643540606 -1.0472433988986612e-18 0.5224985647160005
    outer loop
      vertex 155.1246711095626 225.7096308147456 51.7007650711028
      vertex 154.98528890887977 230 51.92821615044277
      vertex 154.98528890887977 225.590587169245 51.92821615044277
    endloop
  endfacet
  facet normal 0.9238795325112968 0 0.38268343236506536
    outer loop
      vertex 154.98528890887977 225.590587169245 51.92821615044277
      vertex 154.98528890887977 230 51.92821615044277
      vertex 154.9443650813896 225.5556349186104 52.02701500979374
    endloop
  endfacet
  facet normal 0.6494480483302105 0 0.760405965600008
    outer loop
      vertex 155.29791847198288 225.83563046474364 51.49791847198287
      vertex 155.5007650711028 230 51.324671109562594
      vertex 155.29791847198288 230 51.49791847198287
    endloop
  endfacet
  facet normal 0.8526401643540605 0 0.5224985647160005
    outer loop
      vertex 155.1246711095626 225.7096308147456 51.7007650711028
      vertex 155.1246711095626 230 51.7007650711028
      vertex 154.98528890887977 230 51.92821615044277
    endloop
  endfacet
  facet normal 0.7604059656000285 -1.021433734644148e-16 0.6494480483301864
    outer loop
      vertex 155.20687244495656 225.7798373876249 51.60451967322291
      vertex 155.29791847198288 230 51.49791847198287
      vertex 155.1246711095626 230 51.7007650711028
    endloop
  endfacet
  facet normal 0.9238795325112958 6.459974996559701e-17 0.3826834323650679
    outer loop
      vertex 154.9443650813896 225.5556349186104 52.02701500979374
      vertex 154.98528890887977 230 51.92821615044277
      vertex 154.88320392229824 230 52.174671109562595
    endloop
  endfacet
  facet normal 0.38268343236506625 0 0.9238795325112966
    outer loop
      vertex 155.72821615044276 226.05423886430472 51.18528890887978
      vertex 155.82016261237513 226.09232433584933 51.14720343733517
      vertex 155.72821615044276 230 51.18528890887978
    endloop
  endfacet
  facet normal 0.5224985647159708 2.9223427564245666e-18 0.852640164354079
    outer loop
      vertex 155.501220900573 225.9602143532144 51.324391776903994
      vertex 155.72821615044276 226.05423886430472 51.18528890887978
      vertex 155.72821615044276 230 51.18528890887978
    endloop
  endfacet
  facet normal 0.38268343236509006 4.004865712117672e-19 0.9238795325112866
    outer loop
      vertex 155.82016261237513 226.09232433584933 51.14720343733517
      vertex 155.9746711095626 226.12941854412142 51.08320392229824
      vertex 155.9746711095626 230 51.08320392229824
    endloop
  endfacet
  facet normal 0.5224985647159618 6.948874365881978e-16 0.8526401643540843
    outer loop
      vertex 155.501220900573 225.9602143532144 51.324391776903994
      vertex 155.72821615044276 230 51.18528890887978
      vertex 155.5007650711028 230 51.324671109562594
    endloop
  endfacet
  facet normal 0.38268343236508107 4.107247540652134e-16 0.9238795325112903
    outer loop
      vertex 155.82016261237513 226.09232433584933 51.14720343733517
      vertex 155.9746711095626 230 51.08320392229824
      vertex 155.72821615044276 230 51.18528890887978
    endloop
  endfacet
  facet normal -0.2334453638559077 1.2744654086452006e-15 0.972369920397676
    outer loop
      vertex 156.7659385905684 226.17907017901175 51.02092982098827
      vertex 156.8441558230885 226.1729143493093 51.03970811711038
      vertex 157.0253288904374 230 51.08320392229824
    endloop
  endfacet
  facet normal -0.23344536385588224 -6.0065434167622e-19 0.9723699203976822
    outer loop
      vertex 156.8441558230885 226.1729143493093 51.03970811711038
      vertex 157.0253288904374 226.12941854412142 51.08320392229824
      vertex 157.0253288904374 230 51.08320392229824
    endloop
  endfacet
  facet normal -0.2334453638558899 0 0.9723699203976802
    outer loop
      vertex 156.7659385905684 226.17907017901175 51.02092982098827
      vertex 157.0253288904374 230 51.08320392229824
      vertex 156.7659385905684 230 51.02092982098827
    endloop
  endfacet
  facet normal -0.38268343236508984 6.537079302079337e-16 0.9238795325112866
    outer loop
      vertex 157.0253288904374 226.12941854412142 51.08320392229824
      vertex 157.17983738762487 226.09232433584933 51.14720343733517
      vertex 157.27178384955724 230 51.18528890887978
    endloop
  endfacet
  facet normal -0.38268343236506625 -5.036271501366462e-19 0.9238795325112966
    outer loop
      vertex 157.17983738762487 226.09232433584933 51.14720343733517
      vertex 157.27178384955724 226.05423886430472 51.18528890887978
      vertex 157.27178384955724 230 51.18528890887978
    endloop
  endfacet
  facet normal -0.5224985647159706 6.940387366630376e-16 0.8526401643540791
    outer loop
      vertex 157.27178384955724 226.05423886430472 51.18528890887978
      vertex 157.498779099427 225.9602143532144 51.324391776903994
      vertex 157.4992349288972 230 51.324671109562594
    endloop
  endfacet
  facet normal -0.6494480483302106 -3.102962842849715e-18 0.760405965600008
    outer loop
      vertex 157.4992349288972 225.9599350205558 51.324671109562594
      vertex 157.70208152801712 225.83563046474364 51.49791847198287
      vertex 157.70208152801712 230 51.49791847198287
    endloop
  endfacet
  facet normal -0.5224985647114845 0 0.8526401643568279
    outer loop
      vertex 157.4992349288972 225.9599350205558 51.324671109562594
      vertex 157.4992349288972 230 51.324671109562594
      vertex 157.498779099427 225.9602143532144 51.324391776903994
    endloop
  endfacet
  facet normal -0.7604059656000265 -1.9015987273372003e-16 0.6494480483301888
    outer loop
      vertex 157.70208152801712 225.83563046474364 51.49791847198287
      vertex 157.79312755504344 225.7798373876249 51.60451967322291
      vertex 157.8753288904374 230 51.7007650711028
    endloop
  endfacet
  facet normal -0.7604059656000308 -6.393592340189361e-19 0.649448048330184
    outer loop
      vertex 157.79312755504344 225.7798373876249 51.60451967322291
      vertex 157.8753288904374 225.7096308147456 51.7007650711028
      vertex 157.8753288904374 230 51.7007650711028
    endloop
  endfacet
  facet normal -0.8526401643540606 1.0472433988986612e-18 0.5224985647160005
    outer loop
      vertex 157.8753288904374 225.7096308147456 51.7007650711028
      vertex 158.01471109112023 225.590587169245 51.92821615044277
      vertex 158.01471109112023 230 51.92821615044277
    endloop
  endfacet
  facet normal -0.9238795325112968 1.5986013882117515e-16 0.3826834323650654
    outer loop
      vertex 158.01471109112023 225.590587169245 51.92821615044277
      vertex 158.0556349186104 225.5556349186104 52.02701500979374
      vertex 158.11679607770176 230 52.174671109562595
    endloop
  endfacet
  facet normal -0.38268343236508123 0 0.9238795325112904
    outer loop
      vertex 157.0253288904374 226.12941854412142 51.08320392229824
      vertex 157.27178384955724 230 51.18528890887978
      vertex 157.0253288904374 230 51.08320392229824
    endloop
  endfacet
  facet normal -0.5224985647159617 0 0.8526401643540842
    outer loop
      vertex 157.27178384955724 226.05423886430472 51.18528890887978
      vertex 157.4992349288972 230 51.324671109562594
      vertex 157.27178384955724 230 51.18528890887978
    endloop
  endfacet
  facet normal -0.6494480483302105 0 0.760405965600008
    outer loop
      vertex 157.4992349288972 225.9599350205558 51.324671109562594
      vertex 157.70208152801712 230 51.49791847198287
      vertex 157.4992349288972 230 51.324671109562594
    endloop
  endfacet
  facet normal -0.7604059656000285 0 0.6494480483301864
    outer loop
      vertex 157.70208152801712 225.83563046474364 51.49791847198287
      vertex 157.8753288904374 230 51.7007650711028
      vertex 157.70208152801712 230 51.49791847198287
    endloop
  endfacet
  facet normal -0.8526401643540605 0 0.5224985647160005
    outer loop
      vertex 157.8753288904374 225.7096308147456 51.7007650711028
      vertex 158.01471109112023 230 51.92821615044277
      vertex 157.8753288904374 230 51.7007650711028
    endloop
  endfacet
  facet normal -0.9238795325112958 0 0.38268343236506785
    outer loop
      vertex 158.01471109112023 225.590587169245 51.92821615044277
      vertex 158.11679607770176 230 52.174671109562595
      vertex 158.01471109112023 230 51.92821615044277
    endloop
  endfacet
  facet normal 0.9723699203976697 3.713317854265023e-19 0.23344536385593426
    outer loop
      vertex 154.88320392229824 225.48402440202534 52.174671109562595
      vertex 154.82092982098825 230 52.434061409431614
      vertex 154.82092982098825 225.4111107975265 52.434061409431614
    endloop
  endfacet
  facet normal 0.9238795325112952 1.159784040564539e-18 0.3826834323650696
    outer loop
      vertex 154.9443650813896 225.5556349186104 52.02701500979374
      vertex 154.88320392229824 230 52.174671109562595
      vertex 154.88320392229824 225.48402440202534 52.174671109562595
    endloop
  endfacet
  facet normal 0.9969173337331345 -1.917267885358646e-19 0.07845909572776211
    outer loop
      vertex 154.82092982098825 225.4111107975265 52.434061409431614
      vertex 154.8 230 52.7
      vertex 154.8 225.3866051257036 52.7
    endloop
  endfacet
  facet normal 0.9969173337331345 0 -0.07845909572776211
    outer loop
      vertex 154.8 225.3866051257036 52.7
      vertex 154.8 230 52.7
      vertex 154.82092982098825 225.4111107975265 52.96593859056839
    endloop
  endfacet
  facet normal 0.9969173337331344 0 0.07845909572776211
    outer loop
      vertex 154.82092982098825 225.4111107975265 52.434061409431614
      vertex 154.82092982098825 230 52.434061409431614
      vertex 154.8 230 52.7
    endloop
  endfacet
  facet normal 0.9723699203976696 0 0.23344536385593423
    outer loop
      vertex 154.88320392229824 225.48402440202534 52.174671109562595
      vertex 154.88320392229824 230 52.174671109562595
      vertex 154.82092982098825 230 52.434061409431614
    endloop
  endfacet
  facet normal 0.9969173337331344 0 -0.07845909572776211
    outer loop
      vertex 154.82092982098825 225.4111107975265 52.96593859056839
      vertex 154.8 230 52.7
      vertex 154.82092982098825 230 52.96593859056839
    endloop
  endfacet
  facet normal 0.9723699203976697 0 -0.23344536385593426
    outer loop
      vertex 154.82092982098825 225.4111107975265 52.96593859056839
      vertex 154.82092982098825 230 52.96593859056839
      vertex 154.88320392229824 225.48402440202534 53.22532889043741
    endloop
  endfacet
  facet normal 0.9238795325112952 0 -0.3826834323650696
    outer loop
      vertex 154.88320392229824 225.48402440202534 53.22532889043741
      vertex 154.88320392229824 230 53.22532889043741
      vertex 154.9443650813896 225.5556349186104 53.37298499020626
    endloop
  endfacet
  facet normal 0.9238795325112968 1.5897296101530314e-16 -0.38268343236506547
    outer loop
      vertex 154.9443650813896 225.5556349186104 53.37298499020626
      vertex 154.88320392229824 230 53.22532889043741
      vertex 154.98528890887977 225.590587169245 53.471783849557234
    endloop
  endfacet
  facet normal 0.8526401643540606 0 -0.5224985647160005
    outer loop
      vertex 154.98528890887977 225.590587169245 53.471783849557234
      vertex 154.98528890887977 230 53.471783849557234
      vertex 155.1246711095626 225.7096308147456 53.699234928897205
    endloop
  endfacet
  facet normal 0.7604059656000308 0 -0.649448048330184
    outer loop
      vertex 155.1246711095626 225.7096308147456 53.699234928897205
      vertex 155.1246711095626 230 53.699234928897205
      vertex 155.20687244495656 225.7798373876249 53.795480326777096
    endloop
  endfacet
  facet normal 0.7604059656000266 -1.8997533573953164e-16 -0.6494480483301887
    outer loop
      vertex 155.20687244495656 225.7798373876249 53.795480326777096
      vertex 155.1246711095626 230 53.699234928897205
      vertex 155.29791847198288 225.83563046474364 53.902081528017135
    endloop
  endfacet
  facet normal 0.6494480483302105 0 -0.760405965600008
    outer loop
      vertex 155.29791847198288 225.83563046474364 53.902081528017135
      vertex 155.29791847198288 230 53.902081528017135
      vertex 155.5007650711028 225.9599350205558 54.07532889043741
    endloop
  endfacet
  facet normal 0.9723699203976696 0 -0.23344536385593423
    outer loop
      vertex 154.88320392229824 225.48402440202534 53.22532889043741
      vertex 154.82092982098825 230 52.96593859056839
      vertex 154.88320392229824 230 53.22532889043741
    endloop
  endfacet
  facet normal 0.9238795325112958 0 -0.38268343236506785
    outer loop
      vertex 154.98528890887977 225.590587169245 53.471783849557234
      vertex 154.88320392229824 230 53.22532889043741
      vertex 154.98528890887977 230 53.471783849557234
    endloop
  endfacet
  facet normal 0.8526401643540605 0 -0.5224985647160005
    outer loop
      vertex 155.1246711095626 225.7096308147456 53.699234928897205
      vertex 154.98528890887977 230 53.471783849557234
      vertex 155.1246711095626 230 53.699234928897205
    endloop
  endfacet
  facet normal 0.7604059656000285 0 -0.6494480483301864
    outer loop
      vertex 155.29791847198288 225.83563046474364 53.902081528017135
      vertex 155.1246711095626 230 53.699234928897205
      vertex 155.29791847198288 230 53.902081528017135
    endloop
  endfacet
  facet normal -0.9238795325112952 -1.159784040564539e-18 0.3826834323650696
    outer loop
      vertex 158.0556349186104 225.5556349186104 52.02701500979374
      vertex 158.11679607770176 225.48402440202534 52.174671109562595
      vertex 158.11679607770176 230 52.174671109562595
    endloop
  endfacet
  facet normal -0.9723699203976697 -3.713317854265023e-19 0.23344536385593426
    outer loop
      vertex 158.11679607770176 225.48402440202534 52.174671109562595
      vertex 158.17907017901175 225.4111107975265 52.434061409431614
      vertex 158.17907017901175 230 52.434061409431614
    endloop
  endfacet
  facet normal -0.9969173337331345 1.917267885358646e-19 0.07845909572776211
    outer loop
      vertex 158.17907017901175 225.4111107975265 52.434061409431614
      vertex 158.2 225.3866051257036 52.7
      vertex 158.2 230 52.7
    endloop
  endfacet
  facet normal -0.9969173337331345 -1.917267885358646e-19 -0.07845909572776211
    outer loop
      vertex 158.17907017901175 225.4111107975265 52.96593859056839
      vertex 158.2 230 52.7
      vertex 158.2 225.3866051257036 52.7
    endloop
  endfacet
  facet normal -0.9723699203976696 0 0.23344536385593423
    outer loop
      vertex 158.11679607770176 225.48402440202534 52.174671109562595
      vertex 158.17907017901175 230 52.434061409431614
      vertex 158.11679607770176 230 52.174671109562595
    endloop
  endfacet
  facet normal -0.9969173337331344 0 0.07845909572776211
    outer loop
      vertex 158.17907017901175 225.4111107975265 52.434061409431614
      vertex 158.2 230 52.7
      vertex 158.17907017901175 230 52.434061409431614
    endloop
  endfacet
  facet normal -0.9969173337331344 0 -0.07845909572776211
    outer loop
      vertex 158.17907017901175 225.4111107975265 52.96593859056839
      vertex 158.17907017901175 230 52.96593859056839
      vertex 158.2 230 52.7
    endloop
  endfacet
  facet normal -0.9238795325112968 0 -0.38268343236506536
    outer loop
      vertex 158.01471109112023 225.590587169245 53.471783849557234
      vertex 158.01471109112023 230 53.471783849557234
      vertex 158.0556349186104 225.5556349186104 53.37298499020626
    endloop
  endfacet
  facet normal -0.8526401643540606 0 -0.5224985647160005
    outer loop
      vertex 158.01471109112023 225.590587169245 53.471783849557234
      vertex 157.8753288904374 225.7096308147456 53.699234928897205
      vertex 158.01471109112023 230 53.471783849557234
    endloop
  endfacet
  facet normal -0.7604059656000308 0 -0.649448048330184
    outer loop
      vertex 157.8753288904374 225.7096308147456 53.699234928897205
      vertex 157.79312755504344 225.7798373876249 53.795480326777096
      vertex 157.8753288904374 230 53.699234928897205
    endloop
  endfacet
  facet normal -0.7604059656000266 1.0111807136937379e-18 -0.6494480483301889
    outer loop
      vertex 157.79312755504344 225.7798373876249 53.795480326777096
      vertex 157.70208152801712 225.83563046474364 53.902081528017135
      vertex 157.70208152801712 230 53.902081528017135
    endloop
  endfacet
  facet normal -0.9238795325112958 6.459974996559701e-17 -0.3826834323650679
    outer loop
      vertex 158.0556349186104 225.5556349186104 53.37298499020626
      vertex 158.01471109112023 230 53.471783849557234
      vertex 158.11679607770176 230 53.22532889043741
    endloop
  endfacet
  facet normal -0.8526401643540605 0 -0.5224985647160005
    outer loop
      vertex 157.8753288904374 225.7096308147456 53.699234928897205
      vertex 157.8753288904374 230 53.699234928897205
      vertex 158.01471109112023 230 53.471783849557234
    endloop
  endfacet
  facet normal -0.6494480483302105 0 -0.760405965600008
    outer loop
      vertex 157.70208152801712 225.83563046474364 53.902081528017135
      vertex 157.4992349288972 230 54.07532889043741
      vertex 157.70208152801712 230 53.902081528017135
    endloop
  endfacet
  facet normal -0.7604059656000285 -1.021433734644148e-16 -0.6494480483301864
    outer loop
      vertex 157.79312755504344 225.7798373876249 53.795480326777096
      vertex 157.70208152801712 230 53.902081528017135
      vertex 157.8753288904374 230 53.699234928897205
    endloop
  endfacet
  facet normal -0.9723699203976697 0 -0.23344536385593426
    outer loop
      vertex 158.17907017901175 225.4111107975265 52.96593859056839
      vertex 158.11679607770176 225.48402440202534 53.22532889043741
      vertex 158.17907017901175 230 52.96593859056839
    endloop
  endfacet
  facet normal -0.9238795325112952 0 -0.3826834323650696
    outer loop
      vertex 158.11679607770176 225.48402440202534 53.22532889043741
      vertex 158.0556349186104 225.5556349186104 53.37298499020626
      vertex 158.11679607770176 230 53.22532889043741
    endloop
  endfacet
  facet normal -0.9723699203976696 0 -0.23344536385593423
    outer loop
      vertex 158.11679607770176 225.48402440202534 53.22532889043741
      vertex 158.11679607770176 230 53.22532889043741
      vertex 158.17907017901175 230 52.96593859056839
    endloop
  endfacet
  facet normal 0.6494480483302104 -6.33405507275376e-18 -0.7604059656000078
    outer loop
      vertex 155.29791847198288 222.16436953525636 53.902081528017135
      vertex 155.5007650711028 222.0400649794442 54.07532889043741
      vertex 155.5007650711028 220 54.07532889043741
    endloop
  endfacet
  facet normal 0.5224985647114846 0 -0.8526401643568279
    outer loop
      vertex 155.5007650711028 222.0400649794442 54.07532889043741
      vertex 155.501220900573 222.0397856467856 54.07560822309601
      vertex 155.5007650711028 220 54.07532889043741
    endloop
  endfacet
  facet normal 0.5224985647159618 -1.3762212205406846e-15 -0.8526401643540844
    outer loop
      vertex 155.501220900573 222.0397856467856 54.07560822309601
      vertex 155.72821615044276 220 54.21471109112023
      vertex 155.5007650711028 220 54.07532889043741
    endloop
  endfacet
  facet normal 0.3826834323650811 -8.413270433155451e-16 -0.9238795325112903
    outer loop
      vertex 155.82016261237513 221.90767566415067 54.252796562664834
      vertex 155.9746711095626 220 54.31679607770177
      vertex 155.72821615044276 220 54.21471109112023
    endloop
  endfacet
  facet normal 0.23344536385588993 -8.078317602670726e-16 -0.9723699203976803
    outer loop
      vertex 156.1558441769115 221.8270856506907 54.360291882889626
      vertex 156.2340614094316 220 54.379070179011734
      vertex 155.9746711095626 220 54.31679607770177
    endloop
  endfacet
  facet normal 0.07845909572786591 0 -0.9969173337331263
    outer loop
      vertex 156.2340614094316 221.82092982098825 54.379070179011734
      vertex 156.5 220 54.400000000000006
      vertex 156.2340614094316 220 54.379070179011734
    endloop
  endfacet
  facet normal -0.0784590957278659 0 -0.9969173337331263
    outer loop
      vertex 156.5 221.8 54.400000000000006
      vertex 156.7659385905684 220 54.379070179011734
      vertex 156.5 220 54.400000000000006
    endloop
  endfacet
  facet normal 0.5224985647159707 -5.926146977624952e-18 -0.8526401643540789
    outer loop
      vertex 155.501220900573 222.0397856467856 54.07560822309601
      vertex 155.72821615044276 221.94576113569528 54.21471109112023
      vertex 155.72821615044276 220 54.21471109112023
    endloop
  endfacet
  facet normal 0.38268343236506625 0 -0.9238795325112965
    outer loop
      vertex 155.72821615044276 221.94576113569528 54.21471109112023
      vertex 155.82016261237513 221.90767566415067 54.252796562664834
      vertex 155.72821615044276 220 54.21471109112023
    endloop
  endfacet
  facet normal 0.38268343236509006 -8.286813124278515e-19 -0.9238795325112866
    outer loop
      vertex 155.82016261237513 221.90767566415067 54.252796562664834
      vertex 155.9746711095626 221.87058145587858 54.31679607770177
      vertex 155.9746711095626 220 54.31679607770177
    endloop
  endfacet
  facet normal 0.23344536385588222 0 -0.9723699203976821
    outer loop
      vertex 155.9746711095626 221.87058145587858 54.31679607770177
      vertex 156.1558441769115 221.8270856506907 54.360291882889626
      vertex 155.9746711095626 220 54.31679607770177
    endloop
  endfacet
  facet normal 0.23344536385590775 4.962491935557183e-19 -0.9723699203976759
    outer loop
      vertex 156.1558441769115 221.8270856506907 54.360291882889626
      vertex 156.2340614094316 221.82092982098825 54.379070179011734
      vertex 156.2340614094316 220 54.379070179011734
    endloop
  endfacet
  facet normal 0.0784590957278659 8.787343918075749e-21 -0.9969173337331263
    outer loop
      vertex 156.2340614094316 221.82092982098825 54.379070179011734
      vertex 156.5 221.8 54.400000000000006
      vertex 156.5 220 54.400000000000006
    endloop
  endfacet
  facet normal -0.07845909572786591 -8.686341928296902e-21 -0.9969173337331263
    outer loop
      vertex 156.5 221.8 54.400000000000006
      vertex 156.7659385905684 221.82092982098825 54.379070179011734
      vertex 156.7659385905684 220 54.379070179011734
    endloop
  endfacet
  facet normal -0.5224985647159618 0 -0.8526401643540843
    outer loop
      vertex 157.27178384955724 221.94576113569528 54.21471109112023
      vertex 157.4992349288972 220 54.07532889043741
      vertex 157.27178384955724 220 54.21471109112023
    endloop
  endfacet
  facet normal -0.3826834323650811 0 -0.9238795325112903
    outer loop
      vertex 157.0253288904374 221.87058145587858 54.31679607770177
      vertex 157.27178384955724 220 54.21471109112023
      vertex 157.0253288904374 220 54.31679607770177
    endloop
  endfacet
  facet normal -0.23344536385588993 0 -0.9723699203976802
    outer loop
      vertex 156.7659385905684 221.82092982098825 54.379070179011734
      vertex 157.0253288904374 220 54.31679607770177
      vertex 156.7659385905684 220 54.379070179011734
    endloop
  endfacet
  facet normal -0.6494480483302104 0 -0.7604059656000078
    outer loop
      vertex 157.4992349288972 222.0400649794442 54.07532889043741
      vertex 157.70208152801712 220 53.902081528017135
      vertex 157.4992349288972 220 54.07532889043741
    endloop
  endfacet
  facet normal -0.38268343236506625 0 -0.9238795325112965
    outer loop
      vertex 157.27178384955724 221.94576113569528 54.21471109112023
      vertex 157.27178384955724 220 54.21471109112023
      vertex 157.17983738762487 221.90767566415067 54.252796562664834
    endloop
  endfacet
  facet normal -0.5224985647159703 -1.3744773902939494e-15 -0.852640164354079
    outer loop
      vertex 157.27178384955724 221.94576113569528 54.21471109112023
      vertex 157.498779099427 222.0397856467856 54.07560822309601
      vertex 157.4992349288972 220 54.07532889043741
    endloop
  endfacet
  facet normal -0.23344536385588222 1.2428657137483365e-18 -0.9723699203976821
    outer loop
      vertex 156.8441558230885 221.8270856506907 54.360291882889626
      vertex 157.0253288904374 221.87058145587858 54.31679607770177
      vertex 157.0253288904374 220 54.31679607770177
    endloop
  endfacet
  facet normal -0.2334453638559076 -2.6588875977373558e-15 -0.9723699203976761
    outer loop
      vertex 156.8441558230885 221.8270856506907 54.360291882889626
      vertex 157.0253288904374 220 54.31679607770177
      vertex 156.7659385905684 221.82092982098825 54.379070179011734
    endloop
  endfacet
  facet normal -0.3826834323650898 -1.331213214336228e-15 -0.9238795325112867
    outer loop
      vertex 157.0253288904374 221.87058145587858 54.31679607770177
      vertex 157.17983738762487 221.90767566415067 54.252796562664834
      vertex 157.27178384955724 220 54.21471109112023
    endloop
  endfacet
  facet normal -0.5224985647114846 0 -0.8526401643568279
    outer loop
      vertex 157.4992349288972 222.0400649794442 54.07532889043741
      vertex 157.4992349288972 220 54.07532889043741
      vertex 157.498779099427 222.0397856467856 54.07560822309601
    endloop
  endfacet
  facet normal 0.5224985647114845 0 -0.8526401643568279
    outer loop
      vertex 155.5007650711028 225.9599350205558 54.07532889043741
      vertex 155.5007650711028 230 54.07532889043741
      vertex 155.501220900573 225.9602143532144 54.07560822309601
    endloop
  endfacet
  facet normal 0.6494480483302105 0 -0.760405965600008
    outer loop
      vertex 155.5007650711028 225.9599350205558 54.07532889043741
      vertex 155.29791847198288 230 53.902081528017135
      vertex 155.5007650711028 230 54.07532889043741
    endloop
  endfacet
  facet normal 0.5224985647159706 6.962512668446764e-16 -0.852640164354079
    outer loop
      vertex 155.501220900573 225.9602143532144 54.07560822309601
      vertex 155.5007650711028 230 54.07532889043741
      vertex 155.72821615044276 226.05423886430472 54.21471109112023
    endloop
  endfacet
  facet normal 0.38268343236506625 0 -0.9238795325112966
    outer loop
      vertex 155.72821615044276 226.05423886430472 54.21471109112023
      vertex 155.72821615044276 230 54.21471109112023
      vertex 155.82016261237513 226.09232433584933 54.252796562664834
    endloop
  endfacet
  facet normal 0.38268343236508984 6.523960602130224e-16 -0.9238795325112866
    outer loop
      vertex 155.82016261237513 226.09232433584933 54.252796562664834
      vertex 155.72821615044276 230 54.21471109112023
      vertex 155.9746711095626 226.12941854412142 54.31679607770177
    endloop
  endfacet
  facet normal 0.23344536385588224 0 -0.9723699203976822
    outer loop
      vertex 155.9746711095626 226.12941854412142 54.31679607770177
      vertex 155.9746711095626 230 54.31679607770177
      vertex 156.1558441769115 226.1729143493093 54.360291882889626
    endloop
  endfacet
  facet normal 0.23344536385590764 1.2745349317406113e-15 -0.972369920397676
    outer loop
      vertex 156.1558441769115 226.1729143493093 54.360291882889626
      vertex 155.9746711095626 230 54.31679607770177
      vertex 156.2340614094316 226.17907017901175 54.379070179011734
    endloop
  endfacet
  facet normal 0.07845909572786593 0 -0.9969173337331264
    outer loop
      vertex 156.2340614094316 226.17907017901175 54.379070179011734
      vertex 156.2340614094316 230 54.379070179011734
      vertex 156.5 226.2 54.400000000000006
    endloop
  endfacet
  facet normal -0.07845909572786591 0 -0.9969173337331263
    outer loop
      vertex 156.5 226.2 54.400000000000006
      vertex 156.5 230 54.400000000000006
      vertex 156.7659385905684 226.17907017901175 54.379070179011734
    endloop
  endfacet
  facet normal 0.5224985647159617 0 -0.8526401643540842
    outer loop
      vertex 155.72821615044276 226.05423886430472 54.21471109112023
      vertex 155.5007650711028 230 54.07532889043741
      vertex 155.72821615044276 230 54.21471109112023
    endloop
  endfacet
  facet normal 0.38268343236508123 0 -0.9238795325112904
    outer loop
      vertex 155.9746711095626 226.12941854412142 54.31679607770177
      vertex 155.72821615044276 230 54.21471109112023
      vertex 155.9746711095626 230 54.31679607770177
    endloop
  endfacet
  facet normal 0.2334453638558899 0 -0.9723699203976802
    outer loop
      vertex 156.2340614094316 226.17907017901175 54.379070179011734
      vertex 155.9746711095626 230 54.31679607770177
      vertex 156.2340614094316 230 54.379070179011734
    endloop
  endfacet
  facet normal 0.07845909572786591 0 -0.9969173337331263
    outer loop
      vertex 156.5 226.2 54.400000000000006
      vertex 156.2340614094316 230 54.379070179011734
      vertex 156.5 230 54.400000000000006
    endloop
  endfacet
  facet normal -0.07845909572786593 0 -0.9969173337331264
    outer loop
      vertex 156.7659385905684 226.17907017901175 54.379070179011734
      vertex 156.5 230 54.400000000000006
      vertex 156.7659385905684 230 54.379070179011734
    endloop
  endfacet
  facet normal -0.38268343236506625 0 -0.9238795325112966
    outer loop
      vertex 157.27178384955724 226.05423886430472 54.21471109112023
      vertex 157.17983738762487 226.09232433584933 54.252796562664834
      vertex 157.27178384955724 230 54.21471109112023
    endloop
  endfacet
  facet normal -0.5224985647159708 2.9223427564245666e-18 -0.852640164354079
    outer loop
      vertex 157.498779099427 225.9602143532144 54.07560822309601
      vertex 157.27178384955724 226.05423886430472 54.21471109112023
      vertex 157.27178384955724 230 54.21471109112023
    endloop
  endfacet
  facet normal -0.38268343236509006 0 -0.9238795325112866
    outer loop
      vertex 157.0253288904374 226.12941854412142 54.31679607770177
      vertex 157.0253288904374 230 54.31679607770177
      vertex 157.17983738762487 226.09232433584933 54.252796562664834
    endloop
  endfacet
  facet normal -0.2334453638558821 5.548913221881789e-16 -0.9723699203976822
    outer loop
      vertex 156.8441558230885 226.1729143493093 54.360291882889626
      vertex 156.7659385905684 230 54.379070179011734
      vertex 157.0253288904374 226.12941854412142 54.31679607770177
    endloop
  endfacet
  facet normal -0.23344536385590778 -2.364960880001878e-19 -0.972369920397676
    outer loop
      vertex 156.8441558230885 226.1729143493093 54.360291882889626
      vertex 156.7659385905684 226.17907017901175 54.379070179011734
      vertex 156.7659385905684 230 54.379070179011734
    endloop
  endfacet
  facet normal -0.6494480483302105 0 -0.760405965600008
    outer loop
      vertex 157.4992349288972 225.9599350205558 54.07532889043741
      vertex 157.4992349288972 230 54.07532889043741
      vertex 157.70208152801712 225.83563046474364 53.902081528017135
    endloop
  endfacet
  facet normal -0.5224985647114845 0 -0.8526401643568279
    outer loop
      vertex 157.4992349288972 225.9599350205558 54.07532889043741
      vertex 157.498779099427 225.9602143532144 54.07560822309601
      vertex 157.4992349288972 230 54.07532889043741
    endloop
  endfacet
  facet normal -0.5224985647159618 6.948874365881978e-16 -0.8526401643540843
    outer loop
      vertex 157.498779099427 225.9602143532144 54.07560822309601
      vertex 157.27178384955724 230 54.21471109112023
      vertex 157.4992349288972 230 54.07532889043741
    endloop
  endfacet
  facet normal -0.2334453638558899 0 -0.9723699203976802
    outer loop
      vertex 157.0253288904374 226.12941854412142 54.31679607770177
      vertex 156.7659385905684 230 54.379070179011734
      vertex 157.0253288904374 230 54.31679607770177
    endloop
  endfacet
  facet normal -0.38268343236508107 4.107247540652134e-16 -0.9238795325112903
    outer loop
      vertex 157.17983738762487 226.09232433584933 54.252796562664834
      vertex 157.0253288904374 230 54.31679607770177
      vertex 157.27178384955724 230 54.21471109112023
    endloop
  endfacet
  facet normal 1 0 0
    outer loop
      vertex 12 134 6
      vertex 12 86 6
      vertex 12 86 0
    endloop
  endfacet
  facet normal 0 1 0
    outer loop
      vertex 152.5 86 0
      vertex 12 86 0
      vertex 12 86 6
    endloop
  endfacet
  facet normal 1 0 0
    outer loop
      vertex 12 134 6
      vertex 12 86 0
      vertex 12 134 0
    endloop
  endfacet
  facet normal 0 -1 0
    outer loop
      vertex 12 134 6
      vertex 12 134 0
      vertex 76.04583333333333 134 6
    endloop
  endfacet
  facet normal 0 -1 0
    outer loop
      vertex 152.5 134 0
      vertex 76.04583333333333 134 6
      vertex 12 134 0
    endloop
  endfacet
  facet normal 0 1 0
    outer loop
      vertex 12 86 6
      vertex 152.5 86 6
      vertex 152.5 86 0
    endloop
  endfacet
  facet normal -1 0 0
    outer loop
      vertex 152.5 86 0
      vertex 152.5 86 6
      vertex 152.5 134 0
    endloop
  endfacet
  facet normal 0 -1 0
    outer loop
      vertex 76.04583333333333 134 6
      vertex 152.5 134 0
      vertex 152.5 134 6
    endloop
  endfacet
  facet normal -1 0 0
    outer loop
      vertex 152.5 86 6
      vertex 152.5 134 6
      vertex 152.5 134 0
    endloop
  endfacet
endsolid OpenSCAD_Model
