solid OpenSCAD_Model
  facet normal -1 0 0
    outer loop
      vertex 14.508333333333333 50.8 18.3
      vertex 14.508333333333333 152 24
      vertex 14.508333333333333 152.4 18.3
    endloop
  endfacet
  facet normal -1 0 0
    outer loop
      vertex 14.508333333333333 50.8 18.3
      vertex 14.508333333333333 123.41242937853107 31
      vertex 14.508333333333333 152 24
    endloop
  endfacet
  facet normal 0 -1 0
    outer loop
      vertex 14.508333333333333 50.8 31
      vertex 26.616666666666667 50.8 31
      vertex 14.508333333333333 50.8 31.16
    endloop
  endfacet
  facet normal 0 0 1
    outer loop
      vertex 26.616666666666667 56.57350269189625 41.16
      vertex 14.508333333333333 152.4 41.16
      vertex 14.508333333333333 56.57350269189625 41.16
    endloop
  endfacet
  facet normal -1 0 0
    outer loop
      vertex 14.508333333333333 152.4 18.3
      vertex 14.508333333333333 152 24
      vertex 14.508333333333333 152.4 24
    endloop
  endfacet
  facet normal -1 0 0
    outer loop
      vertex 14.508333333333333 123.41242937853107 31
      vertex 14.508333333333333 152 36
      vertex 14.508333333333333 152 24
    endloop
  endfacet
  facet normal 0 1 0
    outer loop
      vertex 14.508333333333333 152.4 36
      vertex 14.508333333333333 152.4 41.16
      vertex 26.616666666666667 152.4 36
    endloop
  endfacet
  facet normal 0 -1 0
    outer loop
      vertex 14.508333333333333 50.8 31.16
      vertex 26.616666666666667 50.8 31
      vertex 26.616666666666667 50.8 31.16
    endloop
  endfacet
  facet normal 1 0 0
    outer loop
      vertex 26.616666666666667 50.8 18.3
      vertex 26.616666666666667 152.4 18.3
      vertex 26.616666666666667 50.8 31
    endloop
  endfacet
  facet normal 1 0 0
    outer loop
      vertex 26.616666666666667 50.8 31
      vertex 26.616666666666667 152.4 18.3
      vertex 26.616666666666667 50.8 31.16
    endloop
  endfacet
  facet normal 1 0 0
    outer loop
      vertex 26.616666666666667 50.8 31.16
      vertex 26.616666666666667 152.4 18.3
      vertex 26.616666666666667 152 24
    endloop
  endfacet
  facet normal 1 0 0
    outer loop
      vertex 26.616666666666667 50.8 31.16
      vertex 26.616666666666667 152 24
      vertex 26.616666666666667 152 36
    endloop
  endfacet
  facet normal 0 0 1
    outer loop
      vertex 14.508333333333333 152.4 41.16
      vertex 26.616666666666667 56.57350269189625 41.16
      vertex 26.616666666666667 152.4 41.16
    endloop
  endfacet
  facet normal 1 0 0
    outer loop
      vertex 26.616666666666667 152.4 18.3
      vertex 26.616666666666667 152.4 24
      vertex 26.616666666666667 152 24
    endloop
  endfacet
  facet normal 0 1 0
    outer loop
      vertex 26.616666666666667 152.4 36
      vertex 14.508333333333333 152.4 41.16
      vertex 26.616666666666667 152.4 41.16
    endloop
  endfacet
  facet normal 0 -0.8660254037844388 0.5
    outer loop
      vertex 14.508333333333333 50.8 31.16
      vertex 26.616666666666667 50.8 31.16
      vertex 14.508333333333333 56.57350269189625 41.16
    endloop
  endfacet
  facet normal 0 -0.8660254037844388 0.5
    outer loop
      vertex 14.508333333333333 56.57350269189625 41.16
      vertex 26.616666666666667 50.8 31.16
      vertex 26.616666666666667 56.57350269189625 41.16
    endloop
  endfacet
  facet normal 6.881825342112356e-19 0.7071067811865733 -0.7071067811865216
    outer loop
      vertex 14.6625 159.54314575050765 12.84314575050762
      vertex 14.6625 159.640130598606 12.940130598605972
      vertex 17.1625 159.640130598606 12.940130598605972
    endloop
  endfacet
  facet normal -1 0 0
    outer loop
      vertex 14.6625 154.28026119721196 18.3
      vertex 14.6625 159.04616090240927 12.34616090240927
      vertex 14.6625 158.54917605431092 12.84314575050762
    endloop
  endfacet
  facet normal -1 0 0
    outer loop
      vertex 14.6625 154.28026119721196 18.3
      vertex 14.6625 159.54314575050765 12.84314575050762
      vertex 14.6625 159.04616090240927 12.34616090240927
    endloop
  endfacet
  facet normal -1 0 0
    outer loop
      vertex 14.6625 154.28026119721196 18.3
      vertex 14.6625 159.640130598606 12.940130598605972
      vertex 14.6625 159.54314575050765 12.84314575050762
    endloop
  endfacet
  facet normal -1 0 0
    outer loop
      vertex 14.6625 153.09232180481854 18.3
      vertex 14.6625 154.28026119721196 18.3
      vertex 14.6625 158.54917605431092 12.84314575050762
    endloop
  endfacet
  facet normal 6.891776246745307e-17 -0.7071067811865476 -0.7071067811865476
    outer loop
      vertex 14.6625 153.09232180481854 18.3
      vertex 14.6625 158.54917605431092 12.84314575050762
      vertex 17.1625 158.54917605431092 12.84314575050762
    endloop
  endfacet
  facet normal 0 0.707106781186547 0.707106781186548
    outer loop
      vertex 14.6625 154.28026119721196 18.3
      vertex 17.1625 154.28026119721196 18.3
      vertex 14.6625 159.640130598606 12.940130598605972
    endloop
  endfacet
  facet normal 0 0.7071067811865733 -0.7071067811865216
    outer loop
      vertex 14.6625 159.54314575050765 12.84314575050762
      vertex 17.1625 159.640130598606 12.940130598605972
      vertex 17.1625 159.54314575050765 12.84314575050762
    endloop
  endfacet
  facet normal 0 0.707106781186547 0.707106781186548
    outer loop
      vertex 14.6625 159.640130598606 12.940130598605972
      vertex 17.1625 154.28026119721196 18.3
      vertex 17.1625 159.640130598606 12.940130598605972
    endloop
  endfacet
  facet normal 0 -0.7071067811865476 -0.7071067811865476
    outer loop
      vertex 14.6625 153.09232180481854 18.3
      vertex 17.1625 158.54917605431092 12.84314575050762
      vertex 17.1625 153.09232180481854 18.3
    endloop
  endfacet
  facet normal 1 0 0
    outer loop
      vertex 17.1625 153.09232180481854 18.3
      vertex 17.1625 158.54917605431092 12.84314575050762
      vertex 17.1625 159.54314575050765 12.84314575050762
    endloop
  endfacet
  facet normal 1 0 0
    outer loop
      vertex 17.1625 153.09232180481854 18.3
      vertex 17.1625 159.54314575050765 12.84314575050762
      vertex 17.1625 159.640130598606 12.940130598605972
    endloop
  endfacet
  facet normal 1 0 0
    outer loop
      vertex 17.1625 153.09232180481854 18.3
      vertex 17.1625 159.640130598606 12.940130598605972
      vertex 17.1625 154.28026119721196 18.3
    endloop
  endfacet
  facet normal 0 -0.7071067811865734 -0.7071067811865217
    outer loop
      vertex 17.7625 170.45685424949235 12.84314575050762
      vertex 20.2625 170.45685424949235 12.84314575050762
      vertex 17.7625 170.359869401394 12.940130598605972
    endloop
  endfacet
  facet normal -1 0 0
    outer loop
      vertex 17.7625 170.45685424949235 12.84314575050762
      vertex 17.7625 170.359869401394 12.940130598605972
      vertex 17.7625 176 17.392321804818554
    endloop
  endfacet
  facet normal -1 0 0
    outer loop
      vertex 17.7625 170.45685424949235 12.84314575050762
      vertex 17.7625 176 17.392321804818554
      vertex 17.7625 171.45082394568908 12.84314575050762
    endloop
  endfacet
  facet normal -1 0 0
    outer loop
      vertex 17.7625 170.359869401394 12.940130598605972
      vertex 17.7625 176 18.58026119721196
      vertex 17.7625 176 17.392321804818554
    endloop
  endfacet
  facet normal 0 -0.7071067811865474 0.7071067811865478
    outer loop
      vertex 17.7625 170.359869401394 12.940130598605972
      vertex 20.2625 170.359869401394 12.940130598605972
      vertex 17.7625 176 18.58026119721196
    endloop
  endfacet
  facet normal -6.041286509155677e-17 0.7071067811865487 -0.7071067811865465
    outer loop
      vertex 17.7625 171.45082394568908 12.84314575050762
      vertex 17.7625 176 17.392321804818554
      vertex 20.2625 176 17.392321804818554
    endloop
  endfacet
  facet normal 0 -0.7071067811865734 -0.7071067811865217
    outer loop
      vertex 17.7625 170.359869401394 12.940130598605972
      vertex 20.2625 170.45685424949235 12.84314575050762
      vertex 20.2625 170.359869401394 12.940130598605972
    endloop
  endfacet
  facet normal 1 0 0
    outer loop
      vertex 20.2625 170.45685424949235 12.84314575050762
      vertex 20.2625 171.45082394568908 12.84314575050762
      vertex 20.2625 170.359869401394 12.940130598605972
    endloop
  endfacet
  facet normal 0 0.7071067811865487 -0.7071067811865465
    outer loop
      vertex 17.7625 171.45082394568908 12.84314575050762
      vertex 20.2625 176 17.392321804818554
      vertex 20.2625 171.45082394568908 12.84314575050762
    endloop
  endfacet
  facet normal -5.213288095024671e-17 -0.7071067811865474 0.7071067811865478
    outer loop
      vertex 20.2625 170.359869401394 12.940130598605972
      vertex 20.2625 176 18.58026119721196
      vertex 17.7625 176 18.58026119721196
    endloop
  endfacet
  facet normal 1 0 0
    outer loop
      vertex 20.2625 170.359869401394 12.940130598605972
      vertex 20.2625 171.45082394568908 12.84314575050762
      vertex 20.2625 176 18.58026119721196
    endloop
  endfacet
  facet normal 1 0 0
    outer loop
      vertex 20.2625 171.45082394568908 12.84314575050762
      vertex 20.2625 176 17.392321804818554
      vertex 20.2625 176 18.58026119721196
    endloop
  endfacet
  facet normal -1 0 0
    outer loop
      vertex 17.7625 180 21.392321804818568
      vertex 17.7625 180 21.8
      vertex 17.7625 180.40767819518143 21.8
    endloop
  endfacet
  facet normal -7.858599295604412e-18 0.7071067811865475 -0.7071067811865475
    outer loop
      vertex 17.7625 180 21.392321804818568
      vertex 17.7625 180.40767819518143 21.8
      vertex 20.2625 180.40767819518143 21.8
    endloop
  endfacet
  facet normal 0 0.7071067811865475 -0.7071067811865475
    outer loop
      vertex 17.7625 180 21.392321804818568
      vertex 20.2625 180.40767819518143 21.8
      vertex 20.2625 180 21.392321804818568
    endloop
  endfacet
  facet normal 1 0 0
    outer loop
      vertex 20.2625 180 21.392321804818568
      vertex 20.2625 180.40767819518143 21.8
      vertex 20.2625 180 21.8
    endloop
  endfacet
  facet normal -1 0 0
    outer loop
      vertex 20.8625 158.54917605431092 12.84314575050762
      vertex 20.8625 159.640130598606 12.940130598605972
      vertex 20.8625 159.54314575050765 12.84314575050762
    endloop
  endfacet
  facet normal 6.881825342112361e-19 0.7071067811865734 -0.7071067811865217
    outer loop
      vertex 20.8625 159.54314575050765 12.84314575050762
      vertex 20.8625 159.640130598606 12.940130598605972
      vertex 23.3625 159.640130598606 12.940130598605972
    endloop
  endfacet
  facet normal -1 0 0
    outer loop
      vertex 20.8625 154.28026119721196 18.3
      vertex 20.8625 159.640130598606 12.940130598605972
      vertex 20.8625 158.54917605431092 12.84314575050762
    endloop
  endfacet
  facet normal -1 0 0
    outer loop
      vertex 20.8625 153.09232180481854 18.3
      vertex 20.8625 154.28026119721196 18.3
      vertex 20.8625 158.54917605431092 12.84314575050762
    endloop
  endfacet
  facet normal 6.89177624674531e-17 -0.7071067811865475 -0.7071067811865475
    outer loop
      vertex 20.8625 153.09232180481854 18.3
      vertex 20.8625 158.54917605431092 12.84314575050762
      vertex 23.3625 158.54917605431092 12.84314575050762
    endloop
  endfacet
  facet normal 0 0.7071067811865471 0.707106781186548
    outer loop
      vertex 20.8625 154.28026119721196 18.3
      vertex 23.3625 154.28026119721196 18.3
      vertex 20.8625 159.640130598606 12.940130598605972
    endloop
  endfacet
  facet normal 0 0.7071067811865734 -0.7071067811865217
    outer loop
      vertex 20.8625 159.54314575050765 12.84314575050762
      vertex 23.3625 159.640130598606 12.940130598605972
      vertex 23.3625 159.54314575050765 12.84314575050762
    endloop
  endfacet
  facet normal 0 0.7071067811865471 0.707106781186548
    outer loop
      vertex 20.8625 159.640130598606 12.940130598605972
      vertex 23.3625 154.28026119721196 18.3
      vertex 23.3625 159.640130598606 12.940130598605972
    endloop
  endfacet
  facet normal 0 -0.7071067811865475 -0.7071067811865475
    outer loop
      vertex 20.8625 153.09232180481854 18.3
      vertex 23.3625 158.54917605431092 12.84314575050762
      vertex 23.3625 153.09232180481854 18.3
    endloop
  endfacet
  facet normal 1 0 0
    outer loop
      vertex 23.3625 153.09232180481854 18.3
      vertex 23.3625 158.54917605431092 12.84314575050762
      vertex 23.3625 159.54314575050765 12.84314575050762
    endloop
  endfacet
  facet normal 1 0 0
    outer loop
      vertex 23.3625 153.09232180481854 18.3
      vertex 23.3625 159.54314575050765 12.84314575050762
      vertex 23.3625 159.640130598606 12.940130598605972
    endloop
  endfacet
  facet normal 1 0 0
    outer loop
      vertex 23.3625 153.09232180481854 18.3
      vertex 23.3625 159.640130598606 12.940130598605972
      vertex 23.3625 154.28026119721196 18.3
    endloop
  endfacet
  facet normal 0 -0.7071067811865734 -0.7071067811865217
    outer loop
      vertex 23.9625 170.45685424949235 12.84314575050762
      vertex 26.4625 170.45685424949235 12.84314575050762
      vertex 23.9625 170.359869401394 12.940130598605972
    endloop
  endfacet
  facet normal -1 0 0
    outer loop
      vertex 23.9625 170.45685424949235 12.84314575050762
      vertex 23.9625 170.359869401394 12.940130598605972
      vertex 23.9625 176 17.392321804818554
    endloop
  endfacet
  facet normal -1 0 0
    outer loop
      vertex 23.9625 170.45685424949235 12.84314575050762
      vertex 23.9625 176 17.392321804818554
      vertex 23.9625 171.45082394568908 12.84314575050762
    endloop
  endfacet
  facet normal -1 0 0
    outer loop
      vertex 23.9625 170.359869401394 12.940130598605972
      vertex 23.9625 176 18.58026119721196
      vertex 23.9625 176 17.392321804818554
    endloop
  endfacet
  facet normal 0 -0.7071067811865474 0.7071067811865478
    outer loop
      vertex 23.9625 170.359869401394 12.940130598605972
      vertex 26.4625 170.359869401394 12.940130598605972
      vertex 23.9625 176 18.58026119721196
    endloop
  endfacet
  facet normal -1.0652720386491712e-15 0.7071067811865487 -0.7071067811865465
    outer loop
      vertex 23.9625 171.45082394568908 12.84314575050762
      vertex 23.9625 176 17.392321804818554
      vertex 26.4625 176 17.39232180481855
    endloop
  endfacet
  facet normal 0 -0.7071067811865734 -0.7071067811865217
    outer loop
      vertex 23.9625 170.359869401394 12.940130598605972
      vertex 26.4625 170.45685424949235 12.84314575050762
      vertex 26.4625 170.359869401394 12.940130598605972
    endloop
  endfacet
  facet normal 0 0.7071067811865485 -0.7071067811865468
    outer loop
      vertex 23.9625 171.45082394568908 12.84314575050762
      vertex 26.4625 176 17.39232180481855
      vertex 26.4625 171.45082394568908 12.84314575050762
    endloop
  endfacet
  facet normal -5.213288095024671e-17 -0.7071067811865474 0.7071067811865478
    outer loop
      vertex 26.4625 170.359869401394 12.940130598605972
      vertex 26.4625 176 18.58026119721196
      vertex 23.9625 176 18.58026119721196
    endloop
  endfacet
  facet normal 1 0 0
    outer loop
      vertex 26.4625 170.45685424949235 12.84314575050762
      vertex 26.4625 170.95383909759073 12.34616090240927
      vertex 26.4625 176 18.58026119721196
    endloop
  endfacet
  facet normal 1 0 0
    outer loop
      vertex 26.4625 170.45685424949235 12.84314575050762
      vertex 26.4625 176 18.58026119721196
      vertex 26.4625 170.359869401394 12.940130598605972
    endloop
  endfacet
  facet normal 1 0 0
    outer loop
      vertex 26.4625 170.95383909759073 12.34616090240927
      vertex 26.4625 171.45082394568908 12.84314575050762
      vertex 26.4625 176 18.58026119721196
    endloop
  endfacet
  facet normal 1 0 0
    outer loop
      vertex 26.4625 171.45082394568908 12.84314575050762
      vertex 26.4625 176 17.39232180481855
      vertex 26.4625 176 18.58026119721196
    endloop
  endfacet
  facet normal -1 0 0
    outer loop
      vertex 23.9625 180 21.392321804818568
      vertex 23.9625 180 21.8
      vertex 23.9625 180.40767819518143 21.8
    endloop
  endfacet
  facet normal -8.360212016600434e-18 0.7071067811865476 -0.7071067811865476
    outer loop
      vertex 23.9625 180 21.392321804818568
      vertex 23.9625 180.40767819518143 21.8
      vertex 26.3125 180.40767819518143 21.8
    endloop
  endfacet
  facet normal -3.014577520672811e-15 0.7071067811865562 -0.7071067811865389
    outer loop
      vertex 23.9625 180 21.392321804818568
      vertex 26.3125 180.40767819518143 21.8
      vertex 26.4625 180 21.392321804818557
    endloop
  endfacet
  facet normal -4.417146269077955e-14 0.7071067811865487 -0.7071067811865464
    outer loop
      vertex 26.3125 180.40767819518143 21.8
      vertex 26.4625 182.26754759657547 23.659869401394033
      vertex 26.4625 180 21.392321804818557
    endloop
  endfacet
  facet normal 1 0 0
    outer loop
      vertex 26.4625 180 21.392321804818557
      vertex 26.4625 181.67357790037877 24.253839097590735
      vertex 26.4625 180 22.58026119721196
    endloop
  endfacet
  facet normal 1.6747652892627023e-14 -0.7071067811865506 0.7071067811865446
    outer loop
      vertex 26.3125 180 22.580261197211964
      vertex 26.4625 180 22.58026119721196
      vertex 26.3125 181.25062529940013 23.830886496612102
    endloop
  endfacet
  facet normal 9.818706928055378e-13 -0.7071067811864931 0.7071067811866019
    outer loop
      vertex 26.4625 180 22.58026119721196
      vertex 26.3125 181.31973880278804 23.900000000000002
      vertex 26.3125 181.25062529940013 23.830886496612102
    endloop
  endfacet
  facet normal 1.6709007071090085e-14 -0.7071067811865476 0.7071067811865476
    outer loop
      vertex 26.4625 180 22.58026119721196
      vertex 26.4625 181.67357790037877 24.253839097590735
      vertex 26.3125 181.31973880278804 23.900000000000002
    endloop
  endfacet
  facet normal 1.9912779438739456e-14 0.707106781186546 -0.707106781186549
    outer loop
      vertex 26.3125 180.40767819518143 21.8
      vertex 26.3125 182.1 23.492321804818555
      vertex 26.4625 182.26754759657547 23.659869401394033
    endloop
  endfacet
  facet normal 3.2938293438883814e-17 0.7071067811865551 -0.70710678118654
    outer loop
      vertex 26.3125 182.1 23.492321804818555
      vertex 26.3125 182.26754759657547 23.659869401394033
      vertex 26.4625 182.26754759657547 23.659869401394033
    endloop
  endfacet
  facet normal 1.295325980575109e-16 -0.707106781186544 0.7071067811865511
    outer loop
      vertex 26.3125 181.31973880278804 23.900000000000002
      vertex 26.4625 181.67357790037877 24.253839097590735
      vertex 26.3125 181.67357790037877 24.253839097590735
    endloop
  endfacet
  facet normal 9.077233448389817e-14 0.7071067811865632 0.7071067811865317
    outer loop
      vertex 26.3125 182.26754759657547 23.659869401394033
      vertex 26.3125 182.0274169979695 23.900000000000002
      vertex 26.4625 181.67357790037877 24.253839097590735
    endloop
  endfacet
  facet normal -1.295325980575109e-16 0.707106781186544 0.7071067811865511
    outer loop
      vertex 26.3125 182.0274169979695 23.900000000000002
      vertex 26.3125 181.67357790037877 24.253839097590735
      vertex 26.4625 181.67357790037877 24.253839097590735
    endloop
  endfacet
  facet normal 0 0.7071067811865517 0.7071067811865432
    outer loop
      vertex 26.3125 182.26754759657547 23.659869401394033
      vertex 26.4625 181.67357790037877 24.253839097590735
      vertex 26.4625 182.26754759657547 23.659869401394033
    endloop
  endfacet
  facet normal 1 0 0
    outer loop
      vertex 26.4625 180 21.392321804818557
      vertex 26.4625 182.26754759657547 23.659869401394033
      vertex 26.4625 181.67357790037877 24.253839097590735
    endloop
  endfacet
  facet normal -1 0 0
    outer loop
      vertex 14.6625 157.5 9.2
      vertex 14.6625 157.5 12.84314575050762
      vertex 14.6625 158.54917605431092 12.84314575050762
    endloop
  endfacet
  facet normal -1 0 0
    outer loop
      vertex 14.6625 157.5 9.2
      vertex 14.6625 158.54917605431092 12.84314575050762
      vertex 14.6625 159.04616090240927 12.34616090240927
    endloop
  endfacet
  facet normal -1 0 0
    outer loop
      vertex 14.6625 157.5 9.2
      vertex 14.6625 159.04616090240927 12.34616090240927
      vertex 14.6625 172.5 12.84314575050762
    endloop
  endfacet
  facet normal -1 0 0
    outer loop
      vertex 14.6625 159.04616090240927 12.34616090240927
      vertex 14.6625 159.54314575050765 12.84314575050762
      vertex 14.6625 172.5 12.84314575050762
    endloop
  endfacet
  facet normal -1 0 0
    outer loop
      vertex 14.6625 157.5 9.2
      vertex 14.6625 172.5 12.84314575050762
      vertex 14.6625 172.5 9.2
    endloop
  endfacet
  facet normal 0 0 1
    outer loop
      vertex 14.6625 157.5 12.84314575050762
      vertex 17.1625 158.54917605431092 12.84314575050762
      vertex 14.6625 158.54917605431092 12.84314575050762
    endloop
  endfacet
  facet normal 0 0 1
    outer loop
      vertex 14.6625 159.54314575050765 12.84314575050762
      vertex 17.1625 159.54314575050765 12.84314575050762
      vertex 14.6625 172.5 12.84314575050762
    endloop
  endfacet
  facet normal 0 0 1
    outer loop
      vertex 14.6625 172.5 12.84314575050762
      vertex 17.7625 170.45685424949235 12.84314575050762
      vertex 17.7625 171.45082394568908 12.84314575050762
    endloop
  endfacet
  facet normal 0 0 1
    outer loop
      vertex 14.6625 157.5 12.84314575050762
      vertex 20.8625 158.54917605431092 12.84314575050762
      vertex 17.1625 158.54917605431092 12.84314575050762
    endloop
  endfacet
  facet normal 0 0 1
    outer loop
      vertex 14.6625 172.5 12.84314575050762
      vertex 17.1625 159.54314575050765 12.84314575050762
      vertex 20.8625 159.54314575050765 12.84314575050762
    endloop
  endfacet
  facet normal 0 -1 0
    outer loop
      vertex 14.6625 157.5 9.2
      vertex 26.4625 157.5 12.84314575050762
      vertex 14.6625 157.5 12.84314575050762
    endloop
  endfacet
  facet normal 0 0 1
    outer loop
      vertex 17.1625 158.54917605431092 12.84314575050762
      vertex 20.8625 158.54917605431092 12.84314575050762
      vertex 17.1625 159.54314575050765 12.84314575050762
    endloop
  endfacet
  facet normal 0 0 -1
    outer loop
      vertex 14.6625 157.5 9.2
      vertex 14.6625 172.5 9.2
      vertex 26.4625 172.5 9.2
    endloop
  endfacet
  facet normal 0 1 0
    outer loop
      vertex 14.6625 172.5 9.2
      vertex 14.6625 172.5 12.84314575050762
      vertex 26.4625 172.5 9.2
    endloop
  endfacet
  facet normal 0 0 1
    outer loop
      vertex 14.6625 157.5 12.84314575050762
      vertex 23.3625 158.54917605431092 12.84314575050762
      vertex 20.8625 158.54917605431092 12.84314575050762
    endloop
  endfacet
  facet normal 0 0 1
    outer loop
      vertex 17.1625 159.54314575050765 12.84314575050762
      vertex 20.8625 158.54917605431092 12.84314575050762
      vertex 20.8625 159.54314575050765 12.84314575050762
    endloop
  endfacet
  facet normal 0 0 1
    outer loop
      vertex 14.6625 172.5 12.84314575050762
      vertex 20.8625 159.54314575050765 12.84314575050762
      vertex 23.3625 159.54314575050765 12.84314575050762
    endloop
  endfacet
  facet normal 0 0 1
    outer loop
      vertex 14.6625 172.5 12.84314575050762
      vertex 26.4625 157.5 12.84314575050762
      vertex 17.7625 170.45685424949235 12.84314575050762
    endloop
  endfacet
  facet normal 0 0 1
    outer loop
      vertex 14.6625 172.5 12.84314575050762
      vertex 17.7625 171.45082394568908 12.84314575050762
      vertex 26.4625 172.5 12.84314575050762
    endloop
  endfacet
  facet normal 0 0 1
    outer loop
      vertex 14.6625 157.5 12.84314575050762
      vertex 26.4625 157.5 12.84314575050762
      vertex 23.3625 158.54917605431092 12.84314575050762
    endloop
  endfacet
  facet normal 0 0 1
    outer loop
      vertex 14.6625 172.5 12.84314575050762
      vertex 23.3625 159.54314575050765 12.84314575050762
      vertex 26.4625 157.5 12.84314575050762
    endloop
  endfacet
  facet normal 0 0 1
    outer loop
      vertex 17.7625 170.45685424949235 12.84314575050762
      vertex 26.4625 157.5 12.84314575050762
      vertex 20.2625 170.45685424949235 12.84314575050762
    endloop
  endfacet
  facet normal 0 0 1
    outer loop
      vertex 20.2625 170.45685424949235 12.84314575050762
      vertex 23.9625 170.45685424949235 12.84314575050762
      vertex 20.2625 171.45082394568908 12.84314575050762
    endloop
  endfacet
  facet normal 0 0 1
    outer loop
      vertex 17.7625 171.45082394568908 12.84314575050762
      vertex 20.2625 171.45082394568908 12.84314575050762
      vertex 26.4625 172.5 12.84314575050762
    endloop
  endfacet
  facet normal 0 -1 0
    outer loop
      vertex 14.6625 157.5 9.2
      vertex 26.4625 157.5 9.2
      vertex 26.4625 157.5 12.84314575050762
    endloop
  endfacet
  facet normal 0 0 -1
    outer loop
      vertex 14.6625 157.5 9.2
      vertex 26.4625 172.5 9.2
      vertex 26.4625 157.5 9.2
    endloop
  endfacet
  facet normal 0 1 0
    outer loop
      vertex 14.6625 172.5 12.84314575050762
      vertex 26.4625 172.5 12.84314575050762
      vertex 26.4625 172.5 9.2
    endloop
  endfacet
  facet normal 0 0 1
    outer loop
      vertex 20.2625 171.45082394568908 12.84314575050762
      vertex 23.9625 170.45685424949235 12.84314575050762
      vertex 23.9625 171.45082394568908 12.84314575050762
    endloop
  endfacet
  facet normal 0 0 1
    outer loop
      vertex 20.2625 170.45685424949235 12.84314575050762
      vertex 26.4625 157.5 12.84314575050762
      vertex 23.9625 170.45685424949235 12.84314575050762
    endloop
  endfacet
  facet normal 0 0 1
    outer loop
      vertex 20.2625 171.45082394568908 12.84314575050762
      vertex 23.9625 171.45082394568908 12.84314575050762
      vertex 26.4625 172.5 12.84314575050762
    endloop
  endfacet
  facet normal 0 0 1
    outer loop
      vertex 23.3625 158.54917605431092 12.84314575050762
      vertex 26.4625 157.5 12.84314575050762
      vertex 23.3625 159.54314575050765 12.84314575050762
    endloop
  endfacet
  facet normal 0 0 1
    outer loop
      vertex 23.9625 170.45685424949235 12.84314575050762
      vertex 26.4625 157.5 12.84314575050762
      vertex 26.4625 170.45685424949235 12.84314575050762
    endloop
  endfacet
  facet normal 0 0 1
    outer loop
      vertex 23.9625 171.45082394568908 12.84314575050762
      vertex 26.4625 171.45082394568908 12.84314575050762
      vertex 26.4625 172.5 12.84314575050762
    endloop
  endfacet
  facet normal 1 0 0
    outer loop
      vertex 26.4625 157.5 9.2
      vertex 26.4625 172.5 9.2
      vertex 26.4625 157.5 12.84314575050762
    endloop
  endfacet
  facet normal 1 0 0
    outer loop
      vertex 26.4625 157.5 12.84314575050762
      vertex 26.4625 172.5 9.2
      vertex 26.4625 170.95383909759073 12.34616090240927
    endloop
  endfacet
  facet normal 1 0 0
    outer loop
      vertex 26.4625 157.5 12.84314575050762
      vertex 26.4625 170.95383909759073 12.34616090240927
      vertex 26.4625 170.45685424949235 12.84314575050762
    endloop
  endfacet
  facet normal 1 0 0
    outer loop
      vertex 26.4625 172.5 9.2
      vertex 26.4625 171.45082394568908 12.84314575050762
      vertex 26.4625 170.95383909759073 12.34616090240927
    endloop
  endfacet
  facet normal 1 0 0
    outer loop
      vertex 26.4625 172.5 9.2
      vertex 26.4625 172.5 12.84314575050762
      vertex 26.4625 171.45082394568908 12.84314575050762
    endloop
  endfacet
  facet normal -1 0 0
    outer loop
      vertex 14.8125 182.1 13.2
      vertex 14.8125 182.1 15.299999999999999
      vertex 14.8125 215.9 13.322841225626739
    endloop
  endfacet
  facet normal -1 0 0
    outer loop
      vertex 14.8125 182.1 13.2
      vertex 14.8125 215.9 13.322841225626739
      vertex 14.8125 215.9 13.2
    endloop
  endfacet
  facet normal -1 0 0
    outer loop
      vertex 14.8125 215.9 13.322841225626739
      vertex 14.8125 218 15.299999999999999
      vertex 14.8125 218 13.2
    endloop
  endfacet
  facet normal -1 0 0
    outer loop
      vertex 14.8125 182.1 15.299999999999999
      vertex 14.8125 218 15.299999999999999
      vertex 14.8125 215.9 13.322841225626739
    endloop
  endfacet
  facet normal 0 0 -1
    outer loop
      vertex 14.8125 182.1 13.2
      vertex 14.8125 215.9 13.2
      vertex 26.3125 182.1 13.2
    endloop
  endfacet
  facet normal 0 0 1
    outer loop
      vertex 14.8125 182.1 15.299999999999999
      vertex 26.3125 182.1 15.299999999999999
      vertex 14.8125 218 15.299999999999999
    endloop
  endfacet
  facet normal 0 1 0
    outer loop
      vertex 14.8125 218 13.2
      vertex 14.8125 218 15.299999999999999
      vertex 26.3125 218 13.2
    endloop
  endfacet
  facet normal 0 0 -1
    outer loop
      vertex 14.8125 215.9 13.2
      vertex 26.3125 215.9 13.2
      vertex 26.3125 182.1 13.2
    endloop
  endfacet
  facet normal 0 0 1
    outer loop
      vertex 14.8125 218 15.299999999999999
      vertex 26.3125 182.1 15.299999999999999
      vertex 26.3125 218 15.299999999999999
    endloop
  endfacet
  facet normal 0 1 0
    outer loop
      vertex 14.8125 218 15.299999999999999
      vertex 26.3125 218 15.299999999999999
      vertex 26.3125 218 13.2
    endloop
  endfacet
  facet normal 1 0 0
    outer loop
      vertex 26.3125 182.1 13.2
      vertex 26.3125 215.9 13.2
      vertex 26.3125 182.1 15.183947368421052
    endloop
  endfacet
  facet normal 1 0 0
    outer loop
      vertex 26.3125 180 15.299999999999999
      vertex 26.3125 182.1 15.183947368421052
      vertex 26.3125 182.1 15.299999999999999
    endloop
  endfacet
  facet normal 1 0 0
    outer loop
      vertex 26.3125 182.1 15.183947368421052
      vertex 26.3125 218 15.299999999999999
      vertex 26.3125 182.1 15.299999999999999
    endloop
  endfacet
  facet normal 1 0 0
    outer loop
      vertex 26.3125 182.1 15.183947368421052
      vertex 26.3125 215.9 13.2
      vertex 26.3125 218 13.2
    endloop
  endfacet
  facet normal 1 0 0
    outer loop
      vertex 26.3125 182.1 15.183947368421052
      vertex 26.3125 218 13.2
      vertex 26.3125 218 15.299999999999999
    endloop
  endfacet
  facet normal -1 0 0
    outer loop
      vertex 14.8125 180 13.2
      vertex 14.8125 182.1 15.299999999999999
      vertex 14.8125 182.1 13.2
    endloop
  endfacet
  facet normal -1 0 0
    outer loop
      vertex 14.8125 180 13.2
      vertex 14.8125 180 17.52
      vertex 14.8125 182.1 17.52
    endloop
  endfacet
  facet normal -1 0 0
    outer loop
      vertex 14.8125 180 13.2
      vertex 14.8125 182.1 17.5
      vertex 14.8125 182.1 15.299999999999999
    endloop
  endfacet
  facet normal -1 0 0
    outer loop
      vertex 14.8125 180 13.2
      vertex 14.8125 182.1 17.52
      vertex 14.8125 182.1 17.5
    endloop
  endfacet
  facet normal 0 0 -1
    outer loop
      vertex 14.8125 180 13.2
      vertex 14.8125 182.1 13.2
      vertex 26.3125 182.1 13.2
    endloop
  endfacet
  facet normal 0 1 0
    outer loop
      vertex 14.8125 182.1 15.299999999999999
      vertex 14.8125 182.1 17.5
      vertex 26.3125 182.1 15.299999999999999
    endloop
  endfacet
  facet normal 0 0 -1
    outer loop
      vertex 14.8125 180 13.2
      vertex 26.3125 182.1 13.2
      vertex 26.3125 180 13.2
    endloop
  endfacet
  facet normal 0 1 0
    outer loop
      vertex 14.8125 182.1 17.5
      vertex 26.3125 182.1 17.5
      vertex 26.3125 182.1 15.299999999999999
    endloop
  endfacet
  facet normal 1 0 0
    outer loop
      vertex 26.3125 180 13.2
      vertex 26.3125 182.1 13.2
      vertex 26.3125 182.1 15.183947368421052
    endloop
  endfacet
  facet normal 1 0 0
    outer loop
      vertex 26.3125 180 13.2
      vertex 26.3125 182.1 15.183947368421052
      vertex 26.3125 180 15.299999999999999
    endloop
  endfacet
  facet normal 1 0 0
    outer loop
      vertex 26.3125 180 15.299999999999999
      vertex 26.3125 182.1 17.52
      vertex 26.3125 180 17.52
    endloop
  endfacet
  facet normal 1 0 0
    outer loop
      vertex 26.3125 180 15.299999999999999
      vertex 26.3125 182.1 15.299999999999999
      vertex 26.3125 182.1 17.5
    endloop
  endfacet
  facet normal 1 0 0
    outer loop
      vertex 26.3125 180 15.299999999999999
      vertex 26.3125 182.1 17.5
      vertex 26.3125 182.1 17.52
    endloop
  endfacet
  facet normal -1 0 0
    outer loop
      vertex 14.8125 182.1 17.5
      vertex 14.8125 182.1 17.52
      vertex 14.8125 215.9 17.5
    endloop
  endfacet
  facet normal -1 0 0
    outer loop
      vertex 14.8125 180 17.52
      vertex 14.8125 215.9 19.6
      vertex 14.8125 182.1 17.52
    endloop
  endfacet
  facet normal -1 0 0
    outer loop
      vertex 14.8125 180 17.52
      vertex 14.8125 180 19.6
      vertex 14.8125 215.9 19.6
    endloop
  endfacet
  facet normal -1 0 0
    outer loop
      vertex 14.8125 182.1 17.52
      vertex 14.8125 215.9 19.6
      vertex 14.8125 215.9 17.5
    endloop
  endfacet
  facet normal 0 0 1
    outer loop
      vertex 14.8125 180 19.6
      vertex 26.3125 180 19.6
      vertex 14.8125 215.9 19.6
    endloop
  endfacet
  facet normal 0 0 -1
    outer loop
      vertex 14.8125 182.1 17.5
      vertex 14.8125 215.9 17.5
      vertex 26.3125 215.9 17.5
    endloop
  endfacet
  facet normal 0 0 -1
    outer loop
      vertex 14.8125 182.1 17.5
      vertex 26.3125 215.9 17.5
      vertex 26.3125 182.1 17.5
    endloop
  endfacet
  facet normal 0 0 1
    outer loop
      vertex 14.8125 215.9 19.6
      vertex 26.3125 180 19.6
      vertex 26.3125 215.9 19.6
    endloop
  endfacet
  facet normal 1 0 0
    outer loop
      vertex 26.3125 180 17.52
      vertex 26.3125 182.1 17.52
      vertex 26.3125 180 19.6
    endloop
  endfacet
  facet normal 1 0 0
    outer loop
      vertex 26.3125 182.1 17.5
      vertex 26.3125 215.9 17.5
      vertex 26.3125 182.1 17.52
    endloop
  endfacet
  facet normal 1 0 0
    outer loop
      vertex 26.3125 182.1 17.52
      vertex 26.3125 215.9 17.616052631578945
      vertex 26.3125 180 19.6
    endloop
  endfacet
  facet normal 1 0 0
    outer loop
      vertex 26.3125 182.1 17.52
      vertex 26.3125 215.9 17.5
      vertex 26.3125 215.9 17.616052631578945
    endloop
  endfacet
  facet normal 1 0 0
    outer loop
      vertex 26.3125 180 19.6
      vertex 26.3125 215.9 17.616052631578945
      vertex 26.3125 215.9 19.6
    endloop
  endfacet
  facet normal 1 0 0
    outer loop
      vertex 26.3125 218 17.5
      vertex 26.3125 218 19.6
      vertex 26.3125 215.9 17.616052631578945
    endloop
  endfacet
  facet normal 1 0 0
    outer loop
      vertex 26.3125 215.9 17.616052631578945
      vertex 26.3125 218 19.6
      vertex 26.3125 215.9 19.6
    endloop
  endfacet
  facet normal -1 0 0
    outer loop
      vertex 14.8125 215.9 17.5
      vertex 14.8125 218 21.82
      vertex 14.8125 218 17.5
    endloop
  endfacet
  facet normal -1 0 0
    outer loop
      vertex 14.8125 215.9 17.5
      vertex 14.8125 215.9 19.6
      vertex 14.8125 218 21.82
    endloop
  endfacet
  facet normal -1 0 0
    outer loop
      vertex 14.8125 215.9 19.6
      vertex 14.8125 215.9 21.8
      vertex 14.8125 218 21.82
    endloop
  endfacet
  facet normal -1 0 0
    outer loop
      vertex 14.8125 215.9 21.8
      vertex 14.8125 215.9 21.82
      vertex 14.8125 218 21.82
    endloop
  endfacet
  facet normal 0 0 -1
    outer loop
      vertex 14.8125 215.9 17.5
      vertex 14.8125 218 17.5
      vertex 26.3125 218 17.5
    endloop
  endfacet
  facet normal 0 1 0
    outer loop
      vertex 14.8125 218 17.5
      vertex 14.8125 218 21.82
      vertex 26.3125 218 17.5
    endloop
  endfacet
  facet normal 0 -1 0
    outer loop
      vertex 14.8125 215.9 19.6
      vertex 26.3125 215.9 21.8
      vertex 14.8125 215.9 21.8
    endloop
  endfacet
  facet normal 0 0 -1
    outer loop
      vertex 14.8125 215.9 17.5
      vertex 26.3125 218 17.5
      vertex 26.3125 215.9 17.5
    endloop
  endfacet
  facet normal 0 1 0
    outer loop
      vertex 14.8125 218 21.82
      vertex 26.3125 218 19.6
      vertex 26.3125 218 17.5
    endloop
  endfacet
  facet normal 0 -1 0
    outer loop
      vertex 14.8125 215.9 19.6
      vertex 26.3125 215.9 19.6
      vertex 26.3125 215.9 21.8
    endloop
  endfacet
  facet normal 0 1 0
    outer loop
      vertex 14.8125 218 21.82
      vertex 26.3125 218 21.8
      vertex 26.3125 218 19.6
    endloop
  endfacet
  facet normal 0 1 0
    outer loop
      vertex 14.8125 218 21.82
      vertex 26.3125 218 21.82
      vertex 26.3125 218 21.8
    endloop
  endfacet
  facet normal 1 0 0
    outer loop
      vertex 26.3125 215.9 17.5
      vertex 26.3125 218 17.5
      vertex 26.3125 215.9 17.616052631578945
    endloop
  endfacet
  facet normal 1 0 0
    outer loop
      vertex 26.3125 215.9 19.6
      vertex 26.3125 217.63809523809525 21.82
      vertex 26.3125 215.9 21.8
    endloop
  endfacet
  facet normal 1 0 0
    outer loop
      vertex 26.3125 215.9 19.6
      vertex 26.3125 218 19.6
      vertex 26.3125 217.63809523809525 21.82
    endloop
  endfacet
  facet normal 1 0 0
    outer loop
      vertex 26.3125 218 19.6
      vertex 26.3125 218 21.8
      vertex 26.3125 217.63809523809525 21.82
    endloop
  endfacet
  facet normal 1 0 0
    outer loop
      vertex 26.3125 215.9 21.8
      vertex 26.3125 217.63809523809525 21.82
      vertex 26.3125 215.9 21.82
    endloop
  endfacet
  facet normal -1 0 0
    outer loop
      vertex 14.8125 182.1 21.8
      vertex 14.8125 182.1 23.900000000000002
      vertex 14.8125 215.9 21.82
    endloop
  endfacet
  facet normal -1 0 0
    outer loop
      vertex 14.8125 182.1 21.8
      vertex 14.8125 215.9 21.82
      vertex 14.8125 215.9 21.8
    endloop
  endfacet
  facet normal -1 0 0
    outer loop
      vertex 14.8125 182.1 23.900000000000002
      vertex 14.8125 218 23.900000000000002
      vertex 14.8125 215.9 21.82
    endloop
  endfacet
  facet normal -1 0 0
    outer loop
      vertex 14.8125 215.9 21.82
      vertex 14.8125 218 23.900000000000002
      vertex 14.8125 218 21.82
    endloop
  endfacet
  facet normal 0 0 1
    outer loop
      vertex 14.8125 182.1 23.900000000000002
      vertex 26.3125 182.1 23.900000000000002
      vertex 14.8125 218 23.900000000000002
    endloop
  endfacet
  facet normal 0 0 -1
    outer loop
      vertex 14.8125 182.1 21.8
      vertex 14.8125 215.9 21.8
      vertex 26.3125 215.9 21.8
    endloop
  endfacet
  facet normal 0 1 0
    outer loop
      vertex 14.8125 218 21.82
      vertex 14.8125 218 23.900000000000002
      vertex 26.3125 218 23.900000000000002
    endloop
  endfacet
  facet normal 0 0 -1
    outer loop
      vertex 14.8125 182.1 21.8
      vertex 26.3125 215.9 21.8
      vertex 26.3125 182.1 21.8
    endloop
  endfacet
  facet normal 0 0 1
    outer loop
      vertex 14.8125 218 23.900000000000002
      vertex 26.3125 182.1 23.900000000000002
      vertex 26.3125 218 23.900000000000002
    endloop
  endfacet
  facet normal 0 1 0
    outer loop
      vertex 14.8125 218 21.82
      vertex 26.3125 218 23.900000000000002
      vertex 26.3125 218 21.82
    endloop
  endfacet
  facet normal 1 0 0
    outer loop
      vertex 26.3125 180 23.900000000000002
      vertex 26.3125 181.25062529940013 23.830886496612102
      vertex 26.3125 181.31973880278804 23.900000000000002
    endloop
  endfacet
  facet normal 1 0 0
    outer loop
      vertex 26.3125 182.26754759657547 23.659869401394033
      vertex 26.3125 182.1 23.900000000000002
      vertex 26.3125 182.0274169979695 23.900000000000002
    endloop
  endfacet
  facet normal 1 0 0
    outer loop
      vertex 26.3125 182.1 21.8
      vertex 26.3125 215.9 21.82
      vertex 26.3125 182.1 23.492321804818555
    endloop
  endfacet
  facet normal 1 0 0
    outer loop
      vertex 26.3125 182.1 23.492321804818555
      vertex 26.3125 215.9 21.82
      vertex 26.3125 182.26754759657547 23.659869401394033
    endloop
  endfacet
  facet normal 1 0 0
    outer loop
      vertex 26.3125 182.26754759657547 23.659869401394033
      vertex 26.3125 218 23.900000000000002
      vertex 26.3125 182.1 23.900000000000002
    endloop
  endfacet
  facet normal 1 0 0
    outer loop
      vertex 26.3125 182.1 21.8
      vertex 26.3125 215.9 21.8
      vertex 26.3125 215.9 21.82
    endloop
  endfacet
  facet normal 1 0 0
    outer loop
      vertex 26.3125 182.26754759657547 23.659869401394033
      vertex 26.3125 215.9 21.82
      vertex 26.3125 217.63809523809525 21.82
    endloop
  endfacet
  facet normal 1 0 0
    outer loop
      vertex 26.3125 182.26754759657547 23.659869401394033
      vertex 26.3125 217.63809523809525 21.82
      vertex 26.3125 218 23.900000000000002
    endloop
  endfacet
  facet normal 1 0 0
    outer loop
      vertex 26.3125 218 21.8
      vertex 26.3125 218 21.82
      vertex 26.3125 217.63809523809525 21.82
    endloop
  endfacet
  facet normal 1 0 0
    outer loop
      vertex 26.3125 217.63809523809525 21.82
      vertex 26.3125 218 21.82
      vertex 26.3125 218 23.900000000000002
    endloop
  endfacet
  facet normal -1 0 0
    outer loop
      vertex 14.8125 180 21.8
      vertex 14.8125 180 26.12
      vertex 14.8125 182.1 26.12
    endloop
  endfacet
  facet normal -1 0 0
    outer loop
      vertex 14.8125 180 21.8
      vertex 14.8125 182.1 23.900000000000002
      vertex 14.8125 182.1 21.8
    endloop
  endfacet
  facet normal -1 0 0
    outer loop
      vertex 14.8125 180 21.8
      vertex 14.8125 182.1 26.1
      vertex 14.8125 182.1 23.900000000000002
    endloop
  endfacet
  facet normal -1 0 0
    outer loop
      vertex 14.8125 180 21.8
      vertex 14.8125 182.1 26.12
      vertex 14.8125 182.1 26.1
    endloop
  endfacet
  facet normal 0 0 -1
    outer loop
      vertex 14.8125 180 21.8
      vertex 17.7625 180.40767819518143 21.8
      vertex 17.7625 180 21.8
    endloop
  endfacet
  facet normal 0 0 -1
    outer loop
      vertex 14.8125 180 21.8
      vertex 14.8125 182.1 21.8
      vertex 26.3125 182.1 21.8
    endloop
  endfacet
  facet normal 0 1 0
    outer loop
      vertex 14.8125 182.1 23.900000000000002
      vertex 14.8125 182.1 26.1
      vertex 26.3125 182.1 23.900000000000002
    endloop
  endfacet
  facet normal 0 0 -1
    outer loop
      vertex 14.8125 180 21.8
      vertex 26.3125 182.1 21.8
      vertex 17.7625 180.40767819518143 21.8
    endloop
  endfacet
  facet normal 0 0 -1
    outer loop
      vertex 17.7625 180.40767819518143 21.8
      vertex 26.3125 182.1 21.8
      vertex 20.2625 180.40767819518143 21.8
    endloop
  endfacet
  facet normal 0 0 -1
    outer loop
      vertex 20.2625 180 21.8
      vertex 20.2625 180.40767819518143 21.8
      vertex 23.9625 180 21.8
    endloop
  endfacet
  facet normal 0 0 -1
    outer loop
      vertex 20.2625 180.40767819518143 21.8
      vertex 23.9625 180.40767819518143 21.8
      vertex 23.9625 180 21.8
    endloop
  endfacet
  facet normal 0 1 0
    outer loop
      vertex 14.8125 182.1 26.1
      vertex 26.3125 182.1 26.1
      vertex 26.3125 182.1 23.900000000000002
    endloop
  endfacet
  facet normal 0 0 -1
    outer loop
      vertex 20.2625 180.40767819518143 21.8
      vertex 26.3125 182.1 21.8
      vertex 23.9625 180.40767819518143 21.8
    endloop
  endfacet
  facet normal 0 0 -1
    outer loop
      vertex 23.9625 180.40767819518143 21.8
      vertex 26.3125 182.1 21.8
      vertex 26.3125 180.40767819518143 21.8
    endloop
  endfacet
  facet normal 1 0 0
    outer loop
      vertex 26.3125 180 22.580261197211964
      vertex 26.3125 181.25062529940013 23.830886496612102
      vertex 26.3125 180 23.900000000000002
    endloop
  endfacet
  facet normal 1 0 0
    outer loop
      vertex 26.3125 180.40767819518143 21.8
      vertex 26.3125 182.1 21.8
      vertex 26.3125 182.1 23.492321804818555
    endloop
  endfacet
  facet normal 1 0 0
    outer loop
      vertex 26.3125 180 23.900000000000002
      vertex 26.3125 181.31973880278804 23.900000000000002
      vertex 26.3125 182.1 26.1
    endloop
  endfacet
  facet normal 1 0 0
    outer loop
      vertex 26.3125 182.0274169979695 23.900000000000002
      vertex 26.3125 182.1 23.900000000000002
      vertex 26.3125 182.1 26.1
    endloop
  endfacet
  facet normal 1 0 0
    outer loop
      vertex 26.3125 180 23.900000000000002
      vertex 26.3125 182.1 26.12
      vertex 26.3125 180 26.12
    endloop
  endfacet
  facet normal 1 0 0
    outer loop
      vertex 26.3125 181.31973880278804 23.900000000000002
      vertex 26.3125 181.67357790037877 24.253839097590735
      vertex 26.3125 182.1 26.1
    endloop
  endfacet
  facet normal 1 0 0
    outer loop
      vertex 26.3125 182.0274169979695 23.900000000000002
      vertex 26.3125 182.1 26.1
      vertex 26.3125 181.67357790037877 24.253839097590735
    endloop
  endfacet
  facet normal 1 0 0
    outer loop
      vertex 26.3125 180 23.900000000000002
      vertex 26.3125 182.1 26.1
      vertex 26.3125 182.1 26.12
    endloop
  endfacet
  facet normal -1 0 0
    outer loop
      vertex 14.8125 182.1 26.1
      vertex 14.8125 182.1 26.12
      vertex 14.8125 215.9 26.1
    endloop
  endfacet
  facet normal -1 0 0
    outer loop
      vertex 14.8125 180 26.12
      vertex 14.8125 215.9 28.200000000000003
      vertex 14.8125 182.1 26.12
    endloop
  endfacet
  facet normal -1 0 0
    outer loop
      vertex 14.8125 180 26.12
      vertex 14.8125 180 28.200000000000003
      vertex 14.8125 215.9 28.200000000000003
    endloop
  endfacet
  facet normal -1 0 0
    outer loop
      vertex 14.8125 182.1 26.12
      vertex 14.8125 215.9 28.200000000000003
      vertex 14.8125 215.9 26.1
    endloop
  endfacet
  facet normal 0 0 1
    outer loop
      vertex 14.8125 180 28.200000000000003
      vertex 26.3125 180 28.200000000000003
      vertex 14.8125 215.9 28.200000000000003
    endloop
  endfacet
  facet normal 0 0 -1
    outer loop
      vertex 14.8125 182.1 26.1
      vertex 14.8125 215.9 26.1
      vertex 26.3125 215.9 26.1
    endloop
  endfacet
  facet normal 0 0 -1
    outer loop
      vertex 14.8125 182.1 26.1
      vertex 26.3125 215.9 26.1
      vertex 26.3125 182.1 26.1
    endloop
  endfacet
  facet normal 0 0 1
    outer loop
      vertex 14.8125 215.9 28.200000000000003
      vertex 26.3125 180 28.200000000000003
      vertex 26.3125 215.9 28.200000000000003
    endloop
  endfacet
  facet normal 1 0 0
    outer loop
      vertex 26.3125 180 26.12
      vertex 26.3125 182.1 26.12
      vertex 26.3125 180 28.200000000000003
    endloop
  endfacet
  facet normal 1 0 0
    outer loop
      vertex 26.3125 182.1 26.1
      vertex 26.3125 215.9 26.1
      vertex 26.3125 182.1 26.12
    endloop
  endfacet
  facet normal 1 0 0
    outer loop
      vertex 26.3125 180 28.200000000000003
      vertex 26.3125 182.1 26.12
      vertex 26.3125 215.9 26.216052631578947
    endloop
  endfacet
  facet normal 1 0 0
    outer loop
      vertex 26.3125 182.1 26.12
      vertex 26.3125 215.9 26.1
      vertex 26.3125 215.9 26.216052631578947
    endloop
  endfacet
  facet normal 1 0 0
    outer loop
      vertex 26.3125 180 28.200000000000003
      vertex 26.3125 215.9 26.216052631578947
      vertex 26.3125 215.9 28.200000000000003
    endloop
  endfacet
  facet normal 1 0 0
    outer loop
      vertex 26.3125 215.9 26.216052631578947
      vertex 26.3125 218 26.1
      vertex 26.3125 218 28.200000000000003
    endloop
  endfacet
  facet normal 1 0 0
    outer loop
      vertex 26.3125 215.9 26.216052631578947
      vertex 26.3125 218 28.200000000000003
      vertex 26.3125 215.9 28.200000000000003
    endloop
  endfacet
  facet normal -1 0 0
    outer loop
      vertex 14.8125 215.9 26.1
      vertex 14.8125 218 30.42
      vertex 14.8125 218 26.1
    endloop
  endfacet
  facet normal -1 0 0
    outer loop
      vertex 14.8125 215.9 26.1
      vertex 14.8125 215.9 28.200000000000003
      vertex 14.8125 218 30.42
    endloop
  endfacet
  facet normal -1 0 0
    outer loop
      vertex 14.8125 215.9 28.200000000000003
      vertex 14.8125 215.9 30.400000000000002
      vertex 14.8125 218 30.42
    endloop
  endfacet
  facet normal -1 0 0
    outer loop
      vertex 14.8125 215.9 30.400000000000002
      vertex 14.8125 215.9 30.42
      vertex 14.8125 218 30.42
    endloop
  endfacet
  facet normal 0 0 -1
    outer loop
      vertex 14.8125 215.9 26.1
      vertex 14.8125 218 26.1
      vertex 26.3125 218 26.1
    endloop
  endfacet
  facet normal 0 1 0
    outer loop
      vertex 14.8125 218 26.1
      vertex 14.8125 218 30.42
      vertex 26.3125 218 26.1
    endloop
  endfacet
  facet normal 0 -1 0
    outer loop
      vertex 14.8125 215.9 28.200000000000003
      vertex 26.3125 215.9 30.400000000000002
      vertex 14.8125 215.9 30.400000000000002
    endloop
  endfacet
  facet normal 0 0 -1
    outer loop
      vertex 14.8125 215.9 26.1
      vertex 26.3125 218 26.1
      vertex 26.3125 215.9 26.1
    endloop
  endfacet
  facet normal 0 -1 0
    outer loop
      vertex 14.8125 215.9 28.200000000000003
      vertex 26.3125 215.9 28.200000000000003
      vertex 26.3125 215.9 30.400000000000002
    endloop
  endfacet
  facet normal 0 1 0
    outer loop
      vertex 14.8125 218 30.42
      vertex 26.3125 218 28.200000000000003
      vertex 26.3125 218 26.1
    endloop
  endfacet
  facet normal 0 1 0
    outer loop
      vertex 14.8125 218 30.42
      vertex 26.3125 218 30.400000000000002
      vertex 26.3125 218 28.200000000000003
    endloop
  endfacet
  facet normal 0 1 0
    outer loop
      vertex 14.8125 218 30.42
      vertex 26.3125 218 30.42
      vertex 26.3125 218 30.400000000000002
    endloop
  endfacet
  facet normal 1 0 0
    outer loop
      vertex 26.3125 215.9 26.1
      vertex 26.3125 218 26.1
      vertex 26.3125 215.9 26.216052631578947
    endloop
  endfacet
  facet normal 1 0 0
    outer loop
      vertex 26.3125 215.9 28.200000000000003
      vertex 26.3125 218 28.200000000000003
      vertex 26.3125 217.63809523809525 30.42
    endloop
  endfacet
  facet normal 1 0 0
    outer loop
      vertex 26.3125 215.9 28.200000000000003
      vertex 26.3125 217.63809523809525 30.42
      vertex 26.3125 215.9 30.400000000000002
    endloop
  endfacet
  facet normal 1 0 0
    outer loop
      vertex 26.3125 218 28.200000000000003
      vertex 26.3125 218 30.400000000000002
      vertex 26.3125 217.63809523809525 30.42
    endloop
  endfacet
  facet normal 1 0 0
    outer loop
      vertex 26.3125 215.9 30.400000000000002
      vertex 26.3125 217.63809523809525 30.42
      vertex 26.3125 215.9 30.42
    endloop
  endfacet
  facet normal -1 0 0
    outer loop
      vertex 14.8125 182.1 30.400000000000002
      vertex 14.8125 182.1 32.5
      vertex 14.8125 215.9 30.42
    endloop
  endfacet
  facet normal -1 0 0
    outer loop
      vertex 14.8125 182.1 30.400000000000002
      vertex 14.8125 215.9 30.42
      vertex 14.8125 215.9 30.400000000000002
    endloop
  endfacet
  facet normal -1 0 0
    outer loop
      vertex 14.8125 182.1 32.5
      vertex 14.8125 218 32.5
      vertex 14.8125 215.9 30.42
    endloop
  endfacet
  facet normal -1 0 0
    outer loop
      vertex 14.8125 215.9 30.42
      vertex 14.8125 218 32.5
      vertex 14.8125 218 30.42
    endloop
  endfacet
  facet normal 0 0 1
    outer loop
      vertex 14.8125 182.1 32.5
      vertex 26.3125 182.1 32.5
      vertex 14.8125 218 32.5
    endloop
  endfacet
  facet normal 0 0 -1
    outer loop
      vertex 14.8125 182.1 30.400000000000002
      vertex 14.8125 215.9 30.400000000000002
      vertex 26.3125 215.9 30.400000000000002
    endloop
  endfacet
  facet normal 0 1 0
    outer loop
      vertex 14.8125 218 30.42
      vertex 14.8125 218 32.5
      vertex 26.3125 218 32.5
    endloop
  endfacet
  facet normal 0 0 -1
    outer loop
      vertex 14.8125 182.1 30.400000000000002
      vertex 26.3125 215.9 30.400000000000002
      vertex 26.3125 182.1 30.400000000000002
    endloop
  endfacet
  facet normal 0 0 1
    outer loop
      vertex 14.8125 218 32.5
      vertex 26.3125 182.1 32.5
      vertex 26.3125 218 32.5
    endloop
  endfacet
  facet normal 0 1 0
    outer loop
      vertex 14.8125 218 30.42
      vertex 26.3125 218 32.5
      vertex 26.3125 218 30.42
    endloop
  endfacet
  facet normal 1 0 0
    outer loop
      vertex 26.3125 180 32.5
      vertex 26.3125 182.1 32.383947368421055
      vertex 26.3125 182.1 32.5
    endloop
  endfacet
  facet normal 1 0 0
    outer loop
      vertex 26.3125 182.1 30.400000000000002
      vertex 26.3125 215.9 30.42
      vertex 26.3125 182.1 32.383947368421055
    endloop
  endfacet
  facet normal 1 0 0
    outer loop
      vertex 26.3125 182.1 32.383947368421055
      vertex 26.3125 218 32.5
      vertex 26.3125 182.1 32.5
    endloop
  endfacet
  facet normal 1 0 0
    outer loop
      vertex 26.3125 182.1 30.400000000000002
      vertex 26.3125 215.9 30.400000000000002
      vertex 26.3125 215.9 30.42
    endloop
  endfacet
  facet normal 1 0 0
    outer loop
      vertex 26.3125 182.1 32.383947368421055
      vertex 26.3125 215.9 30.42
      vertex 26.3125 217.63809523809525 30.42
    endloop
  endfacet
  facet normal 1 0 0
    outer loop
      vertex 26.3125 182.1 32.383947368421055
      vertex 26.3125 217.63809523809525 30.42
      vertex 26.3125 218 32.5
    endloop
  endfacet
  facet normal 1 0 0
    outer loop
      vertex 26.3125 217.63809523809525 30.42
      vertex 26.3125 218 30.400000000000002
      vertex 26.3125 218 30.42
    endloop
  endfacet
  facet normal 1 0 0
    outer loop
      vertex 26.3125 217.63809523809525 30.42
      vertex 26.3125 218 30.42
      vertex 26.3125 218 32.5
    endloop
  endfacet
  facet normal -1 0 0
    outer loop
      vertex 14.8125 180 30.400000000000002
      vertex 14.8125 182.1 32.5
      vertex 14.8125 182.1 30.400000000000002
    endloop
  endfacet
  facet normal -1 0 0
    outer loop
      vertex 14.8125 180 30.400000000000002
      vertex 14.8125 180 34.72
      vertex 14.8125 182.1 34.72
    endloop
  endfacet
  facet normal -1 0 0
    outer loop
      vertex 14.8125 180 30.400000000000002
      vertex 14.8125 182.1 34.7
      vertex 14.8125 182.1 32.5
    endloop
  endfacet
  facet normal -1 0 0
    outer loop
      vertex 14.8125 180 30.400000000000002
      vertex 14.8125 182.1 34.72
      vertex 14.8125 182.1 34.7
    endloop
  endfacet
  facet normal 0 0 -1
    outer loop
      vertex 14.8125 180 30.400000000000002
      vertex 14.8125 182.1 30.400000000000002
      vertex 26.3125 182.1 30.400000000000002
    endloop
  endfacet
  facet normal 0 1 0
    outer loop
      vertex 14.8125 182.1 32.5
      vertex 14.8125 182.1 34.7
      vertex 26.3125 182.1 32.5
    endloop
  endfacet
  facet normal 0 0 -1
    outer loop
      vertex 14.8125 180 30.400000000000002
      vertex 26.3125 182.1 30.400000000000002
      vertex 26.3125 180 30.400000000000002
    endloop
  endfacet
  facet normal 0 1 0
    outer loop
      vertex 14.8125 182.1 34.7
      vertex 26.3125 182.1 34.7
      vertex 26.3125 182.1 32.5
    endloop
  endfacet
  facet normal 1 0 0
    outer loop
      vertex 26.3125 180 30.400000000000002
      vertex 26.3125 182.1 32.383947368421055
      vertex 26.3125 180 32.5
    endloop
  endfacet
  facet normal 1 0 0
    outer loop
      vertex 26.3125 180 30.400000000000002
      vertex 26.3125 182.1 30.400000000000002
      vertex 26.3125 182.1 32.383947368421055
    endloop
  endfacet
  facet normal 1 0 0
    outer loop
      vertex 26.3125 180 32.5
      vertex 26.3125 182.1 34.72
      vertex 26.3125 180 34.72
    endloop
  endfacet
  facet normal 1 0 0
    outer loop
      vertex 26.3125 180 32.5
      vertex 26.3125 182.1 32.5
      vertex 26.3125 182.1 34.7
    endloop
  endfacet
  facet normal 1 0 0
    outer loop
      vertex 26.3125 180 32.5
      vertex 26.3125 182.1 34.7
      vertex 26.3125 182.1 34.72
    endloop
  endfacet
  facet normal -1 0 0
    outer loop
      vertex 14.8125 182.1 34.7
      vertex 14.8125 182.1 34.72
      vertex 14.8125 215.9 34.7
    endloop
  endfacet
  facet normal 0 0 -1
    outer loop
      vertex 14.8125 182.1 34.7
      vertex 14.8125 215.9 34.7
      vertex 26.3125 215.9 34.7
    endloop
  endfacet
  facet normal -1 0 0
    outer loop
      vertex 14.8125 180 34.72
      vertex 14.8125 215.9 36.800000000000004
      vertex 14.8125 182.1 34.72
    endloop
  endfacet
  facet normal -1 0 0
    outer loop
      vertex 14.8125 180 34.72
      vertex 14.8125 180 36
      vertex 14.8125 215.9 36.800000000000004
    endloop
  endfacet
  facet normal -1 0 0
    outer loop
      vertex 14.8125 180 36
      vertex 14.8125 180 36.800000000000004
      vertex 14.8125 215.9 36.800000000000004
    endloop
  endfacet
  facet normal -1 0 0
    outer loop
      vertex 14.8125 182.1 34.72
      vertex 14.8125 215.9 36.800000000000004
      vertex 14.8125 215.9 34.7
    endloop
  endfacet
  facet normal 0 -1 0
    outer loop
      vertex 14.8125 180 36
      vertex 26.3125 180 36
      vertex 14.8125 180 36.800000000000004
    endloop
  endfacet
  facet normal 0 0 1
    outer loop
      vertex 14.8125 180 36.800000000000004
      vertex 26.3125 180 36.800000000000004
      vertex 14.8125 215.9 36.800000000000004
    endloop
  endfacet
  facet normal 0 0 -1
    outer loop
      vertex 14.8125 182.1 34.7
      vertex 26.3125 215.9 34.7
      vertex 26.3125 182.1 34.7
    endloop
  endfacet
  facet normal 1 0 0
    outer loop
      vertex 26.3125 180 34.72
      vertex 26.3125 182.1 34.72
      vertex 26.3125 180 36
    endloop
  endfacet
  facet normal 1 0 0
    outer loop
      vertex 26.3125 182.1 34.7
      vertex 26.3125 215.9 34.7
      vertex 26.3125 182.1 34.72
    endloop
  endfacet
  facet normal 1 0 0
    outer loop
      vertex 26.3125 182.1 34.72
      vertex 26.3125 215.9 34.7
      vertex 26.3125 215.9 34.81605263157895
    endloop
  endfacet
  facet normal 0 -1 0
    outer loop
      vertex 14.8125 180 36.800000000000004
      vertex 26.3125 180 36
      vertex 26.3125 180 36.800000000000004
    endloop
  endfacet
  facet normal 0 0 1
    outer loop
      vertex 14.8125 215.9 36.800000000000004
      vertex 26.3125 180 36.800000000000004
      vertex 26.3125 215.9 36.800000000000004
    endloop
  endfacet
  facet normal 1 0 0
    outer loop
      vertex 26.3125 182.1 34.72
      vertex 26.3125 180 36.800000000000004
      vertex 26.3125 180 36
    endloop
  endfacet
  facet normal 1 0 0
    outer loop
      vertex 26.3125 182.1 34.72
      vertex 26.3125 215.9 34.81605263157895
      vertex 26.3125 180 36.800000000000004
    endloop
  endfacet
  facet normal 1 0 0
    outer loop
      vertex 26.3125 215.9 34.81605263157895
      vertex 26.3125 215.9 36.800000000000004
      vertex 26.3125 180 36.800000000000004
    endloop
  endfacet
  facet normal 1 0 0
    outer loop
      vertex 26.3125 215.9 34.81605263157895
      vertex 26.3125 218 36.800000000000004
      vertex 26.3125 215.9 36.800000000000004
    endloop
  endfacet
  facet normal 1 0 0
    outer loop
      vertex 26.3125 215.9 34.81605263157895
      vertex 26.3125 218 34.7
      vertex 26.3125 218 36.800000000000004
    endloop
  endfacet
  facet normal 0 0 -1
    outer loop
      vertex 14.8125 215.9 34.7
      vertex 14.8125 218 34.7
      vertex 26.3125 218 34.7
    endloop
  endfacet
  facet normal -1 0 0
    outer loop
      vertex 14.8125 215.9 34.7
      vertex 14.8125 218 39.02
      vertex 14.8125 218 34.7
    endloop
  endfacet
  facet normal -1 0 0
    outer loop
      vertex 14.8125 215.9 34.7
      vertex 14.8125 215.9 36.800000000000004
      vertex 14.8125 218 39.02
    endloop
  endfacet
  facet normal -1 0 0
    outer loop
      vertex 14.8125 215.9 36.800000000000004
      vertex 14.8125 215.9 39
      vertex 14.8125 218 39.02
    endloop
  endfacet
  facet normal -1 0 0
    outer loop
      vertex 14.8125 215.9 39
      vertex 14.8125 215.9 39.02
      vertex 14.8125 218 39.02
    endloop
  endfacet
  facet normal 0 1 0
    outer loop
      vertex 14.8125 218 34.7
      vertex 14.8125 218 39.02
      vertex 26.3125 218 34.7
    endloop
  endfacet
  facet normal 0 -1 0
    outer loop
      vertex 14.8125 215.9 36.800000000000004
      vertex 26.3125 215.9 39
      vertex 14.8125 215.9 39
    endloop
  endfacet
  facet normal 0 0 -1
    outer loop
      vertex 14.8125 215.9 34.7
      vertex 26.3125 218 34.7
      vertex 26.3125 215.9 34.7
    endloop
  endfacet
  facet normal 1 0 0
    outer loop
      vertex 26.3125 215.9 34.7
      vertex 26.3125 218 34.7
      vertex 26.3125 215.9 34.81605263157895
    endloop
  endfacet
  facet normal 0 1 0
    outer loop
      vertex 14.8125 218 39.02
      vertex 26.3125 218 36.800000000000004
      vertex 26.3125 218 34.7
    endloop
  endfacet
  facet normal 0 -1 0
    outer loop
      vertex 14.8125 215.9 36.800000000000004
      vertex 26.3125 215.9 36.800000000000004
      vertex 26.3125 215.9 39
    endloop
  endfacet
  facet normal 0 1 0
    outer loop
      vertex 14.8125 218 39.02
      vertex 26.3125 218 39
      vertex 26.3125 218 36.800000000000004
    endloop
  endfacet
  facet normal 0 1 0
    outer loop
      vertex 14.8125 218 39.02
      vertex 26.3125 218 39.02
      vertex 26.3125 218 39
    endloop
  endfacet
  facet normal 1 0 0
    outer loop
      vertex 26.3125 215.9 36.800000000000004
      vertex 26.3125 218 36.800000000000004
      vertex 26.3125 217.6380952380952 39.02
    endloop
  endfacet
  facet normal 1 0 0
    outer loop
      vertex 26.3125 215.9 36.800000000000004
      vertex 26.3125 217.6380952380952 39.02
      vertex 26.3125 215.9 39
    endloop
  endfacet
  facet normal 1 0 0
    outer loop
      vertex 26.3125 218 36.800000000000004
      vertex 26.3125 218 39
      vertex 26.3125 217.6380952380952 39.02
    endloop
  endfacet
  facet normal 1 0 0
    outer loop
      vertex 26.3125 215.9 39
      vertex 26.3125 217.6380952380952 39.02
      vertex 26.3125 215.9 39.02
    endloop
  endfacet
  facet normal -1 0 0
    outer loop
      vertex 14.8125 182.1 39
      vertex 14.8125 182.1 41.1
      vertex 14.8125 215.9 39.02
    endloop
  endfacet
  facet normal -1 0 0
    outer loop
      vertex 14.8125 182.1 39
      vertex 14.8125 215.9 39.02
      vertex 14.8125 215.9 39
    endloop
  endfacet
  facet normal -1 0 0
    outer loop
      vertex 14.8125 182.1 41.1
      vertex 14.8125 218 41.1
      vertex 14.8125 215.9 39.02
    endloop
  endfacet
  facet normal -1 0 0
    outer loop
      vertex 14.8125 215.9 39.02
      vertex 14.8125 218 41.1
      vertex 14.8125 218 39.02
    endloop
  endfacet
  facet normal 0 0 1
    outer loop
      vertex 14.8125 182.1 41.1
      vertex 26.3125 182.1 41.1
      vertex 14.8125 218 41.1
    endloop
  endfacet
  facet normal 0 0 -1
    outer loop
      vertex 14.8125 182.1 39
      vertex 14.8125 215.9 39
      vertex 26.3125 215.9 39
    endloop
  endfacet
  facet normal 0 1 0
    outer loop
      vertex 14.8125 218 39.02
      vertex 14.8125 218 41.1
      vertex 26.3125 218 41.1
    endloop
  endfacet
  facet normal 0 0 -1
    outer loop
      vertex 14.8125 182.1 39
      vertex 26.3125 215.9 39
      vertex 26.3125 182.1 39
    endloop
  endfacet
  facet normal 0 0 1
    outer loop
      vertex 14.8125 218 41.1
      vertex 26.3125 182.1 41.1
      vertex 26.3125 218 41.1
    endloop
  endfacet
  facet normal 0 1 0
    outer loop
      vertex 14.8125 218 39.02
      vertex 26.3125 218 41.1
      vertex 26.3125 218 39.02
    endloop
  endfacet
  facet normal 1 0 0
    outer loop
      vertex 26.3125 180 41.1
      vertex 26.3125 182.1 40.983947368421056
      vertex 26.3125 182.1 41.1
    endloop
  endfacet
  facet normal 1 0 0
    outer loop
      vertex 26.3125 182.1 39
      vertex 26.3125 215.9 39.02
      vertex 26.3125 182.1 40.983947368421056
    endloop
  endfacet
  facet normal 1 0 0
    outer loop
      vertex 26.3125 182.1 40.983947368421056
      vertex 26.3125 218 41.1
      vertex 26.3125 182.1 41.1
    endloop
  endfacet
  facet normal 1 0 0
    outer loop
      vertex 26.3125 182.1 39
      vertex 26.3125 215.9 39
      vertex 26.3125 215.9 39.02
    endloop
  endfacet
  facet normal 1 0 0
    outer loop
      vertex 26.3125 182.1 40.983947368421056
      vertex 26.3125 215.9 39.02
      vertex 26.3125 217.6380952380952 39.02
    endloop
  endfacet
  facet normal 1 0 0
    outer loop
      vertex 26.3125 182.1 40.983947368421056
      vertex 26.3125 217.6380952380952 39.02
      vertex 26.3125 218 41.1
    endloop
  endfacet
  facet normal 1 0 0
    outer loop
      vertex 26.3125 217.6380952380952 39.02
      vertex 26.3125 218 39
      vertex 26.3125 218 39.02
    endloop
  endfacet
  facet normal 1 0 0
    outer loop
      vertex 26.3125 217.6380952380952 39.02
      vertex 26.3125 218 39.02
      vertex 26.3125 218 41.1
    endloop
  endfacet
  facet normal -1 0 0
    outer loop
      vertex 14.8125 180 39
      vertex 14.8125 180 43.32
      vertex 14.8125 182.1 43.32
    endloop
  endfacet
  facet normal -1 0 0
    outer loop
      vertex 14.8125 180 39
      vertex 14.8125 182.1 41.1
      vertex 14.8125 182.1 39
    endloop
  endfacet
  facet normal -1 0 0
    outer loop
      vertex 14.8125 180 39
      vertex 14.8125 182.1 43.300000000000004
      vertex 14.8125 182.1 41.1
    endloop
  endfacet
  facet normal -1 0 0
    outer loop
      vertex 14.8125 180 39
      vertex 14.8125 182.1 43.32
      vertex 14.8125 182.1 43.300000000000004
    endloop
  endfacet
  facet normal 0 -1 0
    outer loop
      vertex 14.8125 180 39
      vertex 26.3125 180 43.32
      vertex 14.8125 180 43.32
    endloop
  endfacet
  facet normal 0 0 -1
    outer loop
      vertex 14.8125 180 39
      vertex 14.8125 182.1 39
      vertex 26.3125 182.1 39
    endloop
  endfacet
  facet normal 0 1 0
    outer loop
      vertex 14.8125 182.1 41.1
      vertex 14.8125 182.1 43.300000000000004
      vertex 26.3125 182.1 41.1
    endloop
  endfacet
  facet normal 0 0 -1
    outer loop
      vertex 14.8125 180 39
      vertex 26.3125 182.1 39
      vertex 26.3125 180 39
    endloop
  endfacet
  facet normal 0 -1 0
    outer loop
      vertex 14.8125 180 39
      vertex 26.3125 180 39
      vertex 26.3125 180 41.1
    endloop
  endfacet
  facet normal 0 -1 0
    outer loop
      vertex 14.8125 180 39
      vertex 26.3125 180 41.1
      vertex 26.3125 180 43.32
    endloop
  endfacet
  facet normal 0 1 0
    outer loop
      vertex 14.8125 182.1 43.300000000000004
      vertex 26.3125 182.1 43.300000000000004
      vertex 26.3125 182.1 41.1
    endloop
  endfacet
  facet normal 1 0 0
    outer loop
      vertex 26.3125 180 39
      vertex 26.3125 182.1 40.983947368421056
      vertex 26.3125 180 41.1
    endloop
  endfacet
  facet normal 1 0 0
    outer loop
      vertex 26.3125 180 39
      vertex 26.3125 182.1 39
      vertex 26.3125 182.1 40.983947368421056
    endloop
  endfacet
  facet normal 1 0 0
    outer loop
      vertex 26.3125 180 41.1
      vertex 26.3125 182.1 41.1
      vertex 26.3125 182.1 43.300000000000004
    endloop
  endfacet
  facet normal 1 0 0
    outer loop
      vertex 26.3125 180 41.1
      vertex 26.3125 182.1 43.32
      vertex 26.3125 180 43.32
    endloop
  endfacet
  facet normal 1 0 0
    outer loop
      vertex 26.3125 180 41.1
      vertex 26.3125 182.1 43.300000000000004
      vertex 26.3125 182.1 43.32
    endloop
  endfacet
  facet normal -1 0 0
    outer loop
      vertex 14.8125 180 43.32
      vertex 14.8125 215.9 45.400000000000006
      vertex 14.8125 182.1 43.32
    endloop
  endfacet
  facet normal -1 0 0
    outer loop
      vertex 14.8125 182.1 43.300000000000004
      vertex 14.8125 182.1 43.32
      vertex 14.8125 215.9 43.300000000000004
    endloop
  endfacet
  facet normal -1 0 0
    outer loop
      vertex 14.8125 180 43.32
      vertex 14.8125 180 45.400000000000006
      vertex 14.8125 215.9 45.400000000000006
    endloop
  endfacet
  facet normal -1 0 0
    outer loop
      vertex 14.8125 182.1 43.32
      vertex 14.8125 215.9 45.400000000000006
      vertex 14.8125 215.9 43.300000000000004
    endloop
  endfacet
  facet normal 0 -1 0
    outer loop
      vertex 14.8125 180 43.32
      vertex 26.3125 180 43.32
      vertex 14.8125 180 45.400000000000006
    endloop
  endfacet
  facet normal 0 0 1
    outer loop
      vertex 14.8125 180 45.400000000000006
      vertex 26.3125 180 45.400000000000006
      vertex 14.8125 215.9 45.400000000000006
    endloop
  endfacet
  facet normal 0 0 -1
    outer loop
      vertex 14.8125 182.1 43.300000000000004
      vertex 14.8125 215.9 43.300000000000004
      vertex 26.3125 215.9 43.300000000000004
    endloop
  endfacet
  facet normal 0 -1 0
    outer loop
      vertex 14.8125 180 45.400000000000006
      vertex 26.3125 180 43.32
      vertex 26.3125 180 45.400000000000006
    endloop
  endfacet
  facet normal 0 0 -1
    outer loop
      vertex 14.8125 182.1 43.300000000000004
      vertex 26.3125 215.9 43.300000000000004
      vertex 26.3125 182.1 43.300000000000004
    endloop
  endfacet
  facet normal 0 0 1
    outer loop
      vertex 14.8125 215.9 45.400000000000006
      vertex 26.3125 180 45.400000000000006
      vertex 26.3125 215.9 45.400000000000006
    endloop
  endfacet
  facet normal 1 0 0
    outer loop
      vertex 26.3125 180 43.32
      vertex 26.3125 182.1 43.32
      vertex 26.3125 180 45.400000000000006
    endloop
  endfacet
  facet normal 1 0 0
    outer loop
      vertex 26.3125 180 45.400000000000006
      vertex 26.3125 182.1 43.32
      vertex 26.3125 215.9 43.41605263157895
    endloop
  endfacet
  facet normal 1 0 0
    outer loop
      vertex 26.3125 182.1 43.300000000000004
      vertex 26.3125 215.9 43.300000000000004
      vertex 26.3125 182.1 43.32
    endloop
  endfacet
  facet normal 1 0 0
    outer loop
      vertex 26.3125 182.1 43.32
      vertex 26.3125 215.9 43.300000000000004
      vertex 26.3125 215.9 43.41605263157895
    endloop
  endfacet
  facet normal 1 0 0
    outer loop
      vertex 26.3125 180 45.400000000000006
      vertex 26.3125 215.9 43.41605263157895
      vertex 26.3125 215.9 45.400000000000006
    endloop
  endfacet
  facet normal 1 0 0
    outer loop
      vertex 26.3125 215.9 43.41605263157895
      vertex 26.3125 218 43.300000000000004
      vertex 26.3125 218 45.400000000000006
    endloop
  endfacet
  facet normal 1 0 0
    outer loop
      vertex 26.3125 215.9 43.41605263157895
      vertex 26.3125 218 45.400000000000006
      vertex 26.3125 215.9 45.400000000000006
    endloop
  endfacet
  facet normal -1 0 0
    outer loop
      vertex 14.8125 215.9 43.300000000000004
      vertex 14.8125 218 47.620000000000005
      vertex 14.8125 218 43.300000000000004
    endloop
  endfacet
  facet normal -1 0 0
    outer loop
      vertex 14.8125 215.9 43.300000000000004
      vertex 14.8125 215.9 45.400000000000006
      vertex 14.8125 218 47.620000000000005
    endloop
  endfacet
  facet normal -1 0 0
    outer loop
      vertex 14.8125 215.9 45.400000000000006
      vertex 14.8125 215.9 47.60000000000001
      vertex 14.8125 218 47.620000000000005
    endloop
  endfacet
  facet normal -1 0 0
    outer loop
      vertex 14.8125 215.9 47.60000000000001
      vertex 14.8125 215.9 47.620000000000005
      vertex 14.8125 218 47.620000000000005
    endloop
  endfacet
  facet normal 0 0 -1
    outer loop
      vertex 14.8125 215.9 43.300000000000004
      vertex 14.8125 218 43.300000000000004
      vertex 26.3125 218 43.300000000000004
    endloop
  endfacet
  facet normal 0 1 0
    outer loop
      vertex 14.8125 218 43.300000000000004
      vertex 14.8125 218 47.620000000000005
      vertex 26.3125 218 43.300000000000004
    endloop
  endfacet
  facet normal 0 -1 0
    outer loop
      vertex 14.8125 215.9 45.400000000000006
      vertex 26.3125 215.9 47.60000000000001
      vertex 14.8125 215.9 47.60000000000001
    endloop
  endfacet
  facet normal 0 0 -1
    outer loop
      vertex 14.8125 215.9 43.300000000000004
      vertex 26.3125 218 43.300000000000004
      vertex 26.3125 215.9 43.300000000000004
    endloop
  endfacet
  facet normal 0 1 0
    outer loop
      vertex 14.8125 218 47.620000000000005
      vertex 26.3125 218 45.400000000000006
      vertex 26.3125 218 43.300000000000004
    endloop
  endfacet
  facet normal 0 -1 0
    outer loop
      vertex 14.8125 215.9 45.400000000000006
      vertex 26.3125 215.9 45.400000000000006
      vertex 26.3125 215.9 47.60000000000001
    endloop
  endfacet
  facet normal 0 1 0
    outer loop
      vertex 14.8125 218 47.620000000000005
      vertex 26.3125 218 47.60000000000001
      vertex 26.3125 218 45.400000000000006
    endloop
  endfacet
  facet normal 0 1 0
    outer loop
      vertex 14.8125 218 47.620000000000005
      vertex 26.3125 218 47.620000000000005
      vertex 26.3125 218 47.60000000000001
    endloop
  endfacet
  facet normal 1 0 0
    outer loop
      vertex 26.3125 215.9 43.300000000000004
      vertex 26.3125 218 43.300000000000004
      vertex 26.3125 215.9 43.41605263157895
    endloop
  endfacet
  facet normal 1 0 0
    outer loop
      vertex 26.3125 215.9 45.400000000000006
      vertex 26.3125 218 45.400000000000006
      vertex 26.3125 217.6380952380953 47.620000000000005
    endloop
  endfacet
  facet normal 1 0 0
    outer loop
      vertex 26.3125 215.9 45.400000000000006
      vertex 26.3125 217.6380952380953 47.620000000000005
      vertex 26.3125 215.9 47.60000000000001
    endloop
  endfacet
  facet normal 1 0 0
    outer loop
      vertex 26.3125 215.9 47.60000000000001
      vertex 26.3125 217.6380952380953 47.620000000000005
      vertex 26.3125 215.9 47.620000000000005
    endloop
  endfacet
  facet normal 1 0 0
    outer loop
      vertex 26.3125 218 45.400000000000006
      vertex 26.3125 218 47.60000000000001
      vertex 26.3125 217.6380952380953 47.620000000000005
    endloop
  endfacet
  facet normal -1 0 0
    outer loop
      vertex 14.8125 182.1 47.60000000000001
      vertex 14.8125 182.1 49.70000000000001
      vertex 14.8125 215.9 47.620000000000005
    endloop
  endfacet
  facet normal -1 0 0
    outer loop
      vertex 14.8125 182.1 47.60000000000001
      vertex 14.8125 215.9 47.620000000000005
      vertex 14.8125 215.9 47.60000000000001
    endloop
  endfacet
  facet normal -1 0 0
    outer loop
      vertex 14.8125 215.9 47.620000000000005
      vertex 14.8125 182.1 49.70000000000001
      vertex 14.8125 218 49.70000000000001
    endloop
  endfacet
  facet normal -1 0 0
    outer loop
      vertex 14.8125 215.9 47.620000000000005
      vertex 14.8125 218 49.70000000000001
      vertex 14.8125 218 47.620000000000005
    endloop
  endfacet
  facet normal 0 0 -1
    outer loop
      vertex 14.8125 182.1 47.60000000000001
      vertex 14.8125 215.9 47.60000000000001
      vertex 26.3125 215.9 47.60000000000001
    endloop
  endfacet
  facet normal 0 1 0
    outer loop
      vertex 14.8125 218 47.620000000000005
      vertex 14.8125 218 49.70000000000001
      vertex 26.3125 218 49.70000000000001
    endloop
  endfacet
  facet normal 0 0 1
    outer loop
      vertex 14.8125 182.1 49.70000000000001
      vertex 26.3125 182.1 49.70000000000001
      vertex 14.8125 218 49.70000000000001
    endloop
  endfacet
  facet normal 0 0 -1
    outer loop
      vertex 14.8125 182.1 47.60000000000001
      vertex 26.3125 215.9 47.60000000000001
      vertex 26.3125 182.1 47.60000000000001
    endloop
  endfacet
  facet normal 0 1 0
    outer loop
      vertex 14.8125 218 47.620000000000005
      vertex 26.3125 218 49.70000000000001
      vertex 26.3125 218 47.620000000000005
    endloop
  endfacet
  facet normal 0 0 1
    outer loop
      vertex 14.8125 218 49.70000000000001
      vertex 26.3125 182.1 49.70000000000001
      vertex 26.3125 218 49.70000000000001
    endloop
  endfacet
  facet normal 1 0 0
    outer loop
      vertex 26.3125 182.1 47.60000000000001
      vertex 26.3125 215.9 47.620000000000005
      vertex 26.3125 182.1 49.583947368421065
    endloop
  endfacet
  facet normal 1 0 0
    outer loop
      vertex 26.3125 182.1 47.60000000000001
      vertex 26.3125 215.9 47.60000000000001
      vertex 26.3125 215.9 47.620000000000005
    endloop
  endfacet
  facet normal 1 0 0
    outer loop
      vertex 26.3125 215.9 47.620000000000005
      vertex 26.3125 217.6380952380953 47.620000000000005
      vertex 26.3125 182.1 49.583947368421065
    endloop
  endfacet
  facet normal 1 0 0
    outer loop
      vertex 26.3125 217.6380952380953 47.620000000000005
      vertex 26.3125 218 49.70000000000001
      vertex 26.3125 182.1 49.583947368421065
    endloop
  endfacet
  facet normal 1 0 0
    outer loop
      vertex 26.3125 217.6380952380953 47.620000000000005
      vertex 26.3125 218 47.60000000000001
      vertex 26.3125 218 47.620000000000005
    endloop
  endfacet
  facet normal 1 0 0
    outer loop
      vertex 26.3125 217.6380952380953 47.620000000000005
      vertex 26.3125 218 47.620000000000005
      vertex 26.3125 218 49.70000000000001
    endloop
  endfacet
  facet normal 1 0 0
    outer loop
      vertex 26.3125 180 49.70000000000001
      vertex 26.3125 182.1 49.583947368421065
      vertex 26.3125 182.1 49.70000000000001
    endloop
  endfacet
  facet normal 1 0 0
    outer loop
      vertex 26.3125 182.1 49.583947368421065
      vertex 26.3125 218 49.70000000000001
      vertex 26.3125 182.1 49.70000000000001
    endloop
  endfacet
  facet normal -1 0 0
    outer loop
      vertex 14.8125 180 47.60000000000001
      vertex 14.8125 182.1 49.70000000000001
      vertex 14.8125 182.1 47.60000000000001
    endloop
  endfacet
  facet normal -1 0 0
    outer loop
      vertex 14.8125 180 47.60000000000001
      vertex 14.8125 180 51.92000000000001
      vertex 14.8125 182.1 51.92000000000001
    endloop
  endfacet
  facet normal -1 0 0
    outer loop
      vertex 14.8125 180 47.60000000000001
      vertex 14.8125 182.1 51.900000000000006
      vertex 14.8125 182.1 49.70000000000001
    endloop
  endfacet
  facet normal -1 0 0
    outer loop
      vertex 14.8125 180 47.60000000000001
      vertex 14.8125 182.1 51.92000000000001
      vertex 14.8125 182.1 51.900000000000006
    endloop
  endfacet
  facet normal 0 0 -1
    outer loop
      vertex 14.8125 180 47.60000000000001
      vertex 14.8125 182.1 47.60000000000001
      vertex 26.3125 182.1 47.60000000000001
    endloop
  endfacet
  facet normal 0 -1 0
    outer loop
      vertex 14.8125 180 47.60000000000001
      vertex 26.3125 180 51.92000000000001
      vertex 14.8125 180 51.92000000000001
    endloop
  endfacet
  facet normal 0 1 0
    outer loop
      vertex 14.8125 182.1 49.70000000000001
      vertex 14.8125 182.1 51.900000000000006
      vertex 26.3125 182.1 49.70000000000001
    endloop
  endfacet
  facet normal 0 0 -1
    outer loop
      vertex 14.8125 180 47.60000000000001
      vertex 26.3125 182.1 47.60000000000001
      vertex 26.3125 180 47.60000000000001
    endloop
  endfacet
  facet normal 0 -1 0
    outer loop
      vertex 14.8125 180 47.60000000000001
      vertex 26.3125 180 47.60000000000001
      vertex 26.3125 180 49.70000000000001
    endloop
  endfacet
  facet normal 0 -1 0
    outer loop
      vertex 14.8125 180 47.60000000000001
      vertex 26.3125 180 49.70000000000001
      vertex 26.3125 180 51.92000000000001
    endloop
  endfacet
  facet normal 0 1 0
    outer loop
      vertex 14.8125 182.1 51.900000000000006
      vertex 26.3125 182.1 51.900000000000006
      vertex 26.3125 182.1 49.70000000000001
    endloop
  endfacet
  facet normal 1 0 0
    outer loop
      vertex 26.3125 180 47.60000000000001
      vertex 26.3125 182.1 49.583947368421065
      vertex 26.3125 180 49.70000000000001
    endloop
  endfacet
  facet normal 1 0 0
    outer loop
      vertex 26.3125 180 47.60000000000001
      vertex 26.3125 182.1 47.60000000000001
      vertex 26.3125 182.1 49.583947368421065
    endloop
  endfacet
  facet normal 1 0 0
    outer loop
      vertex 26.3125 180 49.70000000000001
      vertex 26.3125 182.1 51.92000000000001
      vertex 26.3125 180 51.92000000000001
    endloop
  endfacet
  facet normal 1 0 0
    outer loop
      vertex 26.3125 180 49.70000000000001
      vertex 26.3125 182.1 49.70000000000001
      vertex 26.3125 182.1 51.900000000000006
    endloop
  endfacet
  facet normal 1 0 0
    outer loop
      vertex 26.3125 180 49.70000000000001
      vertex 26.3125 182.1 51.900000000000006
      vertex 26.3125 182.1 51.92000000000001
    endloop
  endfacet
  facet normal -1 0 0
    outer loop
      vertex 14.8125 182.1 51.900000000000006
      vertex 14.8125 182.1 51.92000000000001
      vertex 14.8125 215.9 51.900000000000006
    endloop
  endfacet
  facet normal -1 0 0
    outer loop
      vertex 14.8125 180 51.92000000000001
      vertex 14.8125 215.9 54.00000000000001
      vertex 14.8125 182.1 51.92000000000001
    endloop
  endfacet
  facet normal -1 0 0
    outer loop
      vertex 14.8125 180 51.92000000000001
      vertex 14.8125 180 54.00000000000001
      vertex 14.8125 215.9 54.00000000000001
    endloop
  endfacet
  facet normal -1 0 0
    outer loop
      vertex 14.8125 182.1 51.92000000000001
      vertex 14.8125 215.9 54.00000000000001
      vertex 14.8125 215.9 51.900000000000006
    endloop
  endfacet
  facet normal 0 -1 0
    outer loop
      vertex 14.8125 180 51.92000000000001
      vertex 26.3125 180 51.92000000000001
      vertex 14.8125 180 54.00000000000001
    endloop
  endfacet
  facet normal 0 0 1
    outer loop
      vertex 14.8125 180 54.00000000000001
      vertex 26.3125 180 54.00000000000001
      vertex 14.8125 215.9 54.00000000000001
    endloop
  endfacet
  facet normal 0 0 -1
    outer loop
      vertex 14.8125 182.1 51.900000000000006
      vertex 14.8125 215.9 51.900000000000006
      vertex 26.3125 215.9 51.900000000000006
    endloop
  endfacet
  facet normal 0 -1 0
    outer loop
      vertex 14.8125 180 54.00000000000001
      vertex 26.3125 180 51.92000000000001
      vertex 26.3125 180 54.00000000000001
    endloop
  endfacet
  facet normal 0 0 -1
    outer loop
      vertex 14.8125 182.1 51.900000000000006
      vertex 26.3125 215.9 51.900000000000006
      vertex 26.3125 182.1 51.900000000000006
    endloop
  endfacet
  facet normal 0 0 1
    outer loop
      vertex 14.8125 215.9 54.00000000000001
      vertex 26.3125 180 54.00000000000001
      vertex 26.3125 215.9 54.00000000000001
    endloop
  endfacet
  facet normal 1 0 0
    outer loop
      vertex 26.3125 180 51.92000000000001
      vertex 26.3125 182.1 51.92000000000001
      vertex 26.3125 180 54.00000000000001
    endloop
  endfacet
  facet normal 1 0 0
    outer loop
      vertex 26.3125 182.1 51.900000000000006
      vertex 26.3125 215.9 51.900000000000006
      vertex 26.3125 182.1 51.92000000000001
    endloop
  endfacet
  facet normal 1 0 0
    outer loop
      vertex 26.3125 182.1 51.92000000000001
      vertex 26.3125 215.9 52.01605263157895
      vertex 26.3125 180 54.00000000000001
    endloop
  endfacet
  facet normal 1 0 0
    outer loop
      vertex 26.3125 182.1 51.92000000000001
      vertex 26.3125 215.9 51.900000000000006
      vertex 26.3125 215.9 52.01605263157895
    endloop
  endfacet
  facet normal 1 0 0
    outer loop
      vertex 26.3125 180 54.00000000000001
      vertex 26.3125 215.9 52.01605263157895
      vertex 26.3125 215.9 54.00000000000001
    endloop
  endfacet
  facet normal 1 0 0
    outer loop
      vertex 26.3125 215.9 52.01605263157895
      vertex 26.3125 218 51.900000000000006
      vertex 26.3125 218 54.00000000000001
    endloop
  endfacet
  facet normal 1 0 0
    outer loop
      vertex 26.3125 215.9 52.01605263157895
      vertex 26.3125 218 54.00000000000001
      vertex 26.3125 215.9 54.00000000000001
    endloop
  endfacet
  facet normal -1 0 0
    outer loop
      vertex 14.8125 215.9 51.900000000000006
      vertex 14.8125 218 56.220000000000006
      vertex 14.8125 218 51.900000000000006
    endloop
  endfacet
  facet normal -1 0 0
    outer loop
      vertex 14.8125 215.9 51.900000000000006
      vertex 14.8125 215.9 54.00000000000001
      vertex 14.8125 218 56.220000000000006
    endloop
  endfacet
  facet normal -1 0 0
    outer loop
      vertex 14.8125 215.9 54.00000000000001
      vertex 14.8125 215.9 56.2
      vertex 14.8125 218 56.220000000000006
    endloop
  endfacet
  facet normal -1 0 0
    outer loop
      vertex 14.8125 215.9 56.2
      vertex 14.8125 215.9 56.220000000000006
      vertex 14.8125 218 56.220000000000006
    endloop
  endfacet
  facet normal 0 0 -1
    outer loop
      vertex 14.8125 215.9 51.900000000000006
      vertex 14.8125 218 51.900000000000006
      vertex 26.3125 218 51.900000000000006
    endloop
  endfacet
  facet normal 0 1 0
    outer loop
      vertex 14.8125 218 51.900000000000006
      vertex 14.8125 218 56.220000000000006
      vertex 26.3125 218 51.900000000000006
    endloop
  endfacet
  facet normal 0 -1 0
    outer loop
      vertex 14.8125 215.9 54.00000000000001
      vertex 26.3125 215.9 56.2
      vertex 14.8125 215.9 56.2
    endloop
  endfacet
  facet normal 0 0 -1
    outer loop
      vertex 14.8125 215.9 51.900000000000006
      vertex 26.3125 218 51.900000000000006
      vertex 26.3125 215.9 51.900000000000006
    endloop
  endfacet
  facet normal 0 -1 0
    outer loop
      vertex 14.8125 215.9 54.00000000000001
      vertex 26.3125 215.9 54.00000000000001
      vertex 26.3125 215.9 56.2
    endloop
  endfacet
  facet normal 0 1 0
    outer loop
      vertex 14.8125 218 56.220000000000006
      vertex 26.3125 218 54.00000000000001
      vertex 26.3125 218 51.900000000000006
    endloop
  endfacet
  facet normal 0 1 0
    outer loop
      vertex 14.8125 218 56.220000000000006
      vertex 26.3125 218 56.2
      vertex 26.3125 218 54.00000000000001
    endloop
  endfacet
  facet normal 0 1 0
    outer loop
      vertex 14.8125 218 56.220000000000006
      vertex 26.3125 218 56.220000000000006
      vertex 26.3125 218 56.2
    endloop
  endfacet
  facet normal 1 0 0
    outer loop
      vertex 26.3125 215.9 51.900000000000006
      vertex 26.3125 218 51.900000000000006
      vertex 26.3125 215.9 52.01605263157895
    endloop
  endfacet
  facet normal 1 0 0
    outer loop
      vertex 26.3125 215.9 54.00000000000001
      vertex 26.3125 218 54.00000000000001
      vertex 26.3125 217.6380952380952 56.220000000000006
    endloop
  endfacet
  facet normal 1 0 0
    outer loop
      vertex 26.3125 215.9 54.00000000000001
      vertex 26.3125 217.6380952380952 56.220000000000006
      vertex 26.3125 215.9 56.2
    endloop
  endfacet
  facet normal 1 0 0
    outer loop
      vertex 26.3125 218 54.00000000000001
      vertex 26.3125 218 56.2
      vertex 26.3125 217.6380952380952 56.220000000000006
    endloop
  endfacet
  facet normal 1 0 0
    outer loop
      vertex 26.3125 215.9 56.2
      vertex 26.3125 217.6380952380952 56.220000000000006
      vertex 26.3125 215.9 56.220000000000006
    endloop
  endfacet
  facet normal -1 0 0
    outer loop
      vertex 14.8125 182.1 56.2
      vertex 14.8125 182.1 58.300000000000004
      vertex 14.8125 215.9 56.220000000000006
    endloop
  endfacet
  facet normal -1 0 0
    outer loop
      vertex 14.8125 182.1 56.2
      vertex 14.8125 215.9 56.220000000000006
      vertex 14.8125 215.9 56.2
    endloop
  endfacet
  facet normal -1 0 0
    outer loop
      vertex 14.8125 182.1 58.300000000000004
      vertex 14.8125 218 58.300000000000004
      vertex 14.8125 215.9 56.220000000000006
    endloop
  endfacet
  facet normal -1 0 0
    outer loop
      vertex 14.8125 215.9 56.220000000000006
      vertex 14.8125 218 58.300000000000004
      vertex 14.8125 218 56.220000000000006
    endloop
  endfacet
  facet normal 0 0 1
    outer loop
      vertex 14.8125 182.1 58.300000000000004
      vertex 26.3125 182.1 58.300000000000004
      vertex 14.8125 218 58.300000000000004
    endloop
  endfacet
  facet normal 0 0 -1
    outer loop
      vertex 14.8125 182.1 56.2
      vertex 14.8125 215.9 56.2
      vertex 26.3125 215.9 56.2
    endloop
  endfacet
  facet normal 0 1 0
    outer loop
      vertex 14.8125 218 56.220000000000006
      vertex 14.8125 218 58.300000000000004
      vertex 26.3125 218 58.300000000000004
    endloop
  endfacet
  facet normal 0 0 -1
    outer loop
      vertex 14.8125 182.1 56.2
      vertex 26.3125 215.9 56.2
      vertex 26.3125 182.1 56.2
    endloop
  endfacet
  facet normal 0 0 1
    outer loop
      vertex 14.8125 218 58.300000000000004
      vertex 26.3125 182.1 58.300000000000004
      vertex 26.3125 218 58.300000000000004
    endloop
  endfacet
  facet normal 0 1 0
    outer loop
      vertex 14.8125 218 56.220000000000006
      vertex 26.3125 218 58.300000000000004
      vertex 26.3125 218 56.220000000000006
    endloop
  endfacet
  facet normal 1 0 0
    outer loop
      vertex 26.3125 180 58.300000000000004
      vertex 26.3125 182.1 58.18394736842106
      vertex 26.3125 182.1 58.300000000000004
    endloop
  endfacet
  facet normal 1 0 0
    outer loop
      vertex 26.3125 182.1 56.2
      vertex 26.3125 215.9 56.220000000000006
      vertex 26.3125 182.1 58.18394736842106
    endloop
  endfacet
  facet normal 1 0 0
    outer loop
      vertex 26.3125 182.1 58.18394736842106
      vertex 26.3125 218 58.300000000000004
      vertex 26.3125 182.1 58.300000000000004
    endloop
  endfacet
  facet normal 1 0 0
    outer loop
      vertex 26.3125 182.1 56.2
      vertex 26.3125 215.9 56.2
      vertex 26.3125 215.9 56.220000000000006
    endloop
  endfacet
  facet normal 1 0 0
    outer loop
      vertex 26.3125 217.6380952380952 56.220000000000006
      vertex 26.3125 218 56.2
      vertex 26.3125 218 56.220000000000006
    endloop
  endfacet
  facet normal 1 0 0
    outer loop
      vertex 26.3125 182.1 58.18394736842106
      vertex 26.3125 215.9 56.220000000000006
      vertex 26.3125 217.6380952380952 56.220000000000006
    endloop
  endfacet
  facet normal 1 0 0
    outer loop
      vertex 26.3125 182.1 58.18394736842106
      vertex 26.3125 217.6380952380952 56.220000000000006
      vertex 26.3125 218 58.300000000000004
    endloop
  endfacet
  facet normal 1 0 0
    outer loop
      vertex 26.3125 217.6380952380952 56.220000000000006
      vertex 26.3125 218 56.220000000000006
      vertex 26.3125 218 58.300000000000004
    endloop
  endfacet
  facet normal -1 0 0
    outer loop
      vertex 14.8125 180 56.2
      vertex 14.8125 180 60.52
      vertex 14.8125 182.1 60.52
    endloop
  endfacet
  facet normal -1 0 0
    outer loop
      vertex 14.8125 180 56.2
      vertex 14.8125 182.1 58.300000000000004
      vertex 14.8125 182.1 56.2
    endloop
  endfacet
  facet normal -1 0 0
    outer loop
      vertex 14.8125 180 56.2
      vertex 14.8125 182.1 60.500000000000014
      vertex 14.8125 182.1 58.300000000000004
    endloop
  endfacet
  facet normal -1 0 0
    outer loop
      vertex 14.8125 180 56.2
      vertex 14.8125 182.1 60.52
      vertex 14.8125 182.1 60.500000000000014
    endloop
  endfacet
  facet normal 0 0 -1
    outer loop
      vertex 14.8125 180 56.2
      vertex 14.8125 182.1 56.2
      vertex 26.3125 182.1 56.2
    endloop
  endfacet
  facet normal 0 -1 0
    outer loop
      vertex 14.8125 180 56.2
      vertex 26.3125 180 60.52
      vertex 14.8125 180 60.52
    endloop
  endfacet
  facet normal 0 1 0
    outer loop
      vertex 14.8125 182.1 58.300000000000004
      vertex 14.8125 182.1 60.500000000000014
      vertex 26.3125 182.1 58.300000000000004
    endloop
  endfacet
  facet normal 0 0 -1
    outer loop
      vertex 14.8125 180 56.2
      vertex 26.3125 182.1 56.2
      vertex 26.3125 180 56.2
    endloop
  endfacet
  facet normal 0 -1 0
    outer loop
      vertex 14.8125 180 56.2
      vertex 26.3125 180 56.2
      vertex 26.3125 180 58.300000000000004
    endloop
  endfacet
  facet normal 0 -1 0
    outer loop
      vertex 14.8125 180 56.2
      vertex 26.3125 180 58.300000000000004
      vertex 26.3125 180 60.52
    endloop
  endfacet
  facet normal 0 1 0
    outer loop
      vertex 14.8125 182.1 60.500000000000014
      vertex 26.3125 182.1 60.500000000000014
      vertex 26.3125 182.1 58.300000000000004
    endloop
  endfacet
  facet normal 1 0 0
    outer loop
      vertex 26.3125 180 56.2
      vertex 26.3125 182.1 58.18394736842106
      vertex 26.3125 180 58.300000000000004
    endloop
  endfacet
  facet normal 1 0 0
    outer loop
      vertex 26.3125 180 58.300000000000004
      vertex 26.3125 182.1 60.52
      vertex 26.3125 180 60.52
    endloop
  endfacet
  facet normal 1 0 0
    outer loop
      vertex 26.3125 180 56.2
      vertex 26.3125 182.1 56.2
      vertex 26.3125 182.1 58.18394736842106
    endloop
  endfacet
  facet normal 1 0 0
    outer loop
      vertex 26.3125 180 58.300000000000004
      vertex 26.3125 182.1 58.300000000000004
      vertex 26.3125 182.1 60.500000000000014
    endloop
  endfacet
  facet normal 1 0 0
    outer loop
      vertex 26.3125 180 58.300000000000004
      vertex 26.3125 182.1 60.500000000000014
      vertex 26.3125 182.1 60.52
    endloop
  endfacet
  facet normal -1 0 0
    outer loop
      vertex 14.8125 180 60.52
      vertex 14.8125 180 61.600000000000016
      vertex 14.8125 180.15643446504023 61.61231165940488
    endloop
  endfacet
  facet normal -1 0 0
    outer loop
      vertex 14.8125 182.1 60.500000000000014
      vertex 14.8125 182.1 60.52
      vertex 14.8125 218 60.500000000000014
    endloop
  endfacet
  facet normal -1 0 0
    outer loop
      vertex 14.8125 180 60.52
      vertex 14.8125 180.15643446504023 61.61231165940488
      vertex 14.8125 218 62.600000000000016
    endloop
  endfacet
  facet normal -1 0 0
    outer loop
      vertex 14.8125 180 60.52
      vertex 14.8125 218 62.600000000000016
      vertex 14.8125 182.1 60.52
    endloop
  endfacet
  facet normal -1 0 0
    outer loop
      vertex 14.8125 180.15643446504023 61.61231165940488
      vertex 14.8125 180.30901699437496 61.64894348370486
      vertex 14.8125 218 62.600000000000016
    endloop
  endfacet
  facet normal -1 0 0
    outer loop
      vertex 14.8125 180.30901699437496 61.64894348370486
      vertex 14.8125 180.45399049973955 61.708993475811646
      vertex 14.8125 218 62.600000000000016
    endloop
  endfacet
  facet normal -1 0 0
    outer loop
      vertex 14.8125 180.45399049973955 61.708993475811646
      vertex 14.8125 180.58778525229246 61.790983005625066
      vertex 14.8125 218 62.600000000000016
    endloop
  endfacet
  facet normal -1 0 0
    outer loop
      vertex 14.8125 180.58778525229246 61.790983005625066
      vertex 14.8125 180.70710678118655 61.89289321881347
      vertex 14.8125 218 62.600000000000016
    endloop
  endfacet
  facet normal -1 0 0
    outer loop
      vertex 14.8125 180.70710678118655 61.89289321881347
      vertex 14.8125 180.80901699437496 62.012214747707546
      vertex 14.8125 218 62.600000000000016
    endloop
  endfacet
  facet normal -1 0 0
    outer loop
      vertex 14.8125 180.80901699437496 62.012214747707546
      vertex 14.8125 180.89100652418836 62.14600950026047
      vertex 14.8125 218 62.600000000000016
    endloop
  endfacet
  facet normal -1 0 0
    outer loop
      vertex 14.8125 180.89100652418836 62.14600950026047
      vertex 14.8125 180.95105651629515 62.290983005625066
      vertex 14.8125 218 62.600000000000016
    endloop
  endfacet
  facet normal -1 0 0
    outer loop
      vertex 14.8125 180.95105651629515 62.290983005625066
      vertex 14.8125 180.98768834059513 62.44356553495979
      vertex 14.8125 218 62.600000000000016
    endloop
  endfacet
  facet normal -1 0 0
    outer loop
      vertex 14.8125 180.98768834059513 62.44356553495979
      vertex 14.8125 181 62.600000000000016
      vertex 14.8125 218 62.600000000000016
    endloop
  endfacet
  facet normal -1 0 0
    outer loop
      vertex 14.8125 182.1 60.52
      vertex 14.8125 218 62.600000000000016
      vertex 14.8125 218 60.500000000000014
    endloop
  endfacet
  facet normal 0 -1 0
    outer loop
      vertex 14.8125 180 60.52
      vertex 26.3125 180 61.600000000000016
      vertex 14.8125 180 61.600000000000016
    endloop
  endfacet
  facet normal 0 0 -1
    outer loop
      vertex 14.8125 182.1 60.500000000000014
      vertex 14.8125 218 60.500000000000014
      vertex 26.3125 218 60.500000000000014
    endloop
  endfacet
  facet normal 0 0 1
    outer loop
      vertex 14.8125 181 62.600000000000016
      vertex 26.3125 218 62.600000000000016
      vertex 14.8125 218 62.600000000000016
    endloop
  endfacet
  facet normal 0 1 0
    outer loop
      vertex 14.8125 218 60.500000000000014
      vertex 14.8125 218 62.600000000000016
      vertex 26.3125 218 60.500000000000014
    endloop
  endfacet
  facet normal 0 -1 0
    outer loop
      vertex 14.8125 180 60.52
      vertex 26.3125 180 60.52
      vertex 26.3125 180 61.600000000000016
    endloop
  endfacet
  facet normal 0 0 -1
    outer loop
      vertex 14.8125 182.1 60.500000000000014
      vertex 26.3125 218 60.500000000000014
      vertex 26.3125 182.1 60.500000000000014
    endloop
  endfacet
  facet normal 0 0 1
    outer loop
      vertex 14.8125 181 62.600000000000016
      vertex 26.3125 181 62.600000000000016
      vertex 26.3125 218 62.600000000000016
    endloop
  endfacet
  facet normal 0 1 0
    outer loop
      vertex 14.8125 218 62.600000000000016
      vertex 26.3125 218 62.600000000000016
      vertex 26.3125 218 60.500000000000014
    endloop
  endfacet
  facet normal 1 0 0
    outer loop
      vertex 26.3125 180 60.52
      vertex 26.3125 182.1 60.52
      vertex 26.3125 180 61.600000000000016
    endloop
  endfacet
  facet normal 1 0 0
    outer loop
      vertex 26.3125 180 61.600000000000016
      vertex 26.3125 182.1 60.52
      vertex 26.3125 180.7102226235238 61.89654140146213
    endloop
  endfacet
  facet normal 1 0 0
    outer loop
      vertex 26.3125 180 61.600000000000016
      vertex 26.3125 180.7102226235238 61.89654140146213
      vertex 26.3125 180 62.600000000000016
    endloop
  endfacet
  facet normal 1 0 0
    outer loop
      vertex 26.3125 180.7102226235238 61.89654140146213
      vertex 26.3125 182.1 60.52
      vertex 26.3125 180.80901699437496 62.012214747707546
    endloop
  endfacet
  facet normal 1 0 0
    outer loop
      vertex 26.3125 180.80901699437496 62.012214747707546
      vertex 26.3125 182.1 60.52
      vertex 26.3125 180.89100652418836 62.14600950026047
    endloop
  endfacet
  facet normal 1 0 0
    outer loop
      vertex 26.3125 180.89100652418836 62.14600950026047
      vertex 26.3125 182.1 60.52
      vertex 26.3125 180.95105651629515 62.290983005625066
    endloop
  endfacet
  facet normal 1 0 0
    outer loop
      vertex 26.3125 182.1 60.500000000000014
      vertex 26.3125 218 60.500000000000014
      vertex 26.3125 182.1 60.52
    endloop
  endfacet
  facet normal 1 0 0
    outer loop
      vertex 26.3125 180.95105651629515 62.290983005625066
      vertex 26.3125 182.1 60.52
      vertex 26.3125 218 60.500000000000014
    endloop
  endfacet
  facet normal 1 0 0
    outer loop
      vertex 26.3125 180.95105651629515 62.290983005625066
      vertex 26.3125 218 60.500000000000014
      vertex 26.3125 180.98768834059513 62.44356553495979
    endloop
  endfacet
  facet normal 1 0 0
    outer loop
      vertex 26.3125 180.98768834059513 62.44356553495979
      vertex 26.3125 218 60.500000000000014
      vertex 26.3125 181 62.600000000000016
    endloop
  endfacet
  facet normal 1 0 0
    outer loop
      vertex 26.3125 181 62.600000000000016
      vertex 26.3125 218 60.500000000000014
      vertex 26.3125 218 62.600000000000016
    endloop
  endfacet
  facet normal -1 0 0
    outer loop
      vertex 14.8125 215.9 11
      vertex 14.8125 218 13.2
      vertex 14.8125 218 11
    endloop
  endfacet
  facet normal -1 0 0
    outer loop
      vertex 14.8125 215.9 11
      vertex 14.8125 215.9 13.2
      vertex 14.8125 218 13.2
    endloop
  endfacet
  facet normal -1 0 0
    outer loop
      vertex 14.8125 215.9 13.2
      vertex 14.8125 215.9 13.322841225626739
      vertex 14.8125 218 13.2
    endloop
  endfacet
  facet normal 0 -1 0
    outer loop
      vertex 14.8125 215.9 11
      vertex 26.3125 215.9 11
      vertex 14.8125 215.9 13.2
    endloop
  endfacet
  facet normal 0 1 0
    outer loop
      vertex 14.8125 218 11
      vertex 14.8125 218 13.2
      vertex 26.3125 218 13.2
    endloop
  endfacet
  facet normal 0 1 0
    outer loop
      vertex 14.8125 218 11
      vertex 26.3125 218 13.2
      vertex 26.3125 218 11
    endloop
  endfacet
  facet normal 0 -1 0
    outer loop
      vertex 14.8125 215.9 13.2
      vertex 26.3125 215.9 11
      vertex 26.3125 215.9 13.2
    endloop
  endfacet
  facet normal 1 0 0
    outer loop
      vertex 26.3125 215.9 11
      vertex 26.3125 218 11
      vertex 26.3125 215.9 13.2
    endloop
  endfacet
  facet normal 1 0 0
    outer loop
      vertex 26.3125 218 11
      vertex 26.3125 218 13.2
      vertex 26.3125 215.9 13.2
    endloop
  endfacet
  facet normal -1 0 0
    outer loop
      vertex 14.8125 179.10899347581164 62.14600950026047
      vertex 14.8125 179.04894348370485 62.290983005625066
      vertex 14.8125 179.10899347581164 63.05399049973956
    endloop
  endfacet
  facet normal -1 0 0
    outer loop
      vertex 14.8125 179.04894348370485 62.290983005625066
      vertex 14.8125 179.01231165940487 62.44356553495979
      vertex 14.8125 179.04894348370485 62.909016994374966
    endloop
  endfacet
  facet normal -1 0 0
    outer loop
      vertex 14.8125 179.01231165940487 62.44356553495979
      vertex 14.8125 179 62.600000000000016
      vertex 14.8125 179.01231165940487 62.75643446504024
    endloop
  endfacet
  facet normal -1 0 0
    outer loop
      vertex 14.8125 179.01231165940487 62.44356553495979
      vertex 14.8125 179.01231165940487 62.75643446504024
      vertex 14.8125 179.04894348370485 62.909016994374966
    endloop
  endfacet
  facet normal -1 0 0
    outer loop
      vertex 14.8125 179.41221474770754 61.790983005625066
      vertex 14.8125 179.29289321881345 61.89289321881347
      vertex 14.8125 179.41221474770754 63.409016994374966
    endloop
  endfacet
  facet normal -1 0 0
    outer loop
      vertex 14.8125 179.29289321881345 61.89289321881347
      vertex 14.8125 179.19098300562504 62.012214747707546
      vertex 14.8125 179.29289321881345 63.30710678118656
    endloop
  endfacet
  facet normal -1 0 0
    outer loop
      vertex 14.8125 179.19098300562504 62.012214747707546
      vertex 14.8125 179.10899347581164 62.14600950026047
      vertex 14.8125 179.19098300562504 63.187785252292485
    endloop
  endfacet
  facet normal -1 0 0
    outer loop
      vertex 14.8125 179.41221474770754 61.790983005625066
      vertex 14.8125 179.54600950026045 63.491006524188386
      vertex 14.8125 179.54600950026045 61.708993475811646
    endloop
  endfacet
  facet normal -1 0 0
    outer loop
      vertex 14.8125 179.54600950026045 61.708993475811646
      vertex 14.8125 179.69098300562504 63.55105651629517
      vertex 14.8125 179.69098300562504 61.64894348370486
    endloop
  endfacet
  facet normal -1 0 0
    outer loop
      vertex 14.8125 180 61.600000000000016
      vertex 14.8125 179.84356553495977 61.61231165940488
      vertex 14.8125 180 63.600000000000016
    endloop
  endfacet
  facet normal -1 0 0
    outer loop
      vertex 14.8125 180 61.600000000000016
      vertex 14.8125 180.15643446504023 63.58768834059515
      vertex 14.8125 180.15643446504023 61.61231165940488
    endloop
  endfacet
  facet normal -1 0 0
    outer loop
      vertex 14.8125 180.15643446504023 61.61231165940488
      vertex 14.8125 180.30901699437496 63.55105651629517
      vertex 14.8125 180.30901699437496 61.64894348370486
    endloop
  endfacet
  facet normal -1 0 0
    outer loop
      vertex 14.8125 179.69098300562504 61.64894348370486
      vertex 14.8125 179.84356553495977 63.58768834059515
      vertex 14.8125 179.84356553495977 61.61231165940488
    endloop
  endfacet
  facet normal -1 0 0
    outer loop
      vertex 14.8125 180.30901699437496 61.64894348370486
      vertex 14.8125 180.45399049973955 63.491006524188386
      vertex 14.8125 180.45399049973955 61.708993475811646
    endloop
  endfacet
  facet normal -1 0 0
    outer loop
      vertex 14.8125 180.45399049973955 61.708993475811646
      vertex 14.8125 180.58778525229246 63.409016994374966
      vertex 14.8125 180.58778525229246 61.790983005625066
    endloop
  endfacet
  facet normal -1 0 0
    outer loop
      vertex 14.8125 180.58778525229246 61.790983005625066
      vertex 14.8125 180.70710678118655 63.30710678118656
      vertex 14.8125 180.70710678118655 61.89289321881347
    endloop
  endfacet
  facet normal -1 0 0
    outer loop
      vertex 14.8125 180.70710678118655 61.89289321881347
      vertex 14.8125 180.80901699437496 63.187785252292485
      vertex 14.8125 180.80901699437496 62.012214747707546
    endloop
  endfacet
  facet normal -1 0 0
    outer loop
      vertex 14.8125 180.80901699437496 62.012214747707546
      vertex 14.8125 180.89100652418836 63.05399049973956
      vertex 14.8125 180.89100652418836 62.14600950026047
    endloop
  endfacet
  facet normal -1 0 0
    outer loop
      vertex 14.8125 180.89100652418836 62.14600950026047
      vertex 14.8125 180.95105651629515 62.909016994374966
      vertex 14.8125 180.95105651629515 62.290983005625066
    endloop
  endfacet
  facet normal -1 0 0
    outer loop
      vertex 14.8125 180.95105651629515 62.290983005625066
      vertex 14.8125 180.98768834059513 62.75643446504024
      vertex 14.8125 180.98768834059513 62.44356553495979
    endloop
  endfacet
  facet normal -1 0 0
    outer loop
      vertex 14.8125 180.98768834059513 62.44356553495979
      vertex 14.8125 180.98768834059513 62.75643446504024
      vertex 14.8125 181 62.600000000000016
    endloop
  endfacet
  facet normal -1 0 0
    outer loop
      vertex 14.8125 180.95105651629515 62.290983005625066
      vertex 14.8125 180.95105651629515 62.909016994374966
      vertex 14.8125 180.98768834059513 62.75643446504024
    endloop
  endfacet
  facet normal -1 0 0
    outer loop
      vertex 14.8125 180.89100652418836 62.14600950026047
      vertex 14.8125 180.89100652418836 63.05399049973956
      vertex 14.8125 180.95105651629515 62.909016994374966
    endloop
  endfacet
  facet normal -1 0 0
    outer loop
      vertex 14.8125 179.04894348370485 62.290983005625066
      vertex 14.8125 179.04894348370485 62.909016994374966
      vertex 14.8125 179.10899347581164 63.05399049973956
    endloop
  endfacet
  facet normal -1 0 0
    outer loop
      vertex 14.8125 179.10899347581164 62.14600950026047
      vertex 14.8125 179.10899347581164 63.05399049973956
      vertex 14.8125 179.19098300562504 63.187785252292485
    endloop
  endfacet
  facet normal -1 0 0
    outer loop
      vertex 14.8125 179.19098300562504 62.012214747707546
      vertex 14.8125 179.19098300562504 63.187785252292485
      vertex 14.8125 179.29289321881345 63.30710678118656
    endloop
  endfacet
  facet normal -1 0 0
    outer loop
      vertex 14.8125 179.29289321881345 61.89289321881347
      vertex 14.8125 179.29289321881345 63.30710678118656
      vertex 14.8125 179.41221474770754 63.409016994374966
    endloop
  endfacet
  facet normal -1 0 0
    outer loop
      vertex 14.8125 179.41221474770754 61.790983005625066
      vertex 14.8125 179.41221474770754 63.409016994374966
      vertex 14.8125 179.54600950026045 63.491006524188386
    endloop
  endfacet
  facet normal -1 0 0
    outer loop
      vertex 14.8125 179.54600950026045 61.708993475811646
      vertex 14.8125 179.54600950026045 63.491006524188386
      vertex 14.8125 179.69098300562504 63.55105651629517
    endloop
  endfacet
  facet normal -1 0 0
    outer loop
      vertex 14.8125 179.69098300562504 61.64894348370486
      vertex 14.8125 179.69098300562504 63.55105651629517
      vertex 14.8125 179.84356553495977 63.58768834059515
    endloop
  endfacet
  facet normal -1 0 0
    outer loop
      vertex 14.8125 179.84356553495977 61.61231165940488
      vertex 14.8125 179.84356553495977 63.58768834059515
      vertex 14.8125 180 63.600000000000016
    endloop
  endfacet
  facet normal -1 0 0
    outer loop
      vertex 14.8125 180 61.600000000000016
      vertex 14.8125 180 63.600000000000016
      vertex 14.8125 180.15643446504023 63.58768834059515
    endloop
  endfacet
  facet normal -1 0 0
    outer loop
      vertex 14.8125 180.15643446504023 61.61231165940488
      vertex 14.8125 180.15643446504023 63.58768834059515
      vertex 14.8125 180.30901699437496 63.55105651629517
    endloop
  endfacet
  facet normal -1 0 0
    outer loop
      vertex 14.8125 180.30901699437496 61.64894348370486
      vertex 14.8125 180.30901699437496 63.55105651629517
      vertex 14.8125 180.45399049973955 63.491006524188386
    endloop
  endfacet
  facet normal -1 0 0
    outer loop
      vertex 14.8125 180.70710678118655 61.89289321881347
      vertex 14.8125 180.70710678118655 63.30710678118656
      vertex 14.8125 180.80901699437496 63.187785252292485
    endloop
  endfacet
  facet normal -1 0 0
    outer loop
      vertex 14.8125 180.45399049973955 61.708993475811646
      vertex 14.8125 180.45399049973955 63.491006524188386
      vertex 14.8125 180.58778525229246 63.409016994374966
    endloop
  endfacet
  facet normal -1 0 0
    outer loop
      vertex 14.8125 180.58778525229246 61.790983005625066
      vertex 14.8125 180.58778525229246 63.409016994374966
      vertex 14.8125 180.70710678118655 63.30710678118656
    endloop
  endfacet
  facet normal -1 0 0
    outer loop
      vertex 14.8125 180.80901699437496 62.012214747707546
      vertex 14.8125 180.80901699437496 63.187785252292485
      vertex 14.8125 180.89100652418836 63.05399049973956
    endloop
  endfacet
  facet normal 0 -0.6494480483301479 -0.7604059656000615
    outer loop
      vertex 14.8125 179.41221474770754 61.790983005625066
      vertex 26.3125 179.41221474770754 61.790983005625066
      vertex 14.8125 179.29289321881345 61.89289321881347
    endloop
  endfacet
  facet normal -1.526672632510863e-19 -0.38268343236510066 -0.9238795325112823
    outer loop
      vertex 14.8125 179.54600950026045 61.708993475811646
      vertex 14.8125 179.69098300562504 61.64894348370486
      vertex 26.3125 179.69098300562504 61.64894348370486
    endloop
  endfacet
  facet normal -5.72326119239083e-20 -0.5224985647159758 -0.8526401643540756
    outer loop
      vertex 14.8125 179.41221474770754 61.790983005625066
      vertex 14.8125 179.54600950026045 61.708993475811646
      vertex 26.3125 179.54600950026045 61.708993475811646
    endloop
  endfacet
  facet normal 0 -0.07845909572786243 -0.9969173337331265
    outer loop
      vertex 14.8125 180 61.600000000000016
      vertex 26.3125 180 61.600000000000016
      vertex 14.8125 179.84356553495977 61.61231165940488
    endloop
  endfacet
  facet normal 1.2024556356434166e-19 -0.23344536385587794 -0.9723699203976832
    outer loop
      vertex 14.8125 179.69098300562504 61.64894348370486
      vertex 14.8125 179.84356553495977 61.61231165940488
      vertex 26.3125 179.84356553495977 61.61231165940488
    endloop
  endfacet
  facet normal 2.436541879631011e-19 -0.9238795325112569 -0.38268343236516195
    outer loop
      vertex 14.8125 179.10899347581164 62.14600950026047
      vertex 26.3125 179.04894348370485 62.290983005625066
      vertex 14.8125 179.04894348370485 62.290983005625066
    endloop
  endfacet
  facet normal -8.982212449114986e-20 -0.7604059656000232 -0.6494480483301927
    outer loop
      vertex 14.8125 179.29289321881345 61.89289321881347
      vertex 26.3125 179.19098300562504 62.012214747707546
      vertex 14.8125 179.19098300562504 62.012214747707546
    endloop
  endfacet
  facet normal 1.7425357473305078e-19 -0.8526401643541486 -0.5224985647158569
    outer loop
      vertex 14.8125 179.19098300562504 62.012214747707546
      vertex 26.3125 179.10899347581164 62.14600950026047
      vertex 14.8125 179.10899347581164 62.14600950026047
    endloop
  endfacet
  facet normal 9.913555588319382e-20 -0.9723699203976935 -0.23344536385583514
    outer loop
      vertex 14.8125 179.04894348370485 62.290983005625066
      vertex 26.3125 179.01231165940487 62.44356553495979
      vertex 14.8125 179.01231165940487 62.44356553495979
    endloop
  endfacet
  facet normal -3.716097224322074e-20 -0.9969173337331227 -0.07845909572791097
    outer loop
      vertex 14.8125 179.01231165940487 62.44356553495979
      vertex 26.3125 179 62.600000000000016
      vertex 14.8125 179 62.600000000000016
    endloop
  endfacet
  facet normal 3.716097224322074e-20 -0.9969173337331227 0.07845909572791097
    outer loop
      vertex 14.8125 179 62.600000000000016
      vertex 26.3125 179.01231165940487 62.75643446504024
      vertex 14.8125 179.01231165940487 62.75643446504024
    endloop
  endfacet
  facet normal 0 0.9969173337331227 0.07845909572791097
    outer loop
      vertex 14.8125 181 62.600000000000016
      vertex 14.8125 180.98768834059513 62.75643446504024
      vertex 26.3125 181 62.600000000000016
    endloop
  endfacet
  facet normal -9.913555588319382e-20 -0.9723699203976935 0.23344536385583514
    outer loop
      vertex 14.8125 179.01231165940487 62.75643446504024
      vertex 26.3125 179.04894348370485 62.909016994374966
      vertex 14.8125 179.04894348370485 62.909016994374966
    endloop
  endfacet
  facet normal -2.436541879631011e-19 -0.9238795325112569 0.38268343236516195
    outer loop
      vertex 14.8125 179.04894348370485 62.909016994374966
      vertex 26.3125 179.10899347581164 63.05399049973956
      vertex 14.8125 179.10899347581164 63.05399049973956
    endloop
  endfacet
  facet normal -1.7425357473305078e-19 -0.8526401643541486 0.5224985647158569
    outer loop
      vertex 14.8125 179.10899347581164 63.05399049973956
      vertex 26.3125 179.19098300562504 63.187785252292485
      vertex 14.8125 179.19098300562504 63.187785252292485
    endloop
  endfacet
  facet normal 8.982212449114986e-20 -0.7604059656000232 0.6494480483301927
    outer loop
      vertex 14.8125 179.19098300562504 63.187785252292485
      vertex 26.3125 179.29289321881345 63.30710678118656
      vertex 14.8125 179.29289321881345 63.30710678118656
    endloop
  endfacet
  facet normal 0 -0.6494480483301479 0.7604059656000615
    outer loop
      vertex 14.8125 179.29289321881345 63.30710678118656
      vertex 26.3125 179.29289321881345 63.30710678118656
      vertex 14.8125 179.41221474770754 63.409016994374966
    endloop
  endfacet
  facet normal 0 -0.5224985647159758 0.8526401643540756
    outer loop
      vertex 14.8125 179.41221474770754 63.409016994374966
      vertex 26.3125 179.41221474770754 63.409016994374966
      vertex 14.8125 179.54600950026045 63.491006524188386
    endloop
  endfacet
  facet normal 0 -0.38268343236510066 0.9238795325112823
    outer loop
      vertex 14.8125 179.54600950026045 63.491006524188386
      vertex 26.3125 179.54600950026045 63.491006524188386
      vertex 14.8125 179.69098300562504 63.55105651629517
    endloop
  endfacet
  facet normal 0 -0.23344536385587794 0.9723699203976832
    outer loop
      vertex 14.8125 179.69098300562504 63.55105651629517
      vertex 26.3125 179.69098300562504 63.55105651629517
      vertex 14.8125 179.84356553495977 63.58768834059515
    endloop
  endfacet
  facet normal 0 0.9723699203976935 0.23344536385583514
    outer loop
      vertex 14.8125 180.98768834059513 62.75643446504024
      vertex 14.8125 180.95105651629515 62.909016994374966
      vertex 26.3125 180.98768834059513 62.75643446504024
    endloop
  endfacet
  facet normal 0 0.9238795325112569 0.38268343236516195
    outer loop
      vertex 14.8125 180.95105651629515 62.909016994374966
      vertex 14.8125 180.89100652418836 63.05399049973956
      vertex 26.3125 180.95105651629515 62.909016994374966
    endloop
  endfacet
  facet normal 0 0.8526401643541486 0.5224985647158569
    outer loop
      vertex 14.8125 180.89100652418836 63.05399049973956
      vertex 14.8125 180.80901699437496 63.187785252292485
      vertex 26.3125 180.89100652418836 63.05399049973956
    endloop
  endfacet
  facet normal 0 -0.07845909572786243 0.9969173337331265
    outer loop
      vertex 14.8125 179.84356553495977 63.58768834059515
      vertex 26.3125 179.84356553495977 63.58768834059515
      vertex 14.8125 180 63.600000000000016
    endloop
  endfacet
  facet normal 0 0.07845909572786243 0.9969173337331265
    outer loop
      vertex 14.8125 180 63.600000000000016
      vertex 26.3125 180 63.600000000000016
      vertex 14.8125 180.15643446504023 63.58768834059515
    endloop
  endfacet
  facet normal 0 0.23344536385587794 0.9723699203976832
    outer loop
      vertex 14.8125 180.15643446504023 63.58768834059515
      vertex 26.3125 180.15643446504023 63.58768834059515
      vertex 14.8125 180.30901699437496 63.55105651629517
    endloop
  endfacet
  facet normal 0 0.38268343236510066 0.9238795325112823
    outer loop
      vertex 14.8125 180.30901699437496 63.55105651629517
      vertex 26.3125 180.30901699437496 63.55105651629517
      vertex 14.8125 180.45399049973955 63.491006524188386
    endloop
  endfacet
  facet normal 5.584714737766308e-20 0.6494480483301479 0.7604059656000615
    outer loop
      vertex 14.8125 180.70710678118655 63.30710678118656
      vertex 14.8125 180.58778525229246 63.409016994374966
      vertex 26.3125 180.58778525229246 63.409016994374966
    endloop
  endfacet
  facet normal -8.982212449114986e-20 0.7604059656000232 0.6494480483301927
    outer loop
      vertex 14.8125 180.70710678118655 63.30710678118656
      vertex 26.3125 180.80901699437496 63.187785252292485
      vertex 14.8125 180.80901699437496 63.187785252292485
    endloop
  endfacet
  facet normal -5.72326119239083e-20 0.5224985647159758 0.8526401643540756
    outer loop
      vertex 14.8125 180.58778525229246 63.409016994374966
      vertex 14.8125 180.45399049973955 63.491006524188386
      vertex 26.3125 180.45399049973955 63.491006524188386
    endloop
  endfacet
  facet normal 0 -0.23344536385587794 -0.9723699203976832
    outer loop
      vertex 14.8125 179.69098300562504 61.64894348370486
      vertex 26.3125 179.84356553495977 61.61231165940488
      vertex 26.3125 179.69098300562504 61.64894348370486
    endloop
  endfacet
  facet normal 0 -0.38268343236510066 -0.9238795325112823
    outer loop
      vertex 14.8125 179.54600950026045 61.708993475811646
      vertex 26.3125 179.69098300562504 61.64894348370486
      vertex 26.3125 179.54600950026045 61.708993475811646
    endloop
  endfacet
  facet normal 0 -0.5224985647159758 -0.8526401643540756
    outer loop
      vertex 14.8125 179.41221474770754 61.790983005625066
      vertex 26.3125 179.54600950026045 61.708993475811646
      vertex 26.3125 179.41221474770754 61.790983005625066
    endloop
  endfacet
  facet normal 0 -0.07845909572786243 -0.9969173337331265
    outer loop
      vertex 14.8125 179.84356553495977 61.61231165940488
      vertex 26.3125 180 61.600000000000016
      vertex 26.3125 179.84356553495977 61.61231165940488
    endloop
  endfacet
  facet normal 0 -0.9238795325112569 -0.38268343236516195
    outer loop
      vertex 14.8125 179.10899347581164 62.14600950026047
      vertex 26.3125 179.10899347581164 62.14600950026047
      vertex 26.3125 179.04894348370485 62.290983005625066
    endloop
  endfacet
  facet normal 0 -0.7604059656000232 -0.6494480483301927
    outer loop
      vertex 14.8125 179.29289321881345 61.89289321881347
      vertex 26.3125 179.29289321881345 61.89289321881347
      vertex 26.3125 179.19098300562504 62.012214747707546
    endloop
  endfacet
  facet normal 0 -0.6494480483301479 -0.7604059656000615
    outer loop
      vertex 14.8125 179.29289321881345 61.89289321881347
      vertex 26.3125 179.41221474770754 61.790983005625066
      vertex 26.3125 179.29289321881345 61.89289321881347
    endloop
  endfacet
  facet normal 0 -0.8526401643541486 -0.5224985647158569
    outer loop
      vertex 14.8125 179.19098300562504 62.012214747707546
      vertex 26.3125 179.19098300562504 62.012214747707546
      vertex 26.3125 179.10899347581164 62.14600950026047
    endloop
  endfacet
  facet normal 0 -0.9723699203976935 -0.23344536385583514
    outer loop
      vertex 14.8125 179.04894348370485 62.290983005625066
      vertex 26.3125 179.04894348370485 62.290983005625066
      vertex 26.3125 179.01231165940487 62.44356553495979
    endloop
  endfacet
  facet normal 0 -0.9969173337331227 -0.07845909572791097
    outer loop
      vertex 14.8125 179.01231165940487 62.44356553495979
      vertex 26.3125 179.01231165940487 62.44356553495979
      vertex 26.3125 179 62.600000000000016
    endloop
  endfacet
  facet normal 0 -0.9969173337331227 0.07845909572791097
    outer loop
      vertex 14.8125 179 62.600000000000016
      vertex 26.3125 179 62.600000000000016
      vertex 26.3125 179.01231165940487 62.75643446504024
    endloop
  endfacet
  facet normal 0 0.9969173337331227 0.07845909572791097
    outer loop
      vertex 14.8125 180.98768834059513 62.75643446504024
      vertex 26.3125 180.98768834059513 62.75643446504024
      vertex 26.3125 181 62.600000000000016
    endloop
  endfacet
  facet normal 0 -0.9723699203976935 0.23344536385583514
    outer loop
      vertex 14.8125 179.01231165940487 62.75643446504024
      vertex 26.3125 179.01231165940487 62.75643446504024
      vertex 26.3125 179.04894348370485 62.909016994374966
    endloop
  endfacet
  facet normal 0 -0.9238795325112569 0.38268343236516195
    outer loop
      vertex 14.8125 179.04894348370485 62.909016994374966
      vertex 26.3125 179.04894348370485 62.909016994374966
      vertex 26.3125 179.10899347581164 63.05399049973956
    endloop
  endfacet
  facet normal 0 -0.8526401643541486 0.5224985647158569
    outer loop
      vertex 14.8125 179.10899347581164 63.05399049973956
      vertex 26.3125 179.10899347581164 63.05399049973956
      vertex 26.3125 179.19098300562504 63.187785252292485
    endloop
  endfacet
  facet normal 0 -0.7604059656000232 0.6494480483301927
    outer loop
      vertex 14.8125 179.19098300562504 63.187785252292485
      vertex 26.3125 179.19098300562504 63.187785252292485
      vertex 26.3125 179.29289321881345 63.30710678118656
    endloop
  endfacet
  facet normal 0 -0.6494480483301479 0.7604059656000615
    outer loop
      vertex 14.8125 179.41221474770754 63.409016994374966
      vertex 26.3125 179.29289321881345 63.30710678118656
      vertex 26.3125 179.41221474770754 63.409016994374966
    endloop
  endfacet
  facet normal 0 -0.5224985647159758 0.8526401643540756
    outer loop
      vertex 14.8125 179.54600950026045 63.491006524188386
      vertex 26.3125 179.41221474770754 63.409016994374966
      vertex 26.3125 179.54600950026045 63.491006524188386
    endloop
  endfacet
  facet normal 0 -0.38268343236510066 0.9238795325112823
    outer loop
      vertex 14.8125 179.69098300562504 63.55105651629517
      vertex 26.3125 179.54600950026045 63.491006524188386
      vertex 26.3125 179.69098300562504 63.55105651629517
    endloop
  endfacet
  facet normal 0 0.9723699203976935 0.23344536385583514
    outer loop
      vertex 14.8125 180.95105651629515 62.909016994374966
      vertex 26.3125 180.95105651629515 62.909016994374966
      vertex 26.3125 180.98768834059513 62.75643446504024
    endloop
  endfacet
  facet normal 0 0.9238795325112569 0.38268343236516195
    outer loop
      vertex 14.8125 180.89100652418836 63.05399049973956
      vertex 26.3125 180.89100652418836 63.05399049973956
      vertex 26.3125 180.95105651629515 62.909016994374966
    endloop
  endfacet
  facet normal 0 0.8526401643541486 0.5224985647158569
    outer loop
      vertex 14.8125 180.80901699437496 63.187785252292485
      vertex 26.3125 180.80901699437496 63.187785252292485
      vertex 26.3125 180.89100652418836 63.05399049973956
    endloop
  endfacet
  facet normal 0 -0.23344536385587794 0.9723699203976832
    outer loop
      vertex 14.8125 179.84356553495977 63.58768834059515
      vertex 26.3125 179.69098300562504 63.55105651629517
      vertex 26.3125 179.84356553495977 63.58768834059515
    endloop
  endfacet
  facet normal 0 -0.07845909572786243 0.9969173337331265
    outer loop
      vertex 14.8125 180 63.600000000000016
      vertex 26.3125 179.84356553495977 63.58768834059515
      vertex 26.3125 180 63.600000000000016
    endloop
  endfacet
  facet normal 0 0.07845909572786243 0.9969173337331265
    outer loop
      vertex 14.8125 180.15643446504023 63.58768834059515
      vertex 26.3125 180 63.600000000000016
      vertex 26.3125 180.15643446504023 63.58768834059515
    endloop
  endfacet
  facet normal 0 0.38268343236510066 0.9238795325112823
    outer loop
      vertex 14.8125 180.45399049973955 63.491006524188386
      vertex 26.3125 180.30901699437496 63.55105651629517
      vertex 26.3125 180.45399049973955 63.491006524188386
    endloop
  endfacet
  facet normal 0 0.23344536385587794 0.9723699203976832
    outer loop
      vertex 14.8125 180.30901699437496 63.55105651629517
      vertex 26.3125 180.15643446504023 63.58768834059515
      vertex 26.3125 180.30901699437496 63.55105651629517
    endloop
  endfacet
  facet normal 0 0.7604059656000232 0.6494480483301927
    outer loop
      vertex 14.8125 180.70710678118655 63.30710678118656
      vertex 26.3125 180.70710678118655 63.30710678118656
      vertex 26.3125 180.80901699437496 63.187785252292485
    endloop
  endfacet
  facet normal 0 0.6494480483301479 0.7604059656000615
    outer loop
      vertex 14.8125 180.70710678118655 63.30710678118656
      vertex 26.3125 180.58778525229246 63.409016994374966
      vertex 26.3125 180.70710678118655 63.30710678118656
    endloop
  endfacet
  facet normal 0 0.5224985647159758 0.8526401643540756
    outer loop
      vertex 14.8125 180.58778525229246 63.409016994374966
      vertex 26.3125 180.45399049973955 63.491006524188386
      vertex 26.3125 180.58778525229246 63.409016994374966
    endloop
  endfacet
  facet normal 1 0 0
    outer loop
      vertex 26.3125 179.69098300562504 61.64894348370486
      vertex 26.3125 179.84356553495977 61.61231165940488
      vertex 26.3125 179.69098300562504 63.55105651629517
    endloop
  endfacet
  facet normal 1 0 0
    outer loop
      vertex 26.3125 179.10899347581164 62.14600950026047
      vertex 26.3125 179.04894348370485 62.909016994374966
      vertex 26.3125 179.04894348370485 62.290983005625066
    endloop
  endfacet
  facet normal 1 0 0
    outer loop
      vertex 26.3125 179.04894348370485 62.290983005625066
      vertex 26.3125 179.01231165940487 62.75643446504024
      vertex 26.3125 179.01231165940487 62.44356553495979
    endloop
  endfacet
  facet normal 1 0 0
    outer loop
      vertex 26.3125 179.01231165940487 62.44356553495979
      vertex 26.3125 179.01231165940487 62.75643446504024
      vertex 26.3125 179 62.600000000000016
    endloop
  endfacet
  facet normal 1 0 0
    outer loop
      vertex 26.3125 179.04894348370485 62.290983005625066
      vertex 26.3125 179.04894348370485 62.909016994374966
      vertex 26.3125 179.01231165940487 62.75643446504024
    endloop
  endfacet
  facet normal 1 0 0
    outer loop
      vertex 26.3125 179.10899347581164 62.14600950026047
      vertex 26.3125 179.10899347581164 63.05399049973956
      vertex 26.3125 179.04894348370485 62.909016994374966
    endloop
  endfacet
  facet normal 1 0 0
    outer loop
      vertex 26.3125 179.29289321881345 61.89289321881347
      vertex 26.3125 179.19098300562504 63.187785252292485
      vertex 26.3125 179.19098300562504 62.012214747707546
    endloop
  endfacet
  facet normal 1 0 0
    outer loop
      vertex 26.3125 179.41221474770754 61.790983005625066
      vertex 26.3125 179.29289321881345 63.30710678118656
      vertex 26.3125 179.29289321881345 61.89289321881347
    endloop
  endfacet
  facet normal 1 0 0
    outer loop
      vertex 26.3125 179.19098300562504 62.012214747707546
      vertex 26.3125 179.10899347581164 63.05399049973956
      vertex 26.3125 179.10899347581164 62.14600950026047
    endloop
  endfacet
  facet normal 1 0 0
    outer loop
      vertex 26.3125 179.41221474770754 61.790983005625066
      vertex 26.3125 179.54600950026045 61.708993475811646
      vertex 26.3125 179.41221474770754 63.409016994374966
    endloop
  endfacet
  facet normal 1 0 0
    outer loop
      vertex 26.3125 179.54600950026045 61.708993475811646
      vertex 26.3125 179.69098300562504 61.64894348370486
      vertex 26.3125 179.54600950026045 63.491006524188386
    endloop
  endfacet
  facet normal 1 0 0
    outer loop
      vertex 26.3125 180 61.600000000000016
      vertex 26.3125 179.84356553495977 63.58768834059515
      vertex 26.3125 179.84356553495977 61.61231165940488
    endloop
  endfacet
  facet normal 1 0 0
    outer loop
      vertex 26.3125 180 61.600000000000016
      vertex 26.3125 180 62.600000000000016
      vertex 26.3125 179.84356553495977 63.58768834059515
    endloop
  endfacet
  facet normal 1 0 0
    outer loop
      vertex 26.3125 180.7102226235238 61.89654140146213
      vertex 26.3125 180 63.600000000000016
      vertex 26.3125 180 62.600000000000016
    endloop
  endfacet
  facet normal 1 0 0
    outer loop
      vertex 26.3125 180.7102226235238 61.89654140146213
      vertex 26.3125 180.80901699437496 62.012214747707546
      vertex 26.3125 180.70710678118655 63.30710678118656
    endloop
  endfacet
  facet normal 1 0 0
    outer loop
      vertex 26.3125 180.80901699437496 62.012214747707546
      vertex 26.3125 180.89100652418836 62.14600950026047
      vertex 26.3125 180.80901699437496 63.187785252292485
    endloop
  endfacet
  facet normal 1 0 0
    outer loop
      vertex 26.3125 180.89100652418836 62.14600950026047
      vertex 26.3125 180.95105651629515 62.290983005625066
      vertex 26.3125 180.89100652418836 63.05399049973956
    endloop
  endfacet
  facet normal 1 0 0
    outer loop
      vertex 26.3125 180.95105651629515 62.290983005625066
      vertex 26.3125 180.98768834059513 62.44356553495979
      vertex 26.3125 180.95105651629515 62.909016994374966
    endloop
  endfacet
  facet normal 1 0 0
    outer loop
      vertex 26.3125 180.98768834059513 62.44356553495979
      vertex 26.3125 181 62.600000000000016
      vertex 26.3125 180.98768834059513 62.75643446504024
    endloop
  endfacet
  facet normal 1 0 0
    outer loop
      vertex 26.3125 180.98768834059513 62.44356553495979
      vertex 26.3125 180.98768834059513 62.75643446504024
      vertex 26.3125 180.95105651629515 62.909016994374966
    endloop
  endfacet
  facet normal 1 0 0
    outer loop
      vertex 26.3125 179.19098300562504 62.012214747707546
      vertex 26.3125 179.19098300562504 63.187785252292485
      vertex 26.3125 179.10899347581164 63.05399049973956
    endloop
  endfacet
  facet normal 1 0 0
    outer loop
      vertex 26.3125 179.29289321881345 61.89289321881347
      vertex 26.3125 179.29289321881345 63.30710678118656
      vertex 26.3125 179.19098300562504 63.187785252292485
    endloop
  endfacet
  facet normal 1 0 0
    outer loop
      vertex 26.3125 179.41221474770754 61.790983005625066
      vertex 26.3125 179.41221474770754 63.409016994374966
      vertex 26.3125 179.29289321881345 63.30710678118656
    endloop
  endfacet
  facet normal 1 0 0
    outer loop
      vertex 26.3125 179.54600950026045 61.708993475811646
      vertex 26.3125 179.54600950026045 63.491006524188386
      vertex 26.3125 179.41221474770754 63.409016994374966
    endloop
  endfacet
  facet normal 1 0 0
    outer loop
      vertex 26.3125 179.69098300562504 61.64894348370486
      vertex 26.3125 179.69098300562504 63.55105651629517
      vertex 26.3125 179.54600950026045 63.491006524188386
    endloop
  endfacet
  facet normal 1 0 0
    outer loop
      vertex 26.3125 179.84356553495977 61.61231165940488
      vertex 26.3125 179.84356553495977 63.58768834059515
      vertex 26.3125 179.69098300562504 63.55105651629517
    endloop
  endfacet
  facet normal 1 0 0
    outer loop
      vertex 26.3125 180.7102226235238 61.89654140146213
      vertex 26.3125 180.15643446504023 63.58768834059515
      vertex 26.3125 180 63.600000000000016
    endloop
  endfacet
  facet normal 1 0 0
    outer loop
      vertex 26.3125 180.7102226235238 61.89654140146213
      vertex 26.3125 180.30901699437496 63.55105651629517
      vertex 26.3125 180.15643446504023 63.58768834059515
    endloop
  endfacet
  facet normal 1 0 0
    outer loop
      vertex 26.3125 180.7102226235238 61.89654140146213
      vertex 26.3125 180.70710678118655 63.30710678118656
      vertex 26.3125 180.58778525229246 63.409016994374966
    endloop
  endfacet
  facet normal 1 0 0
    outer loop
      vertex 26.3125 180.7102226235238 61.89654140146213
      vertex 26.3125 180.58778525229246 63.409016994374966
      vertex 26.3125 180.45399049973955 63.491006524188386
    endloop
  endfacet
  facet normal 1 0 0
    outer loop
      vertex 26.3125 180.89100652418836 62.14600950026047
      vertex 26.3125 180.89100652418836 63.05399049973956
      vertex 26.3125 180.80901699437496 63.187785252292485
    endloop
  endfacet
  facet normal 1 0 0
    outer loop
      vertex 26.3125 180.95105651629515 62.290983005625066
      vertex 26.3125 180.95105651629515 62.909016994374966
      vertex 26.3125 180.89100652418836 63.05399049973956
    endloop
  endfacet
  facet normal 1 0 0
    outer loop
      vertex 26.3125 180.80901699437496 62.012214747707546
      vertex 26.3125 180.80901699437496 63.187785252292485
      vertex 26.3125 180.70710678118655 63.30710678118656
    endloop
  endfacet
  facet normal 1 0 0
    outer loop
      vertex 26.3125 180.7102226235238 61.89654140146213
      vertex 26.3125 180.45399049973955 63.491006524188386
      vertex 26.3125 180.30901699437496 63.55105651629517
    endloop
  endfacet
  facet normal 1 0 0
    outer loop
      vertex 26.3125 180 62.600000000000016
      vertex 26.3125 180 63.600000000000016
      vertex 26.3125 179.84356553495977 63.58768834059515
    endloop
  endfacet
  facet normal -1 0 0
    outer loop
      vertex 14.508333333333333 152 24
      vertex 14.508333333333333 152 36
      vertex 14.508333333333333 152.4 24
    endloop
  endfacet
  facet normal -1 0 0
    outer loop
      vertex 14.508333333333333 152.4 24
      vertex 14.508333333333333 152 36
      vertex 14.508333333333333 158 24
    endloop
  endfacet
  facet normal -1 0 0
    outer loop
      vertex 14.508333333333333 158 24
      vertex 14.508333333333333 152 36
      vertex 14.508333333333333 176 24
    endloop
  endfacet
  facet normal -1 0 0
    outer loop
      vertex 14.508333333333333 176 24
      vertex 14.508333333333333 152 36
      vertex 14.508333333333333 152.4 36
    endloop
  endfacet
  facet normal -1 0 0
    outer loop
      vertex 14.508333333333333 176 24
      vertex 14.508333333333333 152.4 36
      vertex 14.508333333333333 176 36
    endloop
  endfacet
  facet normal 0 0 -1
    outer loop
      vertex 14.508333333333333 158 24
      vertex 14.508333333333333 176 24
      vertex 26.616666666666667 176 24
    endloop
  endfacet
  facet normal 0 0 1
    outer loop
      vertex 14.508333333333333 152.4 36
      vertex 26.616666666666667 152.4 36
      vertex 14.508333333333333 176 36
    endloop
  endfacet
  facet normal 0 0 1
    outer loop
      vertex 14.508333333333333 176 36
      vertex 26.616666666666667 152.4 36
      vertex 14.508333333333333 180 36
    endloop
  endfacet
  facet normal 0 0 1
    outer loop
      vertex 14.508333333333333 180 36
      vertex 26.616666666666667 176 36
      vertex 14.8125 180 36
    endloop
  endfacet
  facet normal 0 0 -1
    outer loop
      vertex 14.508333333333333 158 24
      vertex 26.616666666666667 176 24
      vertex 26.616666666666667 158 24
    endloop
  endfacet
  facet normal 1 0 0
    outer loop
      vertex 26.616666666666667 152 24
      vertex 26.616666666666667 152.4 36
      vertex 26.616666666666667 152 36
    endloop
  endfacet
  facet normal 1 0 0
    outer loop
      vertex 26.616666666666667 152 24
      vertex 26.616666666666667 152.4 24
      vertex 26.616666666666667 176 36
    endloop
  endfacet
  facet normal 1 0 0
    outer loop
      vertex 26.616666666666667 152.4 24
      vertex 26.616666666666667 158 24
      vertex 26.616666666666667 176 36
    endloop
  endfacet
  facet normal 1 0 0
    outer loop
      vertex 26.616666666666667 158 24
      vertex 26.616666666666667 176 24
      vertex 26.616666666666667 176 36
    endloop
  endfacet
  facet normal 1 0 0
    outer loop
      vertex 26.616666666666667 152 24
      vertex 26.616666666666667 176 36
      vertex 26.616666666666667 152.4 36
    endloop
  endfacet
  facet normal 1 0 0
    outer loop
      vertex 26.616666666666667 176 36
      vertex 26.616666666666667 177.68981972881065 25.43862669493334
      vertex 26.616666666666667 176.99162220608002 36
    endloop
  endfacet
  facet normal 0 0 1
    outer loop
      vertex 14.508333333333333 180 36
      vertex 26.616666666666667 152.4 36
      vertex 26.616666666666667 176 36
    endloop
  endfacet
  facet normal 0 0 1
    outer loop
      vertex 14.8125 180 36
      vertex 26.616666666666667 176 36
      vertex 26.3125 180 36
    endloop
  endfacet
  facet normal 0 0 1
    outer loop
      vertex 26.3125 180 36
      vertex 26.616666666666667 176 36
      vertex 26.616666666666667 176.99162220608002 36
    endloop
  endfacet
  facet normal 0 0 1
    outer loop
      vertex 26.3125 180 36
      vertex 26.616666666666667 176.99162220608002 36
      vertex 26.616666666666667 180 36
    endloop
  endfacet
  facet normal -1 0 0
    outer loop
      vertex 14.508333333333333 176 11
      vertex 14.508333333333333 180 36
      vertex 14.508333333333333 180 11
    endloop
  endfacet
  facet normal 0 1 0
    outer loop
      vertex 14.508333333333333 180 11
      vertex 14.508333333333333 180 36
      vertex 14.8125 180 13.2
    endloop
  endfacet
  facet normal 0 -1 0
    outer loop
      vertex 14.508333333333333 176 11
      vertex 17.7625 176 17.392321804818554
      vertex 14.508333333333333 176 24
    endloop
  endfacet
  facet normal 0 1 0
    outer loop
      vertex 14.8125 180 19.6
      vertex 14.8125 180 21.8
      vertex 17.7625 180 21.392321804818568
    endloop
  endfacet
  facet normal 0 -1 0
    outer loop
      vertex 14.508333333333333 176 24
      vertex 17.7625 176 17.392321804818554
      vertex 17.7625 176 18.58026119721196
    endloop
  endfacet
  facet normal 0 -1 0
    outer loop
      vertex 14.508333333333333 176 11
      vertex 20.2625 176 17.392321804818554
      vertex 17.7625 176 17.392321804818554
    endloop
  endfacet
  facet normal 0 1 0
    outer loop
      vertex 14.8125 180 13.2
      vertex 14.508333333333333 180 36
      vertex 14.8125 180 17.52
    endloop
  endfacet
  facet normal -1 0 0
    outer loop
      vertex 14.508333333333333 176 11
      vertex 14.508333333333333 176 24
      vertex 14.508333333333333 180 36
    endloop
  endfacet
  facet normal 0 1 0
    outer loop
      vertex 14.8125 180 17.52
      vertex 14.508333333333333 180 36
      vertex 14.8125 180 19.6
    endloop
  endfacet
  facet normal 0 1 0
    outer loop
      vertex 14.8125 180 19.6
      vertex 14.508333333333333 180 36
      vertex 14.8125 180 21.8
    endloop
  endfacet
  facet normal 0 1 0
    outer loop
      vertex 14.8125 180 21.8
      vertex 14.508333333333333 180 36
      vertex 14.8125 180 26.12
    endloop
  endfacet
  facet normal 0 1 0
    outer loop
      vertex 14.8125 180 26.12
      vertex 14.508333333333333 180 36
      vertex 14.8125 180 28.200000000000003
    endloop
  endfacet
  facet normal 0 1 0
    outer loop
      vertex 14.8125 180 28.200000000000003
      vertex 14.508333333333333 180 36
      vertex 14.8125 180 30.400000000000002
    endloop
  endfacet
  facet normal -1 0 0
    outer loop
      vertex 14.508333333333333 176 24
      vertex 14.508333333333333 176 36
      vertex 14.508333333333333 180 36
    endloop
  endfacet
  facet normal 0 1 0
    outer loop
      vertex 14.8125 180 30.400000000000002
      vertex 14.508333333333333 180 36
      vertex 14.8125 180 34.72
    endloop
  endfacet
  facet normal 0 1 0
    outer loop
      vertex 14.8125 180 21.8
      vertex 17.7625 180 21.8
      vertex 17.7625 180 21.392321804818568
    endloop
  endfacet
  facet normal 0 1 0
    outer loop
      vertex 14.508333333333333 180 11
      vertex 14.8125 180 13.2
      vertex 26.616666666666667 180 11
    endloop
  endfacet
  facet normal 0 1 0
    outer loop
      vertex 14.8125 180 19.6
      vertex 17.7625 180 21.392321804818568
      vertex 26.3125 180 19.6
    endloop
  endfacet
  facet normal 0 -1 0
    outer loop
      vertex 14.508333333333333 176 11
      vertex 26.616666666666667 176 24
      vertex 20.2625 176 17.392321804818554
    endloop
  endfacet
  facet normal 0 1 0
    outer loop
      vertex 14.8125 180 28.200000000000003
      vertex 14.8125 180 30.400000000000002
      vertex 26.3125 180 28.200000000000003
    endloop
  endfacet
  facet normal 0 -1 0
    outer loop
      vertex 14.508333333333333 176 24
      vertex 17.7625 176 18.58026119721196
      vertex 26.616666666666667 176 24
    endloop
  endfacet
  facet normal 0 1 0
    outer loop
      vertex 14.8125 180 34.72
      vertex 14.508333333333333 180 36
      vertex 14.8125 180 36
    endloop
  endfacet
  facet normal 0 -1 0
    outer loop
      vertex 14.508333333333333 176 11
      vertex 26.616666666666667 176 11
      vertex 23.9625 176 17.392321804818554
    endloop
  endfacet
  facet normal 0 -1 0
    outer loop
      vertex 14.508333333333333 176 11
      vertex 23.9625 176 17.392321804818554
      vertex 23.9625 176 18.58026119721196
    endloop
  endfacet
  facet normal 0 -1 0
    outer loop
      vertex 14.508333333333333 176 11
      vertex 23.9625 176 18.58026119721196
      vertex 26.616666666666667 176 24
    endloop
  endfacet
  facet normal 0 1 0
    outer loop
      vertex 17.7625 180 21.392321804818568
      vertex 20.2625 180 21.392321804818568
      vertex 26.3125 180 19.6
    endloop
  endfacet
  facet normal 0 -1 0
    outer loop
      vertex 17.7625 176 18.58026119721196
      vertex 20.2625 176 18.58026119721196
      vertex 26.616666666666667 176 24
    endloop
  endfacet
  facet normal 0 1 0
    outer loop
      vertex 14.8125 180 13.2
      vertex 26.3125 180 13.2
      vertex 26.616666666666667 180 11
    endloop
  endfacet
  facet normal 0 -1 0
    outer loop
      vertex 20.2625 176 17.392321804818554
      vertex 26.616666666666667 176 24
      vertex 20.2625 176 18.58026119721196
    endloop
  endfacet
  facet normal 0 1 0
    outer loop
      vertex 20.2625 180 21.392321804818568
      vertex 20.2625 180 21.8
      vertex 26.3125 180 19.6
    endloop
  endfacet
  facet normal 0 1 0
    outer loop
      vertex 20.2625 180 21.8
      vertex 23.9625 180 21.392321804818568
      vertex 26.3125 180 19.6
    endloop
  endfacet
  facet normal 0 1 0
    outer loop
      vertex 20.2625 180 21.8
      vertex 23.9625 180 21.8
      vertex 23.9625 180 21.392321804818568
    endloop
  endfacet
  facet normal 0 1 0
    outer loop
      vertex 14.8125 180 30.400000000000002
      vertex 26.3125 180 30.400000000000002
      vertex 26.3125 180 28.200000000000003
    endloop
  endfacet
  facet normal 0 -1 0
    outer loop
      vertex 23.9625 176 17.392321804818554
      vertex 26.616666666666667 176 11
      vertex 26.4625 176 17.39232180481855
    endloop
  endfacet
  facet normal 0 1 0
    outer loop
      vertex 26.3125 180 19.6
      vertex 23.9625 180 21.392321804818568
      vertex 26.4625 180 21.392321804818557
    endloop
  endfacet
  facet normal 0 -1 0
    outer loop
      vertex 23.9625 176 18.58026119721196
      vertex 26.4625 176 18.58026119721196
      vertex 26.616666666666667 176 24
    endloop
  endfacet
  facet normal 1 0 0
    outer loop
      vertex 26.616666666666667 176 11
      vertex 26.616666666666667 180 11
      vertex 26.616666666666667 176 24
    endloop
  endfacet
  facet normal 0 1 0
    outer loop
      vertex 26.3125 180 13.2
      vertex 26.3125 180 15.299999999999999
      vertex 26.4625 180 21.392321804818557
    endloop
  endfacet
  facet normal 0 -1 0
    outer loop
      vertex 26.616666666666667 176 11
      vertex 26.616666666666667 176 24
      vertex 26.4625 176 17.39232180481855
    endloop
  endfacet
  facet normal 0 1 0
    outer loop
      vertex 26.616666666666667 180 11
      vertex 26.3125 180 13.2
      vertex 26.616666666666667 180 24
    endloop
  endfacet
  facet normal 0 1 0
    outer loop
      vertex 26.3125 180 15.299999999999999
      vertex 26.3125 180 17.52
      vertex 26.4625 180 21.392321804818557
    endloop
  endfacet
  facet normal 0 1 0
    outer loop
      vertex 26.3125 180 17.52
      vertex 26.3125 180 19.6
      vertex 26.4625 180 21.392321804818557
    endloop
  endfacet
  facet normal 0 -1 0
    outer loop
      vertex 26.4625 176 17.39232180481855
      vertex 26.616666666666667 176 24
      vertex 26.4625 176 18.58026119721196
    endloop
  endfacet
  facet normal 1 0 0
    outer loop
      vertex 26.616666666666667 180 11
      vertex 26.616666666666667 177.92 24
      vertex 26.616666666666667 176 24
    endloop
  endfacet
  facet normal 0 1 0
    outer loop
      vertex 26.3125 180 13.2
      vertex 26.4625 180 21.392321804818557
      vertex 26.616666666666667 180 24
    endloop
  endfacet
  facet normal 1 0 0
    outer loop
      vertex 26.616666666666667 180 11
      vertex 26.616666666666667 180 24
      vertex 26.616666666666667 177.92 24
    endloop
  endfacet
  facet normal 0 1 0
    outer loop
      vertex 26.4625 180 21.392321804818557
      vertex 26.4625 180 22.58026119721196
      vertex 26.616666666666667 180 24
    endloop
  endfacet
  facet normal 0 1 0
    outer loop
      vertex 26.3125 180 22.580261197211964
      vertex 26.3125 180 23.900000000000002
      vertex 26.4625 180 22.58026119721196
    endloop
  endfacet
  facet normal 0 1 0
    outer loop
      vertex 26.3125 180 23.900000000000002
      vertex 26.3125 180 26.12
      vertex 26.616666666666667 180 24
    endloop
  endfacet
  facet normal 1 0 0
    outer loop
      vertex 26.616666666666667 176 24
      vertex 26.616666666666667 177.92 24
      vertex 26.616666666666667 177.68981972881065 25.43862669493334
    endloop
  endfacet
  facet normal 0 1 0
    outer loop
      vertex 26.4625 180 22.58026119721196
      vertex 26.3125 180 23.900000000000002
      vertex 26.616666666666667 180 24
    endloop
  endfacet
  facet normal 0 1 0
    outer loop
      vertex 26.616666666666667 180 24
      vertex 26.3125 180 26.12
      vertex 26.3125 180 28.200000000000003
    endloop
  endfacet
  facet normal 0 1 0
    outer loop
      vertex 26.616666666666667 180 24
      vertex 26.3125 180 28.200000000000003
      vertex 26.3125 180 30.400000000000002
    endloop
  endfacet
  facet normal 0 1 0
    outer loop
      vertex 26.616666666666667 180 24
      vertex 26.3125 180 30.400000000000002
      vertex 26.3125 180 32.5
    endloop
  endfacet
  facet normal 1 0 0
    outer loop
      vertex 26.616666666666667 176 24
      vertex 26.616666666666667 177.68981972881065 25.43862669493334
      vertex 26.616666666666667 176 36
    endloop
  endfacet
  facet normal 0 1 0
    outer loop
      vertex 26.616666666666667 180 24
      vertex 26.3125 180 32.5
      vertex 26.3125 180 34.72
    endloop
  endfacet
  facet normal 0 1 0
    outer loop
      vertex 26.3125 180 34.72
      vertex 26.616666666666667 180 36
      vertex 26.616666666666667 180 24
    endloop
  endfacet
  facet normal 0 1 0
    outer loop
      vertex 26.3125 180 34.72
      vertex 26.3125 180 36
      vertex 26.616666666666667 180 36
    endloop
  endfacet
  facet normal -1 0 0
    outer loop
      vertex 14.508333333333333 176 7
      vertex 14.508333333333333 176 11
      vertex 14.508333333333333 180 11
    endloop
  endfacet
  facet normal -1 0 0
    outer loop
      vertex 14.508333333333333 176 7
      vertex 14.508333333333333 180 11
      vertex 14.508333333333333 218 11
    endloop
  endfacet
  facet normal -1 0 0
    outer loop
      vertex 14.508333333333333 176 7
      vertex 14.508333333333333 218 11
      vertex 14.508333333333333 218 7
    endloop
  endfacet
  facet normal 0 0 1
    outer loop
      vertex 14.508333333333333 180 11
      vertex 14.8125 215.9 11
      vertex 14.508333333333333 218 11
    endloop
  endfacet
  facet normal 0 0 1
    outer loop
      vertex 14.508333333333333 218 11
      vertex 14.8125 215.9 11
      vertex 14.8125 218 11
    endloop
  endfacet
  facet normal 0 -1 0
    outer loop
      vertex 14.508333333333333 176 7
      vertex 26.616666666666667 176 11
      vertex 14.508333333333333 176 11
    endloop
  endfacet
  facet normal 0 0 -1
    outer loop
      vertex 14.508333333333333 176 7
      vertex 14.508333333333333 218 7
      vertex 26.616666666666667 218 7
    endloop
  endfacet
  facet normal 0 0 1
    outer loop
      vertex 14.508333333333333 180 11
      vertex 26.3125 215.9 11
      vertex 14.8125 215.9 11
    endloop
  endfacet
  facet normal 0 1 0
    outer loop
      vertex 14.508333333333333 218 7
      vertex 14.508333333333333 218 11
      vertex 26.616666666666667 218 7
    endloop
  endfacet
  facet normal 0 1 0
    outer loop
      vertex 14.508333333333333 218 11
      vertex 14.8125 218 11
      vertex 26.616666666666667 218 7
    endloop
  endfacet
  facet normal 0 -1 0
    outer loop
      vertex 14.508333333333333 176 7
      vertex 26.616666666666667 176 7
      vertex 26.616666666666667 176 11
    endloop
  endfacet
  facet normal 0 0 -1
    outer loop
      vertex 14.508333333333333 176 7
      vertex 26.616666666666667 218 7
      vertex 26.616666666666667 176 7
    endloop
  endfacet
  facet normal 0 0 1
    outer loop
      vertex 14.508333333333333 180 11
      vertex 26.616666666666667 180 11
      vertex 26.3125 215.9 11
    endloop
  endfacet
  facet normal 0 1 0
    outer loop
      vertex 14.8125 218 11
      vertex 26.3125 218 11
      vertex 26.616666666666667 218 7
    endloop
  endfacet
  facet normal 0 0 1
    outer loop
      vertex 26.3125 215.9 11
      vertex 26.616666666666667 180 11
      vertex 26.616666666666667 218 11
    endloop
  endfacet
  facet normal 0 1 0
    outer loop
      vertex 26.3125 218 11
      vertex 26.616666666666667 218 11
      vertex 26.616666666666667 218 7
    endloop
  endfacet
  facet normal 0 0 1
    outer loop
      vertex 26.3125 215.9 11
      vertex 26.616666666666667 218 11
      vertex 26.3125 218 11
    endloop
  endfacet
  facet normal -1 0 0
    outer loop
      vertex 14.508333333333333 50.8 18.3
      vertex 14.508333333333333 49.199999999999996 18.3
      vertex 14.508333333333333 50.8 18.486764705882354
    endloop
  endfacet
  facet normal 0 0 -1
    outer loop
      vertex 14.508333333333333 50.8 18.3
      vertex 14.6625 154.28026119721196 18.3
      vertex 14.508333333333333 49.199999999999996 18.3
    endloop
  endfacet
  facet normal -1 0 0
    outer loop
      vertex 14.508333333333333 50.8 18.486764705882354
      vertex 14.508333333333333 49.199999999999996 18.3
      vertex 14.508333333333333 49.199999999999996 31
    endloop
  endfacet
  facet normal -1 0 0
    outer loop
      vertex 14.508333333333333 50.8 18.486764705882354
      vertex 14.508333333333333 49.199999999999996 31
      vertex 14.508333333333333 50.8 31
    endloop
  endfacet
  facet normal -1 0 0
    outer loop
      vertex 14.508333333333333 50.8 18.3
      vertex 14.508333333333333 50.8 18.486764705882354
      vertex 14.508333333333333 123.41242937853107 31
    endloop
  endfacet
  facet normal -1 0 0
    outer loop
      vertex 14.508333333333333 50.8 18.486764705882354
      vertex 14.508333333333333 50.8 31
      vertex 14.508333333333333 123.41242937853107 31
    endloop
  endfacet
  facet normal 0 0 -1
    outer loop
      vertex 14.508333333333333 50.8 18.3
      vertex 14.508333333333333 152.4 18.3
      vertex 14.6625 154.28026119721196 18.3
    endloop
  endfacet
  facet normal 0 0 -1
    outer loop
      vertex 14.6625 153.09232180481854 18.3
      vertex 14.508333333333333 49.199999999999996 18.3
      vertex 14.6625 154.28026119721196 18.3
    endloop
  endfacet
  facet normal 0 0 -1
    outer loop
      vertex 14.6625 153.09232180481854 18.3
      vertex 17.1625 153.09232180481854 18.3
      vertex 14.508333333333333 49.199999999999996 18.3
    endloop
  endfacet
  facet normal 0 0 -1
    outer loop
      vertex 17.1625 153.09232180481854 18.3
      vertex 20.8625 153.09232180481854 18.3
      vertex 14.508333333333333 49.199999999999996 18.3
    endloop
  endfacet
  facet normal 0 0 -1
    outer loop
      vertex 14.508333333333333 49.199999999999996 18.3
      vertex 19.1125 110 18.3
      vertex 19.13035190613705 109.77317002569167 18.3
    endloop
  endfacet
  facet normal 0 0 -1
    outer loop
      vertex 14.508333333333333 49.199999999999996 18.3
      vertex 19.13035190613705 109.77317002569167 18.3
      vertex 19.183468051372028 109.55192535815632 18.3
    endloop
  endfacet
  facet normal 0 0 -1
    outer loop
      vertex 14.508333333333333 49.199999999999996 18.3
      vertex 19.183468051372028 109.55192535815632 18.3
      vertex 19.270540539926866 109.34171377537766 18.3
    endloop
  endfacet
  facet normal 0 0 -1
    outer loop
      vertex 14.508333333333333 49.199999999999996 18.3
      vertex 19.270540539926866 109.34171377537766 18.3
      vertex 19.389425358156327 109.14771138417592 18.3
    endloop
  endfacet
  facet normal 0 0 -1
    outer loop
      vertex 14.508333333333333 49.199999999999996 18.3
      vertex 19.389425358156327 109.14771138417592 18.3
      vertex 19.537195167279506 108.9746951672795 18.3
    endloop
  endfacet
  facet normal 0 0 -1
    outer loop
      vertex 14.508333333333333 49.199999999999996 18.3
      vertex 19.537195167279506 108.9746951672795 18.3
      vertex 19.710211384175913 108.82692535815633 18.3
    endloop
  endfacet
  facet normal 0 0 -1
    outer loop
      vertex 14.508333333333333 49.199999999999996 18.3
      vertex 19.710211384175913 108.82692535815633 18.3
      vertex 19.904213775377656 108.70804053992687 18.3
    endloop
  endfacet
  facet normal 0 0 -1
    outer loop
      vertex 14.508333333333333 49.199999999999996 18.3
      vertex 19.904213775377656 108.70804053992687 18.3
      vertex 20.114425358156325 108.62096805137203 18.3
    endloop
  endfacet
  facet normal 0 0 -1
    outer loop
      vertex 14.508333333333333 49.199999999999996 18.3
      vertex 20.114425358156325 108.62096805137203 18.3
      vertex 20.335670025691666 108.56785190613705 18.3
    endloop
  endfacet
  facet normal 0 0 -1
    outer loop
      vertex 14.508333333333333 49.199999999999996 18.3
      vertex 20.335670025691666 108.56785190613705 18.3
      vertex 20.5625 108.55 18.3
    endloop
  endfacet
  facet normal 0 0 -1
    outer loop
      vertex 14.508333333333333 49.199999999999996 18.3
      vertex 20.5625 108.55 18.3
      vertex 20.789329974308334 108.56785190613705 18.3
    endloop
  endfacet
  facet normal 0 0 -1
    outer loop
      vertex 14.508333333333333 49.199999999999996 18.3
      vertex 20.789329974308334 108.56785190613705 18.3
      vertex 21.010574641843675 108.62096805137203 18.3
    endloop
  endfacet
  facet normal 0 0 -1
    outer loop
      vertex 14.508333333333333 49.199999999999996 18.3
      vertex 21.010574641843675 108.62096805137203 18.3
      vertex 21.220786224622344 108.70804053992687 18.3
    endloop
  endfacet
  facet normal 0 0 -1
    outer loop
      vertex 14.508333333333333 49.199999999999996 18.3
      vertex 21.220786224622344 108.70804053992687 18.3
      vertex 21.414788615824087 108.82692535815633 18.3
    endloop
  endfacet
  facet normal 0 0 -1
    outer loop
      vertex 14.508333333333333 49.199999999999996 18.3
      vertex 21.414788615824087 108.82692535815633 18.3
      vertex 21.587804832720494 108.9746951672795 18.3
    endloop
  endfacet
  facet normal 0 -1 0
    outer loop
      vertex 14.508333333333333 49.199999999999996 31
      vertex 14.508333333333333 49.199999999999996 18.3
      vertex 26.616666666666667 49.199999999999996 31
    endloop
  endfacet
  facet normal 0 0 1
    outer loop
      vertex 14.508333333333333 49.199999999999996 31
      vertex 26.616666666666667 50.8 31
      vertex 14.508333333333333 50.8 31
    endloop
  endfacet
  facet normal 0 0 -1
    outer loop
      vertex 20.8625 153.09232180481854 18.3
      vertex 19.1125 110 18.3
      vertex 14.508333333333333 49.199999999999996 18.3
    endloop
  endfacet
  facet normal 0 0 -1
    outer loop
      vertex 20.8625 153.09232180481854 18.3
      vertex 19.13035190613705 110.22682997430833 18.3
      vertex 19.1125 110 18.3
    endloop
  endfacet
  facet normal 0 0 -1
    outer loop
      vertex 20.8625 153.09232180481854 18.3
      vertex 19.183468051372028 110.44807464184368 18.3
      vertex 19.13035190613705 110.22682997430833 18.3
    endloop
  endfacet
  facet normal 0 0 -1
    outer loop
      vertex 20.8625 153.09232180481854 18.3
      vertex 19.270540539926866 110.65828622462234 18.3
      vertex 19.183468051372028 110.44807464184368 18.3
    endloop
  endfacet
  facet normal 0 0 -1
    outer loop
      vertex 20.8625 153.09232180481854 18.3
      vertex 19.389425358156327 110.85228861582408 18.3
      vertex 19.270540539926866 110.65828622462234 18.3
    endloop
  endfacet
  facet normal 0 0 -1
    outer loop
      vertex 20.8625 153.09232180481854 18.3
      vertex 19.537195167279506 111.0253048327205 18.3
      vertex 19.389425358156327 110.85228861582408 18.3
    endloop
  endfacet
  facet normal 0 0 -1
    outer loop
      vertex 20.8625 153.09232180481854 18.3
      vertex 19.710211384175913 111.17307464184367 18.3
      vertex 19.537195167279506 111.0253048327205 18.3
    endloop
  endfacet
  facet normal 0 0 -1
    outer loop
      vertex 14.6625 154.28026119721196 18.3
      vertex 14.508333333333333 152.4 18.3
      vertex 14.508333333333333 158 18.3
    endloop
  endfacet
  facet normal -1 0 0
    outer loop
      vertex 14.508333333333333 152.4 18.3
      vertex 14.508333333333333 158 24
      vertex 14.508333333333333 158 18.3
    endloop
  endfacet
  facet normal 0 0 -1
    outer loop
      vertex 14.6625 154.28026119721196 18.3
      vertex 14.508333333333333 158 18.3
      vertex 17.1625 154.28026119721196 18.3
    endloop
  endfacet
  facet normal 0 0 -1
    outer loop
      vertex 17.1625 154.28026119721196 18.3
      vertex 14.508333333333333 158 18.3
      vertex 20.8625 154.28026119721196 18.3
    endloop
  endfacet
  facet normal -1 0 0
    outer loop
      vertex 14.508333333333333 152.4 18.3
      vertex 14.508333333333333 152.4 24
      vertex 14.508333333333333 158 24
    endloop
  endfacet
  facet normal 0 0 -1
    outer loop
      vertex 17.1625 153.09232180481854 18.3
      vertex 17.1625 154.28026119721196 18.3
      vertex 20.8625 154.28026119721196 18.3
    endloop
  endfacet
  facet normal 0 1 0
    outer loop
      vertex 14.508333333333333 158 24
      vertex 26.616666666666667 158 18.3
      vertex 14.508333333333333 158 18.3
    endloop
  endfacet
  facet normal 0 0 -1
    outer loop
      vertex 17.1625 153.09232180481854 18.3
      vertex 20.8625 154.28026119721196 18.3
      vertex 20.8625 153.09232180481854 18.3
    endloop
  endfacet
  facet normal 0 0 -1
    outer loop
      vertex 20.8625 154.28026119721196 18.3
      vertex 14.508333333333333 158 18.3
      vertex 23.3625 154.28026119721196 18.3
    endloop
  endfacet
  facet normal 0 0 -1
    outer loop
      vertex 26.616666666666667 50.8 18.3
      vertex 14.508333333333333 49.199999999999996 18.3
      vertex 21.587804832720494 108.9746951672795 18.3
    endloop
  endfacet
  facet normal 0 0 -1
    outer loop
      vertex 26.616666666666667 50.8 18.3
      vertex 26.616666666666667 49.199999999999996 18.3
      vertex 14.508333333333333 49.199999999999996 18.3
    endloop
  endfacet
  facet normal 0 0 -1
    outer loop
      vertex 26.616666666666667 50.8 18.3
      vertex 21.587804832720494 108.9746951672795 18.3
      vertex 21.735574641843673 109.14771138417592 18.3
    endloop
  endfacet
  facet normal 0 0 -1
    outer loop
      vertex 26.616666666666667 50.8 18.3
      vertex 21.735574641843673 109.14771138417592 18.3
      vertex 21.854459460073134 109.34171377537766 18.3
    endloop
  endfacet
  facet normal 0 0 -1
    outer loop
      vertex 26.616666666666667 50.8 18.3
      vertex 21.854459460073134 109.34171377537766 18.3
      vertex 21.941531948627972 109.55192535815632 18.3
    endloop
  endfacet
  facet normal 0 0 -1
    outer loop
      vertex 26.616666666666667 50.8 18.3
      vertex 21.941531948627972 109.55192535815632 18.3
      vertex 21.99464809386295 109.77317002569167 18.3
    endloop
  endfacet
  facet normal 0 -1 0
    outer loop
      vertex 14.508333333333333 49.199999999999996 18.3
      vertex 26.616666666666667 49.199999999999996 18.3
      vertex 26.616666666666667 49.199999999999996 31
    endloop
  endfacet
  facet normal 0 0 1
    outer loop
      vertex 14.508333333333333 49.199999999999996 31
      vertex 26.616666666666667 49.199999999999996 31
      vertex 26.616666666666667 50.8 31
    endloop
  endfacet
  facet normal 0 0 -1
    outer loop
      vertex 23.3625 153.09232180481854 18.3
      vertex 19.904213775377656 111.29195946007313 18.3
      vertex 19.710211384175913 111.17307464184367 18.3
    endloop
  endfacet
  facet normal 0 0 -1
    outer loop
      vertex 23.3625 153.09232180481854 18.3
      vertex 20.114425358156325 111.37903194862797 18.3
      vertex 19.904213775377656 111.29195946007313 18.3
    endloop
  endfacet
  facet normal 0 0 -1
    outer loop
      vertex 23.3625 153.09232180481854 18.3
      vertex 20.335670025691666 111.43214809386295 18.3
      vertex 20.114425358156325 111.37903194862797 18.3
    endloop
  endfacet
  facet normal 0 0 -1
    outer loop
      vertex 23.3625 153.09232180481854 18.3
      vertex 20.5625 111.45 18.3
      vertex 20.335670025691666 111.43214809386295 18.3
    endloop
  endfacet
  facet normal 0 0 -1
    outer loop
      vertex 23.3625 153.09232180481854 18.3
      vertex 20.789329974308334 111.43214809386295 18.3
      vertex 20.5625 111.45 18.3
    endloop
  endfacet
  facet normal 0 0 -1
    outer loop
      vertex 23.3625 153.09232180481854 18.3
      vertex 21.010574641843675 111.37903194862797 18.3
      vertex 20.789329974308334 111.43214809386295 18.3
    endloop
  endfacet
  facet normal 0 0 -1
    outer loop
      vertex 23.3625 153.09232180481854 18.3
      vertex 21.220786224622344 111.29195946007313 18.3
      vertex 21.010574641843675 111.37903194862797 18.3
    endloop
  endfacet
  facet normal 0 0 -1
    outer loop
      vertex 26.616666666666667 152.4 18.3
      vertex 21.414788615824087 111.17307464184367 18.3
      vertex 21.220786224622344 111.29195946007313 18.3
    endloop
  endfacet
  facet normal 0 0 -1
    outer loop
      vertex 26.616666666666667 152.4 18.3
      vertex 21.587804832720494 111.0253048327205 18.3
      vertex 21.414788615824087 111.17307464184367 18.3
    endloop
  endfacet
  facet normal 0 0 -1
    outer loop
      vertex 26.616666666666667 152.4 18.3
      vertex 21.735574641843673 110.85228861582408 18.3
      vertex 21.587804832720494 111.0253048327205 18.3
    endloop
  endfacet
  facet normal 0 0 -1
    outer loop
      vertex 26.616666666666667 152.4 18.3
      vertex 21.854459460073134 110.65828622462234 18.3
      vertex 21.735574641843673 110.85228861582408 18.3
    endloop
  endfacet
  facet normal 0 0 -1
    outer loop
      vertex 26.616666666666667 152.4 18.3
      vertex 21.941531948627972 110.44807464184368 18.3
      vertex 21.854459460073134 110.65828622462234 18.3
    endloop
  endfacet
  facet normal 0 0 -1
    outer loop
      vertex 26.616666666666667 152.4 18.3
      vertex 21.99464809386295 110.22682997430833 18.3
      vertex 21.941531948627972 110.44807464184368 18.3
    endloop
  endfacet
  facet normal 0 0 -1
    outer loop
      vertex 26.616666666666667 152.4 18.3
      vertex 21.99464809386295 109.77317002569167 18.3
      vertex 22.0125 110 18.3
    endloop
  endfacet
  facet normal 0 0 -1
    outer loop
      vertex 26.616666666666667 152.4 18.3
      vertex 22.0125 110 18.3
      vertex 21.99464809386295 110.22682997430833 18.3
    endloop
  endfacet
  facet normal 1 0 0
    outer loop
      vertex 26.616666666666667 50.8 18.3
      vertex 26.616666666666667 49.84545174536737 25.876726771146444
      vertex 26.616666666666667 49.199999999999996 18.3
    endloop
  endfacet
  facet normal 1 0 0
    outer loop
      vertex 26.616666666666667 50.8 18.3
      vertex 26.616666666666667 50.8 31
      vertex 26.616666666666667 49.84545174536737 25.876726771146444
    endloop
  endfacet
  facet normal 1 0 0
    outer loop
      vertex 26.616666666666667 50.8 31
      vertex 26.616666666666667 49.199999999999996 31
      vertex 26.616666666666667 49.84545174536737 25.876726771146444
    endloop
  endfacet
  facet normal 0 0 -1
    outer loop
      vertex 26.616666666666667 50.8 18.3
      vertex 21.99464809386295 109.77317002569167 18.3
      vertex 26.616666666666667 152.4 18.3
    endloop
  endfacet
  facet normal 0 0 -1
    outer loop
      vertex 20.8625 153.09232180481854 18.3
      vertex 23.3625 153.09232180481854 18.3
      vertex 19.710211384175913 111.17307464184367 18.3
    endloop
  endfacet
  facet normal 0 0 -1
    outer loop
      vertex 23.3625 154.28026119721196 18.3
      vertex 14.508333333333333 158 18.3
      vertex 26.616666666666667 158 18.3
    endloop
  endfacet
  facet normal 0 1 0
    outer loop
      vertex 14.508333333333333 158 24
      vertex 26.616666666666667 158 24
      vertex 26.616666666666667 158 18.3
    endloop
  endfacet
  facet normal 0 0 -1
    outer loop
      vertex 23.3625 153.09232180481854 18.3
      vertex 26.616666666666667 158 18.3
      vertex 21.220786224622344 111.29195946007313 18.3
    endloop
  endfacet
  facet normal 0 0 -1
    outer loop
      vertex 26.616666666666667 152.4 18.3
      vertex 21.220786224622344 111.29195946007313 18.3
      vertex 26.616666666666667 158 18.3
    endloop
  endfacet
  facet normal 0 0 -1
    outer loop
      vertex 23.3625 153.09232180481854 18.3
      vertex 23.3625 154.28026119721196 18.3
      vertex 26.616666666666667 158 18.3
    endloop
  endfacet
  facet normal 1 0 0
    outer loop
      vertex 26.616666666666667 152.4 18.3
      vertex 26.616666666666667 158 18.3
      vertex 26.616666666666667 152.4 24
    endloop
  endfacet
  facet normal 1 0 0
    outer loop
      vertex 26.616666666666667 152.4 24
      vertex 26.616666666666667 158 18.3
      vertex 26.616666666666667 158 24
    endloop
  endfacet
  facet normal -1 0 0
    outer loop
      vertex 14.508333333333333 50.8 31.16
      vertex 14.508333333333333 56.57350269189625 41.16
      vertex 14.508333333333333 50.8 31
    endloop
  endfacet
  facet normal -1 0 0
    outer loop
      vertex 14.508333333333333 50.8 31
      vertex 14.508333333333333 56.57350269189625 41.16
      vertex 14.508333333333333 123.41242937853107 31
    endloop
  endfacet
  facet normal -1 0 0
    outer loop
      vertex 14.508333333333333 123.41242937853107 31
      vertex 14.508333333333333 56.57350269189625 41.16
      vertex 14.508333333333333 152.4 41.16
    endloop
  endfacet
  facet normal -1 0 0
    outer loop
      vertex 14.508333333333333 123.41242937853107 31
      vertex 14.508333333333333 152.4 41.16
      vertex 14.508333333333333 152 36
    endloop
  endfacet
  facet normal -1 0 0
    outer loop
      vertex 14.508333333333333 152 36
      vertex 14.508333333333333 152.4 41.16
      vertex 14.508333333333333 152.4 36
    endloop
  endfacet
  facet normal 1 0 0
    outer loop
      vertex 26.616666666666667 49.199999999999996 31
      vertex 26.616666666666667 49.199999999999996 18.3
      vertex 26.616666666666667 49.84545174536737 25.876726771146444
    endloop
  endfacet
  facet normal 1 0 0
    outer loop
      vertex 26.616666666666667 56.57350269189625 41.16
      vertex 26.616666666666667 50.8 31.16
      vertex 26.616666666666667 152 36
    endloop
  endfacet
  facet normal 1 0 0
    outer loop
      vertex 26.616666666666667 56.57350269189625 41.16
      vertex 26.616666666666667 152 36
      vertex 26.616666666666667 152.4 41.16
    endloop
  endfacet
  facet normal 1 0 0
    outer loop
      vertex 26.616666666666667 176 7
      vertex 26.616666666666667 180 11
      vertex 26.616666666666667 176 11
    endloop
  endfacet
  facet normal 1 0 0
    outer loop
      vertex 26.616666666666667 176 7
      vertex 26.616666666666667 218 7
      vertex 26.616666666666667 180 11
    endloop
  endfacet
  facet normal 1 0 0
    outer loop
      vertex 26.616666666666667 180 11
      vertex 26.616666666666667 218 7
      vertex 26.616666666666667 218 11
    endloop
  endfacet
  facet normal 1 0 0
    outer loop
      vertex 26.616666666666667 177.92 24
      vertex 26.616666666666667 180 24
      vertex 26.616666666666667 177.68981972881065 25.43862669493334
    endloop
  endfacet
  facet normal 1 0 0
    outer loop
      vertex 26.616666666666667 176.99162220608002 36
      vertex 26.616666666666667 177.68981972881065 25.43862669493334
      vertex 26.616666666666667 180 24
    endloop
  endfacet
  facet normal 1 0 0
    outer loop
      vertex 26.616666666666667 180 36
      vertex 26.616666666666667 176.99162220608002 36
      vertex 26.616666666666667 180 24
    endloop
  endfacet
  facet normal 1 0 0
    outer loop
      vertex 26.616666666666667 152 36
      vertex 26.616666666666667 152.4 36
      vertex 26.616666666666667 152.4 41.16
    endloop
  endfacet
  facet normal 0.9723699203976779 0.23344536385589998 0
    outer loop
      vertex 19.13035190613705 109.77317002569167 20.29
      vertex 19.183468051372028 109.55192535815632 18.3
      vertex 19.13035190613705 109.77317002569167 18.3
    endloop
  endfacet
  facet normal 0.9238795325112882 0.3826834323650866 0
    outer loop
      vertex 19.183468051372028 109.55192535815632 20.29
      vertex 19.270540539926866 109.34171377537766 18.3
      vertex 19.183468051372028 109.55192535815632 18.3
    endloop
  endfacet
  facet normal 0.996917333733128 0.07845909572784568 0
    outer loop
      vertex 19.1125 110 20.29
      vertex 19.13035190613705 109.77317002569167 18.3
      vertex 19.1125 110 18.3
    endloop
  endfacet
  facet normal 0.996917333733128 -0.07845909572784568 0
    outer loop
      vertex 19.13035190613705 110.22682997430833 20.29
      vertex 19.1125 110 18.3
      vertex 19.13035190613705 110.22682997430833 18.3
    endloop
  endfacet
  facet normal 0.9723699203976779 -0.23344536385589998 0
    outer loop
      vertex 19.183468051372028 110.44807464184368 20.29
      vertex 19.13035190613705 110.22682997430833 18.3
      vertex 19.183468051372028 110.44807464184368 18.3
    endloop
  endfacet
  facet normal 0.8526401643540807 0.5224985647159676 0
    outer loop
      vertex 19.270540539926866 109.34171377537766 20.29
      vertex 19.389425358156327 109.14771138417592 18.3
      vertex 19.270540539926866 109.34171377537766 18.3
    endloop
  endfacet
  facet normal 0.9238795325112882 -0.3826834323650866 0
    outer loop
      vertex 19.270540539926866 110.65828622462234 20.29
      vertex 19.183468051372028 110.44807464184368 18.3
      vertex 19.270540539926866 110.65828622462234 18.3
    endloop
  endfacet
  facet normal 0.8526401643540807 -0.5224985647159676 0
    outer loop
      vertex 19.389425358156327 110.85228861582408 20.29
      vertex 19.270540539926866 110.65828622462234 18.3
      vertex 19.389425358156327 110.85228861582408 18.3
    endloop
  endfacet
  facet normal 0.996917333733128 0.07845909572784568 0
    outer loop
      vertex 19.13035190613705 109.77317002569167 20.29
      vertex 19.13035190613705 109.77317002569167 18.3
      vertex 19.1125 110 20.29
    endloop
  endfacet
  facet normal 0.9723699203976779 0.23344536385589998 0
    outer loop
      vertex 19.183468051372028 109.55192535815632 20.29
      vertex 19.183468051372028 109.55192535815632 18.3
      vertex 19.13035190613705 109.77317002569167 20.29
    endloop
  endfacet
  facet normal 0 0 -1
    outer loop
      vertex 19.183468051372028 109.55192535815632 20.29
      vertex 19.13035190613705 109.77317002569167 20.29
      vertex 19.13035190613705 110.22682997430833 20.29
    endloop
  endfacet
  facet normal 0 0 -1
    outer loop
      vertex 19.270540539926866 109.34171377537766 20.29
      vertex 19.183468051372028 109.55192535815632 20.29
      vertex 19.183468051372028 110.44807464184368 20.29
    endloop
  endfacet
  facet normal 0.996917333733128 -0.07845909572784568 0
    outer loop
      vertex 19.1125 110 20.29
      vertex 19.1125 110 18.3
      vertex 19.13035190613705 110.22682997430833 20.29
    endloop
  endfacet
  facet normal 0.9723699203976779 -0.23344536385589998 0
    outer loop
      vertex 19.13035190613705 110.22682997430833 20.29
      vertex 19.13035190613705 110.22682997430833 18.3
      vertex 19.183468051372028 110.44807464184368 20.29
    endloop
  endfacet
  facet normal 0.9238795325112882 -0.3826834323650866 0
    outer loop
      vertex 19.183468051372028 110.44807464184368 20.29
      vertex 19.183468051372028 110.44807464184368 18.3
      vertex 19.270540539926866 110.65828622462234 20.29
    endloop
  endfacet
  facet normal 0 0 -1
    outer loop
      vertex 19.13035190613705 109.77317002569167 20.29
      vertex 19.1125 110 20.29
      vertex 19.13035190613705 110.22682997430833 20.29
    endloop
  endfacet
  facet normal 0 0 -1
    outer loop
      vertex 19.183468051372028 109.55192535815632 20.29
      vertex 19.13035190613705 110.22682997430833 20.29
      vertex 19.183468051372028 110.44807464184368 20.29
    endloop
  endfacet
  facet normal 0.9238795325112882 0.3826834323650866 0
    outer loop
      vertex 19.270540539926866 109.34171377537766 20.29
      vertex 19.270540539926866 109.34171377537766 18.3
      vertex 19.183468051372028 109.55192535815632 20.29
    endloop
  endfacet
  facet normal 0.8526401643540807 0.5224985647159676 3.1383739062690535e-18
    outer loop
      vertex 19.270540539926866 109.34171377537766 20.29
      vertex 19.389425358156327 109.14771138417592 20.29
      vertex 19.389425358156327 109.14771138417592 18.3
    endloop
  endfacet
  facet normal 0 0 -1
    outer loop
      vertex 19.270540539926866 109.34171377537766 20.29
      vertex 19.270540539926866 110.65828622462234 20.29
      vertex 19.389425358156327 109.14771138417592 20.29
    endloop
  endfacet
  facet normal 0.8526401643540807 -0.5224985647159676 0
    outer loop
      vertex 19.270540539926866 110.65828622462234 20.29
      vertex 19.270540539926866 110.65828622462234 18.3
      vertex 19.389425358156327 110.85228861582408 20.29
    endloop
  endfacet
  facet normal 0 0 -1
    outer loop
      vertex 19.270540539926866 109.34171377537766 20.29
      vertex 19.183468051372028 110.44807464184368 20.29
      vertex 19.270540539926866 110.65828622462234 20.29
    endloop
  endfacet
  facet normal 0 0 -1
    outer loop
      vertex 19.389425358156327 109.14771138417592 20.29
      vertex 19.270540539926866 110.65828622462234 20.29
      vertex 19.389425358156327 110.85228861582408 20.29
    endloop
  endfacet
  facet normal 0.7604059656000437 0.6494480483301687 0
    outer loop
      vertex 19.389425358156327 109.14771138417592 20.29
      vertex 19.537195167279506 108.9746951672795 18.3
      vertex 19.389425358156327 109.14771138417592 18.3
    endloop
  endfacet
  facet normal 0.6494480483301751 0.7604059656000384 0
    outer loop
      vertex 19.537195167279506 108.9746951672795 20.29
      vertex 19.710211384175913 108.82692535815633 18.3
      vertex 19.537195167279506 108.9746951672795 18.3
    endloop
  endfacet
  facet normal 0.7604059656000437 -0.6494480483301687 0
    outer loop
      vertex 19.537195167279506 111.0253048327205 20.29
      vertex 19.389425358156327 110.85228861582408 18.3
      vertex 19.537195167279506 111.0253048327205 18.3
    endloop
  endfacet
  facet normal 0.5224985647159538 0.8526401643540893 0
    outer loop
      vertex 19.710211384175913 108.82692535815633 20.29
      vertex 19.904213775377656 108.70804053992687 18.3
      vertex 19.710211384175913 108.82692535815633 18.3
    endloop
  endfacet
  facet normal 0.6494480483301751 -0.7604059656000384 0
    outer loop
      vertex 19.710211384175913 111.17307464184367 20.29
      vertex 19.537195167279506 111.0253048327205 18.3
      vertex 19.710211384175913 111.17307464184367 18.3
    endloop
  endfacet
  facet normal 0.7604059656000437 0.6494480483301687 -1.8946893880795615e-18
    outer loop
      vertex 19.389425358156327 109.14771138417592 20.29
      vertex 19.537195167279506 108.9746951672795 20.29
      vertex 19.537195167279506 108.9746951672795 18.3
    endloop
  endfacet
  facet normal 0 0 -1
    outer loop
      vertex 19.389425358156327 109.14771138417592 20.29
      vertex 19.389425358156327 110.85228861582408 20.29
      vertex 19.537195167279506 108.9746951672795 20.29
    endloop
  endfacet
  facet normal 0 0 -1
    outer loop
      vertex 19.537195167279506 108.9746951672795 20.29
      vertex 19.537195167279506 111.0253048327205 20.29
      vertex 19.710211384175913 108.82692535815633 20.29
    endloop
  endfacet
  facet normal 0.7604059656000437 -0.6494480483301687 0
    outer loop
      vertex 19.389425358156327 110.85228861582408 20.29
      vertex 19.389425358156327 110.85228861582408 18.3
      vertex 19.537195167279506 111.0253048327205 20.29
    endloop
  endfacet
  facet normal 0.6494480483301751 -0.7604059656000384 0
    outer loop
      vertex 19.537195167279506 111.0253048327205 20.29
      vertex 19.537195167279506 111.0253048327205 18.3
      vertex 19.710211384175913 111.17307464184367 20.29
    endloop
  endfacet
  facet normal 0 0 -1
    outer loop
      vertex 19.537195167279506 108.9746951672795 20.29
      vertex 19.389425358156327 110.85228861582408 20.29
      vertex 19.537195167279506 111.0253048327205 20.29
    endloop
  endfacet
  facet normal 0.6494480483301751 0.7604059656000384 -3.418168356568606e-18
    outer loop
      vertex 19.537195167279506 108.9746951672795 20.29
      vertex 19.710211384175913 108.82692535815633 20.29
      vertex 19.710211384175913 108.82692535815633 18.3
    endloop
  endfacet
  facet normal 0 0 -1
    outer loop
      vertex 19.904213775377656 108.70804053992687 20.29
      vertex 19.710211384175913 108.82692535815633 20.29
      vertex 19.710211384175913 111.17307464184367 20.29
    endloop
  endfacet
  facet normal 0.5224985647159538 -0.8526401643540893 0
    outer loop
      vertex 19.710211384175913 111.17307464184367 20.29
      vertex 19.710211384175913 111.17307464184367 18.3
      vertex 19.904213775377656 111.29195946007313 20.29
    endloop
  endfacet
  facet normal 0 0 -1
    outer loop
      vertex 19.710211384175913 108.82692535815633 20.29
      vertex 19.537195167279506 111.0253048327205 20.29
      vertex 19.710211384175913 111.17307464184367 20.29
    endloop
  endfacet
  facet normal 0.3826834323650866 0.9238795325112882 0
    outer loop
      vertex 19.904213775377656 108.70804053992687 20.29
      vertex 20.114425358156325 108.62096805137203 18.3
      vertex 19.904213775377656 108.70804053992687 18.3
    endloop
  endfacet
  facet normal 0.5224985647159538 -0.8526401643540893 0
    outer loop
      vertex 19.904213775377656 111.29195946007313 20.29
      vertex 19.710211384175913 111.17307464184367 18.3
      vertex 19.904213775377656 111.29195946007313 18.3
    endloop
  endfacet
  facet normal 0.3826834323650866 -0.9238795325112882 0
    outer loop
      vertex 20.114425358156325 111.37903194862797 20.29
      vertex 19.904213775377656 111.29195946007313 18.3
      vertex 20.114425358156325 111.37903194862797 18.3
    endloop
  endfacet
  facet normal 0.5224985647159538 0.8526401643540893 0
    outer loop
      vertex 19.904213775377656 108.70804053992687 20.29
      vertex 19.904213775377656 108.70804053992687 18.3
      vertex 19.710211384175913 108.82692535815633 20.29
    endloop
  endfacet
  facet normal 0 0 -1
    outer loop
      vertex 19.904213775377656 108.70804053992687 20.29
      vertex 19.904213775377656 111.29195946007313 20.29
      vertex 20.114425358156325 108.62096805137203 20.29
    endloop
  endfacet
  facet normal 0.3826834323650866 -0.9238795325112882 0
    outer loop
      vertex 19.904213775377656 111.29195946007313 20.29
      vertex 19.904213775377656 111.29195946007313 18.3
      vertex 20.114425358156325 111.37903194862797 20.29
    endloop
  endfacet
  facet normal 0 0 -1
    outer loop
      vertex 19.904213775377656 108.70804053992687 20.29
      vertex 19.710211384175913 111.17307464184367 20.29
      vertex 19.904213775377656 111.29195946007313 20.29
    endloop
  endfacet
  facet normal 0.3826834323650866 0.9238795325112882 -2.948974041602818e-18
    outer loop
      vertex 19.904213775377656 108.70804053992687 20.29
      vertex 20.114425358156325 108.62096805137203 20.29
      vertex 20.114425358156325 108.62096805137203 18.3
    endloop
  endfacet
  facet normal 0 0 -1
    outer loop
      vertex 19.904213775377656 111.29195946007313 20.29
      vertex 20.114425358156325 111.37903194862797 20.29
      vertex 20.114425358156325 108.62096805137203 20.29
    endloop
  endfacet
  facet normal 0.23344536385591827 0.9723699203976736 0
    outer loop
      vertex 20.114425358156325 108.62096805137203 20.29
      vertex 20.335670025691666 108.56785190613705 18.3
      vertex 20.114425358156325 108.62096805137203 18.3
    endloop
  endfacet
  facet normal 0.23344536385591827 -0.9723699203976736 0
    outer loop
      vertex 20.335670025691666 111.43214809386295 20.29
      vertex 20.114425358156325 111.37903194862797 18.3
      vertex 20.335670025691666 111.43214809386295 18.3
    endloop
  endfacet
  facet normal 0.07845909572785999 0.9969173337331269 0
    outer loop
      vertex 20.335670025691666 108.56785190613705 20.29
      vertex 20.5625 108.55 18.3
      vertex 20.335670025691666 108.56785190613705 18.3
    endloop
  endfacet
  facet normal 0.07845909572785999 -0.9969173337331269 0
    outer loop
      vertex 20.5625 111.45 20.29
      vertex 20.335670025691666 111.43214809386295 18.3
      vertex 20.5625 111.45 18.3
    endloop
  endfacet
  facet normal 0.23344536385591827 0.9723699203976736 9.126703031746658e-19
    outer loop
      vertex 20.114425358156325 108.62096805137203 20.29
      vertex 20.335670025691666 108.56785190613705 20.29
      vertex 20.335670025691666 108.56785190613705 18.3
    endloop
  endfacet
  facet normal 0 0 -1
    outer loop
      vertex 20.114425358156325 108.62096805137203 20.29
      vertex 20.114425358156325 111.37903194862797 20.29
      vertex 20.335670025691666 108.56785190613705 20.29
    endloop
  endfacet
  facet normal 0.23344536385591827 -0.9723699203976736 0
    outer loop
      vertex 20.114425358156325 111.37903194862797 20.29
      vertex 20.114425358156325 111.37903194862797 18.3
      vertex 20.335670025691666 111.43214809386295 20.29
    endloop
  endfacet
  facet normal 0 0 -1
    outer loop
      vertex 20.335670025691666 108.56785190613705 20.29
      vertex 20.114425358156325 111.37903194862797 20.29
      vertex 20.335670025691666 111.43214809386295 20.29
    endloop
  endfacet
  facet normal 0.07845909572785999 0.9969173337331269 -4.494710567166704e-19
    outer loop
      vertex 20.335670025691666 108.56785190613705 20.29
      vertex 20.5625 108.55 20.29
      vertex 20.5625 108.55 18.3
    endloop
  endfacet
  facet normal 0 0 -1
    outer loop
      vertex 20.335670025691666 108.56785190613705 20.29
      vertex 20.335670025691666 111.43214809386295 20.29
      vertex 20.5625 108.55 20.29
    endloop
  endfacet
  facet normal 0.07845909572785999 -0.9969173337331269 0
    outer loop
      vertex 20.335670025691666 111.43214809386295 20.29
      vertex 20.335670025691666 111.43214809386295 18.3
      vertex 20.5625 111.45 20.29
    endloop
  endfacet
  facet normal 0 0 -1
    outer loop
      vertex 20.5625 108.55 20.29
      vertex 20.335670025691666 111.43214809386295 20.29
      vertex 20.5625 111.45 20.29
    endloop
  endfacet
  facet normal -0.07845909572785999 0.9969173337331269 0
    outer loop
      vertex 20.5625 108.55 20.29
      vertex 20.789329974308334 108.56785190613705 18.3
      vertex 20.5625 108.55 18.3
    endloop
  endfacet
  facet normal -0.07845909572785999 -0.9969173337331269 0
    outer loop
      vertex 20.789329974308334 111.43214809386295 20.29
      vertex 20.5625 111.45 18.3
      vertex 20.789329974308334 111.43214809386295 18.3
    endloop
  endfacet
  facet normal -0.23344536385591827 0.9723699203976736 0
    outer loop
      vertex 20.789329974308334 108.56785190613705 20.29
      vertex 21.010574641843675 108.62096805137203 18.3
      vertex 20.789329974308334 108.56785190613705 18.3
    endloop
  endfacet
  facet normal -0.23344536385591827 -0.9723699203976736 0
    outer loop
      vertex 21.010574641843675 111.37903194862797 20.29
      vertex 20.789329974308334 111.43214809386295 18.3
      vertex 21.010574641843675 111.37903194862797 18.3
    endloop
  endfacet
  facet normal -0.07845909572785999 0.9969173337331269 4.494710567166704e-19
    outer loop
      vertex 20.5625 108.55 20.29
      vertex 20.789329974308334 108.56785190613705 20.29
      vertex 20.789329974308334 108.56785190613705 18.3
    endloop
  endfacet
  facet normal 0 0 -1
    outer loop
      vertex 20.5625 108.55 20.29
      vertex 20.5625 111.45 20.29
      vertex 20.789329974308334 108.56785190613705 20.29
    endloop
  endfacet
  facet normal -0.07845909572785999 -0.9969173337331269 0
    outer loop
      vertex 20.5625 111.45 20.29
      vertex 20.5625 111.45 18.3
      vertex 20.789329974308334 111.43214809386295 20.29
    endloop
  endfacet
  facet normal 0 0 -1
    outer loop
      vertex 20.789329974308334 108.56785190613705 20.29
      vertex 20.5625 111.45 20.29
      vertex 20.789329974308334 111.43214809386295 20.29
    endloop
  endfacet
  facet normal -0.23344536385591827 0.9723699203976736 -9.126703031746658e-19
    outer loop
      vertex 20.789329974308334 108.56785190613705 20.29
      vertex 21.010574641843675 108.62096805137203 20.29
      vertex 21.010574641843675 108.62096805137203 18.3
    endloop
  endfacet
  facet normal 0 0 -1
    outer loop
      vertex 20.789329974308334 108.56785190613705 20.29
      vertex 20.789329974308334 111.43214809386295 20.29
      vertex 21.010574641843675 108.62096805137203 20.29
    endloop
  endfacet
  facet normal -0.23344536385591827 -0.9723699203976736 0
    outer loop
      vertex 20.789329974308334 111.43214809386295 20.29
      vertex 20.789329974308334 111.43214809386295 18.3
      vertex 21.010574641843675 111.37903194862797 20.29
    endloop
  endfacet
  facet normal 0 0 -1
    outer loop
      vertex 21.010574641843675 108.62096805137203 20.29
      vertex 20.789329974308334 111.43214809386295 20.29
      vertex 21.010574641843675 111.37903194862797 20.29
    endloop
  endfacet
  facet normal -0.3826834323650866 0.9238795325112882 0
    outer loop
      vertex 21.010574641843675 108.62096805137203 20.29
      vertex 21.220786224622344 108.70804053992687 18.3
      vertex 21.010574641843675 108.62096805137203 18.3
    endloop
  endfacet
  facet normal -0.5224985647159538 0.8526401643540893 0
    outer loop
      vertex 21.220786224622344 108.70804053992687 20.29
      vertex 21.414788615824087 108.82692535815633 18.3
      vertex 21.220786224622344 108.70804053992687 18.3
    endloop
  endfacet
  facet normal -0.3826834323650866 -0.9238795325112882 0
    outer loop
      vertex 21.220786224622344 111.29195946007313 20.29
      vertex 21.010574641843675 111.37903194862797 18.3
      vertex 21.220786224622344 111.29195946007313 18.3
    endloop
  endfacet
  facet normal 0 0 -1
    outer loop
      vertex 21.010574641843675 108.62096805137203 20.29
      vertex 21.010574641843675 111.37903194862797 20.29
      vertex 21.220786224622344 108.70804053992687 20.29
    endloop
  endfacet
  facet normal -0.3826834323650866 -0.9238795325112882 -2.948974041602818e-18
    outer loop
      vertex 21.220786224622344 111.29195946007313 20.29
      vertex 21.010574641843675 111.37903194862797 20.29
      vertex 21.010574641843675 111.37903194862797 18.3
    endloop
  endfacet
  facet normal -0.3826834323650866 0.9238795325112882 2.948974041602818e-18
    outer loop
      vertex 21.010574641843675 108.62096805137203 20.29
      vertex 21.220786224622344 108.70804053992687 20.29
      vertex 21.220786224622344 108.70804053992687 18.3
    endloop
  endfacet
  facet normal 0 0 -1
    outer loop
      vertex 21.220786224622344 108.70804053992687 20.29
      vertex 21.220786224622344 111.29195946007313 20.29
      vertex 21.414788615824087 108.82692535815633 20.29
    endloop
  endfacet
  facet normal -0.5224985647159538 -0.8526401643540893 0
    outer loop
      vertex 21.220786224622344 111.29195946007313 20.29
      vertex 21.220786224622344 111.29195946007313 18.3
      vertex 21.414788615824087 111.17307464184367 20.29
    endloop
  endfacet
  facet normal 0 0 -1
    outer loop
      vertex 21.220786224622344 108.70804053992687 20.29
      vertex 21.010574641843675 111.37903194862797 20.29
      vertex 21.220786224622344 111.29195946007313 20.29
    endloop
  endfacet
  facet normal -0.6494480483301751 0.7604059656000384 0
    outer loop
      vertex 21.414788615824087 108.82692535815633 20.29
      vertex 21.587804832720494 108.9746951672795 18.3
      vertex 21.414788615824087 108.82692535815633 18.3
    endloop
  endfacet
  facet normal -0.5224985647159538 -0.8526401643540893 0
    outer loop
      vertex 21.414788615824087 111.17307464184367 20.29
      vertex 21.220786224622344 111.29195946007313 18.3
      vertex 21.414788615824087 111.17307464184367 18.3
    endloop
  endfacet
  facet normal -0.7604059656000437 0.6494480483301687 0
    outer loop
      vertex 21.587804832720494 108.9746951672795 20.29
      vertex 21.735574641843673 109.14771138417592 18.3
      vertex 21.587804832720494 108.9746951672795 18.3
    endloop
  endfacet
  facet normal -0.6494480483301751 -0.7604059656000384 0
    outer loop
      vertex 21.587804832720494 111.0253048327205 20.29
      vertex 21.414788615824087 111.17307464184367 18.3
      vertex 21.587804832720494 111.0253048327205 18.3
    endloop
  endfacet
  facet normal -0.7604059656000437 -0.6494480483301687 0
    outer loop
      vertex 21.735574641843673 110.85228861582408 20.29
      vertex 21.587804832720494 111.0253048327205 18.3
      vertex 21.735574641843673 110.85228861582408 18.3
    endloop
  endfacet
  facet normal -0.5224985647159538 0.8526401643540893 5.097628906142543e-19
    outer loop
      vertex 21.220786224622344 108.70804053992687 20.29
      vertex 21.414788615824087 108.82692535815633 20.29
      vertex 21.414788615824087 108.82692535815633 18.3
    endloop
  endfacet
  facet normal 0 0 -1
    outer loop
      vertex 21.414788615824087 108.82692535815633 20.29
      vertex 21.414788615824087 111.17307464184367 20.29
      vertex 21.587804832720494 108.9746951672795 20.29
    endloop
  endfacet
  facet normal -0.6494480483301751 -0.7604059656000384 0
    outer loop
      vertex 21.414788615824087 111.17307464184367 20.29
      vertex 21.414788615824087 111.17307464184367 18.3
      vertex 21.587804832720494 111.0253048327205 20.29
    endloop
  endfacet
  facet normal 0 0 -1
    outer loop
      vertex 21.414788615824087 108.82692535815633 20.29
      vertex 21.220786224622344 111.29195946007313 20.29
      vertex 21.414788615824087 111.17307464184367 20.29
    endloop
  endfacet
  facet normal -0.6494480483301751 0.7604059656000384 3.418168356568606e-18
    outer loop
      vertex 21.414788615824087 108.82692535815633 20.29
      vertex 21.587804832720494 108.9746951672795 20.29
      vertex 21.587804832720494 108.9746951672795 18.3
    endloop
  endfacet
  facet normal -0.7604059656000437 0.6494480483301687 1.8946893880795615e-18
    outer loop
      vertex 21.587804832720494 108.9746951672795 20.29
      vertex 21.735574641843673 109.14771138417592 20.29
      vertex 21.735574641843673 109.14771138417592 18.3
    endloop
  endfacet
  facet normal 0 0 -1
    outer loop
      vertex 21.587804832720494 108.9746951672795 20.29
      vertex 21.587804832720494 111.0253048327205 20.29
      vertex 21.735574641843673 109.14771138417592 20.29
    endloop
  endfacet
  facet normal -0.7604059656000437 -0.6494480483301687 -1.8946893880795615e-18
    outer loop
      vertex 21.735574641843673 110.85228861582408 20.29
      vertex 21.587804832720494 111.0253048327205 20.29
      vertex 21.587804832720494 111.0253048327205 18.3
    endloop
  endfacet
  facet normal 0 0 -1
    outer loop
      vertex 21.587804832720494 108.9746951672795 20.29
      vertex 21.414788615824087 111.17307464184367 20.29
      vertex 21.587804832720494 111.0253048327205 20.29
    endloop
  endfacet
  facet normal 0 0 -1
    outer loop
      vertex 21.735574641843673 109.14771138417592 20.29
      vertex 21.587804832720494 111.0253048327205 20.29
      vertex 21.735574641843673 110.85228861582408 20.29
    endloop
  endfacet
  facet normal -0.8526401643540807 0.5224985647159676 0
    outer loop
      vertex 21.735574641843673 109.14771138417592 20.29
      vertex 21.854459460073134 109.34171377537766 18.3
      vertex 21.735574641843673 109.14771138417592 18.3
    endloop
  endfacet
  facet normal -0.9238795325112882 0.3826834323650866 0
    outer loop
      vertex 21.854459460073134 109.34171377537766 20.29
      vertex 21.941531948627972 109.55192535815632 18.3
      vertex 21.854459460073134 109.34171377537766 18.3
    endloop
  endfacet
  facet normal -0.8526401643540807 -0.5224985647159676 0
    outer loop
      vertex 21.854459460073134 110.65828622462234 20.29
      vertex 21.735574641843673 110.85228861582408 18.3
      vertex 21.854459460073134 110.65828622462234 18.3
    endloop
  endfacet
  facet normal -0.9723699203976779 0.23344536385589998 0
    outer loop
      vertex 21.941531948627972 109.55192535815632 20.29
      vertex 21.99464809386295 109.77317002569167 18.3
      vertex 21.941531948627972 109.55192535815632 18.3
    endloop
  endfacet
  facet normal -0.996917333733128 0.07845909572784568 0
    outer loop
      vertex 21.99464809386295 109.77317002569167 20.29
      vertex 22.0125 110 18.3
      vertex 21.99464809386295 109.77317002569167 18.3
    endloop
  endfacet
  facet normal -0.9238795325112882 -0.3826834323650866 0
    outer loop
      vertex 21.941531948627972 110.44807464184368 20.29
      vertex 21.854459460073134 110.65828622462234 18.3
      vertex 21.941531948627972 110.44807464184368 18.3
    endloop
  endfacet
  facet normal -0.9723699203976779 -0.23344536385589998 0
    outer loop
      vertex 21.99464809386295 110.22682997430833 20.29
      vertex 21.941531948627972 110.44807464184368 18.3
      vertex 21.99464809386295 110.22682997430833 18.3
    endloop
  endfacet
  facet normal -0.996917333733128 -0.07845909572784568 0
    outer loop
      vertex 22.0125 110 20.29
      vertex 21.99464809386295 110.22682997430833 18.3
      vertex 22.0125 110 18.3
    endloop
  endfacet
  facet normal -0.8526401643540807 0.5224985647159676 -3.1383739062690535e-18
    outer loop
      vertex 21.735574641843673 109.14771138417592 20.29
      vertex 21.854459460073134 109.34171377537766 20.29
      vertex 21.854459460073134 109.34171377537766 18.3
    endloop
  endfacet
  facet normal 0 0 -1
    outer loop
      vertex 21.735574641843673 109.14771138417592 20.29
      vertex 21.735574641843673 110.85228861582408 20.29
      vertex 21.854459460073134 109.34171377537766 20.29
    endloop
  endfacet
  facet normal 0 0 -1
    outer loop
      vertex 21.854459460073134 109.34171377537766 20.29
      vertex 21.854459460073134 110.65828622462234 20.29
      vertex 21.941531948627972 109.55192535815632 20.29
    endloop
  endfacet
  facet normal -0.8526401643540807 -0.5224985647159676 0
    outer loop
      vertex 21.735574641843673 110.85228861582408 20.29
      vertex 21.735574641843673 110.85228861582408 18.3
      vertex 21.854459460073134 110.65828622462234 20.29
    endloop
  endfacet
  facet normal -0.9238795325112882 -0.3826834323650866 -2.948974041602818e-18
    outer loop
      vertex 21.941531948627972 110.44807464184368 20.29
      vertex 21.854459460073134 110.65828622462234 20.29
      vertex 21.854459460073134 110.65828622462234 18.3
    endloop
  endfacet
  facet normal 0 0 -1
    outer loop
      vertex 21.854459460073134 109.34171377537766 20.29
      vertex 21.735574641843673 110.85228861582408 20.29
      vertex 21.854459460073134 110.65828622462234 20.29
    endloop
  endfacet
  facet normal -0.9238795325112882 0.3826834323650866 2.948974041602818e-18
    outer loop
      vertex 21.854459460073134 109.34171377537766 20.29
      vertex 21.941531948627972 109.55192535815632 20.29
      vertex 21.941531948627972 109.55192535815632 18.3
    endloop
  endfacet
  facet normal -0.9723699203976779 0.23344536385589998 1.664914965652824e-18
    outer loop
      vertex 21.941531948627972 109.55192535815632 20.29
      vertex 21.99464809386295 109.77317002569167 20.29
      vertex 21.99464809386295 109.77317002569167 18.3
    endloop
  endfacet
  facet normal -0.9723699203976779 -0.23344536385589998 -1.664914965652824e-18
    outer loop
      vertex 21.99464809386295 110.22682997430833 20.29
      vertex 21.941531948627972 110.44807464184368 20.29
      vertex 21.941531948627972 110.44807464184368 18.3
    endloop
  endfacet
  facet normal -0.996917333733128 -0.07845909572784568 -3.381874099939916e-20
    outer loop
      vertex 22.0125 110 20.29
      vertex 21.99464809386295 110.22682997430833 20.29
      vertex 21.99464809386295 110.22682997430833 18.3
    endloop
  endfacet
  facet normal -0.996917333733128 0.07845909572784568 3.381874099939916e-20
    outer loop
      vertex 21.99464809386295 109.77317002569167 20.29
      vertex 22.0125 110 20.29
      vertex 22.0125 110 18.3
    endloop
  endfacet
  facet normal 0 0 -1
    outer loop
      vertex 21.941531948627972 109.55192535815632 20.29
      vertex 21.854459460073134 110.65828622462234 20.29
      vertex 21.941531948627972 110.44807464184368 20.29
    endloop
  endfacet
  facet normal 0 0 -1
    outer loop
      vertex 21.941531948627972 109.55192535815632 20.29
      vertex 21.941531948627972 110.44807464184368 20.29
      vertex 21.99464809386295 109.77317002569167 20.29
    endloop
  endfacet
  facet normal 0 0 -1
    outer loop
      vertex 21.99464809386295 109.77317002569167 20.29
      vertex 21.941531948627972 110.44807464184368 20.29
      vertex 21.99464809386295 110.22682997430833 20.29
    endloop
  endfacet
  facet normal 0 0 -1
    outer loop
      vertex 21.99464809386295 109.77317002569167 20.29
      vertex 21.99464809386295 110.22682997430833 20.29
      vertex 22.0125 110 20.29
    endloop
  endfacet
endsolid OpenSCAD_Model
