solid OpenSCAD_Model
  facet normal 6.881825342112361e-19 0.7071067811865734 -0.7071067811865217
    outer loop
      vertex 0.9541666666666666 159.54314575050765 12.84314575050762
      vertex 0.9541666666666666 159.640130598606 12.940130598605972
      vertex 3.4541666666666666 159.640130598606 12.940130598605972
    endloop
  endfacet
  facet normal 0 0.7071067811865734 -0.7071067811865217
    outer loop
      vertex 0.9541666666666666 159.54314575050765 12.84314575050762
      vertex 3.4541666666666666 159.640130598606 12.940130598605972
      vertex 3.4541666666666666 159.54314575050765 12.84314575050762
    endloop
  endfacet
  facet normal -1 0 0
    outer loop
      vertex 0.9541666666666666 158.54917605431092 12.84314575050762
      vertex 0.9541666666666666 153.09232180481854 18.3
      vertex 0.9541666666666666 154.28026119721196 18.3
    endloop
  endfacet
  facet normal -1 0 0
    outer loop
      vertex 0.9541666666666666 159.04616090240927 12.34616090240927
      vertex 0.9541666666666666 158.54917605431092 12.84314575050762
      vertex 0.9541666666666666 154.28026119721196 18.3
    endloop
  endfacet
  facet normal -1 0 0
    outer loop
      vertex 0.9541666666666666 159.04616090240927 12.34616090240927
      vertex 0.9541666666666666 154.28026119721196 18.3
      vertex 0.9541666666666666 159.54314575050765 12.84314575050762
    endloop
  endfacet
  facet normal -1 0 0
    outer loop
      vertex 0.9541666666666666 159.54314575050765 12.84314575050762
      vertex 0.9541666666666666 154.28026119721196 18.3
      vertex 0.9541666666666666 159.640130598606 12.940130598605972
    endloop
  endfacet
  facet normal -7.23080956380899e-17 0.7071067811865471 0.707106781186548
    outer loop
      vertex 0.9541666666666666 159.640130598606 12.940130598605972
      vertex 0.9541666666666666 154.28026119721196 18.3
      vertex 3.4541666666666666 154.28026119721196 18.3
    endloop
  endfacet
  facet normal 0 -0.7071067811865475 -0.7071067811865475
    outer loop
      vertex 0.9541666666666666 158.54917605431092 12.84314575050762
      vertex 3.4541666666666666 158.54917605431092 12.84314575050762
      vertex 0.9541666666666666 153.09232180481854 18.3
    endloop
  endfacet
  facet normal 6.89177624674531e-17 -0.7071067811865475 -0.7071067811865475
    outer loop
      vertex 3.4541666666666666 158.54917605431092 12.84314575050762
      vertex 3.4541666666666666 153.09232180481854 18.3
      vertex 0.9541666666666666 153.09232180481854 18.3
    endloop
  endfacet
  facet normal 0 0.7071067811865471 0.707106781186548
    outer loop
      vertex 0.9541666666666666 159.640130598606 12.940130598605972
      vertex 3.4541666666666666 154.28026119721196 18.3
      vertex 3.4541666666666666 159.640130598606 12.940130598605972
    endloop
  endfacet
  facet normal 1 0 0
    outer loop
      vertex 3.4541666666666666 159.54314575050765 12.84314575050762
      vertex 3.4541666666666666 154.28026119721196 18.3
      vertex 3.4541666666666666 153.09232180481854 18.3
    endloop
  endfacet
  facet normal 1 0 0
    outer loop
      vertex 3.4541666666666666 158.54917605431092 12.84314575050762
      vertex 3.4541666666666666 159.54314575050765 12.84314575050762
      vertex 3.4541666666666666 153.09232180481854 18.3
    endloop
  endfacet
  facet normal 1 0 0
    outer loop
      vertex 3.4541666666666666 159.54314575050765 12.84314575050762
      vertex 3.4541666666666666 159.640130598606 12.940130598605972
      vertex 3.4541666666666666 154.28026119721196 18.3
    endloop
  endfacet
  facet normal 0 -0.7071067811865734 -0.7071067811865217
    outer loop
      vertex 4.054166666666667 170.45685424949235 12.84314575050762
      vertex 6.554166666666667 170.45685424949235 12.84314575050762
      vertex 4.054166666666667 170.359869401394 12.940130598605972
    endloop
  endfacet
  facet normal 0 -0.7071067811865734 -0.7071067811865217
    outer loop
      vertex 4.054166666666667 170.359869401394 12.940130598605972
      vertex 6.554166666666667 170.45685424949235 12.84314575050762
      vertex 6.554166666666667 170.359869401394 12.940130598605972
    endloop
  endfacet
  facet normal -1 0 0
    outer loop
      vertex 4.054166666666667 170.45685424949235 12.84314575050762
      vertex 4.054166666666667 170.359869401394 12.940130598605972
      vertex 4.054166666666667 176 17.392321804818554
    endloop
  endfacet
  facet normal -1 0 0
    outer loop
      vertex 4.054166666666667 170.45685424949235 12.84314575050762
      vertex 4.054166666666667 176 17.392321804818554
      vertex 4.054166666666667 171.45082394568908 12.84314575050762
    endloop
  endfacet
  facet normal -1 0 0
    outer loop
      vertex 4.054166666666667 170.359869401394 12.940130598605972
      vertex 4.054166666666667 176 18.58026119721196
      vertex 4.054166666666667 176 17.392321804818554
    endloop
  endfacet
  facet normal 0 -0.7071067811865474 0.7071067811865478
    outer loop
      vertex 4.054166666666667 170.359869401394 12.940130598605972
      vertex 6.554166666666667 170.359869401394 12.940130598605972
      vertex 4.054166666666667 176 18.58026119721196
    endloop
  endfacet
  facet normal -6.041286509155677e-17 0.7071067811865487 -0.7071067811865465
    outer loop
      vertex 4.054166666666667 171.45082394568908 12.84314575050762
      vertex 4.054166666666667 176 17.392321804818554
      vertex 6.554166666666667 176 17.392321804818554
    endloop
  endfacet
  facet normal 0 0.7071067811865487 -0.7071067811865465
    outer loop
      vertex 4.054166666666667 171.45082394568908 12.84314575050762
      vertex 6.554166666666667 176 17.392321804818554
      vertex 6.554166666666667 171.45082394568908 12.84314575050762
    endloop
  endfacet
  facet normal 0 -0.7071067811865474 0.7071067811865478
    outer loop
      vertex 4.054166666666667 176 18.58026119721196
      vertex 6.554166666666667 170.359869401394 12.940130598605972
      vertex 6.554166666666667 176 18.58026119721196
    endloop
  endfacet
  facet normal -1 0 0
    outer loop
      vertex 4.054166666666667 180 21.392321804818568
      vertex 4.054166666666667 180 21.8
      vertex 4.054166666666667 180.40767819518143 21.8
    endloop
  endfacet
  facet normal -7.858599295604412e-18 0.7071067811865475 -0.7071067811865475
    outer loop
      vertex 4.054166666666667 180 21.392321804818568
      vertex 4.054166666666667 180.40767819518143 21.8
      vertex 6.554166666666667 180.40767819518143 21.8
    endloop
  endfacet
  facet normal 0 0.7071067811865475 -0.7071067811865475
    outer loop
      vertex 4.054166666666667 180 21.392321804818568
      vertex 6.554166666666667 180.40767819518143 21.8
      vertex 6.554166666666667 180 21.392321804818568
    endloop
  endfacet
  facet normal 1 0 0
    outer loop
      vertex 6.554166666666667 170.45685424949235 12.84314575050762
      vertex 6.554166666666667 171.45082394568908 12.84314575050762
      vertex 6.554166666666667 170.359869401394 12.940130598605972
    endloop
  endfacet
  facet normal 1 0 0
    outer loop
      vertex 6.554166666666667 170.359869401394 12.940130598605972
      vertex 6.554166666666667 171.45082394568908 12.84314575050762
      vertex 6.554166666666667 176 18.58026119721196
    endloop
  endfacet
  facet normal 1 0 0
    outer loop
      vertex 6.554166666666667 171.45082394568908 12.84314575050762
      vertex 6.554166666666667 176 17.392321804818554
      vertex 6.554166666666667 176 18.58026119721196
    endloop
  endfacet
  facet normal 1 0 0
    outer loop
      vertex 6.554166666666667 180 21.392321804818568
      vertex 6.554166666666667 180.40767819518143 21.8
      vertex 6.554166666666667 180 21.8
    endloop
  endfacet
  facet normal -1 0 0
    outer loop
      vertex 7.154166666666667 158.54917605431092 12.84314575050762
      vertex 7.154166666666667 159.640130598606 12.940130598605972
      vertex 7.154166666666667 159.54314575050765 12.84314575050762
    endloop
  endfacet
  facet normal 6.881825342112361e-19 0.7071067811865734 -0.7071067811865217
    outer loop
      vertex 7.154166666666667 159.54314575050765 12.84314575050762
      vertex 7.154166666666667 159.640130598606 12.940130598605972
      vertex 9.654166666666667 159.640130598606 12.940130598605972
    endloop
  endfacet
  facet normal 0 0.7071067811865734 -0.7071067811865217
    outer loop
      vertex 7.154166666666667 159.54314575050765 12.84314575050762
      vertex 9.654166666666667 159.640130598606 12.940130598605972
      vertex 9.654166666666667 159.54314575050765 12.84314575050762
    endloop
  endfacet
  facet normal -1 0 0
    outer loop
      vertex 7.154166666666667 158.54917605431092 12.84314575050762
      vertex 7.154166666666667 153.09232180481854 18.3
      vertex 7.154166666666667 154.28026119721196 18.3
    endloop
  endfacet
  facet normal -1 0 0
    outer loop
      vertex 7.154166666666667 158.54917605431092 12.84314575050762
      vertex 7.154166666666667 154.28026119721196 18.3
      vertex 7.154166666666667 159.640130598606 12.940130598605972
    endloop
  endfacet
  facet normal -7.23080956380899e-17 0.7071067811865471 0.707106781186548
    outer loop
      vertex 7.154166666666667 159.640130598606 12.940130598605972
      vertex 7.154166666666667 154.28026119721196 18.3
      vertex 9.654166666666667 154.28026119721196 18.3
    endloop
  endfacet
  facet normal 0 -0.7071067811865475 -0.7071067811865475
    outer loop
      vertex 7.154166666666667 158.54917605431092 12.84314575050762
      vertex 9.654166666666667 158.54917605431092 12.84314575050762
      vertex 7.154166666666667 153.09232180481854 18.3
    endloop
  endfacet
  facet normal 0 -0.7071067811865475 -0.7071067811865475
    outer loop
      vertex 7.154166666666667 153.09232180481854 18.3
      vertex 9.654166666666667 158.54917605431092 12.84314575050762
      vertex 9.654166666666667 153.09232180481854 18.3
    endloop
  endfacet
  facet normal 0 0.7071067811865471 0.707106781186548
    outer loop
      vertex 7.154166666666667 159.640130598606 12.940130598605972
      vertex 9.654166666666667 154.28026119721196 18.3
      vertex 9.654166666666667 159.640130598606 12.940130598605972
    endloop
  endfacet
  facet normal 1 0 0
    outer loop
      vertex 9.654166666666667 159.54314575050765 12.84314575050762
      vertex 9.654166666666667 154.28026119721196 18.3
      vertex 9.654166666666667 153.09232180481854 18.3
    endloop
  endfacet
  facet normal 1 0 0
    outer loop
      vertex 9.654166666666667 158.54917605431092 12.84314575050762
      vertex 9.654166666666667 159.54314575050765 12.84314575050762
      vertex 9.654166666666667 153.09232180481854 18.3
    endloop
  endfacet
  facet normal 1 0 0
    outer loop
      vertex 9.654166666666667 159.54314575050765 12.84314575050762
      vertex 9.654166666666667 159.640130598606 12.940130598605972
      vertex 9.654166666666667 154.28026119721196 18.3
    endloop
  endfacet
  facet normal 0 -0.7071067811865734 -0.7071067811865217
    outer loop
      vertex 10.254166666666666 170.45685424949235 12.84314575050762
      vertex 12.754166666666666 170.45685424949235 12.84314575050762
      vertex 10.254166666666666 170.359869401394 12.940130598605972
    endloop
  endfacet
  facet normal -1 0 0
    outer loop
      vertex 10.254166666666666 170.45685424949235 12.84314575050762
      vertex 10.254166666666666 170.359869401394 12.940130598605972
      vertex 10.254166666666666 176 17.392321804818554
    endloop
  endfacet
  facet normal -1 0 0
    outer loop
      vertex 10.254166666666666 170.45685424949235 12.84314575050762
      vertex 10.254166666666666 176 17.392321804818554
      vertex 10.254166666666666 171.45082394568908 12.84314575050762
    endloop
  endfacet
  facet normal -1 0 0
    outer loop
      vertex 10.254166666666666 170.359869401394 12.940130598605972
      vertex 10.254166666666666 176 18.58026119721196
      vertex 10.254166666666666 176 17.392321804818554
    endloop
  endfacet
  facet normal 0 -0.7071067811865474 0.7071067811865478
    outer loop
      vertex 10.254166666666666 170.359869401394 12.940130598605972
      vertex 12.754166666666666 170.359869401394 12.940130598605972
      vertex 10.254166666666666 176 18.58026119721196
    endloop
  endfacet
  facet normal -1.0652720386491712e-15 0.7071067811865487 -0.7071067811865465
    outer loop
      vertex 10.254166666666666 171.45082394568908 12.84314575050762
      vertex 10.254166666666666 176 17.392321804818554
      vertex 12.754166666666666 176 17.39232180481855
    endloop
  endfacet
  facet normal -1 0 0
    outer loop
      vertex 10.254166666666666 180 21.392321804818568
      vertex 10.254166666666666 180 21.8
      vertex 10.254166666666666 180.40767819518143 21.8
    endloop
  endfacet
  facet normal -8.360212016600434e-18 0.7071067811865476 -0.7071067811865476
    outer loop
      vertex 10.254166666666666 180 21.392321804818568
      vertex 10.254166666666666 180.40767819518143 21.8
      vertex 12.604166666666668 180.40767819518143 21.8
    endloop
  endfacet
  facet normal 0 -0.7071067811865734 -0.7071067811865217
    outer loop
      vertex 10.254166666666666 170.359869401394 12.940130598605972
      vertex 12.754166666666666 170.45685424949235 12.84314575050762
      vertex 12.754166666666666 170.359869401394 12.940130598605972
    endloop
  endfacet
  facet normal 0 0.7071067811865485 -0.7071067811865468
    outer loop
      vertex 10.254166666666666 171.45082394568908 12.84314575050762
      vertex 12.754166666666666 176 17.39232180481855
      vertex 12.754166666666666 171.45082394568908 12.84314575050762
    endloop
  endfacet
  facet normal 0 -0.7071067811865474 0.7071067811865478
    outer loop
      vertex 10.254166666666666 176 18.58026119721196
      vertex 12.754166666666666 170.359869401394 12.940130598605972
      vertex 12.754166666666666 176 18.58026119721196
    endloop
  endfacet
  facet normal 1 0 0
    outer loop
      vertex 12.754166666666666 170.95383909759073 12.34616090240927
      vertex 12.754166666666666 176 18.58026119721196
      vertex 12.754166666666666 170.45685424949235 12.84314575050762
    endloop
  endfacet
  facet normal 1 0 0
    outer loop
      vertex 12.754166666666666 170.95383909759073 12.34616090240927
      vertex 12.754166666666666 171.45082394568908 12.84314575050762
      vertex 12.754166666666666 176 18.58026119721196
    endloop
  endfacet
  facet normal 1 0 0
    outer loop
      vertex 12.754166666666666 170.45685424949235 12.84314575050762
      vertex 12.754166666666666 176 18.58026119721196
      vertex 12.754166666666666 170.359869401394 12.940130598605972
    endloop
  endfacet
  facet normal 1 0 0
    outer loop
      vertex 12.754166666666666 171.45082394568908 12.84314575050762
      vertex 12.754166666666666 176 17.39232180481855
      vertex 12.754166666666666 176 18.58026119721196
    endloop
  endfacet
  facet normal -3.014577520672811e-15 0.7071067811865562 -0.7071067811865389
    outer loop
      vertex 10.254166666666666 180 21.392321804818568
      vertex 12.604166666666668 180.40767819518143 21.8
      vertex 12.754166666666666 180 21.392321804818557
    endloop
  endfacet
  facet normal -4.417146269077955e-14 0.7071067811865487 -0.7071067811865464
    outer loop
      vertex 12.604166666666668 180.40767819518143 21.8
      vertex 12.754166666666666 182.26754759657547 23.659869401394033
      vertex 12.754166666666666 180 21.392321804818557
    endloop
  endfacet
  facet normal 1 0 0
    outer loop
      vertex 12.754166666666666 180 21.392321804818557
      vertex 12.754166666666666 181.67357790037877 24.253839097590735
      vertex 12.754166666666666 180 22.58026119721196
    endloop
  endfacet
  facet normal 1.6747652892627023e-14 -0.7071067811865506 0.7071067811865446
    outer loop
      vertex 12.604166666666668 180 22.580261197211964
      vertex 12.754166666666666 180 22.58026119721196
      vertex 12.604166666666668 181.25062529940013 23.830886496612102
    endloop
  endfacet
  facet normal 1.9912779438739456e-14 0.707106781186546 -0.707106781186549
    outer loop
      vertex 12.604166666666668 180.40767819518143 21.8
      vertex 12.604166666666668 182.1 23.492321804818555
      vertex 12.754166666666666 182.26754759657547 23.659869401394033
    endloop
  endfacet
  facet normal 1 0 0
    outer loop
      vertex 12.754166666666666 180 21.392321804818557
      vertex 12.754166666666666 182.26754759657547 23.659869401394033
      vertex 12.754166666666666 181.67357790037877 24.253839097590735
    endloop
  endfacet
  facet normal 9.818706928055378e-13 -0.7071067811864931 0.7071067811866019
    outer loop
      vertex 12.754166666666666 180 22.58026119721196
      vertex 12.604166666666668 181.31973880278804 23.900000000000002
      vertex 12.604166666666668 181.25062529940013 23.830886496612102
    endloop
  endfacet
  facet normal 3.2938293438883814e-17 0.7071067811865551 -0.70710678118654
    outer loop
      vertex 12.604166666666668 182.1 23.492321804818555
      vertex 12.604166666666668 182.26754759657547 23.659869401394033
      vertex 12.754166666666666 182.26754759657547 23.659869401394033
    endloop
  endfacet
  facet normal 1.6709007071090085e-14 -0.7071067811865476 0.7071067811865476
    outer loop
      vertex 12.754166666666666 180 22.58026119721196
      vertex 12.754166666666666 181.67357790037877 24.253839097590735
      vertex 12.604166666666668 181.31973880278804 23.900000000000002
    endloop
  endfacet
  facet normal 9.077233448389817e-14 0.7071067811865632 0.7071067811865317
    outer loop
      vertex 12.604166666666668 182.26754759657547 23.659869401394033
      vertex 12.604166666666668 182.0274169979695 23.900000000000002
      vertex 12.754166666666666 181.67357790037877 24.253839097590735
    endloop
  endfacet
  facet normal 1.295325980575109e-16 -0.707106781186544 0.7071067811865511
    outer loop
      vertex 12.604166666666668 181.31973880278804 23.900000000000002
      vertex 12.754166666666666 181.67357790037877 24.253839097590735
      vertex 12.604166666666668 181.67357790037877 24.253839097590735
    endloop
  endfacet
  facet normal -1.295325980575109e-16 0.707106781186544 0.7071067811865511
    outer loop
      vertex 12.604166666666668 182.0274169979695 23.900000000000002
      vertex 12.604166666666668 181.67357790037877 24.253839097590735
      vertex 12.754166666666666 181.67357790037877 24.253839097590735
    endloop
  endfacet
  facet normal 0 0.7071067811865517 0.7071067811865432
    outer loop
      vertex 12.604166666666668 182.26754759657547 23.659869401394033
      vertex 12.754166666666666 181.67357790037877 24.253839097590735
      vertex 12.754166666666666 182.26754759657547 23.659869401394033
    endloop
  endfacet
  facet normal -1 0 0
    outer loop
      vertex 0.9541666666666666 157.5 9.2
      vertex 0.9541666666666666 157.5 12.84314575050762
      vertex 0.9541666666666666 158.54917605431092 12.84314575050762
    endloop
  endfacet
  facet normal -1 0 0
    outer loop
      vertex 0.9541666666666666 157.5 9.2
      vertex 0.9541666666666666 158.54917605431092 12.84314575050762
      vertex 0.9541666666666666 159.04616090240927 12.34616090240927
    endloop
  endfacet
  facet normal -1 0 0
    outer loop
      vertex 0.9541666666666666 157.5 9.2
      vertex 0.9541666666666666 159.04616090240927 12.34616090240927
      vertex 0.9541666666666666 172.5 12.84314575050762
    endloop
  endfacet
  facet normal 0 0 1
    outer loop
      vertex 0.9541666666666666 157.5 12.84314575050762
      vertex 3.4541666666666666 158.54917605431092 12.84314575050762
      vertex 0.9541666666666666 158.54917605431092 12.84314575050762
    endloop
  endfacet
  facet normal 0 0 1
    outer loop
      vertex 0.9541666666666666 157.5 12.84314575050762
      vertex 7.154166666666667 158.54917605431092 12.84314575050762
      vertex 3.4541666666666666 158.54917605431092 12.84314575050762
    endloop
  endfacet
  facet normal 0 -1 0
    outer loop
      vertex 0.9541666666666666 157.5 9.2
      vertex 12.754166666666666 157.5 12.84314575050762
      vertex 0.9541666666666666 157.5 12.84314575050762
    endloop
  endfacet
  facet normal 0 0 1
    outer loop
      vertex 3.4541666666666666 158.54917605431092 12.84314575050762
      vertex 7.154166666666667 158.54917605431092 12.84314575050762
      vertex 3.4541666666666666 159.54314575050765 12.84314575050762
    endloop
  endfacet
  facet normal 0 0 1
    outer loop
      vertex 0.9541666666666666 157.5 12.84314575050762
      vertex 9.654166666666667 158.54917605431092 12.84314575050762
      vertex 7.154166666666667 158.54917605431092 12.84314575050762
    endloop
  endfacet
  facet normal 0 0 1
    outer loop
      vertex 3.4541666666666666 159.54314575050765 12.84314575050762
      vertex 7.154166666666667 158.54917605431092 12.84314575050762
      vertex 7.154166666666667 159.54314575050765 12.84314575050762
    endloop
  endfacet
  facet normal -1 0 0
    outer loop
      vertex 0.9541666666666666 157.5 9.2
      vertex 0.9541666666666666 172.5 12.84314575050762
      vertex 0.9541666666666666 172.5 9.2
    endloop
  endfacet
  facet normal -1 0 0
    outer loop
      vertex 0.9541666666666666 159.04616090240927 12.34616090240927
      vertex 0.9541666666666666 159.54314575050765 12.84314575050762
      vertex 0.9541666666666666 172.5 12.84314575050762
    endloop
  endfacet
  facet normal 0 0 1
    outer loop
      vertex 0.9541666666666666 159.54314575050765 12.84314575050762
      vertex 3.4541666666666666 159.54314575050765 12.84314575050762
      vertex 0.9541666666666666 172.5 12.84314575050762
    endloop
  endfacet
  facet normal 0 0 1
    outer loop
      vertex 0.9541666666666666 172.5 12.84314575050762
      vertex 4.054166666666667 170.45685424949235 12.84314575050762
      vertex 4.054166666666667 171.45082394568908 12.84314575050762
    endloop
  endfacet
  facet normal 0 0 -1
    outer loop
      vertex 0.9541666666666666 157.5 9.2
      vertex 0.9541666666666666 172.5 9.2
      vertex 12.754166666666666 172.5 9.2
    endloop
  endfacet
  facet normal 0 1 0
    outer loop
      vertex 0.9541666666666666 172.5 9.2
      vertex 0.9541666666666666 172.5 12.84314575050762
      vertex 12.754166666666666 172.5 9.2
    endloop
  endfacet
  facet normal 0 0 1
    outer loop
      vertex 3.4541666666666666 159.54314575050765 12.84314575050762
      vertex 7.154166666666667 159.54314575050765 12.84314575050762
      vertex 0.9541666666666666 172.5 12.84314575050762
    endloop
  endfacet
  facet normal 0 0 1
    outer loop
      vertex 0.9541666666666666 172.5 12.84314575050762
      vertex 7.154166666666667 159.54314575050765 12.84314575050762
      vertex 9.654166666666667 159.54314575050765 12.84314575050762
    endloop
  endfacet
  facet normal 0 0 1
    outer loop
      vertex 0.9541666666666666 172.5 12.84314575050762
      vertex 12.754166666666666 157.5 12.84314575050762
      vertex 4.054166666666667 170.45685424949235 12.84314575050762
    endloop
  endfacet
  facet normal 0 0 1
    outer loop
      vertex 0.9541666666666666 172.5 12.84314575050762
      vertex 4.054166666666667 171.45082394568908 12.84314575050762
      vertex 12.754166666666666 172.5 12.84314575050762
    endloop
  endfacet
  facet normal 0 -1 0
    outer loop
      vertex 0.9541666666666666 157.5 9.2
      vertex 12.754166666666666 157.5 9.2
      vertex 12.754166666666666 157.5 12.84314575050762
    endloop
  endfacet
  facet normal 0 0 -1
    outer loop
      vertex 0.9541666666666666 157.5 9.2
      vertex 12.754166666666666 172.5 9.2
      vertex 12.754166666666666 157.5 9.2
    endloop
  endfacet
  facet normal 0 0 1
    outer loop
      vertex 0.9541666666666666 157.5 12.84314575050762
      vertex 12.754166666666666 157.5 12.84314575050762
      vertex 9.654166666666667 158.54917605431092 12.84314575050762
    endloop
  endfacet
  facet normal 0 0 1
    outer loop
      vertex 0.9541666666666666 172.5 12.84314575050762
      vertex 9.654166666666667 159.54314575050765 12.84314575050762
      vertex 12.754166666666666 157.5 12.84314575050762
    endloop
  endfacet
  facet normal 0 0 1
    outer loop
      vertex 9.654166666666667 158.54917605431092 12.84314575050762
      vertex 12.754166666666666 157.5 12.84314575050762
      vertex 9.654166666666667 159.54314575050765 12.84314575050762
    endloop
  endfacet
  facet normal 0 0 1
    outer loop
      vertex 4.054166666666667 170.45685424949235 12.84314575050762
      vertex 12.754166666666666 157.5 12.84314575050762
      vertex 6.554166666666667 170.45685424949235 12.84314575050762
    endloop
  endfacet
  facet normal 0 0 1
    outer loop
      vertex 6.554166666666667 170.45685424949235 12.84314575050762
      vertex 10.254166666666666 170.45685424949235 12.84314575050762
      vertex 6.554166666666667 171.45082394568908 12.84314575050762
    endloop
  endfacet
  facet normal 0 0 1
    outer loop
      vertex 4.054166666666667 171.45082394568908 12.84314575050762
      vertex 6.554166666666667 171.45082394568908 12.84314575050762
      vertex 12.754166666666666 172.5 12.84314575050762
    endloop
  endfacet
  facet normal 0 1 0
    outer loop
      vertex 0.9541666666666666 172.5 12.84314575050762
      vertex 12.754166666666666 172.5 12.84314575050762
      vertex 12.754166666666666 172.5 9.2
    endloop
  endfacet
  facet normal 0 0 1
    outer loop
      vertex 6.554166666666667 171.45082394568908 12.84314575050762
      vertex 10.254166666666666 170.45685424949235 12.84314575050762
      vertex 10.254166666666666 171.45082394568908 12.84314575050762
    endloop
  endfacet
  facet normal 0 0 1
    outer loop
      vertex 6.554166666666667 170.45685424949235 12.84314575050762
      vertex 12.754166666666666 157.5 12.84314575050762
      vertex 10.254166666666666 170.45685424949235 12.84314575050762
    endloop
  endfacet
  facet normal 0 0 1
    outer loop
      vertex 6.554166666666667 171.45082394568908 12.84314575050762
      vertex 10.254166666666666 171.45082394568908 12.84314575050762
      vertex 12.754166666666666 172.5 12.84314575050762
    endloop
  endfacet
  facet normal 1 0 0
    outer loop
      vertex 12.754166666666666 157.5 9.2
      vertex 12.754166666666666 172.5 9.2
      vertex 12.754166666666666 157.5 12.84314575050762
    endloop
  endfacet
  facet normal 0 0 1
    outer loop
      vertex 10.254166666666666 170.45685424949235 12.84314575050762
      vertex 12.754166666666666 157.5 12.84314575050762
      vertex 12.754166666666666 170.45685424949235 12.84314575050762
    endloop
  endfacet
  facet normal 0 0 1
    outer loop
      vertex 10.254166666666666 171.45082394568908 12.84314575050762
      vertex 12.754166666666666 171.45082394568908 12.84314575050762
      vertex 12.754166666666666 172.5 12.84314575050762
    endloop
  endfacet
  facet normal 1 0 0
    outer loop
      vertex 12.754166666666666 157.5 12.84314575050762
      vertex 12.754166666666666 172.5 9.2
      vertex 12.754166666666666 170.95383909759073 12.34616090240927
    endloop
  endfacet
  facet normal 1 0 0
    outer loop
      vertex 12.754166666666666 157.5 12.84314575050762
      vertex 12.754166666666666 170.95383909759073 12.34616090240927
      vertex 12.754166666666666 170.45685424949235 12.84314575050762
    endloop
  endfacet
  facet normal 1 0 0
    outer loop
      vertex 12.754166666666666 172.5 9.2
      vertex 12.754166666666666 171.45082394568908 12.84314575050762
      vertex 12.754166666666666 170.95383909759073 12.34616090240927
    endloop
  endfacet
  facet normal 1 0 0
    outer loop
      vertex 12.754166666666666 172.5 9.2
      vertex 12.754166666666666 172.5 12.84314575050762
      vertex 12.754166666666666 171.45082394568908 12.84314575050762
    endloop
  endfacet
  facet normal -1 0 0
    outer loop
      vertex 1.104166666666667 182.1 13.2
      vertex 1.104166666666667 182.1 15.299999999999999
      vertex 1.104166666666667 215.9 13.322841225626739
    endloop
  endfacet
  facet normal -1 0 0
    outer loop
      vertex 1.104166666666667 182.1 13.2
      vertex 1.104166666666667 215.9 13.322841225626739
      vertex 1.104166666666667 215.9 13.2
    endloop
  endfacet
  facet normal -1 0 0
    outer loop
      vertex 1.104166666666667 215.9 13.322841225626739
      vertex 1.104166666666667 218 15.299999999999999
      vertex 1.104166666666667 218 13.2
    endloop
  endfacet
  facet normal -1 0 0
    outer loop
      vertex 1.104166666666667 182.1 15.299999999999999
      vertex 1.104166666666667 218 15.299999999999999
      vertex 1.104166666666667 215.9 13.322841225626739
    endloop
  endfacet
  facet normal 0 0 -1
    outer loop
      vertex 1.104166666666667 182.1 13.2
      vertex 1.104166666666667 215.9 13.2
      vertex 12.604166666666668 182.1 13.2
    endloop
  endfacet
  facet normal 0 1 0
    outer loop
      vertex 1.104166666666667 218 13.2
      vertex 1.104166666666667 218 15.299999999999999
      vertex 12.604166666666668 218 13.2
    endloop
  endfacet
  facet normal 0 0 1
    outer loop
      vertex 1.104166666666667 182.1 15.299999999999999
      vertex 12.604166666666668 182.1 15.299999999999999
      vertex 1.104166666666667 218 15.299999999999999
    endloop
  endfacet
  facet normal 0 0 -1
    outer loop
      vertex 1.104166666666667 215.9 13.2
      vertex 12.604166666666668 215.9 13.2
      vertex 12.604166666666668 182.1 13.2
    endloop
  endfacet
  facet normal 0 0 1
    outer loop
      vertex 1.104166666666667 218 15.299999999999999
      vertex 12.604166666666668 182.1 15.299999999999999
      vertex 12.604166666666668 218 15.299999999999999
    endloop
  endfacet
  facet normal 0 1 0
    outer loop
      vertex 1.104166666666667 218 15.299999999999999
      vertex 12.604166666666668 218 15.299999999999999
      vertex 12.604166666666668 218 13.2
    endloop
  endfacet
  facet normal 1 0 0
    outer loop
      vertex 12.604166666666668 180 15.299999999999999
      vertex 12.604166666666668 182.1 15.183947368421052
      vertex 12.604166666666668 182.1 15.299999999999999
    endloop
  endfacet
  facet normal 1 0 0
    outer loop
      vertex 12.604166666666668 182.1 13.2
      vertex 12.604166666666668 215.9 13.2
      vertex 12.604166666666668 182.1 15.183947368421052
    endloop
  endfacet
  facet normal 1 0 0
    outer loop
      vertex 12.604166666666668 182.1 15.183947368421052
      vertex 12.604166666666668 215.9 13.2
      vertex 12.604166666666668 218 13.2
    endloop
  endfacet
  facet normal 1 0 0
    outer loop
      vertex 12.604166666666668 182.1 15.183947368421052
      vertex 12.604166666666668 218 15.299999999999999
      vertex 12.604166666666668 182.1 15.299999999999999
    endloop
  endfacet
  facet normal 1 0 0
    outer loop
      vertex 12.604166666666668 182.1 15.183947368421052
      vertex 12.604166666666668 218 13.2
      vertex 12.604166666666668 218 15.299999999999999
    endloop
  endfacet
  facet normal -1 0 0
    outer loop
      vertex 1.104166666666667 180 13.2
      vertex 1.104166666666667 182.1 15.299999999999999
      vertex 1.104166666666667 182.1 13.2
    endloop
  endfacet
  facet normal -1 0 0
    outer loop
      vertex 1.104166666666667 180 13.2
      vertex 1.104166666666667 182.1 17.5
      vertex 1.104166666666667 182.1 15.299999999999999
    endloop
  endfacet
  facet normal -1 0 0
    outer loop
      vertex 1.104166666666667 180 13.2
      vertex 1.104166666666667 180 17.52
      vertex 1.104166666666667 182.1 17.52
    endloop
  endfacet
  facet normal -1 0 0
    outer loop
      vertex 1.104166666666667 180 13.2
      vertex 1.104166666666667 182.1 17.52
      vertex 1.104166666666667 182.1 17.5
    endloop
  endfacet
  facet normal 0 0 -1
    outer loop
      vertex 1.104166666666667 180 13.2
      vertex 1.104166666666667 182.1 13.2
      vertex 12.604166666666668 182.1 13.2
    endloop
  endfacet
  facet normal 0 1 0
    outer loop
      vertex 1.104166666666667 182.1 15.299999999999999
      vertex 1.104166666666667 182.1 17.5
      vertex 12.604166666666668 182.1 15.299999999999999
    endloop
  endfacet
  facet normal 0 0 -1
    outer loop
      vertex 1.104166666666667 180 13.2
      vertex 12.604166666666668 182.1 13.2
      vertex 12.604166666666668 180 13.2
    endloop
  endfacet
  facet normal 0 1 0
    outer loop
      vertex 1.104166666666667 182.1 17.5
      vertex 12.604166666666668 182.1 17.5
      vertex 12.604166666666668 182.1 15.299999999999999
    endloop
  endfacet
  facet normal 1 0 0
    outer loop
      vertex 12.604166666666668 180 13.2
      vertex 12.604166666666668 182.1 13.2
      vertex 12.604166666666668 182.1 15.183947368421052
    endloop
  endfacet
  facet normal 1 0 0
    outer loop
      vertex 12.604166666666668 180 13.2
      vertex 12.604166666666668 182.1 15.183947368421052
      vertex 12.604166666666668 180 15.299999999999999
    endloop
  endfacet
  facet normal 1 0 0
    outer loop
      vertex 12.604166666666668 180 15.299999999999999
      vertex 12.604166666666668 182.1 15.299999999999999
      vertex 12.604166666666668 182.1 17.5
    endloop
  endfacet
  facet normal 1 0 0
    outer loop
      vertex 12.604166666666668 180 15.299999999999999
      vertex 12.604166666666668 182.1 17.52
      vertex 12.604166666666668 180 17.52
    endloop
  endfacet
  facet normal 1 0 0
    outer loop
      vertex 12.604166666666668 180 15.299999999999999
      vertex 12.604166666666668 182.1 17.5
      vertex 12.604166666666668 182.1 17.52
    endloop
  endfacet
  facet normal -1 0 0
    outer loop
      vertex 1.104166666666667 182.1 17.5
      vertex 1.104166666666667 182.1 17.52
      vertex 1.104166666666667 215.9 17.5
    endloop
  endfacet
  facet normal -1 0 0
    outer loop
      vertex 1.104166666666667 180 17.52
      vertex 1.104166666666667 215.9 19.6
      vertex 1.104166666666667 182.1 17.52
    endloop
  endfacet
  facet normal -1 0 0
    outer loop
      vertex 1.104166666666667 180 17.52
      vertex 1.104166666666667 180 19.6
      vertex 1.104166666666667 215.9 19.6
    endloop
  endfacet
  facet normal -1 0 0
    outer loop
      vertex 1.104166666666667 182.1 17.52
      vertex 1.104166666666667 215.9 19.6
      vertex 1.104166666666667 215.9 17.5
    endloop
  endfacet
  facet normal 0 0 1
    outer loop
      vertex 1.104166666666667 180 19.6
      vertex 12.604166666666668 180 19.6
      vertex 1.104166666666667 215.9 19.6
    endloop
  endfacet
  facet normal 0 0 -1
    outer loop
      vertex 1.104166666666667 182.1 17.5
      vertex 1.104166666666667 215.9 17.5
      vertex 12.604166666666668 215.9 17.5
    endloop
  endfacet
  facet normal 0 0 -1
    outer loop
      vertex 1.104166666666667 182.1 17.5
      vertex 12.604166666666668 215.9 17.5
      vertex 12.604166666666668 182.1 17.5
    endloop
  endfacet
  facet normal 0 0 1
    outer loop
      vertex 1.104166666666667 215.9 19.6
      vertex 12.604166666666668 180 19.6
      vertex 12.604166666666668 215.9 19.6
    endloop
  endfacet
  facet normal 1 0 0
    outer loop
      vertex 12.604166666666668 180 17.52
      vertex 12.604166666666668 182.1 17.52
      vertex 12.604166666666668 180 19.6
    endloop
  endfacet
  facet normal 1 0 0
    outer loop
      vertex 12.604166666666668 182.1 17.5
      vertex 12.604166666666668 215.9 17.5
      vertex 12.604166666666668 182.1 17.52
    endloop
  endfacet
  facet normal 1 0 0
    outer loop
      vertex 12.604166666666668 182.1 17.52
      vertex 12.604166666666668 215.9 17.616052631578945
      vertex 12.604166666666668 180 19.6
    endloop
  endfacet
  facet normal 1 0 0
    outer loop
      vertex 12.604166666666668 180 19.6
      vertex 12.604166666666668 215.9 17.616052631578945
      vertex 12.604166666666668 215.9 19.6
    endloop
  endfacet
  facet normal 1 0 0
    outer loop
      vertex 12.604166666666668 182.1 17.52
      vertex 12.604166666666668 215.9 17.5
      vertex 12.604166666666668 215.9 17.616052631578945
    endloop
  endfacet
  facet normal 1 0 0
    outer loop
      vertex 12.604166666666668 218 17.5
      vertex 12.604166666666668 218 19.6
      vertex 12.604166666666668 215.9 17.616052631578945
    endloop
  endfacet
  facet normal 1 0 0
    outer loop
      vertex 12.604166666666668 215.9 17.616052631578945
      vertex 12.604166666666668 218 19.6
      vertex 12.604166666666668 215.9 19.6
    endloop
  endfacet
  facet normal -1 0 0
    outer loop
      vertex 1.104166666666667 215.9 17.5
      vertex 1.104166666666667 218 21.82
      vertex 1.104166666666667 218 17.5
    endloop
  endfacet
  facet normal -1 0 0
    outer loop
      vertex 1.104166666666667 215.9 17.5
      vertex 1.104166666666667 215.9 19.6
      vertex 1.104166666666667 218 21.82
    endloop
  endfacet
  facet normal -1 0 0
    outer loop
      vertex 1.104166666666667 215.9 19.6
      vertex 1.104166666666667 215.9 21.8
      vertex 1.104166666666667 218 21.82
    endloop
  endfacet
  facet normal 0 0 -1
    outer loop
      vertex 1.104166666666667 215.9 17.5
      vertex 1.104166666666667 218 17.5
      vertex 12.604166666666668 218 17.5
    endloop
  endfacet
  facet normal 0 1 0
    outer loop
      vertex 1.104166666666667 218 17.5
      vertex 1.104166666666667 218 21.82
      vertex 12.604166666666668 218 17.5
    endloop
  endfacet
  facet normal 0 -1 0
    outer loop
      vertex 1.104166666666667 215.9 19.6
      vertex 12.604166666666668 215.9 21.8
      vertex 1.104166666666667 215.9 21.8
    endloop
  endfacet
  facet normal -1 0 0
    outer loop
      vertex 1.104166666666667 215.9 21.8
      vertex 1.104166666666667 215.9 21.82
      vertex 1.104166666666667 218 21.82
    endloop
  endfacet
  facet normal 0 0 -1
    outer loop
      vertex 1.104166666666667 215.9 17.5
      vertex 12.604166666666668 218 17.5
      vertex 12.604166666666668 215.9 17.5
    endloop
  endfacet
  facet normal 0 1 0
    outer loop
      vertex 1.104166666666667 218 21.82
      vertex 12.604166666666668 218 19.6
      vertex 12.604166666666668 218 17.5
    endloop
  endfacet
  facet normal 0 -1 0
    outer loop
      vertex 1.104166666666667 215.9 19.6
      vertex 12.604166666666668 215.9 19.6
      vertex 12.604166666666668 215.9 21.8
    endloop
  endfacet
  facet normal 0 1 0
    outer loop
      vertex 1.104166666666667 218 21.82
      vertex 12.604166666666668 218 21.8
      vertex 12.604166666666668 218 19.6
    endloop
  endfacet
  facet normal 0 1 0
    outer loop
      vertex 1.104166666666667 218 21.82
      vertex 12.604166666666668 218 21.82
      vertex 12.604166666666668 218 21.8
    endloop
  endfacet
  facet normal 1 0 0
    outer loop
      vertex 12.604166666666668 215.9 17.5
      vertex 12.604166666666668 218 17.5
      vertex 12.604166666666668 215.9 17.616052631578945
    endloop
  endfacet
  facet normal 1 0 0
    outer loop
      vertex 12.604166666666668 215.9 19.6
      vertex 12.604166666666668 218 19.6
      vertex 12.604166666666668 217.63809523809525 21.82
    endloop
  endfacet
  facet normal 1 0 0
    outer loop
      vertex 12.604166666666668 215.9 19.6
      vertex 12.604166666666668 217.63809523809525 21.82
      vertex 12.604166666666668 215.9 21.8
    endloop
  endfacet
  facet normal 1 0 0
    outer loop
      vertex 12.604166666666668 218 19.6
      vertex 12.604166666666668 218 21.8
      vertex 12.604166666666668 217.63809523809525 21.82
    endloop
  endfacet
  facet normal 1 0 0
    outer loop
      vertex 12.604166666666668 215.9 21.8
      vertex 12.604166666666668 217.63809523809525 21.82
      vertex 12.604166666666668 215.9 21.82
    endloop
  endfacet
  facet normal -1 0 0
    outer loop
      vertex 1.104166666666667 182.1 21.8
      vertex 1.104166666666667 182.1 23.900000000000002
      vertex 1.104166666666667 215.9 21.82
    endloop
  endfacet
  facet normal -1 0 0
    outer loop
      vertex 1.104166666666667 182.1 21.8
      vertex 1.104166666666667 215.9 21.82
      vertex 1.104166666666667 215.9 21.8
    endloop
  endfacet
  facet normal -1 0 0
    outer loop
      vertex 1.104166666666667 182.1 23.900000000000002
      vertex 1.104166666666667 218 23.900000000000002
      vertex 1.104166666666667 215.9 21.82
    endloop
  endfacet
  facet normal -1 0 0
    outer loop
      vertex 1.104166666666667 215.9 21.82
      vertex 1.104166666666667 218 23.900000000000002
      vertex 1.104166666666667 218 21.82
    endloop
  endfacet
  facet normal 0 0 1
    outer loop
      vertex 1.104166666666667 182.1 23.900000000000002
      vertex 12.604166666666668 182.1 23.900000000000002
      vertex 1.104166666666667 218 23.900000000000002
    endloop
  endfacet
  facet normal 0 0 -1
    outer loop
      vertex 1.104166666666667 182.1 21.8
      vertex 1.104166666666667 215.9 21.8
      vertex 12.604166666666668 215.9 21.8
    endloop
  endfacet
  facet normal 0 1 0
    outer loop
      vertex 1.104166666666667 218 21.82
      vertex 1.104166666666667 218 23.900000000000002
      vertex 12.604166666666668 218 23.900000000000002
    endloop
  endfacet
  facet normal 0 0 -1
    outer loop
      vertex 1.104166666666667 182.1 21.8
      vertex 12.604166666666668 215.9 21.8
      vertex 12.604166666666668 182.1 21.8
    endloop
  endfacet
  facet normal 0 0 1
    outer loop
      vertex 1.104166666666667 218 23.900000000000002
      vertex 12.604166666666668 182.1 23.900000000000002
      vertex 12.604166666666668 218 23.900000000000002
    endloop
  endfacet
  facet normal 0 1 0
    outer loop
      vertex 1.104166666666667 218 21.82
      vertex 12.604166666666668 218 23.900000000000002
      vertex 12.604166666666668 218 21.82
    endloop
  endfacet
  facet normal 1 0 0
    outer loop
      vertex 12.604166666666668 180 23.900000000000002
      vertex 12.604166666666668 181.25062529940013 23.830886496612102
      vertex 12.604166666666668 181.31973880278804 23.900000000000002
    endloop
  endfacet
  facet normal 1 0 0
    outer loop
      vertex 12.604166666666668 182.26754759657547 23.659869401394033
      vertex 12.604166666666668 182.1 23.900000000000002
      vertex 12.604166666666668 182.0274169979695 23.900000000000002
    endloop
  endfacet
  facet normal 1 0 0
    outer loop
      vertex 12.604166666666668 182.1 21.8
      vertex 12.604166666666668 215.9 21.82
      vertex 12.604166666666668 182.1 23.492321804818555
    endloop
  endfacet
  facet normal 1 0 0
    outer loop
      vertex 12.604166666666668 182.1 23.492321804818555
      vertex 12.604166666666668 215.9 21.82
      vertex 12.604166666666668 182.26754759657547 23.659869401394033
    endloop
  endfacet
  facet normal 1 0 0
    outer loop
      vertex 12.604166666666668 182.26754759657547 23.659869401394033
      vertex 12.604166666666668 218 23.900000000000002
      vertex 12.604166666666668 182.1 23.900000000000002
    endloop
  endfacet
  facet normal 1 0 0
    outer loop
      vertex 12.604166666666668 182.1 21.8
      vertex 12.604166666666668 215.9 21.8
      vertex 12.604166666666668 215.9 21.82
    endloop
  endfacet
  facet normal 1 0 0
    outer loop
      vertex 12.604166666666668 182.26754759657547 23.659869401394033
      vertex 12.604166666666668 215.9 21.82
      vertex 12.604166666666668 217.63809523809525 21.82
    endloop
  endfacet
  facet normal 1 0 0
    outer loop
      vertex 12.604166666666668 182.26754759657547 23.659869401394033
      vertex 12.604166666666668 217.63809523809525 21.82
      vertex 12.604166666666668 218 23.900000000000002
    endloop
  endfacet
  facet normal 1 0 0
    outer loop
      vertex 12.604166666666668 218 21.8
      vertex 12.604166666666668 218 21.82
      vertex 12.604166666666668 217.63809523809525 21.82
    endloop
  endfacet
  facet normal 1 0 0
    outer loop
      vertex 12.604166666666668 217.63809523809525 21.82
      vertex 12.604166666666668 218 21.82
      vertex 12.604166666666668 218 23.900000000000002
    endloop
  endfacet
  facet normal -1 0 0
    outer loop
      vertex 1.104166666666667 180 21.8
      vertex 1.104166666666667 182.1 23.900000000000002
      vertex 1.104166666666667 182.1 21.8
    endloop
  endfacet
  facet normal -1 0 0
    outer loop
      vertex 1.104166666666667 180 21.8
      vertex 1.104166666666667 182.1 26.1
      vertex 1.104166666666667 182.1 23.900000000000002
    endloop
  endfacet
  facet normal -1 0 0
    outer loop
      vertex 1.104166666666667 180 21.8
      vertex 1.104166666666667 180 26.12
      vertex 1.104166666666667 182.1 26.12
    endloop
  endfacet
  facet normal -1 0 0
    outer loop
      vertex 1.104166666666667 180 21.8
      vertex 1.104166666666667 182.1 26.12
      vertex 1.104166666666667 182.1 26.1
    endloop
  endfacet
  facet normal 0 0 -1
    outer loop
      vertex 1.104166666666667 180 21.8
      vertex 4.054166666666667 180.40767819518143 21.8
      vertex 4.054166666666667 180 21.8
    endloop
  endfacet
  facet normal 0 0 -1
    outer loop
      vertex 1.104166666666667 180 21.8
      vertex 1.104166666666667 182.1 21.8
      vertex 12.604166666666668 182.1 21.8
    endloop
  endfacet
  facet normal 0 1 0
    outer loop
      vertex 1.104166666666667 182.1 23.900000000000002
      vertex 1.104166666666667 182.1 26.1
      vertex 12.604166666666668 182.1 23.900000000000002
    endloop
  endfacet
  facet normal 0 0 -1
    outer loop
      vertex 1.104166666666667 180 21.8
      vertex 12.604166666666668 182.1 21.8
      vertex 4.054166666666667 180.40767819518143 21.8
    endloop
  endfacet
  facet normal 0 0 -1
    outer loop
      vertex 6.554166666666667 180 21.8
      vertex 6.554166666666667 180.40767819518143 21.8
      vertex 10.254166666666666 180.40767819518143 21.8
    endloop
  endfacet
  facet normal 0 0 -1
    outer loop
      vertex 4.054166666666667 180.40767819518143 21.8
      vertex 12.604166666666668 182.1 21.8
      vertex 6.554166666666667 180.40767819518143 21.8
    endloop
  endfacet
  facet normal 0 1 0
    outer loop
      vertex 1.104166666666667 182.1 26.1
      vertex 12.604166666666668 182.1 26.1
      vertex 12.604166666666668 182.1 23.900000000000002
    endloop
  endfacet
  facet normal 0 0 -1
    outer loop
      vertex 6.554166666666667 180 21.8
      vertex 10.254166666666666 180.40767819518143 21.8
      vertex 10.254166666666666 180 21.8
    endloop
  endfacet
  facet normal 0 0 -1
    outer loop
      vertex 6.554166666666667 180.40767819518143 21.8
      vertex 12.604166666666668 182.1 21.8
      vertex 10.254166666666666 180.40767819518143 21.8
    endloop
  endfacet
  facet normal 0 0 -1
    outer loop
      vertex 10.254166666666666 180.40767819518143 21.8
      vertex 12.604166666666668 182.1 21.8
      vertex 12.604166666666668 180.40767819518143 21.8
    endloop
  endfacet
  facet normal 1 0 0
    outer loop
      vertex 12.604166666666668 180.40767819518143 21.8
      vertex 12.604166666666668 182.1 21.8
      vertex 12.604166666666668 182.1 23.492321804818555
    endloop
  endfacet
  facet normal 1 0 0
    outer loop
      vertex 12.604166666666668 180 22.580261197211964
      vertex 12.604166666666668 181.25062529940013 23.830886496612102
      vertex 12.604166666666668 180 23.900000000000002
    endloop
  endfacet
  facet normal 1 0 0
    outer loop
      vertex 12.604166666666668 180 23.900000000000002
      vertex 12.604166666666668 181.31973880278804 23.900000000000002
      vertex 12.604166666666668 182.1 26.1
    endloop
  endfacet
  facet normal 1 0 0
    outer loop
      vertex 12.604166666666668 182.0274169979695 23.900000000000002
      vertex 12.604166666666668 182.1 23.900000000000002
      vertex 12.604166666666668 182.1 26.1
    endloop
  endfacet
  facet normal 1 0 0
    outer loop
      vertex 12.604166666666668 181.31973880278804 23.900000000000002
      vertex 12.604166666666668 181.67357790037877 24.253839097590735
      vertex 12.604166666666668 182.1 26.1
    endloop
  endfacet
  facet normal 1 0 0
    outer loop
      vertex 12.604166666666668 182.0274169979695 23.900000000000002
      vertex 12.604166666666668 182.1 26.1
      vertex 12.604166666666668 181.67357790037877 24.253839097590735
    endloop
  endfacet
  facet normal 1 0 0
    outer loop
      vertex 12.604166666666668 180 23.900000000000002
      vertex 12.604166666666668 182.1 26.12
      vertex 12.604166666666668 180 26.12
    endloop
  endfacet
  facet normal 1 0 0
    outer loop
      vertex 12.604166666666668 180 23.900000000000002
      vertex 12.604166666666668 182.1 26.1
      vertex 12.604166666666668 182.1 26.12
    endloop
  endfacet
  facet normal -1 0 0
    outer loop
      vertex 1.104166666666667 182.1 26.1
      vertex 1.104166666666667 182.1 26.12
      vertex 1.104166666666667 215.9 26.1
    endloop
  endfacet
  facet normal -1 0 0
    outer loop
      vertex 1.104166666666667 180 26.12
      vertex 1.104166666666667 215.9 28.200000000000003
      vertex 1.104166666666667 182.1 26.12
    endloop
  endfacet
  facet normal -1 0 0
    outer loop
      vertex 1.104166666666667 180 26.12
      vertex 1.104166666666667 180 28.200000000000003
      vertex 1.104166666666667 215.9 28.200000000000003
    endloop
  endfacet
  facet normal -1 0 0
    outer loop
      vertex 1.104166666666667 182.1 26.12
      vertex 1.104166666666667 215.9 28.200000000000003
      vertex 1.104166666666667 215.9 26.1
    endloop
  endfacet
  facet normal 0 0 1
    outer loop
      vertex 1.104166666666667 180 28.200000000000003
      vertex 12.604166666666668 180 28.200000000000003
      vertex 1.104166666666667 215.9 28.200000000000003
    endloop
  endfacet
  facet normal 0 0 -1
    outer loop
      vertex 1.104166666666667 182.1 26.1
      vertex 1.104166666666667 215.9 26.1
      vertex 12.604166666666668 215.9 26.1
    endloop
  endfacet
  facet normal 0 0 -1
    outer loop
      vertex 1.104166666666667 182.1 26.1
      vertex 12.604166666666668 215.9 26.1
      vertex 12.604166666666668 182.1 26.1
    endloop
  endfacet
  facet normal 0 0 1
    outer loop
      vertex 1.104166666666667 215.9 28.200000000000003
      vertex 12.604166666666668 180 28.200000000000003
      vertex 12.604166666666668 215.9 28.200000000000003
    endloop
  endfacet
  facet normal 1 0 0
    outer loop
      vertex 12.604166666666668 180 26.12
      vertex 12.604166666666668 182.1 26.12
      vertex 12.604166666666668 180 28.200000000000003
    endloop
  endfacet
  facet normal 1 0 0
    outer loop
      vertex 12.604166666666668 182.1 26.1
      vertex 12.604166666666668 215.9 26.1
      vertex 12.604166666666668 182.1 26.12
    endloop
  endfacet
  facet normal 1 0 0
    outer loop
      vertex 12.604166666666668 182.1 26.12
      vertex 12.604166666666668 215.9 26.216052631578947
      vertex 12.604166666666668 180 28.200000000000003
    endloop
  endfacet
  facet normal 1 0 0
    outer loop
      vertex 12.604166666666668 180 28.200000000000003
      vertex 12.604166666666668 215.9 26.216052631578947
      vertex 12.604166666666668 215.9 28.200000000000003
    endloop
  endfacet
  facet normal 1 0 0
    outer loop
      vertex 12.604166666666668 182.1 26.12
      vertex 12.604166666666668 215.9 26.1
      vertex 12.604166666666668 215.9 26.216052631578947
    endloop
  endfacet
  facet normal 1 0 0
    outer loop
      vertex 12.604166666666668 215.9 26.216052631578947
      vertex 12.604166666666668 218 26.1
      vertex 12.604166666666668 218 28.200000000000003
    endloop
  endfacet
  facet normal 1 0 0
    outer loop
      vertex 12.604166666666668 215.9 26.216052631578947
      vertex 12.604166666666668 218 28.200000000000003
      vertex 12.604166666666668 215.9 28.200000000000003
    endloop
  endfacet
  facet normal -1 0 0
    outer loop
      vertex 1.104166666666667 215.9 26.1
      vertex 1.104166666666667 218 30.42
      vertex 1.104166666666667 218 26.1
    endloop
  endfacet
  facet normal -1 0 0
    outer loop
      vertex 1.104166666666667 215.9 26.1
      vertex 1.104166666666667 215.9 28.200000000000003
      vertex 1.104166666666667 218 30.42
    endloop
  endfacet
  facet normal -1 0 0
    outer loop
      vertex 1.104166666666667 215.9 28.200000000000003
      vertex 1.104166666666667 215.9 30.400000000000002
      vertex 1.104166666666667 218 30.42
    endloop
  endfacet
  facet normal -1 0 0
    outer loop
      vertex 1.104166666666667 215.9 30.400000000000002
      vertex 1.104166666666667 215.9 30.42
      vertex 1.104166666666667 218 30.42
    endloop
  endfacet
  facet normal 0 0 -1
    outer loop
      vertex 1.104166666666667 215.9 26.1
      vertex 1.104166666666667 218 26.1
      vertex 12.604166666666668 218 26.1
    endloop
  endfacet
  facet normal 0 1 0
    outer loop
      vertex 1.104166666666667 218 26.1
      vertex 1.104166666666667 218 30.42
      vertex 12.604166666666668 218 26.1
    endloop
  endfacet
  facet normal 0 -1 0
    outer loop
      vertex 1.104166666666667 215.9 28.200000000000003
      vertex 12.604166666666668 215.9 30.400000000000002
      vertex 1.104166666666667 215.9 30.400000000000002
    endloop
  endfacet
  facet normal 0 0 -1
    outer loop
      vertex 1.104166666666667 215.9 26.1
      vertex 12.604166666666668 218 26.1
      vertex 12.604166666666668 215.9 26.1
    endloop
  endfacet
  facet normal 0 -1 0
    outer loop
      vertex 1.104166666666667 215.9 28.200000000000003
      vertex 12.604166666666668 215.9 28.200000000000003
      vertex 12.604166666666668 215.9 30.400000000000002
    endloop
  endfacet
  facet normal 0 1 0
    outer loop
      vertex 1.104166666666667 218 30.42
      vertex 12.604166666666668 218 28.200000000000003
      vertex 12.604166666666668 218 26.1
    endloop
  endfacet
  facet normal 0 1 0
    outer loop
      vertex 1.104166666666667 218 30.42
      vertex 12.604166666666668 218 30.400000000000002
      vertex 12.604166666666668 218 28.200000000000003
    endloop
  endfacet
  facet normal 0 1 0
    outer loop
      vertex 1.104166666666667 218 30.42
      vertex 12.604166666666668 218 30.42
      vertex 12.604166666666668 218 30.400000000000002
    endloop
  endfacet
  facet normal 1 0 0
    outer loop
      vertex 12.604166666666668 215.9 26.1
      vertex 12.604166666666668 218 26.1
      vertex 12.604166666666668 215.9 26.216052631578947
    endloop
  endfacet
  facet normal 1 0 0
    outer loop
      vertex 12.604166666666668 215.9 28.200000000000003
      vertex 12.604166666666668 218 28.200000000000003
      vertex 12.604166666666668 217.63809523809525 30.42
    endloop
  endfacet
  facet normal 1 0 0
    outer loop
      vertex 12.604166666666668 215.9 28.200000000000003
      vertex 12.604166666666668 217.63809523809525 30.42
      vertex 12.604166666666668 215.9 30.400000000000002
    endloop
  endfacet
  facet normal 1 0 0
    outer loop
      vertex 12.604166666666668 218 28.200000000000003
      vertex 12.604166666666668 218 30.400000000000002
      vertex 12.604166666666668 217.63809523809525 30.42
    endloop
  endfacet
  facet normal 1 0 0
    outer loop
      vertex 12.604166666666668 215.9 30.400000000000002
      vertex 12.604166666666668 217.63809523809525 30.42
      vertex 12.604166666666668 215.9 30.42
    endloop
  endfacet
  facet normal -1 0 0
    outer loop
      vertex 1.104166666666667 182.1 30.400000000000002
      vertex 1.104166666666667 182.1 32.5
      vertex 1.104166666666667 215.9 30.42
    endloop
  endfacet
  facet normal -1 0 0
    outer loop
      vertex 1.104166666666667 182.1 30.400000000000002
      vertex 1.104166666666667 215.9 30.42
      vertex 1.104166666666667 215.9 30.400000000000002
    endloop
  endfacet
  facet normal -1 0 0
    outer loop
      vertex 1.104166666666667 215.9 30.42
      vertex 1.104166666666667 218 32.5
      vertex 1.104166666666667 218 30.42
    endloop
  endfacet
  facet normal -1 0 0
    outer loop
      vertex 1.104166666666667 182.1 32.5
      vertex 1.104166666666667 218 32.5
      vertex 1.104166666666667 215.9 30.42
    endloop
  endfacet
  facet normal 0 0 1
    outer loop
      vertex 1.104166666666667 182.1 32.5
      vertex 12.604166666666668 182.1 32.5
      vertex 1.104166666666667 218 32.5
    endloop
  endfacet
  facet normal 0 0 -1
    outer loop
      vertex 1.104166666666667 182.1 30.400000000000002
      vertex 1.104166666666667 215.9 30.400000000000002
      vertex 12.604166666666668 215.9 30.400000000000002
    endloop
  endfacet
  facet normal 0 1 0
    outer loop
      vertex 1.104166666666667 218 30.42
      vertex 1.104166666666667 218 32.5
      vertex 12.604166666666668 218 32.5
    endloop
  endfacet
  facet normal 0 0 -1
    outer loop
      vertex 1.104166666666667 182.1 30.400000000000002
      vertex 12.604166666666668 215.9 30.400000000000002
      vertex 12.604166666666668 182.1 30.400000000000002
    endloop
  endfacet
  facet normal 0 1 0
    outer loop
      vertex 1.104166666666667 218 30.42
      vertex 12.604166666666668 218 32.5
      vertex 12.604166666666668 218 30.42
    endloop
  endfacet
  facet normal 0 0 1
    outer loop
      vertex 1.104166666666667 218 32.5
      vertex 12.604166666666668 182.1 32.5
      vertex 12.604166666666668 218 32.5
    endloop
  endfacet
  facet normal 1 0 0
    outer loop
      vertex 12.604166666666668 180 32.5
      vertex 12.604166666666668 182.1 32.383947368421055
      vertex 12.604166666666668 182.1 32.5
    endloop
  endfacet
  facet normal 1 0 0
    outer loop
      vertex 12.604166666666668 182.1 30.400000000000002
      vertex 12.604166666666668 215.9 30.42
      vertex 12.604166666666668 182.1 32.383947368421055
    endloop
  endfacet
  facet normal 1 0 0
    outer loop
      vertex 12.604166666666668 182.1 32.383947368421055
      vertex 12.604166666666668 218 32.5
      vertex 12.604166666666668 182.1 32.5
    endloop
  endfacet
  facet normal 1 0 0
    outer loop
      vertex 12.604166666666668 182.1 30.400000000000002
      vertex 12.604166666666668 215.9 30.400000000000002
      vertex 12.604166666666668 215.9 30.42
    endloop
  endfacet
  facet normal 1 0 0
    outer loop
      vertex 12.604166666666668 182.1 32.383947368421055
      vertex 12.604166666666668 215.9 30.42
      vertex 12.604166666666668 217.63809523809525 30.42
    endloop
  endfacet
  facet normal 1 0 0
    outer loop
      vertex 12.604166666666668 217.63809523809525 30.42
      vertex 12.604166666666668 218 30.400000000000002
      vertex 12.604166666666668 218 30.42
    endloop
  endfacet
  facet normal 1 0 0
    outer loop
      vertex 12.604166666666668 217.63809523809525 30.42
      vertex 12.604166666666668 218 30.42
      vertex 12.604166666666668 218 32.5
    endloop
  endfacet
  facet normal 1 0 0
    outer loop
      vertex 12.604166666666668 182.1 32.383947368421055
      vertex 12.604166666666668 217.63809523809525 30.42
      vertex 12.604166666666668 218 32.5
    endloop
  endfacet
  facet normal -1 0 0
    outer loop
      vertex 1.104166666666667 180 30.400000000000002
      vertex 1.104166666666667 182.1 32.5
      vertex 1.104166666666667 182.1 30.400000000000002
    endloop
  endfacet
  facet normal -1 0 0
    outer loop
      vertex 1.104166666666667 180 30.400000000000002
      vertex 1.104166666666667 182.1 34.7
      vertex 1.104166666666667 182.1 32.5
    endloop
  endfacet
  facet normal -1 0 0
    outer loop
      vertex 1.104166666666667 180 30.400000000000002
      vertex 1.104166666666667 180 34.72
      vertex 1.104166666666667 182.1 34.72
    endloop
  endfacet
  facet normal -1 0 0
    outer loop
      vertex 1.104166666666667 180 30.400000000000002
      vertex 1.104166666666667 182.1 34.72
      vertex 1.104166666666667 182.1 34.7
    endloop
  endfacet
  facet normal 0 0 -1
    outer loop
      vertex 1.104166666666667 180 30.400000000000002
      vertex 1.104166666666667 182.1 30.400000000000002
      vertex 12.604166666666668 182.1 30.400000000000002
    endloop
  endfacet
  facet normal 0 1 0
    outer loop
      vertex 1.104166666666667 182.1 32.5
      vertex 1.104166666666667 182.1 34.7
      vertex 12.604166666666668 182.1 32.5
    endloop
  endfacet
  facet normal 0 0 -1
    outer loop
      vertex 1.104166666666667 180 30.400000000000002
      vertex 12.604166666666668 182.1 30.400000000000002
      vertex 12.604166666666668 180 30.400000000000002
    endloop
  endfacet
  facet normal 0 1 0
    outer loop
      vertex 1.104166666666667 182.1 34.7
      vertex 12.604166666666668 182.1 34.7
      vertex 12.604166666666668 182.1 32.5
    endloop
  endfacet
  facet normal 1 0 0
    outer loop
      vertex 12.604166666666668 180 30.400000000000002
      vertex 12.604166666666668 182.1 30.400000000000002
      vertex 12.604166666666668 182.1 32.383947368421055
    endloop
  endfacet
  facet normal 1 0 0
    outer loop
      vertex 12.604166666666668 180 30.400000000000002
      vertex 12.604166666666668 182.1 32.383947368421055
      vertex 12.604166666666668 180 32.5
    endloop
  endfacet
  facet normal 1 0 0
    outer loop
      vertex 12.604166666666668 180 32.5
      vertex 12.604166666666668 182.1 32.5
      vertex 12.604166666666668 182.1 34.7
    endloop
  endfacet
  facet normal 1 0 0
    outer loop
      vertex 12.604166666666668 180 32.5
      vertex 12.604166666666668 182.1 34.7
      vertex 12.604166666666668 182.1 34.72
    endloop
  endfacet
  facet normal 1 0 0
    outer loop
      vertex 12.604166666666668 180 32.5
      vertex 12.604166666666668 182.1 34.72
      vertex 12.604166666666668 180 34.72
    endloop
  endfacet
  facet normal -1 0 0
    outer loop
      vertex 1.104166666666667 182.1 34.7
      vertex 1.104166666666667 182.1 34.72
      vertex 1.104166666666667 215.9 34.7
    endloop
  endfacet
  facet normal 0 0 -1
    outer loop
      vertex 1.104166666666667 182.1 34.7
      vertex 1.104166666666667 215.9 34.7
      vertex 12.604166666666668 215.9 34.7
    endloop
  endfacet
  facet normal 0 0 -1
    outer loop
      vertex 1.104166666666667 182.1 34.7
      vertex 12.604166666666668 215.9 34.7
      vertex 12.604166666666668 182.1 34.7
    endloop
  endfacet
  facet normal -1 0 0
    outer loop
      vertex 1.104166666666667 180 34.72
      vertex 1.104166666666667 180 36
      vertex 1.104166666666667 215.9 36.800000000000004
    endloop
  endfacet
  facet normal -1 0 0
    outer loop
      vertex 1.104166666666667 180 34.72
      vertex 1.104166666666667 215.9 36.800000000000004
      vertex 1.104166666666667 182.1 34.72
    endloop
  endfacet
  facet normal -1 0 0
    outer loop
      vertex 1.104166666666667 180 36
      vertex 1.104166666666667 180 36.800000000000004
      vertex 1.104166666666667 215.9 36.800000000000004
    endloop
  endfacet
  facet normal -1 0 0
    outer loop
      vertex 1.104166666666667 182.1 34.72
      vertex 1.104166666666667 215.9 36.800000000000004
      vertex 1.104166666666667 215.9 34.7
    endloop
  endfacet
  facet normal 0 -1 0
    outer loop
      vertex 1.104166666666667 180 36
      vertex 12.604166666666668 180 36
      vertex 1.104166666666667 180 36.800000000000004
    endloop
  endfacet
  facet normal 0 0 1
    outer loop
      vertex 1.104166666666667 180 36.800000000000004
      vertex 12.604166666666668 180 36.800000000000004
      vertex 1.104166666666667 215.9 36.800000000000004
    endloop
  endfacet
  facet normal 0 -1 0
    outer loop
      vertex 1.104166666666667 180 36.800000000000004
      vertex 12.604166666666668 180 36
      vertex 12.604166666666668 180 36.800000000000004
    endloop
  endfacet
  facet normal 0 0 1
    outer loop
      vertex 1.104166666666667 215.9 36.800000000000004
      vertex 12.604166666666668 180 36.800000000000004
      vertex 12.604166666666668 215.9 36.800000000000004
    endloop
  endfacet
  facet normal 1 0 0
    outer loop
      vertex 12.604166666666668 180 34.72
      vertex 12.604166666666668 182.1 34.72
      vertex 12.604166666666668 180 36
    endloop
  endfacet
  facet normal 1 0 0
    outer loop
      vertex 12.604166666666668 182.1 34.7
      vertex 12.604166666666668 215.9 34.7
      vertex 12.604166666666668 182.1 34.72
    endloop
  endfacet
  facet normal 1 0 0
    outer loop
      vertex 12.604166666666668 182.1 34.72
      vertex 12.604166666666668 215.9 34.7
      vertex 12.604166666666668 215.9 34.81605263157895
    endloop
  endfacet
  facet normal 1 0 0
    outer loop
      vertex 12.604166666666668 182.1 34.72
      vertex 12.604166666666668 180 36.800000000000004
      vertex 12.604166666666668 180 36
    endloop
  endfacet
  facet normal 1 0 0
    outer loop
      vertex 12.604166666666668 182.1 34.72
      vertex 12.604166666666668 215.9 34.81605263157895
      vertex 12.604166666666668 180 36.800000000000004
    endloop
  endfacet
  facet normal 1 0 0
    outer loop
      vertex 12.604166666666668 215.9 34.81605263157895
      vertex 12.604166666666668 215.9 36.800000000000004
      vertex 12.604166666666668 180 36.800000000000004
    endloop
  endfacet
  facet normal 1 0 0
    outer loop
      vertex 12.604166666666668 215.9 34.81605263157895
      vertex 12.604166666666668 218 34.7
      vertex 12.604166666666668 218 36.800000000000004
    endloop
  endfacet
  facet normal 1 0 0
    outer loop
      vertex 12.604166666666668 215.9 34.81605263157895
      vertex 12.604166666666668 218 36.800000000000004
      vertex 12.604166666666668 215.9 36.800000000000004
    endloop
  endfacet
  facet normal 0 0 -1
    outer loop
      vertex 1.104166666666667 215.9 34.7
      vertex 1.104166666666667 218 34.7
      vertex 12.604166666666668 218 34.7
    endloop
  endfacet
  facet normal 0 0 -1
    outer loop
      vertex 1.104166666666667 215.9 34.7
      vertex 12.604166666666668 218 34.7
      vertex 12.604166666666668 215.9 34.7
    endloop
  endfacet
  facet normal -1 0 0
    outer loop
      vertex 1.104166666666667 215.9 34.7
      vertex 1.104166666666667 218 39.02
      vertex 1.104166666666667 218 34.7
    endloop
  endfacet
  facet normal -1 0 0
    outer loop
      vertex 1.104166666666667 215.9 34.7
      vertex 1.104166666666667 215.9 36.800000000000004
      vertex 1.104166666666667 218 39.02
    endloop
  endfacet
  facet normal -1 0 0
    outer loop
      vertex 1.104166666666667 215.9 36.800000000000004
      vertex 1.104166666666667 215.9 39
      vertex 1.104166666666667 218 39.02
    endloop
  endfacet
  facet normal -1 0 0
    outer loop
      vertex 1.104166666666667 215.9 39
      vertex 1.104166666666667 215.9 39.02
      vertex 1.104166666666667 218 39.02
    endloop
  endfacet
  facet normal 0 1 0
    outer loop
      vertex 1.104166666666667 218 34.7
      vertex 1.104166666666667 218 39.02
      vertex 12.604166666666668 218 34.7
    endloop
  endfacet
  facet normal 0 -1 0
    outer loop
      vertex 1.104166666666667 215.9 36.800000000000004
      vertex 12.604166666666668 215.9 39
      vertex 1.104166666666667 215.9 39
    endloop
  endfacet
  facet normal 0 1 0
    outer loop
      vertex 1.104166666666667 218 39.02
      vertex 12.604166666666668 218 36.800000000000004
      vertex 12.604166666666668 218 34.7
    endloop
  endfacet
  facet normal 0 -1 0
    outer loop
      vertex 1.104166666666667 215.9 36.800000000000004
      vertex 12.604166666666668 215.9 36.800000000000004
      vertex 12.604166666666668 215.9 39
    endloop
  endfacet
  facet normal 0 1 0
    outer loop
      vertex 1.104166666666667 218 39.02
      vertex 12.604166666666668 218 39
      vertex 12.604166666666668 218 36.800000000000004
    endloop
  endfacet
  facet normal 0 1 0
    outer loop
      vertex 1.104166666666667 218 39.02
      vertex 12.604166666666668 218 39.02
      vertex 12.604166666666668 218 39
    endloop
  endfacet
  facet normal 1 0 0
    outer loop
      vertex 12.604166666666668 215.9 34.7
      vertex 12.604166666666668 218 34.7
      vertex 12.604166666666668 215.9 34.81605263157895
    endloop
  endfacet
  facet normal 1 0 0
    outer loop
      vertex 12.604166666666668 215.9 36.800000000000004
      vertex 12.604166666666668 218 36.800000000000004
      vertex 12.604166666666668 217.6380952380952 39.02
    endloop
  endfacet
  facet normal 1 0 0
    outer loop
      vertex 12.604166666666668 215.9 36.800000000000004
      vertex 12.604166666666668 217.6380952380952 39.02
      vertex 12.604166666666668 215.9 39
    endloop
  endfacet
  facet normal 1 0 0
    outer loop
      vertex 12.604166666666668 218 36.800000000000004
      vertex 12.604166666666668 218 39
      vertex 12.604166666666668 217.6380952380952 39.02
    endloop
  endfacet
  facet normal 1 0 0
    outer loop
      vertex 12.604166666666668 215.9 39
      vertex 12.604166666666668 217.6380952380952 39.02
      vertex 12.604166666666668 215.9 39.02
    endloop
  endfacet
  facet normal -1 0 0
    outer loop
      vertex 1.104166666666667 182.1 39
      vertex 1.104166666666667 182.1 41.1
      vertex 1.104166666666667 215.9 39.02
    endloop
  endfacet
  facet normal -1 0 0
    outer loop
      vertex 1.104166666666667 182.1 39
      vertex 1.104166666666667 215.9 39.02
      vertex 1.104166666666667 215.9 39
    endloop
  endfacet
  facet normal -1 0 0
    outer loop
      vertex 1.104166666666667 182.1 41.1
      vertex 1.104166666666667 218 41.1
      vertex 1.104166666666667 215.9 39.02
    endloop
  endfacet
  facet normal -1 0 0
    outer loop
      vertex 1.104166666666667 215.9 39.02
      vertex 1.104166666666667 218 41.1
      vertex 1.104166666666667 218 39.02
    endloop
  endfacet
  facet normal 0 0 1
    outer loop
      vertex 1.104166666666667 182.1 41.1
      vertex 12.604166666666668 182.1 41.1
      vertex 1.104166666666667 218 41.1
    endloop
  endfacet
  facet normal 0 0 -1
    outer loop
      vertex 1.104166666666667 182.1 39
      vertex 1.104166666666667 215.9 39
      vertex 12.604166666666668 215.9 39
    endloop
  endfacet
  facet normal 0 1 0
    outer loop
      vertex 1.104166666666667 218 39.02
      vertex 1.104166666666667 218 41.1
      vertex 12.604166666666668 218 41.1
    endloop
  endfacet
  facet normal 0 0 -1
    outer loop
      vertex 1.104166666666667 182.1 39
      vertex 12.604166666666668 215.9 39
      vertex 12.604166666666668 182.1 39
    endloop
  endfacet
  facet normal 0 0 1
    outer loop
      vertex 1.104166666666667 218 41.1
      vertex 12.604166666666668 182.1 41.1
      vertex 12.604166666666668 218 41.1
    endloop
  endfacet
  facet normal 0 1 0
    outer loop
      vertex 1.104166666666667 218 39.02
      vertex 12.604166666666668 218 41.1
      vertex 12.604166666666668 218 39.02
    endloop
  endfacet
  facet normal 1 0 0
    outer loop
      vertex 12.604166666666668 180 41.1
      vertex 12.604166666666668 182.1 40.983947368421056
      vertex 12.604166666666668 182.1 41.1
    endloop
  endfacet
  facet normal 1 0 0
    outer loop
      vertex 12.604166666666668 182.1 39
      vertex 12.604166666666668 215.9 39.02
      vertex 12.604166666666668 182.1 40.983947368421056
    endloop
  endfacet
  facet normal 1 0 0
    outer loop
      vertex 12.604166666666668 182.1 40.983947368421056
      vertex 12.604166666666668 218 41.1
      vertex 12.604166666666668 182.1 41.1
    endloop
  endfacet
  facet normal 1 0 0
    outer loop
      vertex 12.604166666666668 182.1 39
      vertex 12.604166666666668 215.9 39
      vertex 12.604166666666668 215.9 39.02
    endloop
  endfacet
  facet normal 1 0 0
    outer loop
      vertex 12.604166666666668 182.1 40.983947368421056
      vertex 12.604166666666668 215.9 39.02
      vertex 12.604166666666668 217.6380952380952 39.02
    endloop
  endfacet
  facet normal 1 0 0
    outer loop
      vertex 12.604166666666668 182.1 40.983947368421056
      vertex 12.604166666666668 217.6380952380952 39.02
      vertex 12.604166666666668 218 41.1
    endloop
  endfacet
  facet normal 1 0 0
    outer loop
      vertex 12.604166666666668 217.6380952380952 39.02
      vertex 12.604166666666668 218 39
      vertex 12.604166666666668 218 39.02
    endloop
  endfacet
  facet normal 1 0 0
    outer loop
      vertex 12.604166666666668 217.6380952380952 39.02
      vertex 12.604166666666668 218 39.02
      vertex 12.604166666666668 218 41.1
    endloop
  endfacet
  facet normal -1 0 0
    outer loop
      vertex 1.104166666666667 180 39
      vertex 1.104166666666667 182.1 41.1
      vertex 1.104166666666667 182.1 39
    endloop
  endfacet
  facet normal -1 0 0
    outer loop
      vertex 1.104166666666667 180 39
      vertex 1.104166666666667 182.1 43.300000000000004
      vertex 1.104166666666667 182.1 41.1
    endloop
  endfacet
  facet normal -1 0 0
    outer loop
      vertex 1.104166666666667 180 39
      vertex 1.104166666666667 180 43.32
      vertex 1.104166666666667 182.1 43.32
    endloop
  endfacet
  facet normal -1 0 0
    outer loop
      vertex 1.104166666666667 180 39
      vertex 1.104166666666667 182.1 43.32
      vertex 1.104166666666667 182.1 43.300000000000004
    endloop
  endfacet
  facet normal 0 0 -1
    outer loop
      vertex 1.104166666666667 180 39
      vertex 1.104166666666667 182.1 39
      vertex 12.604166666666668 182.1 39
    endloop
  endfacet
  facet normal 0 -1 0
    outer loop
      vertex 1.104166666666667 180 39
      vertex 12.604166666666668 180 43.32
      vertex 1.104166666666667 180 43.32
    endloop
  endfacet
  facet normal 0 1 0
    outer loop
      vertex 1.104166666666667 182.1 41.1
      vertex 1.104166666666667 182.1 43.300000000000004
      vertex 12.604166666666668 182.1 41.1
    endloop
  endfacet
  facet normal 0 -1 0
    outer loop
      vertex 1.104166666666667 180 39
      vertex 12.604166666666668 180 39
      vertex 12.604166666666668 180 41.1
    endloop
  endfacet
  facet normal 0 0 -1
    outer loop
      vertex 1.104166666666667 180 39
      vertex 12.604166666666668 182.1 39
      vertex 12.604166666666668 180 39
    endloop
  endfacet
  facet normal 0 -1 0
    outer loop
      vertex 1.104166666666667 180 39
      vertex 12.604166666666668 180 41.1
      vertex 12.604166666666668 180 43.32
    endloop
  endfacet
  facet normal 0 1 0
    outer loop
      vertex 1.104166666666667 182.1 43.300000000000004
      vertex 12.604166666666668 182.1 43.300000000000004
      vertex 12.604166666666668 182.1 41.1
    endloop
  endfacet
  facet normal 1 0 0
    outer loop
      vertex 12.604166666666668 180 39
      vertex 12.604166666666668 182.1 39
      vertex 12.604166666666668 182.1 40.983947368421056
    endloop
  endfacet
  facet normal 1 0 0
    outer loop
      vertex 12.604166666666668 180 39
      vertex 12.604166666666668 182.1 40.983947368421056
      vertex 12.604166666666668 180 41.1
    endloop
  endfacet
  facet normal 1 0 0
    outer loop
      vertex 12.604166666666668 180 41.1
      vertex 12.604166666666668 182.1 41.1
      vertex 12.604166666666668 182.1 43.300000000000004
    endloop
  endfacet
  facet normal 1 0 0
    outer loop
      vertex 12.604166666666668 180 41.1
      vertex 12.604166666666668 182.1 43.32
      vertex 12.604166666666668 180 43.32
    endloop
  endfacet
  facet normal 1 0 0
    outer loop
      vertex 12.604166666666668 180 41.1
      vertex 12.604166666666668 182.1 43.300000000000004
      vertex 12.604166666666668 182.1 43.32
    endloop
  endfacet
  facet normal -1 0 0
    outer loop
      vertex 1.104166666666667 182.1 43.300000000000004
      vertex 1.104166666666667 182.1 43.32
      vertex 1.104166666666667 215.9 43.300000000000004
    endloop
  endfacet
  facet normal -1 0 0
    outer loop
      vertex 1.104166666666667 180 43.32
      vertex 1.104166666666667 215.9 45.400000000000006
      vertex 1.104166666666667 182.1 43.32
    endloop
  endfacet
  facet normal -1 0 0
    outer loop
      vertex 1.104166666666667 180 43.32
      vertex 1.104166666666667 180 45.400000000000006
      vertex 1.104166666666667 215.9 45.400000000000006
    endloop
  endfacet
  facet normal -1 0 0
    outer loop
      vertex 1.104166666666667 182.1 43.32
      vertex 1.104166666666667 215.9 45.400000000000006
      vertex 1.104166666666667 215.9 43.300000000000004
    endloop
  endfacet
  facet normal 0 -1 0
    outer loop
      vertex 1.104166666666667 180 43.32
      vertex 12.604166666666668 180 43.32
      vertex 1.104166666666667 180 45.400000000000006
    endloop
  endfacet
  facet normal 0 0 1
    outer loop
      vertex 1.104166666666667 180 45.400000000000006
      vertex 12.604166666666668 180 45.400000000000006
      vertex 1.104166666666667 215.9 45.400000000000006
    endloop
  endfacet
  facet normal 0 0 -1
    outer loop
      vertex 1.104166666666667 182.1 43.300000000000004
      vertex 1.104166666666667 215.9 43.300000000000004
      vertex 12.604166666666668 215.9 43.300000000000004
    endloop
  endfacet
  facet normal 0 -1 0
    outer loop
      vertex 1.104166666666667 180 45.400000000000006
      vertex 12.604166666666668 180 43.32
      vertex 12.604166666666668 180 45.400000000000006
    endloop
  endfacet
  facet normal 0 0 -1
    outer loop
      vertex 1.104166666666667 182.1 43.300000000000004
      vertex 12.604166666666668 215.9 43.300000000000004
      vertex 12.604166666666668 182.1 43.300000000000004
    endloop
  endfacet
  facet normal 0 0 1
    outer loop
      vertex 1.104166666666667 215.9 45.400000000000006
      vertex 12.604166666666668 180 45.400000000000006
      vertex 12.604166666666668 215.9 45.400000000000006
    endloop
  endfacet
  facet normal 1 0 0
    outer loop
      vertex 12.604166666666668 180 43.32
      vertex 12.604166666666668 182.1 43.32
      vertex 12.604166666666668 180 45.400000000000006
    endloop
  endfacet
  facet normal 1 0 0
    outer loop
      vertex 12.604166666666668 182.1 43.300000000000004
      vertex 12.604166666666668 215.9 43.300000000000004
      vertex 12.604166666666668 182.1 43.32
    endloop
  endfacet
  facet normal 1 0 0
    outer loop
      vertex 12.604166666666668 182.1 43.32
      vertex 12.604166666666668 215.9 43.41605263157895
      vertex 12.604166666666668 180 45.400000000000006
    endloop
  endfacet
  facet normal 1 0 0
    outer loop
      vertex 12.604166666666668 180 45.400000000000006
      vertex 12.604166666666668 215.9 43.41605263157895
      vertex 12.604166666666668 215.9 45.400000000000006
    endloop
  endfacet
  facet normal 1 0 0
    outer loop
      vertex 12.604166666666668 182.1 43.32
      vertex 12.604166666666668 215.9 43.300000000000004
      vertex 12.604166666666668 215.9 43.41605263157895
    endloop
  endfacet
  facet normal 1 0 0
    outer loop
      vertex 12.604166666666668 215.9 43.41605263157895
      vertex 12.604166666666668 218 43.300000000000004
      vertex 12.604166666666668 218 45.400000000000006
    endloop
  endfacet
  facet normal 1 0 0
    outer loop
      vertex 12.604166666666668 215.9 43.41605263157895
      vertex 12.604166666666668 218 45.400000000000006
      vertex 12.604166666666668 215.9 45.400000000000006
    endloop
  endfacet
  facet normal -1 0 0
    outer loop
      vertex 1.104166666666667 215.9 43.300000000000004
      vertex 1.104166666666667 218 47.620000000000005
      vertex 1.104166666666667 218 43.300000000000004
    endloop
  endfacet
  facet normal -1 0 0
    outer loop
      vertex 1.104166666666667 215.9 43.300000000000004
      vertex 1.104166666666667 215.9 45.400000000000006
      vertex 1.104166666666667 218 47.620000000000005
    endloop
  endfacet
  facet normal -1 0 0
    outer loop
      vertex 1.104166666666667 215.9 45.400000000000006
      vertex 1.104166666666667 215.9 47.60000000000001
      vertex 1.104166666666667 218 47.620000000000005
    endloop
  endfacet
  facet normal -1 0 0
    outer loop
      vertex 1.104166666666667 215.9 47.60000000000001
      vertex 1.104166666666667 215.9 47.620000000000005
      vertex 1.104166666666667 218 47.620000000000005
    endloop
  endfacet
  facet normal 0 0 -1
    outer loop
      vertex 1.104166666666667 215.9 43.300000000000004
      vertex 1.104166666666667 218 43.300000000000004
      vertex 12.604166666666668 218 43.300000000000004
    endloop
  endfacet
  facet normal 0 1 0
    outer loop
      vertex 1.104166666666667 218 43.300000000000004
      vertex 1.104166666666667 218 47.620000000000005
      vertex 12.604166666666668 218 43.300000000000004
    endloop
  endfacet
  facet normal 0 -1 0
    outer loop
      vertex 1.104166666666667 215.9 45.400000000000006
      vertex 12.604166666666668 215.9 47.60000000000001
      vertex 1.104166666666667 215.9 47.60000000000001
    endloop
  endfacet
  facet normal 0 0 -1
    outer loop
      vertex 1.104166666666667 215.9 43.300000000000004
      vertex 12.604166666666668 218 43.300000000000004
      vertex 12.604166666666668 215.9 43.300000000000004
    endloop
  endfacet
  facet normal 0 1 0
    outer loop
      vertex 1.104166666666667 218 47.620000000000005
      vertex 12.604166666666668 218 45.400000000000006
      vertex 12.604166666666668 218 43.300000000000004
    endloop
  endfacet
  facet normal 0 -1 0
    outer loop
      vertex 1.104166666666667 215.9 45.400000000000006
      vertex 12.604166666666668 215.9 45.400000000000006
      vertex 12.604166666666668 215.9 47.60000000000001
    endloop
  endfacet
  facet normal 0 1 0
    outer loop
      vertex 1.104166666666667 218 47.620000000000005
      vertex 12.604166666666668 218 47.60000000000001
      vertex 12.604166666666668 218 45.400000000000006
    endloop
  endfacet
  facet normal 0 1 0
    outer loop
      vertex 1.104166666666667 218 47.620000000000005
      vertex 12.604166666666668 218 47.620000000000005
      vertex 12.604166666666668 218 47.60000000000001
    endloop
  endfacet
  facet normal 1 0 0
    outer loop
      vertex 12.604166666666668 215.9 43.300000000000004
      vertex 12.604166666666668 218 43.300000000000004
      vertex 12.604166666666668 215.9 43.41605263157895
    endloop
  endfacet
  facet normal 1 0 0
    outer loop
      vertex 12.604166666666668 215.9 45.400000000000006
      vertex 12.604166666666668 218 45.400000000000006
      vertex 12.604166666666668 217.6380952380953 47.620000000000005
    endloop
  endfacet
  facet normal 1 0 0
    outer loop
      vertex 12.604166666666668 215.9 45.400000000000006
      vertex 12.604166666666668 217.6380952380953 47.620000000000005
      vertex 12.604166666666668 215.9 47.60000000000001
    endloop
  endfacet
  facet normal 1 0 0
    outer loop
      vertex 12.604166666666668 218 45.400000000000006
      vertex 12.604166666666668 218 47.60000000000001
      vertex 12.604166666666668 217.6380952380953 47.620000000000005
    endloop
  endfacet
  facet normal 1 0 0
    outer loop
      vertex 12.604166666666668 215.9 47.60000000000001
      vertex 12.604166666666668 217.6380952380953 47.620000000000005
      vertex 12.604166666666668 215.9 47.620000000000005
    endloop
  endfacet
  facet normal -1 0 0
    outer loop
      vertex 1.104166666666667 182.1 47.60000000000001
      vertex 1.104166666666667 182.1 49.70000000000001
      vertex 1.104166666666667 215.9 47.620000000000005
    endloop
  endfacet
  facet normal -1 0 0
    outer loop
      vertex 1.104166666666667 182.1 47.60000000000001
      vertex 1.104166666666667 215.9 47.620000000000005
      vertex 1.104166666666667 215.9 47.60000000000001
    endloop
  endfacet
  facet normal -1 0 0
    outer loop
      vertex 1.104166666666667 215.9 47.620000000000005
      vertex 1.104166666666667 182.1 49.70000000000001
      vertex 1.104166666666667 218 49.70000000000001
    endloop
  endfacet
  facet normal -1 0 0
    outer loop
      vertex 1.104166666666667 215.9 47.620000000000005
      vertex 1.104166666666667 218 49.70000000000001
      vertex 1.104166666666667 218 47.620000000000005
    endloop
  endfacet
  facet normal 0 0 -1
    outer loop
      vertex 1.104166666666667 182.1 47.60000000000001
      vertex 1.104166666666667 215.9 47.60000000000001
      vertex 12.604166666666668 215.9 47.60000000000001
    endloop
  endfacet
  facet normal 0 1 0
    outer loop
      vertex 1.104166666666667 218 47.620000000000005
      vertex 1.104166666666667 218 49.70000000000001
      vertex 12.604166666666668 218 49.70000000000001
    endloop
  endfacet
  facet normal 0 0 1
    outer loop
      vertex 1.104166666666667 182.1 49.70000000000001
      vertex 12.604166666666668 182.1 49.70000000000001
      vertex 1.104166666666667 218 49.70000000000001
    endloop
  endfacet
  facet normal 0 0 -1
    outer loop
      vertex 1.104166666666667 182.1 47.60000000000001
      vertex 12.604166666666668 215.9 47.60000000000001
      vertex 12.604166666666668 182.1 47.60000000000001
    endloop
  endfacet
  facet normal 0 1 0
    outer loop
      vertex 1.104166666666667 218 47.620000000000005
      vertex 12.604166666666668 218 49.70000000000001
      vertex 12.604166666666668 218 47.620000000000005
    endloop
  endfacet
  facet normal 0 0 1
    outer loop
      vertex 1.104166666666667 218 49.70000000000001
      vertex 12.604166666666668 182.1 49.70000000000001
      vertex 12.604166666666668 218 49.70000000000001
    endloop
  endfacet
  facet normal 1 0 0
    outer loop
      vertex 12.604166666666668 182.1 47.60000000000001
      vertex 12.604166666666668 215.9 47.620000000000005
      vertex 12.604166666666668 182.1 49.583947368421065
    endloop
  endfacet
  facet normal 1 0 0
    outer loop
      vertex 12.604166666666668 182.1 47.60000000000001
      vertex 12.604166666666668 215.9 47.60000000000001
      vertex 12.604166666666668 215.9 47.620000000000005
    endloop
  endfacet
  facet normal 1 0 0
    outer loop
      vertex 12.604166666666668 215.9 47.620000000000005
      vertex 12.604166666666668 217.6380952380953 47.620000000000005
      vertex 12.604166666666668 182.1 49.583947368421065
    endloop
  endfacet
  facet normal 1 0 0
    outer loop
      vertex 12.604166666666668 217.6380952380953 47.620000000000005
      vertex 12.604166666666668 218 49.70000000000001
      vertex 12.604166666666668 182.1 49.583947368421065
    endloop
  endfacet
  facet normal 1 0 0
    outer loop
      vertex 12.604166666666668 217.6380952380953 47.620000000000005
      vertex 12.604166666666668 218 47.60000000000001
      vertex 12.604166666666668 218 47.620000000000005
    endloop
  endfacet
  facet normal 1 0 0
    outer loop
      vertex 12.604166666666668 217.6380952380953 47.620000000000005
      vertex 12.604166666666668 218 47.620000000000005
      vertex 12.604166666666668 218 49.70000000000001
    endloop
  endfacet
  facet normal 1 0 0
    outer loop
      vertex 12.604166666666668 180 49.70000000000001
      vertex 12.604166666666668 182.1 49.583947368421065
      vertex 12.604166666666668 182.1 49.70000000000001
    endloop
  endfacet
  facet normal 1 0 0
    outer loop
      vertex 12.604166666666668 182.1 49.583947368421065
      vertex 12.604166666666668 218 49.70000000000001
      vertex 12.604166666666668 182.1 49.70000000000001
    endloop
  endfacet
  facet normal -1 0 0
    outer loop
      vertex 1.104166666666667 180 47.60000000000001
      vertex 1.104166666666667 182.1 49.70000000000001
      vertex 1.104166666666667 182.1 47.60000000000001
    endloop
  endfacet
  facet normal 0 0 -1
    outer loop
      vertex 1.104166666666667 180 47.60000000000001
      vertex 1.104166666666667 182.1 47.60000000000001
      vertex 12.604166666666668 182.1 47.60000000000001
    endloop
  endfacet
  facet normal -1 0 0
    outer loop
      vertex 1.104166666666667 180 47.60000000000001
      vertex 1.104166666666667 182.1 51.900000000000006
      vertex 1.104166666666667 182.1 49.70000000000001
    endloop
  endfacet
  facet normal -1 0 0
    outer loop
      vertex 1.104166666666667 180 47.60000000000001
      vertex 1.104166666666667 180 51.92000000000001
      vertex 1.104166666666667 182.1 51.92000000000001
    endloop
  endfacet
  facet normal -1 0 0
    outer loop
      vertex 1.104166666666667 180 47.60000000000001
      vertex 1.104166666666667 182.1 51.92000000000001
      vertex 1.104166666666667 182.1 51.900000000000006
    endloop
  endfacet
  facet normal 0 -1 0
    outer loop
      vertex 1.104166666666667 180 47.60000000000001
      vertex 12.604166666666668 180 51.92000000000001
      vertex 1.104166666666667 180 51.92000000000001
    endloop
  endfacet
  facet normal 0 1 0
    outer loop
      vertex 1.104166666666667 182.1 49.70000000000001
      vertex 1.104166666666667 182.1 51.900000000000006
      vertex 12.604166666666668 182.1 49.70000000000001
    endloop
  endfacet
  facet normal 0 0 -1
    outer loop
      vertex 1.104166666666667 180 47.60000000000001
      vertex 12.604166666666668 182.1 47.60000000000001
      vertex 12.604166666666668 180 47.60000000000001
    endloop
  endfacet
  facet normal 0 -1 0
    outer loop
      vertex 1.104166666666667 180 47.60000000000001
      vertex 12.604166666666668 180 47.60000000000001
      vertex 12.604166666666668 180 49.70000000000001
    endloop
  endfacet
  facet normal 0 -1 0
    outer loop
      vertex 1.104166666666667 180 47.60000000000001
      vertex 12.604166666666668 180 49.70000000000001
      vertex 12.604166666666668 180 51.92000000000001
    endloop
  endfacet
  facet normal 0 1 0
    outer loop
      vertex 1.104166666666667 182.1 51.900000000000006
      vertex 12.604166666666668 182.1 51.900000000000006
      vertex 12.604166666666668 182.1 49.70000000000001
    endloop
  endfacet
  facet normal 1 0 0
    outer loop
      vertex 12.604166666666668 180 47.60000000000001
      vertex 12.604166666666668 182.1 47.60000000000001
      vertex 12.604166666666668 182.1 49.583947368421065
    endloop
  endfacet
  facet normal 1 0 0
    outer loop
      vertex 12.604166666666668 180 47.60000000000001
      vertex 12.604166666666668 182.1 49.583947368421065
      vertex 12.604166666666668 180 49.70000000000001
    endloop
  endfacet
  facet normal 1 0 0
    outer loop
      vertex 12.604166666666668 180 49.70000000000001
      vertex 12.604166666666668 182.1 49.70000000000001
      vertex 12.604166666666668 182.1 51.900000000000006
    endloop
  endfacet
  facet normal 1 0 0
    outer loop
      vertex 12.604166666666668 180 49.70000000000001
      vertex 12.604166666666668 182.1 51.92000000000001
      vertex 12.604166666666668 180 51.92000000000001
    endloop
  endfacet
  facet normal 1 0 0
    outer loop
      vertex 12.604166666666668 180 49.70000000000001
      vertex 12.604166666666668 182.1 51.900000000000006
      vertex 12.604166666666668 182.1 51.92000000000001
    endloop
  endfacet
  facet normal -1 0 0
    outer loop
      vertex 1.104166666666667 182.1 51.900000000000006
      vertex 1.104166666666667 182.1 51.92000000000001
      vertex 1.104166666666667 215.9 51.900000000000006
    endloop
  endfacet
  facet normal -1 0 0
    outer loop
      vertex 1.104166666666667 180 51.92000000000001
      vertex 1.104166666666667 215.9 54.00000000000001
      vertex 1.104166666666667 182.1 51.92000000000001
    endloop
  endfacet
  facet normal -1 0 0
    outer loop
      vertex 1.104166666666667 180 51.92000000000001
      vertex 1.104166666666667 180 54.00000000000001
      vertex 1.104166666666667 215.9 54.00000000000001
    endloop
  endfacet
  facet normal -1 0 0
    outer loop
      vertex 1.104166666666667 182.1 51.92000000000001
      vertex 1.104166666666667 215.9 54.00000000000001
      vertex 1.104166666666667 215.9 51.900000000000006
    endloop
  endfacet
  facet normal 0 -1 0
    outer loop
      vertex 1.104166666666667 180 51.92000000000001
      vertex 12.604166666666668 180 51.92000000000001
      vertex 1.104166666666667 180 54.00000000000001
    endloop
  endfacet
  facet normal 0 0 1
    outer loop
      vertex 1.104166666666667 180 54.00000000000001
      vertex 12.604166666666668 180 54.00000000000001
      vertex 1.104166666666667 215.9 54.00000000000001
    endloop
  endfacet
  facet normal 0 0 -1
    outer loop
      vertex 1.104166666666667 182.1 51.900000000000006
      vertex 1.104166666666667 215.9 51.900000000000006
      vertex 12.604166666666668 215.9 51.900000000000006
    endloop
  endfacet
  facet normal 0 -1 0
    outer loop
      vertex 1.104166666666667 180 54.00000000000001
      vertex 12.604166666666668 180 51.92000000000001
      vertex 12.604166666666668 180 54.00000000000001
    endloop
  endfacet
  facet normal 0 0 -1
    outer loop
      vertex 1.104166666666667 182.1 51.900000000000006
      vertex 12.604166666666668 215.9 51.900000000000006
      vertex 12.604166666666668 182.1 51.900000000000006
    endloop
  endfacet
  facet normal 0 0 1
    outer loop
      vertex 1.104166666666667 215.9 54.00000000000001
      vertex 12.604166666666668 180 54.00000000000001
      vertex 12.604166666666668 215.9 54.00000000000001
    endloop
  endfacet
  facet normal 1 0 0
    outer loop
      vertex 12.604166666666668 180 51.92000000000001
      vertex 12.604166666666668 182.1 51.92000000000001
      vertex 12.604166666666668 180 54.00000000000001
    endloop
  endfacet
  facet normal 1 0 0
    outer loop
      vertex 12.604166666666668 182.1 51.900000000000006
      vertex 12.604166666666668 215.9 51.900000000000006
      vertex 12.604166666666668 182.1 51.92000000000001
    endloop
  endfacet
  facet normal 1 0 0
    outer loop
      vertex 12.604166666666668 182.1 51.92000000000001
      vertex 12.604166666666668 215.9 52.01605263157895
      vertex 12.604166666666668 180 54.00000000000001
    endloop
  endfacet
  facet normal 1 0 0
    outer loop
      vertex 12.604166666666668 180 54.00000000000001
      vertex 12.604166666666668 215.9 52.01605263157895
      vertex 12.604166666666668 215.9 54.00000000000001
    endloop
  endfacet
  facet normal 1 0 0
    outer loop
      vertex 12.604166666666668 182.1 51.92000000000001
      vertex 12.604166666666668 215.9 51.900000000000006
      vertex 12.604166666666668 215.9 52.01605263157895
    endloop
  endfacet
  facet normal 1 0 0
    outer loop
      vertex 12.604166666666668 215.9 52.01605263157895
      vertex 12.604166666666668 218 51.900000000000006
      vertex 12.604166666666668 218 54.00000000000001
    endloop
  endfacet
  facet normal 1 0 0
    outer loop
      vertex 12.604166666666668 215.9 52.01605263157895
      vertex 12.604166666666668 218 54.00000000000001
      vertex 12.604166666666668 215.9 54.00000000000001
    endloop
  endfacet
  facet normal -1 0 0
    outer loop
      vertex 1.104166666666667 215.9 51.900000000000006
      vertex 1.104166666666667 218 56.220000000000006
      vertex 1.104166666666667 218 51.900000000000006
    endloop
  endfacet
  facet normal -1 0 0
    outer loop
      vertex 1.104166666666667 215.9 51.900000000000006
      vertex 1.104166666666667 215.9 54.00000000000001
      vertex 1.104166666666667 218 56.220000000000006
    endloop
  endfacet
  facet normal -1 0 0
    outer loop
      vertex 1.104166666666667 215.9 54.00000000000001
      vertex 1.104166666666667 215.9 56.2
      vertex 1.104166666666667 218 56.220000000000006
    endloop
  endfacet
  facet normal -1 0 0
    outer loop
      vertex 1.104166666666667 215.9 56.2
      vertex 1.104166666666667 215.9 56.220000000000006
      vertex 1.104166666666667 218 56.220000000000006
    endloop
  endfacet
  facet normal 0 0 -1
    outer loop
      vertex 1.104166666666667 215.9 51.900000000000006
      vertex 1.104166666666667 218 51.900000000000006
      vertex 12.604166666666668 218 51.900000000000006
    endloop
  endfacet
  facet normal 0 1 0
    outer loop
      vertex 1.104166666666667 218 51.900000000000006
      vertex 1.104166666666667 218 56.220000000000006
      vertex 12.604166666666668 218 51.900000000000006
    endloop
  endfacet
  facet normal 0 -1 0
    outer loop
      vertex 1.104166666666667 215.9 54.00000000000001
      vertex 12.604166666666668 215.9 56.2
      vertex 1.104166666666667 215.9 56.2
    endloop
  endfacet
  facet normal 0 0 -1
    outer loop
      vertex 1.104166666666667 215.9 51.900000000000006
      vertex 12.604166666666668 218 51.900000000000006
      vertex 12.604166666666668 215.9 51.900000000000006
    endloop
  endfacet
  facet normal 0 -1 0
    outer loop
      vertex 1.104166666666667 215.9 54.00000000000001
      vertex 12.604166666666668 215.9 54.00000000000001
      vertex 12.604166666666668 215.9 56.2
    endloop
  endfacet
  facet normal 0 1 0
    outer loop
      vertex 1.104166666666667 218 56.220000000000006
      vertex 12.604166666666668 218 54.00000000000001
      vertex 12.604166666666668 218 51.900000000000006
    endloop
  endfacet
  facet normal 0 1 0
    outer loop
      vertex 1.104166666666667 218 56.220000000000006
      vertex 12.604166666666668 218 56.2
      vertex 12.604166666666668 218 54.00000000000001
    endloop
  endfacet
  facet normal 0 1 0
    outer loop
      vertex 1.104166666666667 218 56.220000000000006
      vertex 12.604166666666668 218 56.220000000000006
      vertex 12.604166666666668 218 56.2
    endloop
  endfacet
  facet normal 1 0 0
    outer loop
      vertex 12.604166666666668 215.9 51.900000000000006
      vertex 12.604166666666668 218 51.900000000000006
      vertex 12.604166666666668 215.9 52.01605263157895
    endloop
  endfacet
  facet normal 1 0 0
    outer loop
      vertex 12.604166666666668 215.9 54.00000000000001
      vertex 12.604166666666668 218 54.00000000000001
      vertex 12.604166666666668 217.6380952380952 56.220000000000006
    endloop
  endfacet
  facet normal 1 0 0
    outer loop
      vertex 12.604166666666668 215.9 54.00000000000001
      vertex 12.604166666666668 217.6380952380952 56.220000000000006
      vertex 12.604166666666668 215.9 56.2
    endloop
  endfacet
  facet normal 1 0 0
    outer loop
      vertex 12.604166666666668 218 54.00000000000001
      vertex 12.604166666666668 218 56.2
      vertex 12.604166666666668 217.6380952380952 56.220000000000006
    endloop
  endfacet
  facet normal 1 0 0
    outer loop
      vertex 12.604166666666668 215.9 56.2
      vertex 12.604166666666668 217.6380952380952 56.220000000000006
      vertex 12.604166666666668 215.9 56.220000000000006
    endloop
  endfacet
  facet normal -1 0 0
    outer loop
      vertex 1.104166666666667 182.1 56.2
      vertex 1.104166666666667 215.9 56.220000000000006
      vertex 1.104166666666667 215.9 56.2
    endloop
  endfacet
  facet normal -1 0 0
    outer loop
      vertex 1.104166666666667 182.1 56.2
      vertex 1.104166666666667 182.1 58.300000000000004
      vertex 1.104166666666667 215.9 56.220000000000006
    endloop
  endfacet
  facet normal -1 0 0
    outer loop
      vertex 1.104166666666667 182.1 58.300000000000004
      vertex 1.104166666666667 218 58.300000000000004
      vertex 1.104166666666667 215.9 56.220000000000006
    endloop
  endfacet
  facet normal -1 0 0
    outer loop
      vertex 1.104166666666667 215.9 56.220000000000006
      vertex 1.104166666666667 218 58.300000000000004
      vertex 1.104166666666667 218 56.220000000000006
    endloop
  endfacet
  facet normal 0 0 -1
    outer loop
      vertex 1.104166666666667 182.1 56.2
      vertex 1.104166666666667 215.9 56.2
      vertex 12.604166666666668 215.9 56.2
    endloop
  endfacet
  facet normal 0 0 1
    outer loop
      vertex 1.104166666666667 182.1 58.300000000000004
      vertex 12.604166666666668 182.1 58.300000000000004
      vertex 1.104166666666667 218 58.300000000000004
    endloop
  endfacet
  facet normal 0 1 0
    outer loop
      vertex 1.104166666666667 218 56.220000000000006
      vertex 1.104166666666667 218 58.300000000000004
      vertex 12.604166666666668 218 58.300000000000004
    endloop
  endfacet
  facet normal 0 0 -1
    outer loop
      vertex 1.104166666666667 182.1 56.2
      vertex 12.604166666666668 215.9 56.2
      vertex 12.604166666666668 182.1 56.2
    endloop
  endfacet
  facet normal 0 0 1
    outer loop
      vertex 1.104166666666667 218 58.300000000000004
      vertex 12.604166666666668 182.1 58.300000000000004
      vertex 12.604166666666668 218 58.300000000000004
    endloop
  endfacet
  facet normal 0 1 0
    outer loop
      vertex 1.104166666666667 218 56.220000000000006
      vertex 12.604166666666668 218 58.300000000000004
      vertex 12.604166666666668 218 56.220000000000006
    endloop
  endfacet
  facet normal 1 0 0
    outer loop
      vertex 12.604166666666668 182.1 58.18394736842106
      vertex 12.604166666666668 182.1 58.300000000000004
      vertex 12.604166666666668 180 58.300000000000004
    endloop
  endfacet
  facet normal 1 0 0
    outer loop
      vertex 12.604166666666668 182.1 56.2
      vertex 12.604166666666668 215.9 56.2
      vertex 12.604166666666668 215.9 56.220000000000006
    endloop
  endfacet
  facet normal 1 0 0
    outer loop
      vertex 12.604166666666668 217.6380952380952 56.220000000000006
      vertex 12.604166666666668 218 56.2
      vertex 12.604166666666668 218 56.220000000000006
    endloop
  endfacet
  facet normal 1 0 0
    outer loop
      vertex 12.604166666666668 182.1 56.2
      vertex 12.604166666666668 215.9 56.220000000000006
      vertex 12.604166666666668 182.1 58.18394736842106
    endloop
  endfacet
  facet normal 1 0 0
    outer loop
      vertex 12.604166666666668 182.1 58.18394736842106
      vertex 12.604166666666668 218 58.300000000000004
      vertex 12.604166666666668 182.1 58.300000000000004
    endloop
  endfacet
  facet normal 1 0 0
    outer loop
      vertex 12.604166666666668 182.1 58.18394736842106
      vertex 12.604166666666668 215.9 56.220000000000006
      vertex 12.604166666666668 217.6380952380952 56.220000000000006
    endloop
  endfacet
  facet normal 1 0 0
    outer loop
      vertex 12.604166666666668 182.1 58.18394736842106
      vertex 12.604166666666668 217.6380952380952 56.220000000000006
      vertex 12.604166666666668 218 58.300000000000004
    endloop
  endfacet
  facet normal 1 0 0
    outer loop
      vertex 12.604166666666668 217.6380952380952 56.220000000000006
      vertex 12.604166666666668 218 56.220000000000006
      vertex 12.604166666666668 218 58.300000000000004
    endloop
  endfacet
  facet normal -1 0 0
    outer loop
      vertex 1.104166666666667 180 56.2
      vertex 1.104166666666667 182.1 58.300000000000004
      vertex 1.104166666666667 182.1 56.2
    endloop
  endfacet
  facet normal -1 0 0
    outer loop
      vertex 1.104166666666667 180 56.2
      vertex 1.104166666666667 182.1 60.500000000000014
      vertex 1.104166666666667 182.1 58.300000000000004
    endloop
  endfacet
  facet normal -1 0 0
    outer loop
      vertex 1.104166666666667 180 56.2
      vertex 1.104166666666667 180 60.52
      vertex 1.104166666666667 182.1 60.52
    endloop
  endfacet
  facet normal -1 0 0
    outer loop
      vertex 1.104166666666667 180 56.2
      vertex 1.104166666666667 182.1 60.52
      vertex 1.104166666666667 182.1 60.500000000000014
    endloop
  endfacet
  facet normal 0 0 -1
    outer loop
      vertex 1.104166666666667 180 56.2
      vertex 1.104166666666667 182.1 56.2
      vertex 12.604166666666668 182.1 56.2
    endloop
  endfacet
  facet normal 0 -1 0
    outer loop
      vertex 1.104166666666667 180 56.2
      vertex 12.604166666666668 180 60.52
      vertex 1.104166666666667 180 60.52
    endloop
  endfacet
  facet normal 0 1 0
    outer loop
      vertex 1.104166666666667 182.1 58.300000000000004
      vertex 1.104166666666667 182.1 60.500000000000014
      vertex 12.604166666666668 182.1 58.300000000000004
    endloop
  endfacet
  facet normal 0 0 -1
    outer loop
      vertex 1.104166666666667 180 56.2
      vertex 12.604166666666668 182.1 56.2
      vertex 12.604166666666668 180 56.2
    endloop
  endfacet
  facet normal 0 -1 0
    outer loop
      vertex 1.104166666666667 180 56.2
      vertex 12.604166666666668 180 56.2
      vertex 12.604166666666668 180 58.300000000000004
    endloop
  endfacet
  facet normal 0 -1 0
    outer loop
      vertex 1.104166666666667 180 56.2
      vertex 12.604166666666668 180 58.300000000000004
      vertex 12.604166666666668 180 60.52
    endloop
  endfacet
  facet normal 0 1 0
    outer loop
      vertex 1.104166666666667 182.1 60.500000000000014
      vertex 12.604166666666668 182.1 60.500000000000014
      vertex 12.604166666666668 182.1 58.300000000000004
    endloop
  endfacet
  facet normal 1 0 0
    outer loop
      vertex 12.604166666666668 180 56.2
      vertex 12.604166666666668 182.1 56.2
      vertex 12.604166666666668 182.1 58.18394736842106
    endloop
  endfacet
  facet normal 1 0 0
    outer loop
      vertex 12.604166666666668 180 56.2
      vertex 12.604166666666668 182.1 58.18394736842106
      vertex 12.604166666666668 180 58.300000000000004
    endloop
  endfacet
  facet normal 1 0 0
    outer loop
      vertex 12.604166666666668 180 58.300000000000004
      vertex 12.604166666666668 182.1 58.300000000000004
      vertex 12.604166666666668 182.1 60.500000000000014
    endloop
  endfacet
  facet normal 1 0 0
    outer loop
      vertex 12.604166666666668 180 58.300000000000004
      vertex 12.604166666666668 182.1 60.52
      vertex 12.604166666666668 180 60.52
    endloop
  endfacet
  facet normal 1 0 0
    outer loop
      vertex 12.604166666666668 180 58.300000000000004
      vertex 12.604166666666668 182.1 60.500000000000014
      vertex 12.604166666666668 182.1 60.52
    endloop
  endfacet
  facet normal -1 0 0
    outer loop
      vertex 1.104166666666667 180 60.52
      vertex 1.104166666666667 180 61.600000000000016
      vertex 1.104166666666667 180.15643446504023 61.61231165940488
    endloop
  endfacet
  facet normal -1 0 0
    outer loop
      vertex 1.104166666666667 182.1 60.500000000000014
      vertex 1.104166666666667 182.1 60.52
      vertex 1.104166666666667 218 60.500000000000014
    endloop
  endfacet
  facet normal -1 0 0
    outer loop
      vertex 1.104166666666667 180 60.52
      vertex 1.104166666666667 218 62.600000000000016
      vertex 1.104166666666667 182.1 60.52
    endloop
  endfacet
  facet normal -1 0 0
    outer loop
      vertex 1.104166666666667 180 60.52
      vertex 1.104166666666667 180.15643446504023 61.61231165940488
      vertex 1.104166666666667 218 62.600000000000016
    endloop
  endfacet
  facet normal -1 0 0
    outer loop
      vertex 1.104166666666667 180.15643446504023 61.61231165940488
      vertex 1.104166666666667 180.30901699437496 61.64894348370486
      vertex 1.104166666666667 218 62.600000000000016
    endloop
  endfacet
  facet normal -1 0 0
    outer loop
      vertex 1.104166666666667 180.30901699437496 61.64894348370486
      vertex 1.104166666666667 180.45399049973955 61.708993475811646
      vertex 1.104166666666667 218 62.600000000000016
    endloop
  endfacet
  facet normal -1 0 0
    outer loop
      vertex 1.104166666666667 180.45399049973955 61.708993475811646
      vertex 1.104166666666667 180.58778525229246 61.790983005625066
      vertex 1.104166666666667 218 62.600000000000016
    endloop
  endfacet
  facet normal -1 0 0
    outer loop
      vertex 1.104166666666667 180.58778525229246 61.790983005625066
      vertex 1.104166666666667 180.70710678118655 61.89289321881347
      vertex 1.104166666666667 218 62.600000000000016
    endloop
  endfacet
  facet normal -1 0 0
    outer loop
      vertex 1.104166666666667 180.70710678118655 61.89289321881347
      vertex 1.104166666666667 180.80901699437496 62.012214747707546
      vertex 1.104166666666667 218 62.600000000000016
    endloop
  endfacet
  facet normal -1 0 0
    outer loop
      vertex 1.104166666666667 180.80901699437496 62.012214747707546
      vertex 1.104166666666667 180.89100652418836 62.14600950026047
      vertex 1.104166666666667 218 62.600000000000016
    endloop
  endfacet
  facet normal -1 0 0
    outer loop
      vertex 1.104166666666667 180.89100652418836 62.14600950026047
      vertex 1.104166666666667 180.95105651629515 62.290983005625066
      vertex 1.104166666666667 218 62.600000000000016
    endloop
  endfacet
  facet normal -1 0 0
    outer loop
      vertex 1.104166666666667 180.95105651629515 62.290983005625066
      vertex 1.104166666666667 180.98768834059513 62.44356553495979
      vertex 1.104166666666667 218 62.600000000000016
    endloop
  endfacet
  facet normal -1 0 0
    outer loop
      vertex 1.104166666666667 180.98768834059513 62.44356553495979
      vertex 1.104166666666667 181 62.600000000000016
      vertex 1.104166666666667 218 62.600000000000016
    endloop
  endfacet
  facet normal -1 0 0
    outer loop
      vertex 1.104166666666667 182.1 60.52
      vertex 1.104166666666667 218 62.600000000000016
      vertex 1.104166666666667 218 60.500000000000014
    endloop
  endfacet
  facet normal 0 -1 0
    outer loop
      vertex 1.104166666666667 180 60.52
      vertex 12.604166666666668 180 61.600000000000016
      vertex 1.104166666666667 180 61.600000000000016
    endloop
  endfacet
  facet normal 0 0 -1
    outer loop
      vertex 1.104166666666667 182.1 60.500000000000014
      vertex 1.104166666666667 218 60.500000000000014
      vertex 12.604166666666668 218 60.500000000000014
    endloop
  endfacet
  facet normal 0 0 1
    outer loop
      vertex 1.104166666666667 181 62.600000000000016
      vertex 12.604166666666668 218 62.600000000000016
      vertex 1.104166666666667 218 62.600000000000016
    endloop
  endfacet
  facet normal 0 1 0
    outer loop
      vertex 1.104166666666667 218 60.500000000000014
      vertex 1.104166666666667 218 62.600000000000016
      vertex 12.604166666666668 218 60.500000000000014
    endloop
  endfacet
  facet normal 0 -1 0
    outer loop
      vertex 1.104166666666667 180 60.52
      vertex 12.604166666666668 180 60.52
      vertex 12.604166666666668 180 61.600000000000016
    endloop
  endfacet
  facet normal 0 0 -1
    outer loop
      vertex 1.104166666666667 182.1 60.500000000000014
      vertex 12.604166666666668 218 60.500000000000014
      vertex 12.604166666666668 182.1 60.500000000000014
    endloop
  endfacet
  facet normal 0 0 1
    outer loop
      vertex 1.104166666666667 181 62.600000000000016
      vertex 12.604166666666668 181 62.600000000000016
      vertex 12.604166666666668 218 62.600000000000016
    endloop
  endfacet
  facet normal 0 1 0
    outer loop
      vertex 1.104166666666667 218 62.600000000000016
      vertex 12.604166666666668 218 62.600000000000016
      vertex 12.604166666666668 218 60.500000000000014
    endloop
  endfacet
  facet normal 1 0 0
    outer loop
      vertex 12.604166666666668 180 60.52
      vertex 12.604166666666668 182.1 60.52
      vertex 12.604166666666668 180 61.600000000000016
    endloop
  endfacet
  facet normal 1 0 0
    outer loop
      vertex 12.604166666666668 180 61.600000000000016
      vertex 12.604166666666668 182.1 60.52
      vertex 12.604166666666668 180.7102226235238 61.89654140146213
    endloop
  endfacet
  facet normal 1 0 0
    outer loop
      vertex 12.604166666666668 182.1 60.52
      vertex 12.604166666666668 180.80901699437496 62.012214747707546
      vertex 12.604166666666668 180.7102226235238 61.89654140146213
    endloop
  endfacet
  facet normal 1 0 0
    outer loop
      vertex 12.604166666666668 182.1 60.52
      vertex 12.604166666666668 180.89100652418836 62.14600950026047
      vertex 12.604166666666668 180.80901699437496 62.012214747707546
    endloop
  endfacet
  facet normal 1 0 0
    outer loop
      vertex 12.604166666666668 182.1 60.52
      vertex 12.604166666666668 180.95105651629515 62.290983005625066
      vertex 12.604166666666668 180.89100652418836 62.14600950026047
    endloop
  endfacet
  facet normal 1 0 0
    outer loop
      vertex 12.604166666666668 180 61.600000000000016
      vertex 12.604166666666668 180.7102226235238 61.89654140146213
      vertex 12.604166666666668 180 62.600000000000016
    endloop
  endfacet
  facet normal 1 0 0
    outer loop
      vertex 12.604166666666668 182.1 60.500000000000014
      vertex 12.604166666666668 218 60.500000000000014
      vertex 12.604166666666668 182.1 60.52
    endloop
  endfacet
  facet normal 1 0 0
    outer loop
      vertex 12.604166666666668 182.1 60.52
      vertex 12.604166666666668 218 60.500000000000014
      vertex 12.604166666666668 180.95105651629515 62.290983005625066
    endloop
  endfacet
  facet normal 1 0 0
    outer loop
      vertex 12.604166666666668 180.95105651629515 62.290983005625066
      vertex 12.604166666666668 218 60.500000000000014
      vertex 12.604166666666668 180.98768834059513 62.44356553495979
    endloop
  endfacet
  facet normal 1 0 0
    outer loop
      vertex 12.604166666666668 180.98768834059513 62.44356553495979
      vertex 12.604166666666668 218 60.500000000000014
      vertex 12.604166666666668 181 62.600000000000016
    endloop
  endfacet
  facet normal 1 0 0
    outer loop
      vertex 12.604166666666668 181 62.600000000000016
      vertex 12.604166666666668 218 60.500000000000014
      vertex 12.604166666666668 218 62.600000000000016
    endloop
  endfacet
  facet normal -1 0 0
    outer loop
      vertex 1.104166666666667 215.9 11
      vertex 1.104166666666667 218 13.2
      vertex 1.104166666666667 218 11
    endloop
  endfacet
  facet normal -1 0 0
    outer loop
      vertex 1.104166666666667 215.9 11
      vertex 1.104166666666667 215.9 13.2
      vertex 1.104166666666667 218 13.2
    endloop
  endfacet
  facet normal -1 0 0
    outer loop
      vertex 1.104166666666667 215.9 13.2
      vertex 1.104166666666667 215.9 13.322841225626739
      vertex 1.104166666666667 218 13.2
    endloop
  endfacet
  facet normal 0 -1 0
    outer loop
      vertex 1.104166666666667 215.9 11
      vertex 12.604166666666668 215.9 11
      vertex 1.104166666666667 215.9 13.2
    endloop
  endfacet
  facet normal 0 1 0
    outer loop
      vertex 1.104166666666667 218 11
      vertex 1.104166666666667 218 13.2
      vertex 12.604166666666668 218 13.2
    endloop
  endfacet
  facet normal 0 1 0
    outer loop
      vertex 1.104166666666667 218 11
      vertex 12.604166666666668 218 13.2
      vertex 12.604166666666668 218 11
    endloop
  endfacet
  facet normal 0 -1 0
    outer loop
      vertex 1.104166666666667 215.9 13.2
      vertex 12.604166666666668 215.9 11
      vertex 12.604166666666668 215.9 13.2
    endloop
  endfacet
  facet normal 1 0 0
    outer loop
      vertex 12.604166666666668 215.9 11
      vertex 12.604166666666668 218 11
      vertex 12.604166666666668 215.9 13.2
    endloop
  endfacet
  facet normal 1 0 0
    outer loop
      vertex 12.604166666666668 218 11
      vertex 12.604166666666668 218 13.2
      vertex 12.604166666666668 215.9 13.2
    endloop
  endfacet
  facet normal -1 0 0
    outer loop
      vertex 1.104166666666667 180 61.600000000000016
      vertex 1.104166666666667 179.84356553495977 61.61231165940488
      vertex 1.104166666666667 180 63.600000000000016
    endloop
  endfacet
  facet normal -1 0 0
    outer loop
      vertex 1.104166666666667 180 61.600000000000016
      vertex 1.104166666666667 180.15643446504023 63.58768834059515
      vertex 1.104166666666667 180.15643446504023 61.61231165940488
    endloop
  endfacet
  facet normal -1 0 0
    outer loop
      vertex 1.104166666666667 180.15643446504023 61.61231165940488
      vertex 1.104166666666667 180.30901699437496 63.55105651629517
      vertex 1.104166666666667 180.30901699437496 61.64894348370486
    endloop
  endfacet
  facet normal -1 0 0
    outer loop
      vertex 1.104166666666667 179.19098300562504 62.012214747707546
      vertex 1.104166666666667 179.10899347581164 62.14600950026047
      vertex 1.104166666666667 179.19098300562504 63.187785252292485
    endloop
  endfacet
  facet normal -1 0 0
    outer loop
      vertex 1.104166666666667 179.41221474770754 61.790983005625066
      vertex 1.104166666666667 179.29289321881345 61.89289321881347
      vertex 1.104166666666667 179.41221474770754 63.409016994374966
    endloop
  endfacet
  facet normal -1 0 0
    outer loop
      vertex 1.104166666666667 179.54600950026045 61.708993475811646
      vertex 1.104166666666667 179.69098300562504 63.55105651629517
      vertex 1.104166666666667 179.69098300562504 61.64894348370486
    endloop
  endfacet
  facet normal -1 0 0
    outer loop
      vertex 1.104166666666667 179.54600950026045 61.708993475811646
      vertex 1.104166666666667 179.41221474770754 61.790983005625066
      vertex 1.104166666666667 179.54600950026045 63.491006524188386
    endloop
  endfacet
  facet normal -1 0 0
    outer loop
      vertex 1.104166666666667 179.19098300562504 62.012214747707546
      vertex 1.104166666666667 179.29289321881345 63.30710678118656
      vertex 1.104166666666667 179.29289321881345 61.89289321881347
    endloop
  endfacet
  facet normal -1 0 0
    outer loop
      vertex 1.104166666666667 179.04894348370485 62.290983005625066
      vertex 1.104166666666667 179.01231165940487 62.44356553495979
      vertex 1.104166666666667 179.04894348370485 62.909016994374966
    endloop
  endfacet
  facet normal -1 0 0
    outer loop
      vertex 1.104166666666667 179.01231165940487 62.44356553495979
      vertex 1.104166666666667 179 62.600000000000016
      vertex 1.104166666666667 179.01231165940487 62.75643446504024
    endloop
  endfacet
  facet normal -1 0 0
    outer loop
      vertex 1.104166666666667 179.10899347581164 62.14600950026047
      vertex 1.104166666666667 179.04894348370485 62.290983005625066
      vertex 1.104166666666667 179.10899347581164 63.05399049973956
    endloop
  endfacet
  facet normal -1 0 0
    outer loop
      vertex 1.104166666666667 179.01231165940487 62.44356553495979
      vertex 1.104166666666667 179.01231165940487 62.75643446504024
      vertex 1.104166666666667 179.04894348370485 62.909016994374966
    endloop
  endfacet
  facet normal -1 0 0
    outer loop
      vertex 1.104166666666667 179.69098300562504 61.64894348370486
      vertex 1.104166666666667 179.84356553495977 63.58768834059515
      vertex 1.104166666666667 179.84356553495977 61.61231165940488
    endloop
  endfacet
  facet normal -1 0 0
    outer loop
      vertex 1.104166666666667 180.30901699437496 61.64894348370486
      vertex 1.104166666666667 180.45399049973955 63.491006524188386
      vertex 1.104166666666667 180.45399049973955 61.708993475811646
    endloop
  endfacet
  facet normal -1 0 0
    outer loop
      vertex 1.104166666666667 179.04894348370485 62.290983005625066
      vertex 1.104166666666667 179.04894348370485 62.909016994374966
      vertex 1.104166666666667 179.10899347581164 63.05399049973956
    endloop
  endfacet
  facet normal -1 0 0
    outer loop
      vertex 1.104166666666667 179.10899347581164 62.14600950026047
      vertex 1.104166666666667 179.10899347581164 63.05399049973956
      vertex 1.104166666666667 179.19098300562504 63.187785252292485
    endloop
  endfacet
  facet normal -1 0 0
    outer loop
      vertex 1.104166666666667 179.19098300562504 62.012214747707546
      vertex 1.104166666666667 179.19098300562504 63.187785252292485
      vertex 1.104166666666667 179.29289321881345 63.30710678118656
    endloop
  endfacet
  facet normal -1 0 0
    outer loop
      vertex 1.104166666666667 179.29289321881345 61.89289321881347
      vertex 1.104166666666667 179.29289321881345 63.30710678118656
      vertex 1.104166666666667 179.41221474770754 63.409016994374966
    endloop
  endfacet
  facet normal -1 0 0
    outer loop
      vertex 1.104166666666667 179.41221474770754 61.790983005625066
      vertex 1.104166666666667 179.41221474770754 63.409016994374966
      vertex 1.104166666666667 179.54600950026045 63.491006524188386
    endloop
  endfacet
  facet normal -1 0 0
    outer loop
      vertex 1.104166666666667 179.54600950026045 61.708993475811646
      vertex 1.104166666666667 179.54600950026045 63.491006524188386
      vertex 1.104166666666667 179.69098300562504 63.55105651629517
    endloop
  endfacet
  facet normal -1 0 0
    outer loop
      vertex 1.104166666666667 179.69098300562504 61.64894348370486
      vertex 1.104166666666667 179.69098300562504 63.55105651629517
      vertex 1.104166666666667 179.84356553495977 63.58768834059515
    endloop
  endfacet
  facet normal -1 0 0
    outer loop
      vertex 1.104166666666667 179.84356553495977 61.61231165940488
      vertex 1.104166666666667 179.84356553495977 63.58768834059515
      vertex 1.104166666666667 180 63.600000000000016
    endloop
  endfacet
  facet normal -1 0 0
    outer loop
      vertex 1.104166666666667 180 61.600000000000016
      vertex 1.104166666666667 180 63.600000000000016
      vertex 1.104166666666667 180.15643446504023 63.58768834059515
    endloop
  endfacet
  facet normal -1 0 0
    outer loop
      vertex 1.104166666666667 180.15643446504023 61.61231165940488
      vertex 1.104166666666667 180.15643446504023 63.58768834059515
      vertex 1.104166666666667 180.30901699437496 63.55105651629517
    endloop
  endfacet
  facet normal -1 0 0
    outer loop
      vertex 1.104166666666667 180.45399049973955 61.708993475811646
      vertex 1.104166666666667 180.45399049973955 63.491006524188386
      vertex 1.104166666666667 180.58778525229246 63.409016994374966
    endloop
  endfacet
  facet normal -1 0 0
    outer loop
      vertex 1.104166666666667 180.30901699437496 61.64894348370486
      vertex 1.104166666666667 180.30901699437496 63.55105651629517
      vertex 1.104166666666667 180.45399049973955 63.491006524188386
    endloop
  endfacet
  facet normal -1 0 0
    outer loop
      vertex 1.104166666666667 180.45399049973955 61.708993475811646
      vertex 1.104166666666667 180.58778525229246 63.409016994374966
      vertex 1.104166666666667 180.58778525229246 61.790983005625066
    endloop
  endfacet
  facet normal -1 0 0
    outer loop
      vertex 1.104166666666667 180.58778525229246 61.790983005625066
      vertex 1.104166666666667 180.70710678118655 63.30710678118656
      vertex 1.104166666666667 180.70710678118655 61.89289321881347
    endloop
  endfacet
  facet normal -1 0 0
    outer loop
      vertex 1.104166666666667 180.70710678118655 61.89289321881347
      vertex 1.104166666666667 180.80901699437496 63.187785252292485
      vertex 1.104166666666667 180.80901699437496 62.012214747707546
    endloop
  endfacet
  facet normal -1 0 0
    outer loop
      vertex 1.104166666666667 180.80901699437496 62.012214747707546
      vertex 1.104166666666667 180.89100652418836 63.05399049973956
      vertex 1.104166666666667 180.89100652418836 62.14600950026047
    endloop
  endfacet
  facet normal -1 0 0
    outer loop
      vertex 1.104166666666667 180.89100652418836 62.14600950026047
      vertex 1.104166666666667 180.95105651629515 62.909016994374966
      vertex 1.104166666666667 180.95105651629515 62.290983005625066
    endloop
  endfacet
  facet normal -1 0 0
    outer loop
      vertex 1.104166666666667 180.89100652418836 62.14600950026047
      vertex 1.104166666666667 180.89100652418836 63.05399049973956
      vertex 1.104166666666667 180.95105651629515 62.909016994374966
    endloop
  endfacet
  facet normal -1 0 0
    outer loop
      vertex 1.104166666666667 180.95105651629515 62.290983005625066
      vertex 1.104166666666667 180.98768834059513 62.75643446504024
      vertex 1.104166666666667 180.98768834059513 62.44356553495979
    endloop
  endfacet
  facet normal -1 0 0
    outer loop
      vertex 1.104166666666667 180.98768834059513 62.44356553495979
      vertex 1.104166666666667 180.98768834059513 62.75643446504024
      vertex 1.104166666666667 181 62.600000000000016
    endloop
  endfacet
  facet normal -1 0 0
    outer loop
      vertex 1.104166666666667 180.95105651629515 62.290983005625066
      vertex 1.104166666666667 180.95105651629515 62.909016994374966
      vertex 1.104166666666667 180.98768834059513 62.75643446504024
    endloop
  endfacet
  facet normal -1 0 0
    outer loop
      vertex 1.104166666666667 180.70710678118655 61.89289321881347
      vertex 1.104166666666667 180.70710678118655 63.30710678118656
      vertex 1.104166666666667 180.80901699437496 63.187785252292485
    endloop
  endfacet
  facet normal -1 0 0
    outer loop
      vertex 1.104166666666667 180.80901699437496 62.012214747707546
      vertex 1.104166666666667 180.80901699437496 63.187785252292485
      vertex 1.104166666666667 180.89100652418836 63.05399049973956
    endloop
  endfacet
  facet normal -1 0 0
    outer loop
      vertex 1.104166666666667 180.58778525229246 61.790983005625066
      vertex 1.104166666666667 180.58778525229246 63.409016994374966
      vertex 1.104166666666667 180.70710678118655 63.30710678118656
    endloop
  endfacet
  facet normal -1.526672632510863e-19 -0.38268343236510066 -0.9238795325112823
    outer loop
      vertex 1.104166666666667 179.54600950026045 61.708993475811646
      vertex 1.104166666666667 179.69098300562504 61.64894348370486
      vertex 12.604166666666668 179.69098300562504 61.64894348370486
    endloop
  endfacet
  facet normal 0 -0.6494480483301479 -0.7604059656000615
    outer loop
      vertex 1.104166666666667 179.41221474770754 61.790983005625066
      vertex 12.604166666666668 179.41221474770754 61.790983005625066
      vertex 1.104166666666667 179.29289321881345 61.89289321881347
    endloop
  endfacet
  facet normal 0 -0.5224985647159758 -0.8526401643540756
    outer loop
      vertex 1.104166666666667 179.54600950026045 61.708993475811646
      vertex 12.604166666666668 179.54600950026045 61.708993475811646
      vertex 1.104166666666667 179.41221474770754 61.790983005625066
    endloop
  endfacet
  facet normal 0 -0.07845909572786243 -0.9969173337331265
    outer loop
      vertex 1.104166666666667 180 61.600000000000016
      vertex 12.604166666666668 180 61.600000000000016
      vertex 1.104166666666667 179.84356553495977 61.61231165940488
    endloop
  endfacet
  facet normal 1.2024556356434166e-19 -0.23344536385587794 -0.9723699203976832
    outer loop
      vertex 1.104166666666667 179.69098300562504 61.64894348370486
      vertex 1.104166666666667 179.84356553495977 61.61231165940488
      vertex 12.604166666666668 179.84356553495977 61.61231165940488
    endloop
  endfacet
  facet normal 0 -0.7604059656000232 -0.6494480483301927
    outer loop
      vertex 1.104166666666667 179.19098300562504 62.012214747707546
      vertex 1.104166666666667 179.29289321881345 61.89289321881347
      vertex 12.604166666666668 179.19098300562504 62.012214747707546
    endloop
  endfacet
  facet normal 1.7425357473305078e-19 -0.8526401643541486 -0.5224985647158569
    outer loop
      vertex 1.104166666666667 179.19098300562504 62.012214747707546
      vertex 12.604166666666668 179.10899347581164 62.14600950026047
      vertex 1.104166666666667 179.10899347581164 62.14600950026047
    endloop
  endfacet
  facet normal 2.436541879631011e-19 -0.9238795325112569 -0.38268343236516195
    outer loop
      vertex 1.104166666666667 179.10899347581164 62.14600950026047
      vertex 12.604166666666668 179.04894348370485 62.290983005625066
      vertex 1.104166666666667 179.04894348370485 62.290983005625066
    endloop
  endfacet
  facet normal 9.913555588319382e-20 -0.9723699203976935 -0.23344536385583514
    outer loop
      vertex 1.104166666666667 179.04894348370485 62.290983005625066
      vertex 12.604166666666668 179.01231165940487 62.44356553495979
      vertex 1.104166666666667 179.01231165940487 62.44356553495979
    endloop
  endfacet
  facet normal -3.716097224322074e-20 -0.9969173337331227 -0.07845909572791097
    outer loop
      vertex 1.104166666666667 179.01231165940487 62.44356553495979
      vertex 12.604166666666668 179 62.600000000000016
      vertex 1.104166666666667 179 62.600000000000016
    endloop
  endfacet
  facet normal 3.716097224322074e-20 -0.9969173337331227 0.07845909572791097
    outer loop
      vertex 1.104166666666667 179 62.600000000000016
      vertex 12.604166666666668 179.01231165940487 62.75643446504024
      vertex 1.104166666666667 179.01231165940487 62.75643446504024
    endloop
  endfacet
  facet normal -9.913555588319382e-20 -0.9723699203976935 0.23344536385583514
    outer loop
      vertex 1.104166666666667 179.01231165940487 62.75643446504024
      vertex 12.604166666666668 179.04894348370485 62.909016994374966
      vertex 1.104166666666667 179.04894348370485 62.909016994374966
    endloop
  endfacet
  facet normal -2.436541879631011e-19 -0.9238795325112569 0.38268343236516195
    outer loop
      vertex 1.104166666666667 179.04894348370485 62.909016994374966
      vertex 12.604166666666668 179.10899347581164 63.05399049973956
      vertex 1.104166666666667 179.10899347581164 63.05399049973956
    endloop
  endfacet
  facet normal -1.7425357473305078e-19 -0.8526401643541486 0.5224985647158569
    outer loop
      vertex 1.104166666666667 179.10899347581164 63.05399049973956
      vertex 12.604166666666668 179.19098300562504 63.187785252292485
      vertex 1.104166666666667 179.19098300562504 63.187785252292485
    endloop
  endfacet
  facet normal 8.982212449114986e-20 -0.7604059656000232 0.6494480483301927
    outer loop
      vertex 1.104166666666667 179.19098300562504 63.187785252292485
      vertex 12.604166666666668 179.29289321881345 63.30710678118656
      vertex 1.104166666666667 179.29289321881345 63.30710678118656
    endloop
  endfacet
  facet normal 0 -0.6494480483301479 0.7604059656000615
    outer loop
      vertex 1.104166666666667 179.29289321881345 63.30710678118656
      vertex 12.604166666666668 179.29289321881345 63.30710678118656
      vertex 1.104166666666667 179.41221474770754 63.409016994374966
    endloop
  endfacet
  facet normal 0 -0.5224985647159758 0.8526401643540756
    outer loop
      vertex 1.104166666666667 179.41221474770754 63.409016994374966
      vertex 12.604166666666668 179.41221474770754 63.409016994374966
      vertex 1.104166666666667 179.54600950026045 63.491006524188386
    endloop
  endfacet
  facet normal 0 -0.38268343236510066 0.9238795325112823
    outer loop
      vertex 1.104166666666667 179.54600950026045 63.491006524188386
      vertex 12.604166666666668 179.54600950026045 63.491006524188386
      vertex 1.104166666666667 179.69098300562504 63.55105651629517
    endloop
  endfacet
  facet normal 0 -0.23344536385587794 0.9723699203976832
    outer loop
      vertex 1.104166666666667 179.69098300562504 63.55105651629517
      vertex 12.604166666666668 179.69098300562504 63.55105651629517
      vertex 1.104166666666667 179.84356553495977 63.58768834059515
    endloop
  endfacet
  facet normal 0 -0.07845909572786243 0.9969173337331265
    outer loop
      vertex 1.104166666666667 179.84356553495977 63.58768834059515
      vertex 12.604166666666668 179.84356553495977 63.58768834059515
      vertex 1.104166666666667 180 63.600000000000016
    endloop
  endfacet
  facet normal 0 0.07845909572786243 0.9969173337331265
    outer loop
      vertex 1.104166666666667 180 63.600000000000016
      vertex 12.604166666666668 180 63.600000000000016
      vertex 1.104166666666667 180.15643446504023 63.58768834059515
    endloop
  endfacet
  facet normal 0 0.5224985647159758 0.8526401643540756
    outer loop
      vertex 1.104166666666667 180.45399049973955 63.491006524188386
      vertex 12.604166666666668 180.45399049973955 63.491006524188386
      vertex 1.104166666666667 180.58778525229246 63.409016994374966
    endloop
  endfacet
  facet normal 0 0.23344536385587794 0.9723699203976832
    outer loop
      vertex 1.104166666666667 180.15643446504023 63.58768834059515
      vertex 12.604166666666668 180.15643446504023 63.58768834059515
      vertex 1.104166666666667 180.30901699437496 63.55105651629517
    endloop
  endfacet
  facet normal 0 0.38268343236510066 0.9238795325112823
    outer loop
      vertex 1.104166666666667 180.30901699437496 63.55105651629517
      vertex 12.604166666666668 180.30901699437496 63.55105651629517
      vertex 1.104166666666667 180.45399049973955 63.491006524188386
    endloop
  endfacet
  facet normal 0 0.9969173337331227 0.07845909572791097
    outer loop
      vertex 1.104166666666667 181 62.600000000000016
      vertex 1.104166666666667 180.98768834059513 62.75643446504024
      vertex 12.604166666666668 181 62.600000000000016
    endloop
  endfacet
  facet normal 9.913555588319382e-20 0.9723699203976935 0.23344536385583514
    outer loop
      vertex 1.104166666666667 180.95105651629515 62.909016994374966
      vertex 12.604166666666668 180.98768834059513 62.75643446504024
      vertex 1.104166666666667 180.98768834059513 62.75643446504024
    endloop
  endfacet
  facet normal 0 0.9238795325112569 0.38268343236516195
    outer loop
      vertex 1.104166666666667 180.95105651629515 62.909016994374966
      vertex 1.104166666666667 180.89100652418836 63.05399049973956
      vertex 12.604166666666668 180.95105651629515 62.909016994374966
    endloop
  endfacet
  facet normal 0 0.8526401643541486 0.5224985647158569
    outer loop
      vertex 1.104166666666667 180.89100652418836 63.05399049973956
      vertex 1.104166666666667 180.80901699437496 63.187785252292485
      vertex 12.604166666666668 180.89100652418836 63.05399049973956
    endloop
  endfacet
  facet normal 0 0.7604059656000232 0.6494480483301927
    outer loop
      vertex 1.104166666666667 180.80901699437496 63.187785252292485
      vertex 1.104166666666667 180.70710678118655 63.30710678118656
      vertex 12.604166666666668 180.80901699437496 63.187785252292485
    endloop
  endfacet
  facet normal 5.584714737766308e-20 0.6494480483301479 0.7604059656000615
    outer loop
      vertex 1.104166666666667 180.70710678118655 63.30710678118656
      vertex 1.104166666666667 180.58778525229246 63.409016994374966
      vertex 12.604166666666668 180.58778525229246 63.409016994374966
    endloop
  endfacet
  facet normal 0 -0.38268343236510066 -0.9238795325112823
    outer loop
      vertex 1.104166666666667 179.54600950026045 61.708993475811646
      vertex 12.604166666666668 179.69098300562504 61.64894348370486
      vertex 12.604166666666668 179.54600950026045 61.708993475811646
    endloop
  endfacet
  facet normal 0 -0.5224985647159758 -0.8526401643540756
    outer loop
      vertex 1.104166666666667 179.41221474770754 61.790983005625066
      vertex 12.604166666666668 179.54600950026045 61.708993475811646
      vertex 12.604166666666668 179.41221474770754 61.790983005625066
    endloop
  endfacet
  facet normal 0 -0.07845909572786243 -0.9969173337331265
    outer loop
      vertex 1.104166666666667 179.84356553495977 61.61231165940488
      vertex 12.604166666666668 180 61.600000000000016
      vertex 12.604166666666668 179.84356553495977 61.61231165940488
    endloop
  endfacet
  facet normal 0 -0.23344536385587794 -0.9723699203976832
    outer loop
      vertex 1.104166666666667 179.69098300562504 61.64894348370486
      vertex 12.604166666666668 179.84356553495977 61.61231165940488
      vertex 12.604166666666668 179.69098300562504 61.64894348370486
    endloop
  endfacet
  facet normal 0 -0.6494480483301479 -0.7604059656000615
    outer loop
      vertex 1.104166666666667 179.29289321881345 61.89289321881347
      vertex 12.604166666666668 179.41221474770754 61.790983005625066
      vertex 12.604166666666668 179.29289321881345 61.89289321881347
    endloop
  endfacet
  facet normal 0 -0.7604059656000232 -0.6494480483301927
    outer loop
      vertex 1.104166666666667 179.29289321881345 61.89289321881347
      vertex 12.604166666666668 179.29289321881345 61.89289321881347
      vertex 12.604166666666668 179.19098300562504 62.012214747707546
    endloop
  endfacet
  facet normal 0 -0.8526401643541486 -0.5224985647158569
    outer loop
      vertex 1.104166666666667 179.19098300562504 62.012214747707546
      vertex 12.604166666666668 179.19098300562504 62.012214747707546
      vertex 12.604166666666668 179.10899347581164 62.14600950026047
    endloop
  endfacet
  facet normal 0 -0.9238795325112569 -0.38268343236516195
    outer loop
      vertex 1.104166666666667 179.10899347581164 62.14600950026047
      vertex 12.604166666666668 179.10899347581164 62.14600950026047
      vertex 12.604166666666668 179.04894348370485 62.290983005625066
    endloop
  endfacet
  facet normal 0 -0.9723699203976935 -0.23344536385583514
    outer loop
      vertex 1.104166666666667 179.04894348370485 62.290983005625066
      vertex 12.604166666666668 179.04894348370485 62.290983005625066
      vertex 12.604166666666668 179.01231165940487 62.44356553495979
    endloop
  endfacet
  facet normal 0 -0.9969173337331227 -0.07845909572791097
    outer loop
      vertex 1.104166666666667 179.01231165940487 62.44356553495979
      vertex 12.604166666666668 179.01231165940487 62.44356553495979
      vertex 12.604166666666668 179 62.600000000000016
    endloop
  endfacet
  facet normal 0 -0.9969173337331227 0.07845909572791097
    outer loop
      vertex 1.104166666666667 179 62.600000000000016
      vertex 12.604166666666668 179 62.600000000000016
      vertex 12.604166666666668 179.01231165940487 62.75643446504024
    endloop
  endfacet
  facet normal 0 -0.9723699203976935 0.23344536385583514
    outer loop
      vertex 1.104166666666667 179.01231165940487 62.75643446504024
      vertex 12.604166666666668 179.01231165940487 62.75643446504024
      vertex 12.604166666666668 179.04894348370485 62.909016994374966
    endloop
  endfacet
  facet normal 0 -0.9238795325112569 0.38268343236516195
    outer loop
      vertex 1.104166666666667 179.04894348370485 62.909016994374966
      vertex 12.604166666666668 179.04894348370485 62.909016994374966
      vertex 12.604166666666668 179.10899347581164 63.05399049973956
    endloop
  endfacet
  facet normal 0 -0.8526401643541486 0.5224985647158569
    outer loop
      vertex 1.104166666666667 179.10899347581164 63.05399049973956
      vertex 12.604166666666668 179.10899347581164 63.05399049973956
      vertex 12.604166666666668 179.19098300562504 63.187785252292485
    endloop
  endfacet
  facet normal 0 -0.7604059656000232 0.6494480483301927
    outer loop
      vertex 1.104166666666667 179.19098300562504 63.187785252292485
      vertex 12.604166666666668 179.19098300562504 63.187785252292485
      vertex 12.604166666666668 179.29289321881345 63.30710678118656
    endloop
  endfacet
  facet normal 0 -0.6494480483301479 0.7604059656000615
    outer loop
      vertex 1.104166666666667 179.41221474770754 63.409016994374966
      vertex 12.604166666666668 179.29289321881345 63.30710678118656
      vertex 12.604166666666668 179.41221474770754 63.409016994374966
    endloop
  endfacet
  facet normal 0 -0.5224985647159758 0.8526401643540756
    outer loop
      vertex 1.104166666666667 179.54600950026045 63.491006524188386
      vertex 12.604166666666668 179.41221474770754 63.409016994374966
      vertex 12.604166666666668 179.54600950026045 63.491006524188386
    endloop
  endfacet
  facet normal 0 -0.38268343236510066 0.9238795325112823
    outer loop
      vertex 1.104166666666667 179.69098300562504 63.55105651629517
      vertex 12.604166666666668 179.54600950026045 63.491006524188386
      vertex 12.604166666666668 179.69098300562504 63.55105651629517
    endloop
  endfacet
  facet normal 0 -0.23344536385587794 0.9723699203976832
    outer loop
      vertex 1.104166666666667 179.84356553495977 63.58768834059515
      vertex 12.604166666666668 179.69098300562504 63.55105651629517
      vertex 12.604166666666668 179.84356553495977 63.58768834059515
    endloop
  endfacet
  facet normal 0 -0.07845909572786243 0.9969173337331265
    outer loop
      vertex 1.104166666666667 180 63.600000000000016
      vertex 12.604166666666668 179.84356553495977 63.58768834059515
      vertex 12.604166666666668 180 63.600000000000016
    endloop
  endfacet
  facet normal 0 0.07845909572786243 0.9969173337331265
    outer loop
      vertex 1.104166666666667 180.15643446504023 63.58768834059515
      vertex 12.604166666666668 180 63.600000000000016
      vertex 12.604166666666668 180.15643446504023 63.58768834059515
    endloop
  endfacet
  facet normal 0 0.23344536385587794 0.9723699203976832
    outer loop
      vertex 1.104166666666667 180.30901699437496 63.55105651629517
      vertex 12.604166666666668 180.15643446504023 63.58768834059515
      vertex 12.604166666666668 180.30901699437496 63.55105651629517
    endloop
  endfacet
  facet normal 0 0.38268343236510066 0.9238795325112823
    outer loop
      vertex 1.104166666666667 180.45399049973955 63.491006524188386
      vertex 12.604166666666668 180.30901699437496 63.55105651629517
      vertex 12.604166666666668 180.45399049973955 63.491006524188386
    endloop
  endfacet
  facet normal 0 0.9969173337331227 0.07845909572791097
    outer loop
      vertex 1.104166666666667 180.98768834059513 62.75643446504024
      vertex 12.604166666666668 180.98768834059513 62.75643446504024
      vertex 12.604166666666668 181 62.600000000000016
    endloop
  endfacet
  facet normal 0 0.9723699203976935 0.23344536385583514
    outer loop
      vertex 1.104166666666667 180.95105651629515 62.909016994374966
      vertex 12.604166666666668 180.95105651629515 62.909016994374966
      vertex 12.604166666666668 180.98768834059513 62.75643446504024
    endloop
  endfacet
  facet normal 0 0.9238795325112569 0.38268343236516195
    outer loop
      vertex 1.104166666666667 180.89100652418836 63.05399049973956
      vertex 12.604166666666668 180.89100652418836 63.05399049973956
      vertex 12.604166666666668 180.95105651629515 62.909016994374966
    endloop
  endfacet
  facet normal 0 0.8526401643541486 0.5224985647158569
    outer loop
      vertex 1.104166666666667 180.80901699437496 63.187785252292485
      vertex 12.604166666666668 180.80901699437496 63.187785252292485
      vertex 12.604166666666668 180.89100652418836 63.05399049973956
    endloop
  endfacet
  facet normal 0 0.7604059656000232 0.6494480483301927
    outer loop
      vertex 1.104166666666667 180.70710678118655 63.30710678118656
      vertex 12.604166666666668 180.70710678118655 63.30710678118656
      vertex 12.604166666666668 180.80901699437496 63.187785252292485
    endloop
  endfacet
  facet normal 0 0.6494480483301479 0.7604059656000615
    outer loop
      vertex 1.104166666666667 180.70710678118655 63.30710678118656
      vertex 12.604166666666668 180.58778525229246 63.409016994374966
      vertex 12.604166666666668 180.70710678118655 63.30710678118656
    endloop
  endfacet
  facet normal 0 0.5224985647159758 0.8526401643540756
    outer loop
      vertex 1.104166666666667 180.58778525229246 63.409016994374966
      vertex 12.604166666666668 180.45399049973955 63.491006524188386
      vertex 12.604166666666668 180.58778525229246 63.409016994374966
    endloop
  endfacet
  facet normal 1 0 0
    outer loop
      vertex 12.604166666666668 179.69098300562504 61.64894348370486
      vertex 12.604166666666668 179.84356553495977 61.61231165940488
      vertex 12.604166666666668 179.69098300562504 63.55105651629517
    endloop
  endfacet
  facet normal 1 0 0
    outer loop
      vertex 12.604166666666668 180 61.600000000000016
      vertex 12.604166666666668 179.84356553495977 63.58768834059515
      vertex 12.604166666666668 179.84356553495977 61.61231165940488
    endloop
  endfacet
  facet normal 1 0 0
    outer loop
      vertex 12.604166666666668 179.19098300562504 62.012214747707546
      vertex 12.604166666666668 179.29289321881345 61.89289321881347
      vertex 12.604166666666668 179.19098300562504 63.187785252292485
    endloop
  endfacet
  facet normal 1 0 0
    outer loop
      vertex 12.604166666666668 179.19098300562504 62.012214747707546
      vertex 12.604166666666668 179.10899347581164 63.05399049973956
      vertex 12.604166666666668 179.10899347581164 62.14600950026047
    endloop
  endfacet
  facet normal 1 0 0
    outer loop
      vertex 12.604166666666668 179.10899347581164 62.14600950026047
      vertex 12.604166666666668 179.04894348370485 62.909016994374966
      vertex 12.604166666666668 179.04894348370485 62.290983005625066
    endloop
  endfacet
  facet normal 1 0 0
    outer loop
      vertex 12.604166666666668 179.54600950026045 61.708993475811646
      vertex 12.604166666666668 179.41221474770754 63.409016994374966
      vertex 12.604166666666668 179.41221474770754 61.790983005625066
    endloop
  endfacet
  facet normal 1 0 0
    outer loop
      vertex 12.604166666666668 179.41221474770754 61.790983005625066
      vertex 12.604166666666668 179.29289321881345 63.30710678118656
      vertex 12.604166666666668 179.29289321881345 61.89289321881347
    endloop
  endfacet
  facet normal 1 0 0
    outer loop
      vertex 12.604166666666668 179.54600950026045 61.708993475811646
      vertex 12.604166666666668 179.69098300562504 61.64894348370486
      vertex 12.604166666666668 179.54600950026045 63.491006524188386
    endloop
  endfacet
  facet normal 1 0 0
    outer loop
      vertex 12.604166666666668 179.04894348370485 62.290983005625066
      vertex 12.604166666666668 179.01231165940487 62.75643446504024
      vertex 12.604166666666668 179.01231165940487 62.44356553495979
    endloop
  endfacet
  facet normal 1 0 0
    outer loop
      vertex 12.604166666666668 179.01231165940487 62.44356553495979
      vertex 12.604166666666668 179.01231165940487 62.75643446504024
      vertex 12.604166666666668 179 62.600000000000016
    endloop
  endfacet
  facet normal 1 0 0
    outer loop
      vertex 12.604166666666668 179.04894348370485 62.290983005625066
      vertex 12.604166666666668 179.04894348370485 62.909016994374966
      vertex 12.604166666666668 179.01231165940487 62.75643446504024
    endloop
  endfacet
  facet normal 1 0 0
    outer loop
      vertex 12.604166666666668 179.10899347581164 62.14600950026047
      vertex 12.604166666666668 179.10899347581164 63.05399049973956
      vertex 12.604166666666668 179.04894348370485 62.909016994374966
    endloop
  endfacet
  facet normal 1 0 0
    outer loop
      vertex 12.604166666666668 180 61.600000000000016
      vertex 12.604166666666668 180 62.600000000000016
      vertex 12.604166666666668 179.84356553495977 63.58768834059515
    endloop
  endfacet
  facet normal 1 0 0
    outer loop
      vertex 12.604166666666668 180 62.600000000000016
      vertex 12.604166666666668 180.7102226235238 61.89654140146213
      vertex 12.604166666666668 180 63.600000000000016
    endloop
  endfacet
  facet normal 1 0 0
    outer loop
      vertex 12.604166666666668 179.19098300562504 62.012214747707546
      vertex 12.604166666666668 179.19098300562504 63.187785252292485
      vertex 12.604166666666668 179.10899347581164 63.05399049973956
    endloop
  endfacet
  facet normal 1 0 0
    outer loop
      vertex 12.604166666666668 179.29289321881345 61.89289321881347
      vertex 12.604166666666668 179.29289321881345 63.30710678118656
      vertex 12.604166666666668 179.19098300562504 63.187785252292485
    endloop
  endfacet
  facet normal 1 0 0
    outer loop
      vertex 12.604166666666668 179.41221474770754 61.790983005625066
      vertex 12.604166666666668 179.41221474770754 63.409016994374966
      vertex 12.604166666666668 179.29289321881345 63.30710678118656
    endloop
  endfacet
  facet normal 1 0 0
    outer loop
      vertex 12.604166666666668 179.54600950026045 61.708993475811646
      vertex 12.604166666666668 179.54600950026045 63.491006524188386
      vertex 12.604166666666668 179.41221474770754 63.409016994374966
    endloop
  endfacet
  facet normal 1 0 0
    outer loop
      vertex 12.604166666666668 179.69098300562504 61.64894348370486
      vertex 12.604166666666668 179.69098300562504 63.55105651629517
      vertex 12.604166666666668 179.54600950026045 63.491006524188386
    endloop
  endfacet
  facet normal 1 0 0
    outer loop
      vertex 12.604166666666668 179.84356553495977 61.61231165940488
      vertex 12.604166666666668 179.84356553495977 63.58768834059515
      vertex 12.604166666666668 179.69098300562504 63.55105651629517
    endloop
  endfacet
  facet normal 1 0 0
    outer loop
      vertex 12.604166666666668 180 63.600000000000016
      vertex 12.604166666666668 180.7102226235238 61.89654140146213
      vertex 12.604166666666668 180.15643446504023 63.58768834059515
    endloop
  endfacet
  facet normal 1 0 0
    outer loop
      vertex 12.604166666666668 180.30901699437496 63.55105651629517
      vertex 12.604166666666668 180.7102226235238 61.89654140146213
      vertex 12.604166666666668 180.45399049973955 63.491006524188386
    endloop
  endfacet
  facet normal 1 0 0
    outer loop
      vertex 12.604166666666668 180.15643446504023 63.58768834059515
      vertex 12.604166666666668 180.7102226235238 61.89654140146213
      vertex 12.604166666666668 180.30901699437496 63.55105651629517
    endloop
  endfacet
  facet normal 1 0 0
    outer loop
      vertex 12.604166666666668 180 62.600000000000016
      vertex 12.604166666666668 180 63.600000000000016
      vertex 12.604166666666668 179.84356553495977 63.58768834059515
    endloop
  endfacet
  facet normal 1 0 0
    outer loop
      vertex 12.604166666666668 180.7102226235238 61.89654140146213
      vertex 12.604166666666668 180.80901699437496 62.012214747707546
      vertex 12.604166666666668 180.70710678118655 63.30710678118656
    endloop
  endfacet
  facet normal 1 0 0
    outer loop
      vertex 12.604166666666668 180.80901699437496 62.012214747707546
      vertex 12.604166666666668 180.89100652418836 62.14600950026047
      vertex 12.604166666666668 180.80901699437496 63.187785252292485
    endloop
  endfacet
  facet normal 1 0 0
    outer loop
      vertex 12.604166666666668 180.89100652418836 62.14600950026047
      vertex 12.604166666666668 180.95105651629515 62.290983005625066
      vertex 12.604166666666668 180.89100652418836 63.05399049973956
    endloop
  endfacet
  facet normal 1 0 0
    outer loop
      vertex 12.604166666666668 180.95105651629515 62.290983005625066
      vertex 12.604166666666668 180.98768834059513 62.44356553495979
      vertex 12.604166666666668 180.95105651629515 62.909016994374966
    endloop
  endfacet
  facet normal 1 0 0
    outer loop
      vertex 12.604166666666668 180.98768834059513 62.44356553495979
      vertex 12.604166666666668 181 62.600000000000016
      vertex 12.604166666666668 180.98768834059513 62.75643446504024
    endloop
  endfacet
  facet normal 1 0 0
    outer loop
      vertex 12.604166666666668 180.98768834059513 62.44356553495979
      vertex 12.604166666666668 180.98768834059513 62.75643446504024
      vertex 12.604166666666668 180.95105651629515 62.909016994374966
    endloop
  endfacet
  facet normal 1 0 0
    outer loop
      vertex 12.604166666666668 180.95105651629515 62.290983005625066
      vertex 12.604166666666668 180.95105651629515 62.909016994374966
      vertex 12.604166666666668 180.89100652418836 63.05399049973956
    endloop
  endfacet
  facet normal 1 0 0
    outer loop
      vertex 12.604166666666668 180.89100652418836 62.14600950026047
      vertex 12.604166666666668 180.89100652418836 63.05399049973956
      vertex 12.604166666666668 180.80901699437496 63.187785252292485
    endloop
  endfacet
  facet normal 1 0 0
    outer loop
      vertex 12.604166666666668 180.7102226235238 61.89654140146213
      vertex 12.604166666666668 180.70710678118655 63.30710678118656
      vertex 12.604166666666668 180.58778525229246 63.409016994374966
    endloop
  endfacet
  facet normal 1 0 0
    outer loop
      vertex 12.604166666666668 180.45399049973955 63.491006524188386
      vertex 12.604166666666668 180.7102226235238 61.89654140146213
      vertex 12.604166666666668 180.58778525229246 63.409016994374966
    endloop
  endfacet
  facet normal 1 0 0
    outer loop
      vertex 12.604166666666668 180.80901699437496 62.012214747707546
      vertex 12.604166666666668 180.80901699437496 63.187785252292485
      vertex 12.604166666666668 180.70710678118655 63.30710678118656
    endloop
  endfacet
  facet normal -1 0 0
    outer loop
      vertex 0.7999999999999998 152 24
      vertex 0.7999999999999998 152 27.149864428070284
      vertex 0.7999999999999998 158 24
    endloop
  endfacet
  facet normal -1 0 0
    outer loop
      vertex 0.7999999999999998 158 24
      vertex 0.7999999999999998 152 27.149864428070284
      vertex 0.7999999999999998 176 24
    endloop
  endfacet
  facet normal -1 0 0
    outer loop
      vertex 0.7999999999999998 152 27.149864428070284
      vertex 0.7999999999999998 152 31
      vertex 0.7999999999999998 176 24
    endloop
  endfacet
  facet normal -1 0 0
    outer loop
      vertex 0.7999999999999998 152 31
      vertex 0.7999999999999998 152 36
      vertex 0.7999999999999998 176 24
    endloop
  endfacet
  facet normal 0 -1 0
    outer loop
      vertex 0.7999999999999998 152 31
      vertex 12.908333333333333 152 31
      vertex 0.7999999999999998 152 36
    endloop
  endfacet
  facet normal -1 0 0
    outer loop
      vertex 0.7999999999999998 176 24
      vertex 0.7999999999999998 152 36
      vertex 0.7999999999999998 176 36
    endloop
  endfacet
  facet normal 0 0 -1
    outer loop
      vertex 0.7999999999999998 158 24
      vertex 0.7999999999999998 176 24
      vertex 12.908333333333333 176 24
    endloop
  endfacet
  facet normal 0 -1 0
    outer loop
      vertex 0.7999999999999998 152 36
      vertex 12.908333333333333 152 31
      vertex 12.908333333333333 152 36
    endloop
  endfacet
  facet normal 0 0 -1
    outer loop
      vertex 0.7999999999999998 158 24
      vertex 12.908333333333333 176 24
      vertex 12.908333333333333 158 24
    endloop
  endfacet
  facet normal 0 0 1
    outer loop
      vertex 0.7999999999999998 152 36
      vertex 12.908333333333333 152 36
      vertex 0.7999999999999998 176 36
    endloop
  endfacet
  facet normal 0 0 1
    outer loop
      vertex 0.7999999999999998 176 36
      vertex 12.908333333333333 152 36
      vertex 0.7999999999999998 180 36
    endloop
  endfacet
  facet normal 0 0 1
    outer loop
      vertex 0.7999999999999998 180 36
      vertex 12.908333333333333 152 36
      vertex 1.104166666666667 180 36
    endloop
  endfacet
  facet normal 0 0 1
    outer loop
      vertex 12.908333333333333 152 36
      vertex 12.604166666666668 180 36
      vertex 1.104166666666667 180 36
    endloop
  endfacet
  facet normal 2.3360309120880106e-14 2.5376526277146434e-16 1
    outer loop
      vertex 12.908333333333333 152 36
      vertex 12.908333333333333 180 35.99999999999999
      vertex 12.604166666666668 180 36
    endloop
  endfacet
  facet normal 0 -1 0
    outer loop
      vertex 0.7999999999999998 176 11
      vertex 4.054166666666667 176 17.392321804818554
      vertex 0.7999999999999998 176 24
    endloop
  endfacet
  facet normal -1 0 0
    outer loop
      vertex 0.7999999999999998 176 11
      vertex 0.7999999999999998 180 36
      vertex 0.7999999999999998 180 11
    endloop
  endfacet
  facet normal 0 1 0
    outer loop
      vertex 0.7999999999999998 180 11
      vertex 0.7999999999999998 180 36
      vertex 1.104166666666667 180 13.2
    endloop
  endfacet
  facet normal 0 1 0
    outer loop
      vertex 1.104166666666667 180 19.6
      vertex 1.104166666666667 180 21.8
      vertex 4.054166666666667 180 21.392321804818568
    endloop
  endfacet
  facet normal 0 -1 0
    outer loop
      vertex 4.054166666666667 176 17.392321804818554
      vertex 4.054166666666667 176 18.58026119721196
      vertex 0.7999999999999998 176 24
    endloop
  endfacet
  facet normal -1.6430995128382218e-14 1 2.271709553734667e-15
    outer loop
      vertex 0.7999999999999998 180 11
      vertex 1.104166666666667 180 13.2
      vertex 12.908333333333333 180.0000000000002 11
    endloop
  endfacet
  facet normal 0 -1 0
    outer loop
      vertex 0.7999999999999998 176 11
      vertex 6.554166666666667 176 17.392321804818554
      vertex 4.054166666666667 176 17.392321804818554
    endloop
  endfacet
  facet normal 0 1 0
    outer loop
      vertex 1.104166666666667 180 19.6
      vertex 4.054166666666667 180 21.392321804818568
      vertex 12.604166666666668 180 19.6
    endloop
  endfacet
  facet normal 0 1 0
    outer loop
      vertex 1.104166666666667 180 13.2
      vertex 0.7999999999999998 180 36
      vertex 1.104166666666667 180 17.52
    endloop
  endfacet
  facet normal -1 0 0
    outer loop
      vertex 0.7999999999999998 176 11
      vertex 0.7999999999999998 176 24
      vertex 0.7999999999999998 180 36
    endloop
  endfacet
  facet normal 0 1 0
    outer loop
      vertex 1.104166666666667 180 17.52
      vertex 0.7999999999999998 180 36
      vertex 1.104166666666667 180 19.6
    endloop
  endfacet
  facet normal 0 1 0
    outer loop
      vertex 1.104166666666667 180 19.6
      vertex 0.7999999999999998 180 36
      vertex 1.104166666666667 180 21.8
    endloop
  endfacet
  facet normal 0 1 0
    outer loop
      vertex 1.104166666666667 180 21.8
      vertex 0.7999999999999998 180 36
      vertex 1.104166666666667 180 26.12
    endloop
  endfacet
  facet normal 0 1 0
    outer loop
      vertex 1.104166666666667 180 21.8
      vertex 4.054166666666667 180 21.8
      vertex 4.054166666666667 180 21.392321804818568
    endloop
  endfacet
  facet normal 0 1 0
    outer loop
      vertex 1.104166666666667 180 26.12
      vertex 0.7999999999999998 180 36
      vertex 1.104166666666667 180 28.200000000000003
    endloop
  endfacet
  facet normal 0 1 0
    outer loop
      vertex 1.104166666666667 180 28.200000000000003
      vertex 0.7999999999999998 180 36
      vertex 1.104166666666667 180 30.400000000000002
    endloop
  endfacet
  facet normal -1 0 0
    outer loop
      vertex 0.7999999999999998 176 24
      vertex 0.7999999999999998 176 36
      vertex 0.7999999999999998 180 36
    endloop
  endfacet
  facet normal 0 1 0
    outer loop
      vertex 1.104166666666667 180 30.400000000000002
      vertex 0.7999999999999998 180 36
      vertex 1.104166666666667 180 34.72
    endloop
  endfacet
  facet normal 0 -1 0
    outer loop
      vertex 4.054166666666667 176 18.58026119721196
      vertex 12.908333333333333 176 24
      vertex 0.7999999999999998 176 24
    endloop
  endfacet
  facet normal 0 1 0
    outer loop
      vertex 1.104166666666667 180 28.200000000000003
      vertex 1.104166666666667 180 30.400000000000002
      vertex 12.604166666666668 180 28.200000000000003
    endloop
  endfacet
  facet normal 0 -1 0
    outer loop
      vertex 0.7999999999999998 176 11
      vertex 12.908333333333333 176 11.000000000000073
      vertex 10.254166666666666 176 17.392321804818554
    endloop
  endfacet
  facet normal 0 1 9.043271182401278e-14
    outer loop
      vertex 1.104166666666667 180 13.2
      vertex 12.604166666666668 180 13.2
      vertex 12.908333333333333 180.0000000000002 11
    endloop
  endfacet
  facet normal 0 -1 0
    outer loop
      vertex 0.7999999999999998 176 11
      vertex 12.908333333333333 176 24
      vertex 6.554166666666667 176 17.392321804818554
    endloop
  endfacet
  facet normal 0 -1 0
    outer loop
      vertex 0.7999999999999998 176 11
      vertex 10.254166666666666 176 17.392321804818554
      vertex 10.254166666666666 176 18.58026119721196
    endloop
  endfacet
  facet normal 0 -1 0
    outer loop
      vertex 0.7999999999999998 176 11
      vertex 10.254166666666666 176 18.58026119721196
      vertex 12.908333333333333 176 24
    endloop
  endfacet
  facet normal 0 -1 0
    outer loop
      vertex 4.054166666666667 176 18.58026119721196
      vertex 6.554166666666667 176 18.58026119721196
      vertex 12.908333333333333 176 24
    endloop
  endfacet
  facet normal 0 -1 0
    outer loop
      vertex 6.554166666666667 176 17.392321804818554
      vertex 12.908333333333333 176 24
      vertex 6.554166666666667 176 18.58026119721196
    endloop
  endfacet
  facet normal 0 1 0
    outer loop
      vertex 4.054166666666667 180 21.392321804818568
      vertex 6.554166666666667 180 21.392321804818568
      vertex 12.604166666666668 180 19.6
    endloop
  endfacet
  facet normal 0 1 0
    outer loop
      vertex 6.554166666666667 180 21.392321804818568
      vertex 6.554166666666667 180 21.8
      vertex 12.604166666666668 180 19.6
    endloop
  endfacet
  facet normal 0 1 0
    outer loop
      vertex 6.554166666666667 180 21.8
      vertex 10.254166666666666 180 21.392321804818568
      vertex 12.604166666666668 180 19.6
    endloop
  endfacet
  facet normal 0 1 0
    outer loop
      vertex 1.104166666666667 180 30.400000000000002
      vertex 12.604166666666668 180 30.400000000000002
      vertex 12.604166666666668 180 28.200000000000003
    endloop
  endfacet
  facet normal 0 1 0
    outer loop
      vertex 6.554166666666667 180 21.8
      vertex 10.254166666666666 180 21.8
      vertex 10.254166666666666 180 21.392321804818568
    endloop
  endfacet
  facet normal 0 1 0
    outer loop
      vertex 1.104166666666667 180 34.72
      vertex 0.7999999999999998 180 36
      vertex 1.104166666666667 180 36
    endloop
  endfacet
  facet normal 0 -1 0
    outer loop
      vertex 10.254166666666666 176 17.392321804818554
      vertex 12.908333333333333 176 11.000000000000073
      vertex 12.754166666666666 176 17.39232180481855
    endloop
  endfacet
  facet normal 0 -1 0
    outer loop
      vertex 12.754166666666666 176 17.39232180481855
      vertex 12.908333333333333 176 11.000000000000073
      vertex 12.908333333333333 176 24
    endloop
  endfacet
  facet normal 0 -1 0
    outer loop
      vertex 10.254166666666666 176 18.58026119721196
      vertex 12.754166666666666 176 18.58026119721196
      vertex 12.908333333333333 176 24
    endloop
  endfacet
  facet normal 0 -1 0
    outer loop
      vertex 12.754166666666666 176 17.39232180481855
      vertex 12.908333333333333 176 24
      vertex 12.754166666666666 176 18.58026119721196
    endloop
  endfacet
  facet normal 0 1 0
    outer loop
      vertex 12.604166666666668 180 13.2
      vertex 12.604166666666668 180 15.299999999999999
      vertex 12.754166666666666 180 21.392321804818557
    endloop
  endfacet
  facet normal -5.433967290887798e-13 1 1.5303997385602233e-14
    outer loop
      vertex 12.604166666666668 180 13.2
      vertex 12.908333333333333 180 23.999999999999936
      vertex 12.908333333333333 180.0000000000002 11
    endloop
  endfacet
  facet normal 0 1 0
    outer loop
      vertex 10.254166666666666 180 21.392321804818568
      vertex 12.754166666666666 180 21.392321804818557
      vertex 12.604166666666668 180 19.6
    endloop
  endfacet
  facet normal 0 1 0
    outer loop
      vertex 12.604166666666668 180 15.299999999999999
      vertex 12.604166666666668 180 17.52
      vertex 12.754166666666666 180 21.392321804818557
    endloop
  endfacet
  facet normal 0 1 0
    outer loop
      vertex 12.604166666666668 180 17.52
      vertex 12.604166666666668 180 19.6
      vertex 12.754166666666666 180 21.392321804818557
    endloop
  endfacet
  facet normal 0 1 0
    outer loop
      vertex 12.604166666666668 180 13.2
      vertex 12.754166666666666 180 21.392321804818557
      vertex 12.908333333333333 180 23.999999999999936
    endloop
  endfacet
  facet normal 0 1 0
    outer loop
      vertex 12.754166666666666 180 21.392321804818557
      vertex 12.754166666666666 180 22.58026119721196
      vertex 12.908333333333333 180 23.999999999999936
    endloop
  endfacet
  facet normal 0 1 0
    outer loop
      vertex 12.604166666666668 180 22.580261197211964
      vertex 12.604166666666668 180 23.900000000000002
      vertex 12.754166666666666 180 22.58026119721196
    endloop
  endfacet
  facet normal 0 1 0
    outer loop
      vertex 12.754166666666666 180 22.58026119721196
      vertex 12.604166666666668 180 23.900000000000002
      vertex 12.908333333333333 180 23.999999999999936
    endloop
  endfacet
  facet normal 0 1 0
    outer loop
      vertex 12.604166666666668 180 23.900000000000002
      vertex 12.604166666666668 180 26.12
      vertex 12.908333333333333 180 23.999999999999936
    endloop
  endfacet
  facet normal 0 1 0
    outer loop
      vertex 12.604166666666668 180 26.12
      vertex 12.604166666666668 180 28.200000000000003
      vertex 12.908333333333333 180 23.999999999999936
    endloop
  endfacet
  facet normal 0 1 0
    outer loop
      vertex 12.604166666666668 180 28.200000000000003
      vertex 12.604166666666668 180 30.400000000000002
      vertex 12.908333333333333 180 23.999999999999936
    endloop
  endfacet
  facet normal 0 1 0
    outer loop
      vertex 12.604166666666668 180 30.400000000000002
      vertex 12.604166666666668 180 32.5
      vertex 12.908333333333333 180 23.999999999999936
    endloop
  endfacet
  facet normal 0 1 0
    outer loop
      vertex 12.604166666666668 180 32.5
      vertex 12.604166666666668 180 34.72
      vertex 12.908333333333333 180 23.999999999999936
    endloop
  endfacet
  facet normal 0 1 0
    outer loop
      vertex 12.604166666666668 180 34.72
      vertex 12.908333333333333 180 35.99999999999999
      vertex 12.908333333333333 180 23.999999999999936
    endloop
  endfacet
  facet normal 0 1 0
    outer loop
      vertex 12.604166666666668 180 34.72
      vertex 12.604166666666668 180 36
      vertex 12.908333333333333 180 35.99999999999999
    endloop
  endfacet
  facet normal -1 0 0
    outer loop
      vertex 0.7999999999999998 176 7
      vertex 0.7999999999999998 176 11
      vertex 0.7999999999999998 180 11
    endloop
  endfacet
  facet normal -1 0 0
    outer loop
      vertex 0.7999999999999998 176 7
      vertex 0.7999999999999998 180 11
      vertex 0.7999999999999998 218 11
    endloop
  endfacet
  facet normal -1 0 0
    outer loop
      vertex 0.7999999999999998 176 7
      vertex 0.7999999999999998 218 11
      vertex 0.7999999999999998 218 7
    endloop
  endfacet
  facet normal 0 0 1
    outer loop
      vertex 0.7999999999999998 180 11
      vertex 1.104166666666667 215.9 11
      vertex 0.7999999999999998 218 11
    endloop
  endfacet
  facet normal 0 0 1
    outer loop
      vertex 0.7999999999999998 218 11
      vertex 1.104166666666667 215.9 11
      vertex 1.104166666666667 218 11
    endloop
  endfacet
  facet normal 0 -1 0
    outer loop
      vertex 0.7999999999999998 176 7
      vertex 12.908333333333333 176 11.000000000000073
      vertex 0.7999999999999998 176 11
    endloop
  endfacet
  facet normal 0 0 -1
    outer loop
      vertex 0.7999999999999998 176 7
      vertex 0.7999999999999998 218 7
      vertex 12.908333333333333 218 7
    endloop
  endfacet
  facet normal 0 0 1
    outer loop
      vertex 0.7999999999999998 180 11
      vertex 12.604166666666668 215.9 11
      vertex 1.104166666666667 215.9 11
    endloop
  endfacet
  facet normal 0 1 0
    outer loop
      vertex 0.7999999999999998 218 7
      vertex 0.7999999999999998 218 11
      vertex 12.908333333333333 218 7
    endloop
  endfacet
  facet normal 0 1 0
    outer loop
      vertex 0.7999999999999998 218 11
      vertex 1.104166666666667 218 11
      vertex 12.908333333333333 218 7
    endloop
  endfacet
  facet normal 0 -1 0
    outer loop
      vertex 0.7999999999999998 176 7
      vertex 12.908333333333333 176 7
      vertex 12.908333333333333 176 11.000000000000073
    endloop
  endfacet
  facet normal 0 0 -1
    outer loop
      vertex 0.7999999999999998 176 7
      vertex 12.908333333333333 218 7
      vertex 12.908333333333333 176 7
    endloop
  endfacet
  facet normal 0 0 1
    outer loop
      vertex 0.7999999999999998 180 11
      vertex 12.908333333333333 180.0000000000002 11
      vertex 12.604166666666668 215.9 11
    endloop
  endfacet
  facet normal 0 1 0
    outer loop
      vertex 1.104166666666667 218 11
      vertex 12.604166666666668 218 11
      vertex 12.908333333333333 218 7
    endloop
  endfacet
  facet normal 0 1 0
    outer loop
      vertex 12.604166666666668 218 11
      vertex 12.908333333333333 218 11
      vertex 12.908333333333333 218 7
    endloop
  endfacet
  facet normal 0 0 1
    outer loop
      vertex 12.604166666666668 215.9 11
      vertex 12.908333333333333 180.0000000000002 11
      vertex 12.908333333333333 218 11
    endloop
  endfacet
  facet normal 0 0 1
    outer loop
      vertex 12.604166666666668 215.9 11
      vertex 12.908333333333333 218 11
      vertex 12.604166666666668 218 11
    endloop
  endfacet
  facet normal 0 0 -1
    outer loop
      vertex 0.8 0 18.3
      vertex 0.8 49.199999999999996 18.3
      vertex 12.908333333333333 50.79999999999999 18.3
    endloop
  endfacet
  facet normal -1 0 0
    outer loop
      vertex 0.8 0 18.3
      vertex 0.8 0 31
      vertex 0.8 49.199999999999996 18.3
    endloop
  endfacet
  facet normal -1 -4.513101726118523e-18 -1.7483827159451284e-17
    outer loop
      vertex 0.8 49.199999999999996 18.3
      vertex 0.8 0 31
      vertex 0.7999999999999998 49.199999999999996 31
    endloop
  endfacet
  facet normal 0 0 1
    outer loop
      vertex 0.8 0 31
      vertex 1.4897637795275598 49.199999999999996 31
      vertex 0.7999999999999998 49.199999999999996 31
    endloop
  endfacet
  facet normal 0 0 -1
    outer loop
      vertex 0.8 0 18.3
      vertex 12.908333333333333 50.79999999999999 18.3
      vertex 12.908333333333333 49.199999999999996 18.3
    endloop
  endfacet
  facet normal 0 -1 0
    outer loop
      vertex 0.8 0 18.3
      vertex 22.7 0 31
      vertex 0.8 0 31
    endloop
  endfacet
  facet normal 0 0 1
    outer loop
      vertex 0.8 0 31
      vertex 22.7 0 31
      vertex 1.4897637795275598 49.199999999999996 31
    endloop
  endfacet
  facet normal 0 0 1
    outer loop
      vertex 1.4897637795275598 49.199999999999996 31
      vertex 12.908333333333333 50.8 31
      vertex 12.73026960784314 50.8 31
    endloop
  endfacet
  facet normal 0 0 1
    outer loop
      vertex 1.4897637795275598 49.199999999999996 31
      vertex 12.908333333333333 49.199999999999996 31
      vertex 12.908333333333333 50.8 31
    endloop
  endfacet
  facet normal 0 0 -1
    outer loop
      vertex 0.8 0 18.3
      vertex 12.908333333333333 49.199999999999996 18.3
      vertex 22.7 49.199999999999996 18.3
    endloop
  endfacet
  facet normal 0 0 -1
    outer loop
      vertex 0.8 0 18.3
      vertex 22.7 49.199999999999996 18.3
      vertex 22.7 0 18.3
    endloop
  endfacet
  facet normal 0 0 1
    outer loop
      vertex 1.4897637795275598 49.199999999999996 31
      vertex 22.7 0 31
      vertex 12.908333333333333 49.199999999999996 31
    endloop
  endfacet
  facet normal 0 -1 0
    outer loop
      vertex 0.8 0 18.3
      vertex 22.7 0 18.3
      vertex 22.7 0 31
    endloop
  endfacet
  facet normal 0 0 1
    outer loop
      vertex 22.7 0 31
      vertex 22.7 49.199999999999996 31
      vertex 12.908333333333333 49.199999999999996 31
    endloop
  endfacet
  facet normal 1 0 0
    outer loop
      vertex 22.7 0 18.3
      vertex 22.7 49.199999999999996 31
      vertex 22.7 0 31
    endloop
  endfacet
  facet normal 1 0 0
    outer loop
      vertex 22.7 0 18.3
      vertex 22.7 49.199999999999996 18.3
      vertex 22.7 49.199999999999996 31
    endloop
  endfacet
  facet normal 0 0 -1
    outer loop
      vertex 0.8 49.199999999999996 18.3
      vertex 5.404166666666667 110 18.3
      vertex 5.422018572803717 109.77317002569167 18.3
    endloop
  endfacet
  facet normal 0 0 -1
    outer loop
      vertex 0.8 49.199999999999996 18.3
      vertex 5.475134718038694 109.55192535815632 18.3
      vertex 5.562207206593533 109.34171377537766 18.3
    endloop
  endfacet
  facet normal 0 0 -1
    outer loop
      vertex 0.8 49.199999999999996 18.3
      vertex 5.422018572803717 109.77317002569167 18.3
      vertex 5.475134718038694 109.55192535815632 18.3
    endloop
  endfacet
  facet normal 0 0 -1
    outer loop
      vertex 0.8 49.199999999999996 18.3
      vertex 5.562207206593533 109.34171377537766 18.3
      vertex 5.681092024822993 109.14771138417592 18.3
    endloop
  endfacet
  facet normal 0 0 -1
    outer loop
      vertex 0.8 49.199999999999996 18.3
      vertex 5.681092024822993 109.14771138417592 18.3
      vertex 5.828861833946173 108.9746951672795 18.3
    endloop
  endfacet
  facet normal 0 0 -1
    outer loop
      vertex 0.8 49.199999999999996 18.3
      vertex 5.828861833946173 108.9746951672795 18.3
      vertex 6.001878050842581 108.82692535815633 18.3
    endloop
  endfacet
  facet normal 0 0 -1
    outer loop
      vertex 0.8 49.199999999999996 18.3
      vertex 6.001878050842581 108.82692535815633 18.3
      vertex 6.195880442044324 108.70804053992687 18.3
    endloop
  endfacet
  facet normal 0 0 -1
    outer loop
      vertex 0.8 49.199999999999996 18.3
      vertex 6.195880442044324 108.70804053992687 18.3
      vertex 6.406092024822994 108.62096805137203 18.3
    endloop
  endfacet
  facet normal 0 0 -1
    outer loop
      vertex 0.8 49.199999999999996 18.3
      vertex 6.406092024822994 108.62096805137203 18.3
      vertex 6.627336692358332 108.56785190613705 18.3
    endloop
  endfacet
  facet normal 0 0 -1
    outer loop
      vertex 0.8 49.199999999999996 18.3
      vertex 6.627336692358332 108.56785190613705 18.3
      vertex 6.854166666666667 108.55 18.3
    endloop
  endfacet
  facet normal 0 0 -1
    outer loop
      vertex 0.8 49.199999999999996 18.3
      vertex 7.154166666666667 153.09232180481854 18.3
      vertex 5.404166666666667 110 18.3
    endloop
  endfacet
  facet normal 0 0 -1
    outer loop
      vertex 0.8 49.199999999999996 18.3
      vertex 6.854166666666667 108.55 18.3
      vertex 7.080996640975002 108.56785190613705 18.3
    endloop
  endfacet
  facet normal 0 0 -1
    outer loop
      vertex 0.8 49.199999999999996 18.3
      vertex 7.080996640975002 108.56785190613705 18.3
      vertex 7.30224130851034 108.62096805137203 18.3
    endloop
  endfacet
  facet normal 0 0 -1
    outer loop
      vertex 0.8 49.199999999999996 18.3
      vertex 7.30224130851034 108.62096805137203 18.3
      vertex 7.51245289128901 108.70804053992687 18.3
    endloop
  endfacet
  facet normal -1 0 -1.7483827159451284e-17
    outer loop
      vertex 0.8 49.199999999999996 18.3
      vertex 0.7999999999999998 49.199999999999996 31
      vertex 0.7999999999999998 152 31
    endloop
  endfacet
  facet normal 0 0 1
    outer loop
      vertex 0.7999999999999998 49.199999999999996 31
      vertex 1.4897637795275598 49.199999999999996 31
      vertex 12.908333333333333 152 31
    endloop
  endfacet
  facet normal 0 0 -1
    outer loop
      vertex 0.8 49.199999999999996 18.3
      vertex 7.51245289128901 108.70804053992687 18.3
      vertex 12.908333333333333 50.79999999999999 18.3
    endloop
  endfacet
  facet normal 0 0 -1
    outer loop
      vertex 12.908333333333333 50.79999999999999 18.3
      vertex 7.51245289128901 108.70804053992687 18.3
      vertex 7.706455282490753 108.82692535815633 18.3
    endloop
  endfacet
  facet normal 0 0 -1
    outer loop
      vertex 12.908333333333333 50.79999999999999 18.3
      vertex 7.706455282490753 108.82692535815633 18.3
      vertex 7.879471499387161 108.9746951672795 18.3
    endloop
  endfacet
  facet normal 0 0 -1
    outer loop
      vertex 12.908333333333333 50.79999999999999 18.3
      vertex 7.879471499387161 108.9746951672795 18.3
      vertex 8.027241308510341 109.14771138417592 18.3
    endloop
  endfacet
  facet normal 0 0 -1
    outer loop
      vertex 12.908333333333333 50.79999999999999 18.3
      vertex 8.027241308510341 109.14771138417592 18.3
      vertex 8.1461261267398 109.34171377537766 18.3
    endloop
  endfacet
  facet normal 0 0 -1
    outer loop
      vertex 12.908333333333333 50.79999999999999 18.3
      vertex 8.1461261267398 109.34171377537766 18.3
      vertex 8.23319861529464 109.55192535815632 18.3
    endloop
  endfacet
  facet normal 0 0 -1
    outer loop
      vertex 12.908333333333333 50.79999999999999 18.3
      vertex 8.23319861529464 109.55192535815632 18.3
      vertex 8.286314760529617 109.77317002569167 18.3
    endloop
  endfacet
  facet normal 0 0 -1
    outer loop
      vertex 12.908333333333333 50.79999999999999 18.3
      vertex 8.286314760529617 109.77317002569167 18.3
      vertex 12.908333333333333 157.99999999999997 18.3
    endloop
  endfacet
  facet normal 0 0 1
    outer loop
      vertex 1.4897637795275598 49.199999999999996 31
      vertex 12.73026960784314 50.8 31
      vertex 12.908333333333333 152 31
    endloop
  endfacet
  facet normal 0 0 -1
    outer loop
      vertex 0.8 49.199999999999996 18.3
      vertex 0.9541666666666666 154.28026119721196 18.3
      vertex 0.9541666666666666 153.09232180481854 18.3
    endloop
  endfacet
  facet normal 0 0 -1
    outer loop
      vertex 0.8 49.199999999999996 18.3
      vertex 0.7999999999999998 158 18.3
      vertex 0.9541666666666666 154.28026119721196 18.3
    endloop
  endfacet
  facet normal -1 -2.040851148208008e-18 -2.1482643665347458e-18
    outer loop
      vertex 0.8 49.199999999999996 18.3
      vertex 0.7999999999999998 152 24
      vertex 0.7999999999999998 158 18.3
    endloop
  endfacet
  facet normal 0 0 -1
    outer loop
      vertex 0.8 49.199999999999996 18.3
      vertex 0.9541666666666666 153.09232180481854 18.3
      vertex 3.4541666666666666 153.09232180481854 18.3
    endloop
  endfacet
  facet normal 0 0 -1
    outer loop
      vertex 0.9541666666666666 154.28026119721196 18.3
      vertex 0.7999999999999998 158 18.3
      vertex 3.4541666666666666 154.28026119721196 18.3
    endloop
  endfacet
  facet normal 0 0 -1
    outer loop
      vertex 0.8 49.199999999999996 18.3
      vertex 3.4541666666666666 153.09232180481854 18.3
      vertex 7.154166666666667 153.09232180481854 18.3
    endloop
  endfacet
  facet normal 0 0 -1
    outer loop
      vertex 7.154166666666667 153.09232180481854 18.3
      vertex 5.422018572803717 110.22682997430833 18.3
      vertex 5.404166666666667 110 18.3
    endloop
  endfacet
  facet normal 0 0 -1
    outer loop
      vertex 7.154166666666667 153.09232180481854 18.3
      vertex 5.475134718038694 110.44807464184368 18.3
      vertex 5.422018572803717 110.22682997430833 18.3
    endloop
  endfacet
  facet normal 0 0 -1
    outer loop
      vertex 7.154166666666667 153.09232180481854 18.3
      vertex 5.562207206593533 110.65828622462234 18.3
      vertex 5.475134718038694 110.44807464184368 18.3
    endloop
  endfacet
  facet normal 0 0 -1
    outer loop
      vertex 7.154166666666667 153.09232180481854 18.3
      vertex 5.681092024822993 110.85228861582408 18.3
      vertex 5.562207206593533 110.65828622462234 18.3
    endloop
  endfacet
  facet normal 0 0 -1
    outer loop
      vertex 7.154166666666667 153.09232180481854 18.3
      vertex 5.828861833946173 111.0253048327205 18.3
      vertex 5.681092024822993 110.85228861582408 18.3
    endloop
  endfacet
  facet normal 0 0 -1
    outer loop
      vertex 0.7999999999999998 158 18.3
      vertex 7.154166666666667 154.28026119721196 18.3
      vertex 3.4541666666666666 154.28026119721196 18.3
    endloop
  endfacet
  facet normal 0 0 -1
    outer loop
      vertex 3.4541666666666666 153.09232180481854 18.3
      vertex 3.4541666666666666 154.28026119721196 18.3
      vertex 7.154166666666667 154.28026119721196 18.3
    endloop
  endfacet
  facet normal 2.347285018340317e-15 1 0
    outer loop
      vertex 0.7999999999999998 158 18.3
      vertex 0.7999999999999998 158 24
      vertex 12.908333333333333 157.99999999999997 18.3
    endloop
  endfacet
  facet normal 0 0 -1
    outer loop
      vertex 3.4541666666666666 153.09232180481854 18.3
      vertex 7.154166666666667 154.28026119721196 18.3
      vertex 7.154166666666667 153.09232180481854 18.3
    endloop
  endfacet
  facet normal 0 0 -1
    outer loop
      vertex 0.7999999999999998 158 18.3
      vertex 9.654166666666667 154.28026119721196 18.3
      vertex 7.154166666666667 154.28026119721196 18.3
    endloop
  endfacet
  facet normal -1 -2.1599669739789038e-18 0
    outer loop
      vertex 0.8 49.199999999999996 18.3
      vertex 0.7999999999999998 152 27.149864428070284
      vertex 0.7999999999999998 152 24
    endloop
  endfacet
  facet normal -1 -2.159966973978903e-18 0
    outer loop
      vertex 0.8 49.199999999999996 18.3
      vertex 0.7999999999999998 152 31
      vertex 0.7999999999999998 152 27.149864428070284
    endloop
  endfacet
  facet normal -1 0 0
    outer loop
      vertex 0.7999999999999998 158 18.3
      vertex 0.7999999999999998 152 24
      vertex 0.7999999999999998 158 24
    endloop
  endfacet
  facet normal 0 0 1
    outer loop
      vertex 0.7999999999999998 49.199999999999996 31
      vertex 12.908333333333333 152 31
      vertex 0.7999999999999998 152 31
    endloop
  endfacet
  facet normal 0 0 -1
    outer loop
      vertex 7.154166666666667 153.09232180481854 18.3
      vertex 6.001878050842581 111.17307464184367 18.3
      vertex 5.828861833946173 111.0253048327205 18.3
    endloop
  endfacet
  facet normal 0 0 -1
    outer loop
      vertex 9.654166666666667 153.09232180481854 18.3
      vertex 6.195880442044324 111.29195946007313 18.3
      vertex 6.001878050842581 111.17307464184367 18.3
    endloop
  endfacet
  facet normal 0 0 -1
    outer loop
      vertex 9.654166666666667 153.09232180481854 18.3
      vertex 6.406092024822994 111.37903194862797 18.3
      vertex 6.195880442044324 111.29195946007313 18.3
    endloop
  endfacet
  facet normal 0 0 -1
    outer loop
      vertex 9.654166666666667 153.09232180481854 18.3
      vertex 6.627336692358332 111.43214809386295 18.3
      vertex 6.406092024822994 111.37903194862797 18.3
    endloop
  endfacet
  facet normal 0 0 -1
    outer loop
      vertex 9.654166666666667 153.09232180481854 18.3
      vertex 6.854166666666667 111.45 18.3
      vertex 6.627336692358332 111.43214809386295 18.3
    endloop
  endfacet
  facet normal 0 0 -1
    outer loop
      vertex 9.654166666666667 153.09232180481854 18.3
      vertex 7.080996640975002 111.43214809386295 18.3
      vertex 6.854166666666667 111.45 18.3
    endloop
  endfacet
  facet normal 0 0 -1
    outer loop
      vertex 9.654166666666667 153.09232180481854 18.3
      vertex 7.30224130851034 111.37903194862797 18.3
      vertex 7.080996640975002 111.43214809386295 18.3
    endloop
  endfacet
  facet normal 0 0 -1
    outer loop
      vertex 9.654166666666667 153.09232180481854 18.3
      vertex 7.51245289128901 111.29195946007313 18.3
      vertex 7.30224130851034 111.37903194862797 18.3
    endloop
  endfacet
  facet normal 0 0 -1
    outer loop
      vertex 7.154166666666667 153.09232180481854 18.3
      vertex 9.654166666666667 153.09232180481854 18.3
      vertex 6.001878050842581 111.17307464184367 18.3
    endloop
  endfacet
  facet normal 0 0 -1
    outer loop
      vertex 0.7999999999999998 158 18.3
      vertex 12.908333333333333 157.99999999999997 18.3
      vertex 9.654166666666667 154.28026119721196 18.3
    endloop
  endfacet
  facet normal 0 0 -1
    outer loop
      vertex 7.706455282490753 111.17307464184367 18.3
      vertex 7.51245289128901 111.29195946007313 18.3
      vertex 12.908333333333333 157.99999999999997 18.3
    endloop
  endfacet
  facet normal 0 0 -1
    outer loop
      vertex 7.706455282490753 111.17307464184367 18.3
      vertex 12.908333333333333 157.99999999999997 18.3
      vertex 7.879471499387161 111.0253048327205 18.3
    endloop
  endfacet
  facet normal 0 0 -1
    outer loop
      vertex 7.879471499387161 111.0253048327205 18.3
      vertex 12.908333333333333 157.99999999999997 18.3
      vertex 8.027241308510341 110.85228861582408 18.3
    endloop
  endfacet
  facet normal 0 0 -1
    outer loop
      vertex 8.027241308510341 110.85228861582408 18.3
      vertex 12.908333333333333 157.99999999999997 18.3
      vertex 8.1461261267398 110.65828622462234 18.3
    endloop
  endfacet
  facet normal 0 0 -1
    outer loop
      vertex 8.304166666666667 110 18.3
      vertex 12.908333333333333 157.99999999999997 18.3
      vertex 8.286314760529617 109.77317002569167 18.3
    endloop
  endfacet
  facet normal 0 0 -1
    outer loop
      vertex 8.23319861529464 110.44807464184368 18.3
      vertex 8.1461261267398 110.65828622462234 18.3
      vertex 12.908333333333333 157.99999999999997 18.3
    endloop
  endfacet
  facet normal 0 0 -1
    outer loop
      vertex 8.23319861529464 110.44807464184368 18.3
      vertex 12.908333333333333 157.99999999999997 18.3
      vertex 8.286314760529617 110.22682997430833 18.3
    endloop
  endfacet
  facet normal 0 0 -1
    outer loop
      vertex 8.286314760529617 110.22682997430833 18.3
      vertex 12.908333333333333 157.99999999999997 18.3
      vertex 8.304166666666667 110 18.3
    endloop
  endfacet
  facet normal 0 0 -1
    outer loop
      vertex 9.654166666666667 153.09232180481854 18.3
      vertex 12.908333333333333 157.99999999999997 18.3
      vertex 7.51245289128901 111.29195946007313 18.3
    endloop
  endfacet
  facet normal 0 0 -1
    outer loop
      vertex 9.654166666666667 153.09232180481854 18.3
      vertex 9.654166666666667 154.28026119721196 18.3
      vertex 12.908333333333333 157.99999999999997 18.3
    endloop
  endfacet
  facet normal 0 1 -4.986264812351581e-15
    outer loop
      vertex 0.7999999999999998 158 24
      vertex 12.908333333333333 158 24
      vertex 12.908333333333333 157.99999999999997 18.3
    endloop
  endfacet
  facet normal 0 0 1
    outer loop
      vertex 12.73026960784314 50.8 31
      vertex 12.908333333333333 50.8 31
      vertex 12.908333333333333 152 31
    endloop
  endfacet
  facet normal 1 0 0
    outer loop
      vertex 12.908333333333333 50.79999999999999 18.3
      vertex 12.908333333333333 50.8 31
      vertex 12.908333333333333 49.199999999999996 18.3
    endloop
  endfacet
  facet normal 1 0 0
    outer loop
      vertex 12.908333333333333 50.8 31
      vertex 12.908333333333333 49.199999999999996 31
      vertex 12.908333333333333 49.199999999999996 18.3
    endloop
  endfacet
  facet normal 0 1 0
    outer loop
      vertex 12.908333333333333 49.199999999999996 31
      vertex 22.7 49.199999999999996 18.3
      vertex 12.908333333333333 49.199999999999996 18.3
    endloop
  endfacet
  facet normal 1 0 0
    outer loop
      vertex 12.908333333333333 50.79999999999999 18.3
      vertex 12.908333333333333 157.99999999999997 18.3
      vertex 12.908333333333333 50.8 31
    endloop
  endfacet
  facet normal 0 1 0
    outer loop
      vertex 12.908333333333333 49.199999999999996 31
      vertex 22.7 49.199999999999996 31
      vertex 22.7 49.199999999999996 18.3
    endloop
  endfacet
  facet normal 1 0 0
    outer loop
      vertex 12.908333333333333 152 31
      vertex 12.908333333333333 50.8 31
      vertex 12.908333333333333 157.99999999999997 18.3
    endloop
  endfacet
  facet normal 1 0 0
    outer loop
      vertex 12.908333333333333 152 31
      vertex 12.908333333333333 157.99999999999997 18.3
      vertex 12.908333333333333 158 24
    endloop
  endfacet
  facet normal 1 0 0
    outer loop
      vertex 12.908333333333333 152 31
      vertex 12.908333333333333 158 24
      vertex 12.908333333333333 180 35.99999999999999
    endloop
  endfacet
  facet normal 1 0 0
    outer loop
      vertex 12.908333333333333 152 31
      vertex 12.908333333333333 180 35.99999999999999
      vertex 12.908333333333333 152 36
    endloop
  endfacet
  facet normal 1 0 0
    outer loop
      vertex 12.908333333333333 176 11.000000000000073
      vertex 12.908333333333333 176 7
      vertex 12.908333333333333 180.0000000000002 11
    endloop
  endfacet
  facet normal 1 0 0
    outer loop
      vertex 12.908333333333333 176 11.000000000000073
      vertex 12.908333333333333 180.0000000000002 11
      vertex 12.908333333333333 176 24
    endloop
  endfacet
  facet normal 1 0 0
    outer loop
      vertex 12.908333333333333 176 24
      vertex 12.908333333333333 180.0000000000002 11
      vertex 12.908333333333333 180 23.999999999999936
    endloop
  endfacet
  facet normal 1 0 0
    outer loop
      vertex 12.908333333333333 176 7
      vertex 12.908333333333333 218 7
      vertex 12.908333333333333 180.0000000000002 11
    endloop
  endfacet
  facet normal 1 0 0
    outer loop
      vertex 12.908333333333333 180.0000000000002 11
      vertex 12.908333333333333 218 7
      vertex 12.908333333333333 218 11
    endloop
  endfacet
  facet normal 1 0 0
    outer loop
      vertex 12.908333333333333 176 24
      vertex 12.908333333333333 180 35.99999999999999
      vertex 12.908333333333333 158 24
    endloop
  endfacet
  facet normal 1 0 0
    outer loop
      vertex 12.908333333333333 180 35.99999999999999
      vertex 12.908333333333333 176 24
      vertex 12.908333333333333 180 23.999999999999936
    endloop
  endfacet
  facet normal 0.6494480483301732 0.7604059656000399 0
    outer loop
      vertex 5.828861833946173 108.9746951672795 20.29
      vertex 6.001878050842581 108.82692535815633 18.3
      vertex 5.828861833946173 108.9746951672795 18.3
    endloop
  endfacet
  facet normal 0.5224985647159538 0.8526401643540893 0
    outer loop
      vertex 6.001878050842581 108.82692535815633 20.29
      vertex 6.195880442044324 108.70804053992687 18.3
      vertex 6.001878050842581 108.82692535815633 18.3
    endloop
  endfacet
  facet normal 0.38268343236508523 0.9238795325112886 0
    outer loop
      vertex 6.195880442044324 108.70804053992687 20.29
      vertex 6.406092024822994 108.62096805137203 18.3
      vertex 6.195880442044324 108.70804053992687 18.3
    endloop
  endfacet
  facet normal 0.6494480483301732 0.7604059656000399 -2.1084398315617755e-18
    outer loop
      vertex 5.828861833946173 108.9746951672795 20.29
      vertex 6.001878050842581 108.82692535815633 20.29
      vertex 6.001878050842581 108.82692535815633 18.3
    endloop
  endfacet
  facet normal 0.5224985647159538 0.8526401643540893 0
    outer loop
      vertex 6.195880442044324 108.70804053992687 20.29
      vertex 6.195880442044324 108.70804053992687 18.3
      vertex 6.001878050842581 108.82692535815633 20.29
    endloop
  endfacet
  facet normal 0.23344536385592093 0.9723699203976729 0
    outer loop
      vertex 6.406092024822994 108.62096805137203 20.29
      vertex 6.627336692358332 108.56785190613705 18.3
      vertex 6.406092024822994 108.62096805137203 18.3
    endloop
  endfacet
  facet normal 0.07845909572785967 0.9969173337331269 0
    outer loop
      vertex 6.627336692358332 108.56785190613705 20.29
      vertex 6.854166666666667 108.55 18.3
      vertex 6.627336692358332 108.56785190613705 18.3
    endloop
  endfacet
  facet normal -0.07845909572785967 0.9969173337331269 0
    outer loop
      vertex 6.854166666666667 108.55 20.29
      vertex 7.080996640975002 108.56785190613705 18.3
      vertex 6.854166666666667 108.55 18.3
    endloop
  endfacet
  facet normal 0.38268343236508523 0.9238795325112886 2.487074721327286e-18
    outer loop
      vertex 6.195880442044324 108.70804053992687 20.29
      vertex 6.406092024822994 108.62096805137203 20.29
      vertex 6.406092024822994 108.62096805137203 18.3
    endloop
  endfacet
  facet normal 0.23344536385592093 0.9723699203976729 -6.71921402163864e-19
    outer loop
      vertex 6.406092024822994 108.62096805137203 20.29
      vertex 6.627336692358332 108.56785190613705 20.29
      vertex 6.627336692358332 108.56785190613705 18.3
    endloop
  endfacet
  facet normal 0.07845909572785967 0.9969173337331269 9.290902354070789e-19
    outer loop
      vertex 6.627336692358332 108.56785190613705 20.29
      vertex 6.854166666666667 108.55 20.29
      vertex 6.854166666666667 108.55 18.3
    endloop
  endfacet
  facet normal -0.23344536385592093 0.9723699203976729 0
    outer loop
      vertex 7.080996640975002 108.56785190613705 20.29
      vertex 7.30224130851034 108.62096805137203 18.3
      vertex 7.080996640975002 108.56785190613705 18.3
    endloop
  endfacet
  facet normal -0.38268343236508523 0.9238795325112886 0
    outer loop
      vertex 7.30224130851034 108.62096805137203 20.29
      vertex 7.51245289128901 108.70804053992687 18.3
      vertex 7.30224130851034 108.62096805137203 18.3
    endloop
  endfacet
  facet normal -0.5224985647159538 0.8526401643540893 0
    outer loop
      vertex 7.51245289128901 108.70804053992687 20.29
      vertex 7.706455282490753 108.82692535815633 18.3
      vertex 7.51245289128901 108.70804053992687 18.3
    endloop
  endfacet
  facet normal -0.07845909572785967 0.9969173337331269 -9.290902354070789e-19
    outer loop
      vertex 6.854166666666667 108.55 20.29
      vertex 7.080996640975002 108.56785190613705 20.29
      vertex 7.080996640975002 108.56785190613705 18.3
    endloop
  endfacet
  facet normal -0.23344536385592093 0.9723699203976729 6.71921402163864e-19
    outer loop
      vertex 7.080996640975002 108.56785190613705 20.29
      vertex 7.30224130851034 108.62096805137203 20.29
      vertex 7.30224130851034 108.62096805137203 18.3
    endloop
  endfacet
  facet normal -0.38268343236508523 0.9238795325112886 -2.487074721327286e-18
    outer loop
      vertex 7.30224130851034 108.62096805137203 20.29
      vertex 7.51245289128901 108.70804053992687 20.29
      vertex 7.51245289128901 108.70804053992687 18.3
    endloop
  endfacet
  facet normal -0.5224985647159538 0.8526401643540893 5.097628906142543e-19
    outer loop
      vertex 7.51245289128901 108.70804053992687 20.29
      vertex 7.706455282490753 108.82692535815633 20.29
      vertex 7.706455282490753 108.82692535815633 18.3
    endloop
  endfacet
  facet normal -0.6494480483301732 0.7604059656000399 0
    outer loop
      vertex 7.706455282490753 108.82692535815633 20.29
      vertex 7.879471499387161 108.9746951672795 18.3
      vertex 7.706455282490753 108.82692535815633 18.3
    endloop
  endfacet
  facet normal -0.6494480483301732 0.7604059656000399 2.1084398315617755e-18
    outer loop
      vertex 7.706455282490753 108.82692535815633 20.29
      vertex 7.879471499387161 108.9746951672795 20.29
      vertex 7.879471499387161 108.9746951672795 18.3
    endloop
  endfacet
  facet normal 0.996917333733128 0.07845909572784568 0
    outer loop
      vertex 5.404166666666667 110 20.29
      vertex 5.422018572803717 109.77317002569167 18.3
      vertex 5.404166666666667 110 18.3
    endloop
  endfacet
  facet normal 0.996917333733128 -0.07845909572784568 0
    outer loop
      vertex 5.422018572803717 110.22682997430833 20.29
      vertex 5.404166666666667 110 18.3
      vertex 5.422018572803717 110.22682997430833 18.3
    endloop
  endfacet
  facet normal 0.9723699203976779 0.23344536385589998 0
    outer loop
      vertex 5.422018572803717 109.77317002569167 20.29
      vertex 5.475134718038694 109.55192535815632 18.3
      vertex 5.422018572803717 109.77317002569167 18.3
    endloop
  endfacet
  facet normal 0.9238795325112866 0.38268343236508984 0
    outer loop
      vertex 5.475134718038694 109.55192535815632 20.29
      vertex 5.562207206593533 109.34171377537766 18.3
      vertex 5.475134718038694 109.55192535815632 18.3
    endloop
  endfacet
  facet normal 0.9723699203976779 -0.23344536385589998 0
    outer loop
      vertex 5.475134718038694 110.44807464184368 20.29
      vertex 5.422018572803717 110.22682997430833 18.3
      vertex 5.475134718038694 110.44807464184368 18.3
    endloop
  endfacet
  facet normal 0.9238795325112866 -0.38268343236508984 0
    outer loop
      vertex 5.562207206593533 110.65828622462234 20.29
      vertex 5.475134718038694 110.44807464184368 18.3
      vertex 5.562207206593533 110.65828622462234 18.3
    endloop
  endfacet
  facet normal 0.996917333733128 0.07845909572784568 0
    outer loop
      vertex 5.422018572803717 109.77317002569167 20.29
      vertex 5.422018572803717 109.77317002569167 18.3
      vertex 5.404166666666667 110 20.29
    endloop
  endfacet
  facet normal 0.996917333733128 -0.07845909572784568 0
    outer loop
      vertex 5.404166666666667 110 20.29
      vertex 5.404166666666667 110 18.3
      vertex 5.422018572803717 110.22682997430833 20.29
    endloop
  endfacet
  facet normal 0.9723699203976779 0.23344536385589998 0
    outer loop
      vertex 5.475134718038694 109.55192535815632 20.29
      vertex 5.475134718038694 109.55192535815632 18.3
      vertex 5.422018572803717 109.77317002569167 20.29
    endloop
  endfacet
  facet normal 0.9723699203976779 -0.23344536385589998 0
    outer loop
      vertex 5.422018572803717 110.22682997430833 20.29
      vertex 5.422018572803717 110.22682997430833 18.3
      vertex 5.475134718038694 110.44807464184368 20.29
    endloop
  endfacet
  facet normal 0.9238795325112866 -0.38268343236508984 0
    outer loop
      vertex 5.475134718038694 110.44807464184368 20.29
      vertex 5.475134718038694 110.44807464184368 18.3
      vertex 5.562207206593533 110.65828622462234 20.29
    endloop
  endfacet
  facet normal 0.9238795325112866 0.38268343236508984 -1.5250299312787903e-18
    outer loop
      vertex 5.475134718038694 109.55192535815632 20.29
      vertex 5.562207206593533 109.34171377537766 20.29
      vertex 5.562207206593533 109.34171377537766 18.3
    endloop
  endfacet
  facet normal 0 0 -1
    outer loop
      vertex 5.422018572803717 109.77317002569167 20.29
      vertex 5.404166666666667 110 20.29
      vertex 5.422018572803717 110.22682997430833 20.29
    endloop
  endfacet
  facet normal 0 0 -1
    outer loop
      vertex 5.475134718038694 109.55192535815632 20.29
      vertex 5.422018572803717 109.77317002569167 20.29
      vertex 5.422018572803717 110.22682997430833 20.29
    endloop
  endfacet
  facet normal 0 0 -1
    outer loop
      vertex 5.475134718038694 109.55192535815632 20.29
      vertex 5.475134718038694 110.44807464184368 20.29
      vertex 5.562207206593533 109.34171377537766 20.29
    endloop
  endfacet
  facet normal 0 0 -1
    outer loop
      vertex 5.475134718038694 109.55192535815632 20.29
      vertex 5.422018572803717 110.22682997430833 20.29
      vertex 5.475134718038694 110.44807464184368 20.29
    endloop
  endfacet
  facet normal 0 0 -1
    outer loop
      vertex 5.562207206593533 109.34171377537766 20.29
      vertex 5.475134718038694 110.44807464184368 20.29
      vertex 5.562207206593533 110.65828622462234 20.29
    endloop
  endfacet
  facet normal 0.8526401643540825 0.5224985647159648 0
    outer loop
      vertex 5.562207206593533 109.34171377537766 20.29
      vertex 5.681092024822993 109.14771138417592 18.3
      vertex 5.562207206593533 109.34171377537766 18.3
    endloop
  endfacet
  facet normal 0.7604059656000419 0.649448048330171 0
    outer loop
      vertex 5.681092024822993 109.14771138417592 20.29
      vertex 5.828861833946173 108.9746951672795 18.3
      vertex 5.681092024822993 109.14771138417592 18.3
    endloop
  endfacet
  facet normal 0.8526401643540825 -0.5224985647159648 0
    outer loop
      vertex 5.681092024822993 110.85228861582408 20.29
      vertex 5.562207206593533 110.65828622462234 18.3
      vertex 5.681092024822993 110.85228861582408 18.3
    endloop
  endfacet
  facet normal 0.7604059656000419 -0.649448048330171 0
    outer loop
      vertex 5.828861833946173 111.0253048327205 20.29
      vertex 5.681092024822993 110.85228861582408 18.3
      vertex 5.828861833946173 111.0253048327205 18.3
    endloop
  endfacet
  facet normal 0.6494480483301732 -0.7604059656000399 0
    outer loop
      vertex 6.001878050842581 111.17307464184367 20.29
      vertex 5.828861833946173 111.0253048327205 18.3
      vertex 6.001878050842581 111.17307464184367 18.3
    endloop
  endfacet
  facet normal 0.5224985647159538 -0.8526401643540893 0
    outer loop
      vertex 6.195880442044324 111.29195946007313 20.29
      vertex 6.001878050842581 111.17307464184367 18.3
      vertex 6.195880442044324 111.29195946007313 18.3
    endloop
  endfacet
  facet normal 0.8526401643540825 0.5224985647159648 0
    outer loop
      vertex 5.681092024822993 109.14771138417592 20.29
      vertex 5.681092024822993 109.14771138417592 18.3
      vertex 5.562207206593533 109.34171377537766 20.29
    endloop
  endfacet
  facet normal 0.8526401643540825 -0.5224985647159648 0
    outer loop
      vertex 5.562207206593533 110.65828622462234 20.29
      vertex 5.562207206593533 110.65828622462234 18.3
      vertex 5.681092024822993 110.85228861582408 20.29
    endloop
  endfacet
  facet normal 0.7604059656000419 -0.649448048330171 0
    outer loop
      vertex 5.681092024822993 110.85228861582408 20.29
      vertex 5.681092024822993 110.85228861582408 18.3
      vertex 5.828861833946173 111.0253048327205 20.29
    endloop
  endfacet
  facet normal 0.7604059656000419 0.649448048330171 3.529141989667424e-18
    outer loop
      vertex 5.681092024822993 109.14771138417592 20.29
      vertex 5.828861833946173 108.9746951672795 20.29
      vertex 5.828861833946173 108.9746951672795 18.3
    endloop
  endfacet
  facet normal 0.6494480483301732 -0.7604059656000399 0
    outer loop
      vertex 5.828861833946173 111.0253048327205 20.29
      vertex 5.828861833946173 111.0253048327205 18.3
      vertex 6.001878050842581 111.17307464184367 20.29
    endloop
  endfacet
  facet normal 0 0 -1
    outer loop
      vertex 5.681092024822993 109.14771138417592 20.29
      vertex 5.562207206593533 109.34171377537766 20.29
      vertex 5.562207206593533 110.65828622462234 20.29
    endloop
  endfacet
  facet normal 0 0 -1
    outer loop
      vertex 5.681092024822993 109.14771138417592 20.29
      vertex 5.562207206593533 110.65828622462234 20.29
      vertex 5.681092024822993 110.85228861582408 20.29
    endloop
  endfacet
  facet normal 0 0 -1
    outer loop
      vertex 5.681092024822993 109.14771138417592 20.29
      vertex 5.681092024822993 110.85228861582408 20.29
      vertex 5.828861833946173 108.9746951672795 20.29
    endloop
  endfacet
  facet normal 0 0 -1
    outer loop
      vertex 5.828861833946173 108.9746951672795 20.29
      vertex 5.681092024822993 110.85228861582408 20.29
      vertex 5.828861833946173 111.0253048327205 20.29
    endloop
  endfacet
  facet normal 0 0 -1
    outer loop
      vertex 5.828861833946173 108.9746951672795 20.29
      vertex 5.828861833946173 111.0253048327205 20.29
      vertex 6.001878050842581 108.82692535815633 20.29
    endloop
  endfacet
  facet normal 0.5224985647159538 -0.8526401643540893 0
    outer loop
      vertex 6.001878050842581 111.17307464184367 20.29
      vertex 6.001878050842581 111.17307464184367 18.3
      vertex 6.195880442044324 111.29195946007313 20.29
    endloop
  endfacet
  facet normal 0.38268343236508523 -0.9238795325112886 0
    outer loop
      vertex 6.195880442044324 111.29195946007313 20.29
      vertex 6.195880442044324 111.29195946007313 18.3
      vertex 6.406092024822994 111.37903194862797 20.29
    endloop
  endfacet
  facet normal 0 0 -1
    outer loop
      vertex 6.001878050842581 108.82692535815633 20.29
      vertex 5.828861833946173 111.0253048327205 20.29
      vertex 6.001878050842581 111.17307464184367 20.29
    endloop
  endfacet
  facet normal 0 0 -1
    outer loop
      vertex 6.195880442044324 108.70804053992687 20.29
      vertex 6.001878050842581 108.82692535815633 20.29
      vertex 6.001878050842581 111.17307464184367 20.29
    endloop
  endfacet
  facet normal 0 0 -1
    outer loop
      vertex 6.195880442044324 108.70804053992687 20.29
      vertex 6.001878050842581 111.17307464184367 20.29
      vertex 6.195880442044324 111.29195946007313 20.29
    endloop
  endfacet
  facet normal 0 0 -1
    outer loop
      vertex 6.195880442044324 108.70804053992687 20.29
      vertex 6.195880442044324 111.29195946007313 20.29
      vertex 6.406092024822994 108.62096805137203 20.29
    endloop
  endfacet
  facet normal 0.38268343236508523 -0.9238795325112886 0
    outer loop
      vertex 6.406092024822994 111.37903194862797 20.29
      vertex 6.195880442044324 111.29195946007313 18.3
      vertex 6.406092024822994 111.37903194862797 18.3
    endloop
  endfacet
  facet normal 0.23344536385592093 -0.9723699203976729 0
    outer loop
      vertex 6.627336692358332 111.43214809386295 20.29
      vertex 6.406092024822994 111.37903194862797 18.3
      vertex 6.627336692358332 111.43214809386295 18.3
    endloop
  endfacet
  facet normal 0.07845909572785967 -0.9969173337331269 0
    outer loop
      vertex 6.854166666666667 111.45 20.29
      vertex 6.627336692358332 111.43214809386295 18.3
      vertex 6.854166666666667 111.45 18.3
    endloop
  endfacet
  facet normal 0.23344536385592093 -0.9723699203976729 0
    outer loop
      vertex 6.406092024822994 111.37903194862797 20.29
      vertex 6.406092024822994 111.37903194862797 18.3
      vertex 6.627336692358332 111.43214809386295 20.29
    endloop
  endfacet
  facet normal 0 0 -1
    outer loop
      vertex 6.406092024822994 108.62096805137203 20.29
      vertex 6.195880442044324 111.29195946007313 20.29
      vertex 6.406092024822994 111.37903194862797 20.29
    endloop
  endfacet
  facet normal 0 0 -1
    outer loop
      vertex 6.406092024822994 108.62096805137203 20.29
      vertex 6.406092024822994 111.37903194862797 20.29
      vertex 6.627336692358332 108.56785190613705 20.29
    endloop
  endfacet
  facet normal 0 0 -1
    outer loop
      vertex 6.627336692358332 108.56785190613705 20.29
      vertex 6.406092024822994 111.37903194862797 20.29
      vertex 6.627336692358332 111.43214809386295 20.29
    endloop
  endfacet
  facet normal 0.07845909572785967 -0.9969173337331269 0
    outer loop
      vertex 6.627336692358332 111.43214809386295 20.29
      vertex 6.627336692358332 111.43214809386295 18.3
      vertex 6.854166666666667 111.45 20.29
    endloop
  endfacet
  facet normal -0.07845909572785967 -0.9969173337331269 0
    outer loop
      vertex 6.854166666666667 111.45 20.29
      vertex 6.854166666666667 111.45 18.3
      vertex 7.080996640975002 111.43214809386295 20.29
    endloop
  endfacet
  facet normal 0 0 -1
    outer loop
      vertex 6.627336692358332 108.56785190613705 20.29
      vertex 6.627336692358332 111.43214809386295 20.29
      vertex 6.854166666666667 108.55 20.29
    endloop
  endfacet
  facet normal 0 0 -1
    outer loop
      vertex 6.854166666666667 108.55 20.29
      vertex 6.627336692358332 111.43214809386295 20.29
      vertex 6.854166666666667 111.45 20.29
    endloop
  endfacet
  facet normal 0 0 -1
    outer loop
      vertex 6.854166666666667 108.55 20.29
      vertex 6.854166666666667 111.45 20.29
      vertex 7.080996640975002 108.56785190613705 20.29
    endloop
  endfacet
  facet normal -0.07845909572785967 -0.9969173337331269 0
    outer loop
      vertex 7.080996640975002 111.43214809386295 20.29
      vertex 6.854166666666667 111.45 18.3
      vertex 7.080996640975002 111.43214809386295 18.3
    endloop
  endfacet
  facet normal -0.23344536385592093 -0.9723699203976729 0
    outer loop
      vertex 7.30224130851034 111.37903194862797 20.29
      vertex 7.080996640975002 111.43214809386295 18.3
      vertex 7.30224130851034 111.37903194862797 18.3
    endloop
  endfacet
  facet normal -0.38268343236508523 -0.9238795325112886 0
    outer loop
      vertex 7.51245289128901 111.29195946007313 20.29
      vertex 7.30224130851034 111.37903194862797 18.3
      vertex 7.51245289128901 111.29195946007313 18.3
    endloop
  endfacet
  facet normal -0.5224985647159538 -0.8526401643540893 0
    outer loop
      vertex 7.706455282490753 111.17307464184367 20.29
      vertex 7.51245289128901 111.29195946007313 18.3
      vertex 7.706455282490753 111.17307464184367 18.3
    endloop
  endfacet
  facet normal -0.23344536385592093 -0.9723699203976729 0
    outer loop
      vertex 7.080996640975002 111.43214809386295 20.29
      vertex 7.080996640975002 111.43214809386295 18.3
      vertex 7.30224130851034 111.37903194862797 20.29
    endloop
  endfacet
  facet normal 0 0 -1
    outer loop
      vertex 7.080996640975002 108.56785190613705 20.29
      vertex 6.854166666666667 111.45 20.29
      vertex 7.080996640975002 111.43214809386295 20.29
    endloop
  endfacet
  facet normal 0 0 -1
    outer loop
      vertex 7.080996640975002 108.56785190613705 20.29
      vertex 7.080996640975002 111.43214809386295 20.29
      vertex 7.30224130851034 108.62096805137203 20.29
    endloop
  endfacet
  facet normal 0 0 -1
    outer loop
      vertex 7.30224130851034 108.62096805137203 20.29
      vertex 7.080996640975002 111.43214809386295 20.29
      vertex 7.30224130851034 111.37903194862797 20.29
    endloop
  endfacet
  facet normal -0.38268343236508523 -0.9238795325112886 2.487074721327286e-18
    outer loop
      vertex 7.51245289128901 111.29195946007313 20.29
      vertex 7.30224130851034 111.37903194862797 20.29
      vertex 7.30224130851034 111.37903194862797 18.3
    endloop
  endfacet
  facet normal -0.5224985647159538 -0.8526401643540893 0
    outer loop
      vertex 7.51245289128901 111.29195946007313 20.29
      vertex 7.51245289128901 111.29195946007313 18.3
      vertex 7.706455282490753 111.17307464184367 20.29
    endloop
  endfacet
  facet normal 0 0 -1
    outer loop
      vertex 7.30224130851034 108.62096805137203 20.29
      vertex 7.30224130851034 111.37903194862797 20.29
      vertex 7.51245289128901 108.70804053992687 20.29
    endloop
  endfacet
  facet normal 0 0 -1
    outer loop
      vertex 7.51245289128901 108.70804053992687 20.29
      vertex 7.30224130851034 111.37903194862797 20.29
      vertex 7.51245289128901 111.29195946007313 20.29
    endloop
  endfacet
  facet normal 0 0 -1
    outer loop
      vertex 7.51245289128901 108.70804053992687 20.29
      vertex 7.51245289128901 111.29195946007313 20.29
      vertex 7.706455282490753 108.82692535815633 20.29
    endloop
  endfacet
  facet normal 0 0 -1
    outer loop
      vertex 7.706455282490753 108.82692535815633 20.29
      vertex 7.51245289128901 111.29195946007313 20.29
      vertex 7.706455282490753 111.17307464184367 20.29
    endloop
  endfacet
  facet normal -0.7604059656000419 0.649448048330171 0
    outer loop
      vertex 7.879471499387161 108.9746951672795 20.29
      vertex 8.027241308510341 109.14771138417592 18.3
      vertex 7.879471499387161 108.9746951672795 18.3
    endloop
  endfacet
  facet normal -0.6494480483301732 -0.7604059656000399 0
    outer loop
      vertex 7.879471499387161 111.0253048327205 20.29
      vertex 7.706455282490753 111.17307464184367 18.3
      vertex 7.879471499387161 111.0253048327205 18.3
    endloop
  endfacet
  facet normal -0.7604059656000419 -0.649448048330171 0
    outer loop
      vertex 8.027241308510341 110.85228861582408 20.29
      vertex 7.879471499387161 111.0253048327205 18.3
      vertex 8.027241308510341 110.85228861582408 18.3
    endloop
  endfacet
  facet normal -0.8526401643540842 0.5224985647159619 0
    outer loop
      vertex 8.027241308510341 109.14771138417592 20.29
      vertex 8.1461261267398 109.34171377537766 18.3
      vertex 8.027241308510341 109.14771138417592 18.3
    endloop
  endfacet
  facet normal -0.8526401643540842 -0.5224985647159619 0
    outer loop
      vertex 8.1461261267398 110.65828622462234 20.29
      vertex 8.027241308510341 110.85228861582408 18.3
      vertex 8.1461261267398 110.65828622462234 18.3
    endloop
  endfacet
  facet normal -0.9238795325112853 0.3826834323650932 0
    outer loop
      vertex 8.1461261267398 109.34171377537766 20.29
      vertex 8.23319861529464 109.55192535815632 18.3
      vertex 8.1461261267398 109.34171377537766 18.3
    endloop
  endfacet
  facet normal -0.9238795325112853 -0.3826834323650932 0
    outer loop
      vertex 8.23319861529464 110.44807464184368 20.29
      vertex 8.1461261267398 110.65828622462234 18.3
      vertex 8.23319861529464 110.44807464184368 18.3
    endloop
  endfacet
  facet normal -0.9723699203976779 0.23344536385589998 0
    outer loop
      vertex 8.23319861529464 109.55192535815632 20.29
      vertex 8.286314760529617 109.77317002569167 18.3
      vertex 8.23319861529464 109.55192535815632 18.3
    endloop
  endfacet
  facet normal -0.996917333733128 0.07845909572784568 0
    outer loop
      vertex 8.286314760529617 109.77317002569167 20.29
      vertex 8.304166666666667 110 18.3
      vertex 8.286314760529617 109.77317002569167 18.3
    endloop
  endfacet
  facet normal -0.9723699203976779 -0.23344536385589998 0
    outer loop
      vertex 8.286314760529617 110.22682997430833 20.29
      vertex 8.23319861529464 110.44807464184368 18.3
      vertex 8.286314760529617 110.22682997430833 18.3
    endloop
  endfacet
  facet normal -0.996917333733128 -0.07845909572784568 0
    outer loop
      vertex 8.304166666666667 110 20.29
      vertex 8.286314760529617 110.22682997430833 18.3
      vertex 8.304166666666667 110 18.3
    endloop
  endfacet
  facet normal -0.6494480483301732 -0.7604059656000399 0
    outer loop
      vertex 7.706455282490753 111.17307464184367 20.29
      vertex 7.706455282490753 111.17307464184367 18.3
      vertex 7.879471499387161 111.0253048327205 20.29
    endloop
  endfacet
  facet normal -0.7604059656000419 0.649448048330171 -3.529141989667424e-18
    outer loop
      vertex 7.879471499387161 108.9746951672795 20.29
      vertex 8.027241308510341 109.14771138417592 20.29
      vertex 8.027241308510341 109.14771138417592 18.3
    endloop
  endfacet
  facet normal -0.7604059656000419 -0.649448048330171 0
    outer loop
      vertex 7.879471499387161 111.0253048327205 20.29
      vertex 7.879471499387161 111.0253048327205 18.3
      vertex 8.027241308510341 110.85228861582408 20.29
    endloop
  endfacet
  facet normal 0 0 -1
    outer loop
      vertex 7.706455282490753 108.82692535815633 20.29
      vertex 7.706455282490753 111.17307464184367 20.29
      vertex 7.879471499387161 108.9746951672795 20.29
    endloop
  endfacet
  facet normal 0 0 -1
    outer loop
      vertex 7.879471499387161 108.9746951672795 20.29
      vertex 7.706455282490753 111.17307464184367 20.29
      vertex 7.879471499387161 111.0253048327205 20.29
    endloop
  endfacet
  facet normal 0 0 -1
    outer loop
      vertex 7.879471499387161 108.9746951672795 20.29
      vertex 7.879471499387161 111.0253048327205 20.29
      vertex 8.027241308510341 109.14771138417592 20.29
    endloop
  endfacet
  facet normal 0 0 -1
    outer loop
      vertex 8.027241308510341 109.14771138417592 20.29
      vertex 7.879471499387161 111.0253048327205 20.29
      vertex 8.027241308510341 110.85228861582408 20.29
    endloop
  endfacet
  facet normal -0.8526401643540842 0.5224985647159619 2.001390387385263e-18
    outer loop
      vertex 8.027241308510341 109.14771138417592 20.29
      vertex 8.1461261267398 109.34171377537766 20.29
      vertex 8.1461261267398 109.34171377537766 18.3
    endloop
  endfacet
  facet normal -0.8526401643540842 -0.5224985647159619 0
    outer loop
      vertex 8.027241308510341 110.85228861582408 20.29
      vertex 8.027241308510341 110.85228861582408 18.3
      vertex 8.1461261267398 110.65828622462234 20.29
    endloop
  endfacet
  facet normal -0.9238795325112853 0.3826834323650932 1.0108582095476717e-19
    outer loop
      vertex 8.1461261267398 109.34171377537766 20.29
      vertex 8.23319861529464 109.55192535815632 20.29
      vertex 8.23319861529464 109.55192535815632 18.3
    endloop
  endfacet
  facet normal -0.9238795325112853 -0.3826834323650932 -1.0108582095476717e-19
    outer loop
      vertex 8.23319861529464 110.44807464184368 20.29
      vertex 8.1461261267398 110.65828622462234 20.29
      vertex 8.1461261267398 110.65828622462234 18.3
    endloop
  endfacet
  facet normal -0.9723699203976779 0.23344536385589998 1.664914965652824e-18
    outer loop
      vertex 8.23319861529464 109.55192535815632 20.29
      vertex 8.286314760529617 109.77317002569167 20.29
      vertex 8.286314760529617 109.77317002569167 18.3
    endloop
  endfacet
  facet normal -0.9723699203976779 -0.23344536385589998 -1.664914965652824e-18
    outer loop
      vertex 8.286314760529617 110.22682997430833 20.29
      vertex 8.23319861529464 110.44807464184368 20.29
      vertex 8.23319861529464 110.44807464184368 18.3
    endloop
  endfacet
  facet normal -0.996917333733128 0.07845909572784568 3.381874099939916e-20
    outer loop
      vertex 8.286314760529617 109.77317002569167 20.29
      vertex 8.304166666666667 110 20.29
      vertex 8.304166666666667 110 18.3
    endloop
  endfacet
  facet normal -0.996917333733128 -0.07845909572784568 -3.381874099939916e-20
    outer loop
      vertex 8.304166666666667 110 20.29
      vertex 8.286314760529617 110.22682997430833 20.29
      vertex 8.286314760529617 110.22682997430833 18.3
    endloop
  endfacet
  facet normal 0 0 -1
    outer loop
      vertex 8.027241308510341 109.14771138417592 20.29
      vertex 8.027241308510341 110.85228861582408 20.29
      vertex 8.1461261267398 109.34171377537766 20.29
    endloop
  endfacet
  facet normal 0 0 -1
    outer loop
      vertex 8.1461261267398 109.34171377537766 20.29
      vertex 8.027241308510341 110.85228861582408 20.29
      vertex 8.1461261267398 110.65828622462234 20.29
    endloop
  endfacet
  facet normal 0 0 -1
    outer loop
      vertex 8.1461261267398 109.34171377537766 20.29
      vertex 8.1461261267398 110.65828622462234 20.29
      vertex 8.23319861529464 109.55192535815632 20.29
    endloop
  endfacet
  facet normal 0 0 -1
    outer loop
      vertex 8.23319861529464 109.55192535815632 20.29
      vertex 8.1461261267398 110.65828622462234 20.29
      vertex 8.23319861529464 110.44807464184368 20.29
    endloop
  endfacet
  facet normal 0 0 -1
    outer loop
      vertex 8.23319861529464 109.55192535815632 20.29
      vertex 8.23319861529464 110.44807464184368 20.29
      vertex 8.286314760529617 109.77317002569167 20.29
    endloop
  endfacet
  facet normal 0 0 -1
    outer loop
      vertex 8.286314760529617 109.77317002569167 20.29
      vertex 8.23319861529464 110.44807464184368 20.29
      vertex 8.286314760529617 110.22682997430833 20.29
    endloop
  endfacet
  facet normal 0 0 -1
    outer loop
      vertex 8.286314760529617 109.77317002569167 20.29
      vertex 8.286314760529617 110.22682997430833 20.29
      vertex 8.304166666666667 110 20.29
    endloop
  endfacet
endsolid OpenSCAD_Model
