solid OpenSCAD_Model
  facet normal -1 0 0
    outer loop
      vertex 0 172 53.7
      vertex 0 172 55.7
      vertex 0 186 55.7
    endloop
  endfacet
  facet normal -1 0 0
    outer loop
      vertex 0 172 53.7
      vertex 0 186 55.7
      vertex 0 186 53.7
    endloop
  endfacet
  facet normal 0 -1 0
    outer loop
      vertex 0 172 53.7
      vertex 164.5 172 55.7
      vertex 0 172 55.7
    endloop
  endfacet
  facet normal 0 0 -1
    outer loop
      vertex 0 172 53.7
      vertex 0 186 53.7
      vertex 164.5 186 53.7
    endloop
  endfacet
  facet normal 0 1 0
    outer loop
      vertex 0 186 53.7
      vertex 0 186 55.7
      vertex 164.5 186 53.7
    endloop
  endfacet
  facet normal -1 0 0
    outer loop
      vertex 0 172 55.7
      vertex 0 222 61.7
      vertex 0 186 55.7
    endloop
  endfacet
  facet normal -1 0 0
    outer loop
      vertex 0 172 55.7
      vertex 0 172 61.7
      vertex 0 222 61.7
    endloop
  endfacet
  facet normal 0 -1 0
    outer loop
      vertex 0 172 55.7
      vertex 164.5 172 61.7
      vertex 0 172 61.7
    endloop
  endfacet
  facet normal 0 0 1
    outer loop
      vertex 0 172 61.7
      vertex 164.5 172 61.7
      vertex 0 222 61.7
    endloop
  endfacet
  facet normal 0 0 -1
    outer loop
      vertex 0 186 55.7
      vertex 0 222 55.7
      vertex 6.7761614496757305 220 55.7
    endloop
  endfacet
  facet normal 0 0 -1
    outer loop
      vertex 0 186 55.7
      vertex 6.7761614496757305 220 55.7
      vertex 9.22383855032427 220 55.7
    endloop
  endfacet
  facet normal 0 0 -1
    outer loop
      vertex 0 222 55.7
      vertex 6.776161449675733 222 55.7
      vertex 6.7761614496757305 220 55.7
    endloop
  endfacet
  facet normal 0 1 0
    outer loop
      vertex 0 222 55.7
      vertex 6.524530875846473 222 55.804228796387804
      vertex 6.776161449675733 222 55.7
    endloop
  endfacet
  facet normal 0 1 0
    outer loop
      vertex 0 222 55.7
      vertex 6.0896979300494625 222 56.07069476828143
      vertex 6.524530875846473 222 55.804228796387804
    endloop
  endfacet
  facet normal 0 1 0
    outer loop
      vertex 0 222 55.7
      vertex 5.70190296114372 222 56.401902961143726
      vertex 6.0896979300494625 222 56.07069476828143
    endloop
  endfacet
  facet normal 0 1 0
    outer loop
      vertex 6.524530875846473 220 55.804228796387804
      vertex 9.22383855032427 220 55.7
      vertex 6.7761614496757305 220 55.7
    endloop
  endfacet
  facet normal 0.38268343236508406 0 0.9238795325112891
    outer loop
      vertex 6.524530875846473 220 55.804228796387804
      vertex 6.7761614496757305 220 55.7
      vertex 6.524530875846473 222 55.804228796387804
    endloop
  endfacet
  facet normal 0.522498564715959 0 0.852640164354086
    outer loop
      vertex 6.524530875846473 220 55.804228796387804
      vertex 6.524530875846473 222 55.804228796387804
      vertex 6.0896979300494625 220 56.07069476828143
    endloop
  endfacet
  facet normal 0.3826834323650807 -5.098367493051556e-16 0.9238795325112906
    outer loop
      vertex 6.776161449675733 222 55.7
      vertex 6.524530875846473 222 55.804228796387804
      vertex 6.7761614496757305 220 55.7
    endloop
  endfacet
  facet normal -0.3826834323650853 0 0.9238795325112886
    outer loop
      vertex 9.475469124153527 220 55.804228796387804
      vertex 9.475469124153527 222 55.804228796387804
      vertex 9.22383855032427 220 55.7
    endloop
  endfacet
  facet normal -0.3826834323650876 3.398911662034433e-16 0.9238795325112877
    outer loop
      vertex 9.223838550324272 222 55.7
      vertex 9.22383855032427 220 55.7
      vertex 9.475469124153527 222 55.804228796387804
    endloop
  endfacet
  facet normal -0.522498564715959 0 0.852640164354086
    outer loop
      vertex 9.475469124153527 220 55.804228796387804
      vertex 9.910302069950538 222 56.07069476828143
      vertex 9.475469124153527 222 55.804228796387804
    endloop
  endfacet
  facet normal 0.6494480483301818 0 0.7604059656000327
    outer loop
      vertex 6.0896979300494625 220 56.07069476828143
      vertex 6.0896979300494625 222 56.07069476828143
      vertex 5.70190296114372 220 56.401902961143726
    endloop
  endfacet
  facet normal 0.522498564715959 0 0.852640164354086
    outer loop
      vertex 6.0896979300494625 220 56.07069476828143
      vertex 6.524530875846473 222 55.804228796387804
      vertex 6.0896979300494625 222 56.07069476828143
    endloop
  endfacet
  facet normal -0.522498564715959 5.885466610530697e-18 0.852640164354086
    outer loop
      vertex 9.475469124153527 220 55.804228796387804
      vertex 9.910302069950538 220 56.07069476828143
      vertex 9.910302069950538 222 56.07069476828143
    endloop
  endfacet
  facet normal -0.6494480483301818 0 0.7604059656000327
    outer loop
      vertex 9.910302069950538 220 56.07069476828143
      vertex 10.29809703885628 222 56.401902961143726
      vertex 9.910302069950538 222 56.07069476828143
    endloop
  endfacet
  facet normal 0 1 0
    outer loop
      vertex 0 222 55.7
      vertex 5.370694768281421 222 56.78969793004946
      vertex 5.70190296114372 222 56.401902961143726
    endloop
  endfacet
  facet normal 0 1 0
    outer loop
      vertex 0 222 55.7
      vertex 5.104228796387805 222 57.224530875846476
      vertex 5.370694768281421 222 56.78969793004946
    endloop
  endfacet
  facet normal 0 1 0
    outer loop
      vertex 6.524530875846473 220 55.804228796387804
      vertex 7.000765071102796 220 57.324671109562594
      vertex 9.22383855032427 220 55.7
    endloop
  endfacet
  facet normal 0 1 0
    outer loop
      vertex 9.475469124153527 220 55.804228796387804
      vertex 9.22383855032427 220 55.7
      vertex 9.20208152801713 220 57.49791847198287
    endloop
  endfacet
  facet normal 0 1 0
    outer loop
      vertex 7.734061409431607 220 57.02092982098827
      vertex 8 220 57
      vertex 9.22383855032427 220 55.7
    endloop
  endfacet
  facet normal 0 1 0
    outer loop
      vertex 8 220 57
      vertex 8.265938590568393 220 57.02092982098827
      vertex 9.22383855032427 220 55.7
    endloop
  endfacet
  facet normal 0 1 0
    outer loop
      vertex 7.734061409431607 220 57.02092982098827
      vertex 9.22383855032427 220 55.7
      vertex 7.474671109562589 220 57.08320392229824
    endloop
  endfacet
  facet normal 0 1 0
    outer loop
      vertex 8.265938590568393 220 57.02092982098827
      vertex 8.525328890437411 220 57.08320392229824
      vertex 9.22383855032427 220 55.7
    endloop
  endfacet
  facet normal 0 1 0
    outer loop
      vertex 7.474671109562589 220 57.08320392229824
      vertex 9.22383855032427 220 55.7
      vertex 7.228216150442771 220 57.18528890887978
    endloop
  endfacet
  facet normal 0 1 0
    outer loop
      vertex 8.525328890437411 220 57.08320392229824
      vertex 8.77178384955723 220 57.18528890887978
      vertex 9.22383855032427 220 55.7
    endloop
  endfacet
  facet normal 0 1 0
    outer loop
      vertex 9.475469124153527 220 55.804228796387804
      vertex 9.514711091120226 220 57.92821615044277
      vertex 9.910302069950538 220 56.07069476828143
    endloop
  endfacet
  facet normal 0.6494480483301818 0 0.7604059656000327
    outer loop
      vertex 5.70190296114372 220 56.401902961143726
      vertex 6.0896979300494625 222 56.07069476828143
      vertex 5.70190296114372 222 56.401902961143726
    endloop
  endfacet
  facet normal -0.6494480483301818 -7.633894030424771e-18 0.7604059656000327
    outer loop
      vertex 9.910302069950538 220 56.07069476828143
      vertex 10.29809703885628 220 56.401902961143726
      vertex 10.29809703885628 222 56.401902961143726
    endloop
  endfacet
  facet normal 0.7604059656000282 0 0.6494480483301869
    outer loop
      vertex 5.70190296114372 220 56.401902961143726
      vertex 5.70190296114372 222 56.401902961143726
      vertex 5.370694768281421 220 56.78969793004946
    endloop
  endfacet
  facet normal 0.7604059656000282 0 0.6494480483301869
    outer loop
      vertex 5.370694768281421 220 56.78969793004946
      vertex 5.70190296114372 222 56.401902961143726
      vertex 5.370694768281421 222 56.78969793004946
    endloop
  endfacet
  facet normal -0.7604059656000282 3.469415795852678e-18 0.6494480483301869
    outer loop
      vertex 10.29809703885628 220 56.401902961143726
      vertex 10.629305231718579 220 56.78969793004946
      vertex 10.629305231718579 222 56.78969793004946
    endloop
  endfacet
  facet normal -0.7604059656000282 0 0.6494480483301869
    outer loop
      vertex 10.29809703885628 220 56.401902961143726
      vertex 10.629305231718579 222 56.78969793004946
      vertex 10.29809703885628 222 56.401902961143726
    endloop
  endfacet
  facet normal 0.23344536385588388 0 0.9723699203976818
    outer loop
      vertex 7.734061409431607 216 57.02092982098827
      vertex 7.734061409431607 220 57.02092982098827
      vertex 7.474671109562589 216 57.08320392229824
    endloop
  endfacet
  facet normal 0.38268343236509766 0 0.9238795325112835
    outer loop
      vertex 7.474671109562589 216 57.08320392229824
      vertex 7.474671109562589 220 57.08320392229824
      vertex 7.228216150442771 216 57.18528890887978
    endloop
  endfacet
  facet normal 0.23344536385588388 0 0.9723699203976818
    outer loop
      vertex 7.474671109562589 216 57.08320392229824
      vertex 7.734061409431607 220 57.02092982098827
      vertex 7.474671109562589 220 57.08320392229824
    endloop
  endfacet
  facet normal 0.38268343236509766 0 0.9238795325112835
    outer loop
      vertex 7.228216150442771 216 57.18528890887978
      vertex 7.474671109562589 220 57.08320392229824
      vertex 7.228216150442771 220 57.18528890887978
    endloop
  endfacet
  facet normal 0.07845909572786695 -2.246089477779966e-19 0.9969173337331262
    outer loop
      vertex 7.734061409431607 216 57.02092982098827
      vertex 8 216 57
      vertex 8 220 57
    endloop
  endfacet
  facet normal -0.07845909572786695 2.246089477779966e-19 0.9969173337331262
    outer loop
      vertex 8 216 57
      vertex 8.265938590568393 216 57.02092982098827
      vertex 8.265938590568393 220 57.02092982098827
    endloop
  endfacet
  facet normal -0.23344536385588388 1.3211110507036243e-18 0.9723699203976818
    outer loop
      vertex 8.265938590568393 216 57.02092982098827
      vertex 8.525328890437411 216 57.08320392229824
      vertex 8.525328890437411 220 57.08320392229824
    endloop
  endfacet
  facet normal -0.38268343236509766 -1.4016759924460617e-18 0.9238795325112835
    outer loop
      vertex 8.525328890437411 216 57.08320392229824
      vertex 8.77178384955723 216 57.18528890887978
      vertex 8.77178384955723 220 57.18528890887978
    endloop
  endfacet
  facet normal -0.07845909572786695 0 0.9969173337331262
    outer loop
      vertex 8 216 57
      vertex 8.265938590568393 220 57.02092982098827
      vertex 8 220 57
    endloop
  endfacet
  facet normal 0.07845909572786695 0 0.9969173337331262
    outer loop
      vertex 7.734061409431607 216 57.02092982098827
      vertex 8 220 57
      vertex 7.734061409431607 220 57.02092982098827
    endloop
  endfacet
  facet normal -0.23344536385588388 0 0.9723699203976818
    outer loop
      vertex 8.265938590568393 216 57.02092982098827
      vertex 8.525328890437411 220 57.08320392229824
      vertex 8.265938590568393 220 57.02092982098827
    endloop
  endfacet
  facet normal -0.38268343236509766 0 0.9238795325112835
    outer loop
      vertex 8.525328890437411 216 57.08320392229824
      vertex 8.77178384955723 220 57.18528890887978
      vertex 8.525328890437411 220 57.08320392229824
    endloop
  endfacet
  facet normal 0.5224985647159558 0 0.852640164354088
    outer loop
      vertex 7.228216150442771 216 57.18528890887978
      vertex 7.228216150442771 220 57.18528890887978
      vertex 7.000765071102796 216 57.324671109562594
    endloop
  endfacet
  facet normal 0.649448048330176 0 0.7604059656000375
    outer loop
      vertex 7.000765071102796 216 57.324671109562594
      vertex 7.000765071102796 220 57.324671109562594
      vertex 6.797918471982869 216 57.49791847198287
    endloop
  endfacet
  facet normal 0.5224985647159558 0 0.852640164354088
    outer loop
      vertex 7.000765071102796 216 57.324671109562594
      vertex 7.228216150442771 220 57.18528890887978
      vertex 7.000765071102796 220 57.324671109562594
    endloop
  endfacet
  facet normal 0.649448048330176 0 0.7604059656000375
    outer loop
      vertex 6.797918471982869 216 57.49791847198287
      vertex 7.000765071102796 220 57.324671109562594
      vertex 6.797918471982869 220 57.49791847198287
    endloop
  endfacet
  facet normal -0.5224985647159558 -1.8117015294163926e-18 0.852640164354088
    outer loop
      vertex 8.77178384955723 216 57.18528890887978
      vertex 8.999234928897204 216 57.324671109562594
      vertex 8.999234928897204 220 57.324671109562594
    endloop
  endfacet
  facet normal -0.6494480483301777 1.071355235959059e-19 0.760405965600036
    outer loop
      vertex 8.999234928897204 216 57.324671109562594
      vertex 9.20208152801713 216 57.49791847198287
      vertex 9.20208152801713 220 57.49791847198287
    endloop
  endfacet
  facet normal -0.5224985647159558 0 0.852640164354088
    outer loop
      vertex 8.77178384955723 216 57.18528890887978
      vertex 8.999234928897204 220 57.324671109562594
      vertex 8.77178384955723 220 57.18528890887978
    endloop
  endfacet
  facet normal -0.6494480483301777 0 0.760405965600036
    outer loop
      vertex 8.999234928897204 216 57.324671109562594
      vertex 9.20208152801713 220 57.49791847198287
      vertex 8.999234928897204 220 57.324671109562594
    endloop
  endfacet
  facet normal 0.7604059656000367 0 0.6494480483301768
    outer loop
      vertex 6.797918471982869 216 57.49791847198287
      vertex 6.797918471982869 220 57.49791847198287
      vertex 6.624671109562589 216 57.7007650711028
    endloop
  endfacet
  facet normal 0.7604059656000367 0 0.6494480483301768
    outer loop
      vertex 6.624671109562589 216 57.7007650711028
      vertex 6.797918471982869 220 57.49791847198287
      vertex 6.624671109562589 220 57.7007650711028
    endloop
  endfacet
  facet normal -0.760405965600035 -2.753442511307696e-18 0.6494480483301788
    outer loop
      vertex 9.20208152801713 216 57.49791847198287
      vertex 9.37532889043741 216 57.7007650711028
      vertex 9.37532889043741 220 57.7007650711028
    endloop
  endfacet
  facet normal -0.760405965600035 0 0.6494480483301788
    outer loop
      vertex 9.20208152801713 216 57.49791847198287
      vertex 9.37532889043741 220 57.7007650711028
      vertex 9.20208152801713 220 57.49791847198287
    endloop
  endfacet
  facet normal 0 1 0
    outer loop
      vertex 0 222 55.7
      vertex 4.909066322040751 222 57.69569476828143
      vertex 5.104228796387805 222 57.224530875846476
    endloop
  endfacet
  facet normal 0 1 0
    outer loop
      vertex 0 222 55.7
      vertex 4.790012893065802 222 58.191587988619254
      vertex 4.909066322040751 222 57.69569476828143
    endloop
  endfacet
  facet normal 0 1 0
    outer loop
      vertex 6.524530875846473 220 55.804228796387804
      vertex 6.797918471982869 220 57.49791847198287
      vertex 7.000765071102796 220 57.324671109562594
    endloop
  endfacet
  facet normal 0 1 0
    outer loop
      vertex 7.228216150442771 220 57.18528890887978
      vertex 9.22383855032427 220 55.7
      vertex 7.000765071102796 220 57.324671109562594
    endloop
  endfacet
  facet normal 0 1 0
    outer loop
      vertex 8.77178384955723 220 57.18528890887978
      vertex 8.999234928897204 220 57.324671109562594
      vertex 9.22383855032427 220 55.7
    endloop
  endfacet
  facet normal 0 1 0
    outer loop
      vertex 8.999234928897204 220 57.324671109562594
      vertex 9.20208152801713 220 57.49791847198287
      vertex 9.22383855032427 220 55.7
    endloop
  endfacet
  facet normal 0 1 0
    outer loop
      vertex 6.524530875846473 220 55.804228796387804
      vertex 6.624671109562589 220 57.7007650711028
      vertex 6.797918471982869 220 57.49791847198287
    endloop
  endfacet
  facet normal 0 1 0
    outer loop
      vertex 6.524530875846473 220 55.804228796387804
      vertex 6.485288908879775 220 57.92821615044277
      vertex 6.624671109562589 220 57.7007650711028
    endloop
  endfacet
  facet normal 0 1 0
    outer loop
      vertex 9.475469124153527 220 55.804228796387804
      vertex 9.20208152801713 220 57.49791847198287
      vertex 9.37532889043741 220 57.7007650711028
    endloop
  endfacet
  facet normal 0 1 0
    outer loop
      vertex 9.475469124153527 220 55.804228796387804
      vertex 9.37532889043741 220 57.7007650711028
      vertex 9.514711091120226 220 57.92821615044277
    endloop
  endfacet
  facet normal 0.8526401643540932 0 0.5224985647159474
    outer loop
      vertex 5.370694768281421 220 56.78969793004946
      vertex 5.370694768281421 222 56.78969793004946
      vertex 5.104228796387805 220 57.224530875846476
    endloop
  endfacet
  facet normal 0.8526401643540932 0 0.5224985647159474
    outer loop
      vertex 5.104228796387805 220 57.224530875846476
      vertex 5.370694768281421 222 56.78969793004946
      vertex 5.104228796387805 222 57.224530875846476
    endloop
  endfacet
  facet normal 0.9238795325112875 0 0.38268343236508795
    outer loop
      vertex 5.104228796387805 220 57.224530875846476
      vertex 5.104228796387805 222 57.224530875846476
      vertex 4.909066322040751 220 57.69569476828143
    endloop
  endfacet
  facet normal 0 1 0
    outer loop
      vertex 0 222 55.7
      vertex 4.75 222 58.7
      vertex 4.790012893065802 222 58.191587988619254
    endloop
  endfacet
  facet normal 0.9238795325112875 0 0.38268343236508795
    outer loop
      vertex 4.909066322040751 220 57.69569476828143
      vertex 5.104228796387805 222 57.224530875846476
      vertex 4.909066322040751 222 57.69569476828143
    endloop
  endfacet
  facet normal 0 1 0
    outer loop
      vertex 6.524530875846473 220 55.804228796387804
      vertex 6.3832039222982395 220 58.174671109562595
      vertex 6.485288908879775 220 57.92821615044277
    endloop
  endfacet
  facet normal 0 1 0
    outer loop
      vertex 9.910302069950538 220 56.07069476828143
      vertex 9.514711091120226 220 57.92821615044277
      vertex 9.61679607770176 220 58.174671109562595
    endloop
  endfacet
  facet normal 0 1 0
    outer loop
      vertex 6.524530875846473 220 55.804228796387804
      vertex 6.320929820988265 220 58.434061409431614
      vertex 6.3832039222982395 220 58.174671109562595
    endloop
  endfacet
  facet normal 0 1 0
    outer loop
      vertex 6.524530875846473 220 55.804228796387804
      vertex 6.3 220 58.7
      vertex 6.320929820988265 220 58.434061409431614
    endloop
  endfacet
  facet normal 0 1 0
    outer loop
      vertex 9.910302069950538 220 56.07069476828143
      vertex 9.61679607770176 220 58.174671109562595
      vertex 9.679070179011735 220 58.434061409431614
    endloop
  endfacet
  facet normal -0.8526401643540932 0 0.5224985647159474
    outer loop
      vertex 10.629305231718579 220 56.78969793004946
      vertex 10.895771203612195 222 57.224530875846476
      vertex 10.629305231718579 222 56.78969793004946
    endloop
  endfacet
  facet normal -0.8526401643540932 -1.2825502196313025e-18 0.5224985647159474
    outer loop
      vertex 10.629305231718579 220 56.78969793004946
      vertex 10.895771203612195 220 57.224530875846476
      vertex 10.895771203612195 222 57.224530875846476
    endloop
  endfacet
  facet normal -0.9238795325112875 0 0.38268343236508795
    outer loop
      vertex 10.895771203612195 220 57.224530875846476
      vertex 11.09093367795925 222 57.69569476828143
      vertex 10.895771203612195 222 57.224530875846476
    endloop
  endfacet
  facet normal -0.9238795325112875 -4.690288550861757e-18 0.38268343236508795
    outer loop
      vertex 10.895771203612195 220 57.224530875846476
      vertex 11.09093367795925 220 57.69569476828143
      vertex 11.09093367795925 222 57.69569476828143
    endloop
  endfacet
  facet normal 0 0 -1
    outer loop
      vertex 0 186 55.7
      vertex 9.22383855032427 220 55.7
      vertex 155.27616144967573 220 55.7
    endloop
  endfacet
  facet normal 0 0 -1
    outer loop
      vertex 9.223838550324272 222 55.7
      vertex 155.27616144967573 220 55.7
      vertex 9.22383855032427 220 55.7
    endloop
  endfacet
  facet normal 0 1 0
    outer loop
      vertex 9.223838550324272 222 55.7
      vertex 9.475469124153527 222 55.804228796387804
      vertex 155.27616144967575 222 55.7
    endloop
  endfacet
  facet normal 0 1 0
    outer loop
      vertex 155.27616144967575 222 55.7
      vertex 9.475469124153527 222 55.804228796387804
      vertex 9.910302069950538 222 56.07069476828143
    endloop
  endfacet
  facet normal 0 1 0
    outer loop
      vertex 155.27616144967575 222 55.7
      vertex 9.910302069950538 222 56.07069476828143
      vertex 10.29809703885628 222 56.401902961143726
    endloop
  endfacet
  facet normal 0 1 0
    outer loop
      vertex 155.27616144967575 222 55.7
      vertex 10.29809703885628 222 56.401902961143726
      vertex 10.629305231718579 222 56.78969793004946
    endloop
  endfacet
  facet normal 0 1 0
    outer loop
      vertex 10.895771203612195 222 57.224530875846476
      vertex 155.02453087584647 222 55.804228796387804
      vertex 10.629305231718579 222 56.78969793004946
    endloop
  endfacet
  facet normal 0 1 0
    outer loop
      vertex 11.09093367795925 222 57.69569476828143
      vertex 155.02453087584647 222 55.804228796387804
      vertex 10.895771203612195 222 57.224530875846476
    endloop
  endfacet
  facet normal 0 1 0
    outer loop
      vertex 155.02453087584647 222 55.804228796387804
      vertex 11.09093367795925 222 57.69569476828143
      vertex 11.209987106934198 222 58.191587988619254
    endloop
  endfacet
  facet normal 0 1 0
    outer loop
      vertex 155.02453087584647 222 55.804228796387804
      vertex 11.209987106934198 222 58.191587988619254
      vertex 11.25 222 58.7
    endloop
  endfacet
  facet normal -1 0 0
    outer loop
      vertex 0 186 55.7
      vertex 0 222 61.7
      vertex 0 222 55.7
    endloop
  endfacet
  facet normal 0 1 0
    outer loop
      vertex 7.474671109562589 216 57.08320392229824
      vertex 7.228216150442771 216 57.18528890887978
      vertex 7.228216150442771 216 60.21471109112023
    endloop
  endfacet
  facet normal 0 1 0
    outer loop
      vertex 7.734061409431607 216 57.02092982098827
      vertex 7.474671109562589 216 57.08320392229824
      vertex 7.474671109562589 216 60.31679607770177
    endloop
  endfacet
  facet normal 0 1 0
    outer loop
      vertex 7.228216150442771 216 57.18528890887978
      vertex 7.000765071102796 216 57.324671109562594
      vertex 7.000765071102796 216 60.07532889043741
    endloop
  endfacet
  facet normal 0 1 0
    outer loop
      vertex 7.734061409431607 216 57.02092982098827
      vertex 7.734061409431607 216 60.379070179011734
      vertex 8 216 57
    endloop
  endfacet
  facet normal 0 1 0
    outer loop
      vertex 8 216 57
      vertex 8 216 60.400000000000006
      vertex 8.265938590568393 216 57.02092982098827
    endloop
  endfacet
  facet normal 0 1 0
    outer loop
      vertex 8.265938590568393 216 57.02092982098827
      vertex 8.265938590568393 216 60.379070179011734
      vertex 8.525328890437411 216 57.08320392229824
    endloop
  endfacet
  facet normal 0 1 0
    outer loop
      vertex 8.525328890437411 216 57.08320392229824
      vertex 8.525328890437411 216 60.31679607770177
      vertex 8.77178384955723 216 57.18528890887978
    endloop
  endfacet
  facet normal 0.8526401643540888 0 0.5224985647159546
    outer loop
      vertex 6.624671109562589 216 57.7007650711028
      vertex 6.624671109562589 220 57.7007650711028
      vertex 6.485288908879775 216 57.92821615044277
    endloop
  endfacet
  facet normal 0.8526401643540888 0 0.5224985647159546
    outer loop
      vertex 6.485288908879775 216 57.92821615044277
      vertex 6.624671109562589 220 57.7007650711028
      vertex 6.485288908879775 220 57.92821615044277
    endloop
  endfacet
  facet normal -0.8526401643540872 8.469301097591151e-19 0.5224985647159569
    outer loop
      vertex 9.37532889043741 216 57.7007650711028
      vertex 9.514711091120226 216 57.92821615044277
      vertex 9.514711091120226 220 57.92821615044277
    endloop
  endfacet
  facet normal -0.8526401643540872 0 0.5224985647159569
    outer loop
      vertex 9.37532889043741 216 57.7007650711028
      vertex 9.514711091120226 220 57.92821615044277
      vertex 9.37532889043741 220 57.7007650711028
    endloop
  endfacet
  facet normal 0.9238795325112901 0 0.38268343236508207
    outer loop
      vertex 6.485288908879775 216 57.92821615044277
      vertex 6.485288908879775 220 57.92821615044277
      vertex 6.3832039222982395 216 58.174671109562595
    endloop
  endfacet
  facet normal 0.9238795325112901 0 0.38268343236508207
    outer loop
      vertex 6.3832039222982395 216 58.174671109562595
      vertex 6.485288908879775 220 57.92821615044277
      vertex 6.3832039222982395 220 58.174671109562595
    endloop
  endfacet
  facet normal -0.9238795325112912 5.1035558080422005e-21 0.38268343236507923
    outer loop
      vertex 9.514711091120226 216 57.92821615044277
      vertex 9.61679607770176 216 58.174671109562595
      vertex 9.61679607770176 220 58.174671109562595
    endloop
  endfacet
  facet normal -0.9238795325112912 0 0.38268343236507923
    outer loop
      vertex 9.514711091120226 216 57.92821615044277
      vertex 9.61679607770176 220 58.174671109562595
      vertex 9.514711091120226 220 57.92821615044277
    endloop
  endfacet
  facet normal 0 1 0
    outer loop
      vertex 7.000765071102796 216 57.324671109562594
      vertex 6.797918471982869 216 57.49791847198287
      vertex 6.797918471982869 216 59.902081528017135
    endloop
  endfacet
  facet normal 0 1 0
    outer loop
      vertex 6.797918471982869 216 57.49791847198287
      vertex 6.624671109562589 216 57.7007650711028
      vertex 6.624671109562589 216 59.699234928897205
    endloop
  endfacet
  facet normal 0 1 0
    outer loop
      vertex 6.485288908879775 216 57.92821615044277
      vertex 6.3832039222982395 216 58.174671109562595
      vertex 6.3832039222982395 216 59.22532889043741
    endloop
  endfacet
  facet normal 0 1 0
    outer loop
      vertex 6.624671109562589 216 57.7007650711028
      vertex 6.485288908879775 216 57.92821615044277
      vertex 6.485288908879775 216 59.471783849557234
    endloop
  endfacet
  facet normal 0 1 0
    outer loop
      vertex 8.77178384955723 216 57.18528890887978
      vertex 8.77178384955723 216 60.21471109112023
      vertex 8.999234928897204 216 57.324671109562594
    endloop
  endfacet
  facet normal 0 1 0
    outer loop
      vertex 8.999234928897204 216 57.324671109562594
      vertex 8.999234928897204 216 60.07532889043741
      vertex 9.20208152801713 216 57.49791847198287
    endloop
  endfacet
  facet normal 0 1 0
    outer loop
      vertex 9.20208152801713 216 57.49791847198287
      vertex 9.20208152801713 216 59.902081528017135
      vertex 9.37532889043741 216 57.7007650711028
    endloop
  endfacet
  facet normal 0 1 0
    outer loop
      vertex 9.37532889043741 216 57.7007650711028
      vertex 9.37532889043741 216 59.699234928897205
      vertex 9.514711091120226 216 57.92821615044277
    endloop
  endfacet
  facet normal 0 1 0
    outer loop
      vertex 6.3832039222982395 216 58.174671109562595
      vertex 6.320929820988265 216 58.434061409431614
      vertex 6.320929820988265 216 58.96593859056839
    endloop
  endfacet
  facet normal 0 1 0
    outer loop
      vertex 6.320929820988265 216 58.434061409431614
      vertex 6.3 216 58.7
      vertex 6.320929820988265 216 58.96593859056839
    endloop
  endfacet
  facet normal 0 1 0
    outer loop
      vertex 9.514711091120226 216 57.92821615044277
      vertex 9.514711091120226 216 59.471783849557234
      vertex 9.61679607770176 216 58.174671109562595
    endloop
  endfacet
  facet normal 0 1 0
    outer loop
      vertex 9.61679607770176 216 58.174671109562595
      vertex 9.61679607770176 216 59.22532889043741
      vertex 9.679070179011735 216 58.434061409431614
    endloop
  endfacet
  facet normal 0.9723699203976757 0 0.23344536385590905
    outer loop
      vertex 6.3832039222982395 216 58.174671109562595
      vertex 6.3832039222982395 220 58.174671109562595
      vertex 6.320929820988265 216 58.434061409431614
    endloop
  endfacet
  facet normal 0.9723699203976757 0 0.23344536385590905
    outer loop
      vertex 6.320929820988265 216 58.434061409431614
      vertex 6.3832039222982395 220 58.174671109562595
      vertex 6.320929820988265 220 58.434061409431614
    endloop
  endfacet
  facet normal -0.9723699203976757 -1.1781731388073007e-18 0.23344536385590905
    outer loop
      vertex 9.61679607770176 216 58.174671109562595
      vertex 9.679070179011735 216 58.434061409431614
      vertex 9.679070179011735 220 58.434061409431614
    endloop
  endfacet
  facet normal -0.9723699203976757 0 0.23344536385590905
    outer loop
      vertex 9.61679607770176 216 58.174671109562595
      vertex 9.679070179011735 220 58.434061409431614
      vertex 9.61679607770176 220 58.174671109562595
    endloop
  endfacet
  facet normal 0.9969173337331281 0 0.07845909572784483
    outer loop
      vertex 6.320929820988265 216 58.434061409431614
      vertex 6.320929820988265 220 58.434061409431614
      vertex 6.3 216 58.7
    endloop
  endfacet
  facet normal 0.9969173337331281 -2.438218392568123e-19 0.07845909572784483
    outer loop
      vertex 6.320929820988265 220 58.434061409431614
      vertex 6.3 220 58.7
      vertex 6.3 216 58.7
    endloop
  endfacet
  facet normal -0.9969173337331283 -1.7202498330376888e-20 0.07845909572784153
    outer loop
      vertex 9.679070179011735 216 58.434061409431614
      vertex 9.7 216 58.7
      vertex 9.7 220 58.7
    endloop
  endfacet
  facet normal -0.9969173337331283 0 0.07845909572784153
    outer loop
      vertex 9.679070179011735 216 58.434061409431614
      vertex 9.7 220 58.7
      vertex 9.679070179011735 220 58.434061409431614
    endloop
  endfacet
  facet normal 0.9723699203976761 0 0.23344536385590717
    outer loop
      vertex 4.909066322040751 220 57.69569476828143
      vertex 4.909066322040751 222 57.69569476828143
      vertex 4.790012893065802 220 58.191587988619254
    endloop
  endfacet
  facet normal 0 1 0
    outer loop
      vertex 0 222 55.7
      vertex 4.790012893065802 222 59.20841201138075
      vertex 4.75 222 58.7
    endloop
  endfacet
  facet normal 0.9723699203976761 0 0.23344536385590717
    outer loop
      vertex 4.790012893065802 220 58.191587988619254
      vertex 4.909066322040751 222 57.69569476828143
      vertex 4.790012893065802 222 58.191587988619254
    endloop
  endfacet
  facet normal 0 1 0
    outer loop
      vertex 6.524530875846473 220 55.804228796387804
      vertex 6.0896979300494625 220 56.07069476828143
      vertex 6.0896979300494625 220 61.32930523171858
    endloop
  endfacet
  facet normal 0 1 0
    outer loop
      vertex 6.0896979300494625 220 56.07069476828143
      vertex 5.70190296114372 220 56.401902961143726
      vertex 5.70190296114372 220 60.99809703885628
    endloop
  endfacet
  facet normal 0 1 0
    outer loop
      vertex 5.70190296114372 220 56.401902961143726
      vertex 5.370694768281421 220 56.78969793004946
      vertex 5.370694768281421 220 60.61030206995054
    endloop
  endfacet
  facet normal 0 1 0
    outer loop
      vertex 9.910302069950538 220 56.07069476828143
      vertex 9.679070179011735 220 58.434061409431614
      vertex 9.7 220 58.7
    endloop
  endfacet
  facet normal 0 1 0
    outer loop
      vertex 9.910302069950538 220 56.07069476828143
      vertex 9.910302069950538 220 61.32930523171858
      vertex 10.29809703885628 220 56.401902961143726
    endloop
  endfacet
  facet normal 0 1 0
    outer loop
      vertex 5.370694768281421 220 56.78969793004946
      vertex 5.104228796387805 220 57.224530875846476
      vertex 5.104228796387805 220 60.17546912415353
    endloop
  endfacet
  facet normal 0 1 0
    outer loop
      vertex 5.104228796387805 220 57.224530875846476
      vertex 4.909066322040751 220 57.69569476828143
      vertex 4.909066322040751 220 59.70430523171858
    endloop
  endfacet
  facet normal 0 1 0
    outer loop
      vertex 4.909066322040751 220 57.69569476828143
      vertex 4.790012893065802 220 58.191587988619254
      vertex 4.790012893065802 220 59.20841201138075
    endloop
  endfacet
  facet normal 0 1 0
    outer loop
      vertex 4.790012893065802 220 58.191587988619254
      vertex 4.75 220 58.7
      vertex 4.790012893065802 220 59.20841201138075
    endloop
  endfacet
  facet normal 0.9969173337331281 0 0.07845909572784383
    outer loop
      vertex 4.790012893065802 220 58.191587988619254
      vertex 4.790012893065802 222 58.191587988619254
      vertex 4.75 220 58.7
    endloop
  endfacet
  facet normal 0.9969173337331281 0 0.07845909572784383
    outer loop
      vertex 4.75 220 58.7
      vertex 4.790012893065802 222 58.191587988619254
      vertex 4.75 222 58.7
    endloop
  endfacet
  facet normal 0 1 0
    outer loop
      vertex 6.524530875846473 220 55.804228796387804
      vertex 6.0896979300494625 220 61.32930523171858
      vertex 6.3 220 58.7
    endloop
  endfacet
  facet normal 0 1 0
    outer loop
      vertex 10.29809703885628 220 56.401902961143726
      vertex 10.29809703885628 220 60.99809703885628
      vertex 10.629305231718579 220 56.78969793004946
    endloop
  endfacet
  facet normal -0.9723699203976761 0 0.23344536385590717
    outer loop
      vertex 11.09093367795925 220 57.69569476828143
      vertex 11.209987106934198 222 58.191587988619254
      vertex 11.09093367795925 222 57.69569476828143
    endloop
  endfacet
  facet normal -0.9723699203976761 -2.467064687152746e-18 0.23344536385590717
    outer loop
      vertex 11.09093367795925 220 57.69569476828143
      vertex 11.209987106934198 220 58.191587988619254
      vertex 11.209987106934198 222 58.191587988619254
    endloop
  endfacet
  facet normal 0 1 0
    outer loop
      vertex 10.629305231718579 220 56.78969793004946
      vertex 10.629305231718579 220 60.61030206995054
      vertex 10.895771203612195 220 57.224530875846476
    endloop
  endfacet
  facet normal 0 1 0
    outer loop
      vertex 10.895771203612195 220 57.224530875846476
      vertex 10.895771203612195 220 60.17546912415353
      vertex 11.09093367795925 220 57.69569476828143
    endloop
  endfacet
  facet normal 0 1 0
    outer loop
      vertex 11.09093367795925 220 57.69569476828143
      vertex 11.09093367795925 220 59.70430523171858
      vertex 11.209987106934198 220 58.191587988619254
    endloop
  endfacet
  facet normal -0.9969173337331281 0 0.07845909572784383
    outer loop
      vertex 11.209987106934198 220 58.191587988619254
      vertex 11.25 222 58.7
      vertex 11.209987106934198 222 58.191587988619254
    endloop
  endfacet
  facet normal -0.9969173337331281 1.1308724390323108e-18 0.07845909572784383
    outer loop
      vertex 11.209987106934198 220 58.191587988619254
      vertex 11.25 220 58.7
      vertex 11.25 222 58.7
    endloop
  endfacet
  facet normal 0 1 0
    outer loop
      vertex 6.3832039222982395 216 58.174671109562595
      vertex 6.320929820988265 216 58.96593859056839
      vertex 6.3832039222982395 216 59.22532889043741
    endloop
  endfacet
  facet normal 0 1 0
    outer loop
      vertex 6.485288908879775 216 57.92821615044277
      vertex 6.3832039222982395 216 59.22532889043741
      vertex 6.485288908879775 216 59.471783849557234
    endloop
  endfacet
  facet normal 0 1 0
    outer loop
      vertex 9.679070179011735 216 58.434061409431614
      vertex 9.679070179011735 216 58.96593859056839
      vertex 9.7 216 58.7
    endloop
  endfacet
  facet normal 0 1 0
    outer loop
      vertex 9.679070179011735 216 58.434061409431614
      vertex 9.61679607770176 216 59.22532889043741
      vertex 9.679070179011735 216 58.96593859056839
    endloop
  endfacet
  facet normal 0 1 0
    outer loop
      vertex 6.624671109562589 216 57.7007650711028
      vertex 6.485288908879775 216 59.471783849557234
      vertex 6.624671109562589 216 59.699234928897205
    endloop
  endfacet
  facet normal 0 1 0
    outer loop
      vertex 6.797918471982869 216 57.49791847198287
      vertex 6.624671109562589 216 59.699234928897205
      vertex 6.797918471982869 216 59.902081528017135
    endloop
  endfacet
  facet normal 0 1 0
    outer loop
      vertex 7.000765071102796 216 57.324671109562594
      vertex 6.797918471982869 216 59.902081528017135
      vertex 7.000765071102796 216 60.07532889043741
    endloop
  endfacet
  facet normal 0 1 0
    outer loop
      vertex 7.228216150442771 216 57.18528890887978
      vertex 7.000765071102796 216 60.07532889043741
      vertex 7.228216150442771 216 60.21471109112023
    endloop
  endfacet
  facet normal 0 1 0
    outer loop
      vertex 9.61679607770176 216 58.174671109562595
      vertex 9.514711091120226 216 59.471783849557234
      vertex 9.61679607770176 216 59.22532889043741
    endloop
  endfacet
  facet normal 0 1 0
    outer loop
      vertex 9.514711091120226 216 57.92821615044277
      vertex 9.37532889043741 216 59.699234928897205
      vertex 9.514711091120226 216 59.471783849557234
    endloop
  endfacet
  facet normal 0 1 0
    outer loop
      vertex 9.37532889043741 216 57.7007650711028
      vertex 9.20208152801713 216 59.902081528017135
      vertex 9.37532889043741 216 59.699234928897205
    endloop
  endfacet
  facet normal 0 1 0
    outer loop
      vertex 9.20208152801713 216 57.49791847198287
      vertex 8.999234928897204 216 60.07532889043741
      vertex 9.20208152801713 216 59.902081528017135
    endloop
  endfacet
  facet normal 0.9969173337331281 0 -0.07845909572784483
    outer loop
      vertex 6.3 216 58.7
      vertex 6.3 220 58.7
      vertex 6.320929820988265 216 58.96593859056839
    endloop
  endfacet
  facet normal 0.9969173337331281 0 -0.07845909572784483
    outer loop
      vertex 6.320929820988265 216 58.96593859056839
      vertex 6.3 220 58.7
      vertex 6.320929820988265 220 58.96593859056839
    endloop
  endfacet
  facet normal -0.9969173337331283 1.7202498330376888e-20 -0.07845909572784153
    outer loop
      vertex 9.7 216 58.7
      vertex 9.679070179011735 216 58.96593859056839
      vertex 9.679070179011735 220 58.96593859056839
    endloop
  endfacet
  facet normal -0.9969173337331283 0 -0.07845909572784153
    outer loop
      vertex 9.7 216 58.7
      vertex 9.679070179011735 220 58.96593859056839
      vertex 9.7 220 58.7
    endloop
  endfacet
  facet normal 0.9723699203976757 0 -0.23344536385590905
    outer loop
      vertex 6.320929820988265 216 58.96593859056839
      vertex 6.320929820988265 220 58.96593859056839
      vertex 6.3832039222982395 216 59.22532889043741
    endloop
  endfacet
  facet normal 0.9723699203976757 0 -0.23344536385590905
    outer loop
      vertex 6.3832039222982395 216 59.22532889043741
      vertex 6.320929820988265 220 58.96593859056839
      vertex 6.3832039222982395 220 59.22532889043741
    endloop
  endfacet
  facet normal -0.9723699203976757 1.1781731388073007e-18 -0.23344536385590905
    outer loop
      vertex 9.679070179011735 216 58.96593859056839
      vertex 9.61679607770176 216 59.22532889043741
      vertex 9.61679607770176 220 59.22532889043741
    endloop
  endfacet
  facet normal -0.9723699203976757 0 -0.23344536385590905
    outer loop
      vertex 9.679070179011735 216 58.96593859056839
      vertex 9.61679607770176 220 59.22532889043741
      vertex 9.679070179011735 220 58.96593859056839
    endloop
  endfacet
  facet normal 0 1 0
    outer loop
      vertex 7.474671109562589 216 57.08320392229824
      vertex 7.228216150442771 216 60.21471109112023
      vertex 7.474671109562589 216 60.31679607770177
    endloop
  endfacet
  facet normal 0 1 0
    outer loop
      vertex 7.734061409431607 216 57.02092982098827
      vertex 7.474671109562589 216 60.31679607770177
      vertex 7.734061409431607 216 60.379070179011734
    endloop
  endfacet
  facet normal 0 1 0
    outer loop
      vertex 8 216 57
      vertex 7.734061409431607 216 60.379070179011734
      vertex 8 216 60.400000000000006
    endloop
  endfacet
  facet normal 0 1 0
    outer loop
      vertex 8.999234928897204 216 57.324671109562594
      vertex 8.77178384955723 216 60.21471109112023
      vertex 8.999234928897204 216 60.07532889043741
    endloop
  endfacet
  facet normal 0 1 0
    outer loop
      vertex 8.525328890437411 216 57.08320392229824
      vertex 8.265938590568393 216 60.379070179011734
      vertex 8.525328890437411 216 60.31679607770177
    endloop
  endfacet
  facet normal 0 1 0
    outer loop
      vertex 8.77178384955723 216 57.18528890887978
      vertex 8.525328890437411 216 60.31679607770177
      vertex 8.77178384955723 216 60.21471109112023
    endloop
  endfacet
  facet normal 0 1 0
    outer loop
      vertex 8.265938590568393 216 57.02092982098827
      vertex 8 216 60.400000000000006
      vertex 8.265938590568393 216 60.379070179011734
    endloop
  endfacet
  facet normal 0.9238795325112901 0 -0.38268343236508207
    outer loop
      vertex 6.3832039222982395 216 59.22532889043741
      vertex 6.3832039222982395 220 59.22532889043741
      vertex 6.485288908879775 216 59.471783849557234
    endloop
  endfacet
  facet normal 0.9238795325112901 0 -0.38268343236508207
    outer loop
      vertex 6.485288908879775 216 59.471783849557234
      vertex 6.3832039222982395 220 59.22532889043741
      vertex 6.485288908879775 220 59.471783849557234
    endloop
  endfacet
  facet normal -0.9238795325112912 0 -0.38268343236507923
    outer loop
      vertex 9.514711091120226 216 59.471783849557234
      vertex 9.514711091120226 220 59.471783849557234
      vertex 9.61679607770176 216 59.22532889043741
    endloop
  endfacet
  facet normal -0.9238795325112912 0 -0.38268343236507923
    outer loop
      vertex 9.61679607770176 216 59.22532889043741
      vertex 9.514711091120226 220 59.471783849557234
      vertex 9.61679607770176 220 59.22532889043741
    endloop
  endfacet
  facet normal 0.8526401643540888 0 -0.5224985647159546
    outer loop
      vertex 6.485288908879775 216 59.471783849557234
      vertex 6.485288908879775 220 59.471783849557234
      vertex 6.624671109562589 216 59.699234928897205
    endloop
  endfacet
  facet normal 0.8526401643540888 0 -0.5224985647159546
    outer loop
      vertex 6.624671109562589 216 59.699234928897205
      vertex 6.485288908879775 220 59.471783849557234
      vertex 6.624671109562589 220 59.699234928897205
    endloop
  endfacet
  facet normal -0.8526401643540872 -8.469301097591151e-19 -0.5224985647159569
    outer loop
      vertex 9.514711091120226 216 59.471783849557234
      vertex 9.37532889043741 216 59.699234928897205
      vertex 9.37532889043741 220 59.699234928897205
    endloop
  endfacet
  facet normal -0.8526401643540872 0 -0.5224985647159569
    outer loop
      vertex 9.514711091120226 216 59.471783849557234
      vertex 9.37532889043741 220 59.699234928897205
      vertex 9.514711091120226 220 59.471783849557234
    endloop
  endfacet
  facet normal 0 1 0
    outer loop
      vertex 4.909066322040751 220 57.69569476828143
      vertex 4.790012893065802 220 59.20841201138075
      vertex 4.909066322040751 220 59.70430523171858
    endloop
  endfacet
  facet normal 0 1 0
    outer loop
      vertex 5.104228796387805 220 57.224530875846476
      vertex 4.909066322040751 220 59.70430523171858
      vertex 5.104228796387805 220 60.17546912415353
    endloop
  endfacet
  facet normal 0 1 0
    outer loop
      vertex 0 222 55.7
      vertex 0 222 61.7
      vertex 4.790012893065802 222 59.20841201138075
    endloop
  endfacet
  facet normal 0.9969173337331281 0 -0.07845909572784383
    outer loop
      vertex 4.75 220 58.7
      vertex 4.75 222 58.7
      vertex 4.790012893065802 220 59.20841201138075
    endloop
  endfacet
  facet normal 0.9969173337331281 0 -0.07845909572784383
    outer loop
      vertex 4.790012893065802 220 59.20841201138075
      vertex 4.75 222 58.7
      vertex 4.790012893065802 222 59.20841201138075
    endloop
  endfacet
  facet normal 0 1 0
    outer loop
      vertex 9.910302069950538 220 56.07069476828143
      vertex 9.7 220 58.7
      vertex 9.475469124153527 220 61.5957712036122
    endloop
  endfacet
  facet normal 0 1 0
    outer loop
      vertex 5.370694768281421 220 56.78969793004946
      vertex 5.104228796387805 220 60.17546912415353
      vertex 5.370694768281421 220 60.61030206995054
    endloop
  endfacet
  facet normal 0.9723699203976761 0 -0.23344536385590717
    outer loop
      vertex 4.790012893065802 220 59.20841201138075
      vertex 4.790012893065802 222 59.20841201138075
      vertex 4.909066322040751 220 59.70430523171858
    endloop
  endfacet
  facet normal 0.9723699203976761 0 -0.23344536385590717
    outer loop
      vertex 4.909066322040751 220 59.70430523171858
      vertex 4.790012893065802 222 59.20841201138075
      vertex 4.909066322040751 222 59.70430523171858
    endloop
  endfacet
  facet normal 0 1 0
    outer loop
      vertex 5.70190296114372 220 56.401902961143726
      vertex 5.370694768281421 220 60.61030206995054
      vertex 5.70190296114372 220 60.99809703885628
    endloop
  endfacet
  facet normal 0 1 0
    outer loop
      vertex 6.0896979300494625 220 56.07069476828143
      vertex 5.70190296114372 220 60.99809703885628
      vertex 6.0896979300494625 220 61.32930523171858
    endloop
  endfacet
  facet normal 0 1 0
    outer loop
      vertex 6.3 220 58.7
      vertex 6.0896979300494625 220 61.32930523171858
      vertex 6.320929820988265 220 58.96593859056839
    endloop
  endfacet
  facet normal 0 1 0
    outer loop
      vertex 10.29809703885628 220 56.401902961143726
      vertex 9.910302069950538 220 61.32930523171858
      vertex 10.29809703885628 220 60.99809703885628
    endloop
  endfacet
  facet normal 0 1 0
    outer loop
      vertex 9.910302069950538 220 56.07069476828143
      vertex 9.475469124153527 220 61.5957712036122
      vertex 9.910302069950538 220 61.32930523171858
    endloop
  endfacet
  facet normal 0 1 0
    outer loop
      vertex 11.209987106934198 220 58.191587988619254
      vertex 11.209987106934198 220 59.20841201138075
      vertex 11.25 220 58.7
    endloop
  endfacet
  facet normal 0 1 0
    outer loop
      vertex 11.209987106934198 220 58.191587988619254
      vertex 11.09093367795925 220 59.70430523171858
      vertex 11.209987106934198 220 59.20841201138075
    endloop
  endfacet
  facet normal 0 1 0
    outer loop
      vertex 11.09093367795925 220 57.69569476828143
      vertex 10.895771203612195 220 60.17546912415353
      vertex 11.09093367795925 220 59.70430523171858
    endloop
  endfacet
  facet normal -0.9969173337331281 0 -0.07845909572784383
    outer loop
      vertex 11.25 220 58.7
      vertex 11.209987106934198 222 59.20841201138075
      vertex 11.25 222 58.7
    endloop
  endfacet
  facet normal -0.9969173337331281 -1.1308724390323108e-18 -0.07845909572784383
    outer loop
      vertex 11.25 220 58.7
      vertex 11.209987106934198 220 59.20841201138075
      vertex 11.209987106934198 222 59.20841201138075
    endloop
  endfacet
  facet normal 0 1 0
    outer loop
      vertex 10.895771203612195 220 57.224530875846476
      vertex 10.629305231718579 220 60.61030206995054
      vertex 10.895771203612195 220 60.17546912415353
    endloop
  endfacet
  facet normal 0 1 0
    outer loop
      vertex 10.629305231718579 220 56.78969793004946
      vertex 10.29809703885628 220 60.99809703885628
      vertex 10.629305231718579 220 60.61030206995054
    endloop
  endfacet
  facet normal -0.9723699203976761 0 -0.23344536385590717
    outer loop
      vertex 11.209987106934198 220 59.20841201138075
      vertex 11.09093367795925 222 59.70430523171858
      vertex 11.209987106934198 222 59.20841201138075
    endloop
  endfacet
  facet normal -0.9723699203976761 2.467064687152746e-18 -0.23344536385590717
    outer loop
      vertex 11.209987106934198 220 59.20841201138075
      vertex 11.09093367795925 220 59.70430523171858
      vertex 11.09093367795925 222 59.70430523171858
    endloop
  endfacet
  facet normal 0.7604059656000367 0 -0.6494480483301768
    outer loop
      vertex 6.624671109562589 216 59.699234928897205
      vertex 6.624671109562589 220 59.699234928897205
      vertex 6.797918471982869 216 59.902081528017135
    endloop
  endfacet
  facet normal 0.7604059656000367 0 -0.6494480483301768
    outer loop
      vertex 6.797918471982869 216 59.902081528017135
      vertex 6.624671109562589 220 59.699234928897205
      vertex 6.797918471982869 220 59.902081528017135
    endloop
  endfacet
  facet normal -0.760405965600035 2.753442511307696e-18 -0.6494480483301788
    outer loop
      vertex 9.37532889043741 216 59.699234928897205
      vertex 9.20208152801713 216 59.902081528017135
      vertex 9.20208152801713 220 59.902081528017135
    endloop
  endfacet
  facet normal -0.760405965600035 0 -0.6494480483301788
    outer loop
      vertex 9.37532889043741 216 59.699234928897205
      vertex 9.20208152801713 220 59.902081528017135
      vertex 9.37532889043741 220 59.699234928897205
    endloop
  endfacet
  facet normal 0.649448048330176 0 -0.7604059656000375
    outer loop
      vertex 6.797918471982869 216 59.902081528017135
      vertex 6.797918471982869 220 59.902081528017135
      vertex 7.000765071102796 216 60.07532889043741
    endloop
  endfacet
  facet normal 0.5224985647159558 0 -0.852640164354088
    outer loop
      vertex 7.000765071102796 216 60.07532889043741
      vertex 7.000765071102796 220 60.07532889043741
      vertex 7.228216150442771 216 60.21471109112023
    endloop
  endfacet
  facet normal 0.649448048330176 0 -0.7604059656000375
    outer loop
      vertex 7.000765071102796 216 60.07532889043741
      vertex 6.797918471982869 220 59.902081528017135
      vertex 7.000765071102796 220 60.07532889043741
    endloop
  endfacet
  facet normal 0.5224985647159558 0 -0.852640164354088
    outer loop
      vertex 7.228216150442771 216 60.21471109112023
      vertex 7.000765071102796 220 60.07532889043741
      vertex 7.228216150442771 220 60.21471109112023
    endloop
  endfacet
  facet normal -0.6494480483301777 -1.071355235959059e-19 -0.760405965600036
    outer loop
      vertex 9.20208152801713 216 59.902081528017135
      vertex 8.999234928897204 216 60.07532889043741
      vertex 8.999234928897204 220 60.07532889043741
    endloop
  endfacet
  facet normal -0.5224985647159558 1.8117015294163926e-18 -0.852640164354088
    outer loop
      vertex 8.999234928897204 216 60.07532889043741
      vertex 8.77178384955723 216 60.21471109112023
      vertex 8.77178384955723 220 60.21471109112023
    endloop
  endfacet
  facet normal -0.6494480483301777 0 -0.760405965600036
    outer loop
      vertex 9.20208152801713 216 59.902081528017135
      vertex 8.999234928897204 220 60.07532889043741
      vertex 9.20208152801713 220 59.902081528017135
    endloop
  endfacet
  facet normal -0.5224985647159558 0 -0.852640164354088
    outer loop
      vertex 8.999234928897204 216 60.07532889043741
      vertex 8.77178384955723 220 60.21471109112023
      vertex 8.999234928897204 220 60.07532889043741
    endloop
  endfacet
  facet normal 0.38268343236509766 0 -0.9238795325112835
    outer loop
      vertex 7.228216150442771 216 60.21471109112023
      vertex 7.228216150442771 220 60.21471109112023
      vertex 7.474671109562589 216 60.31679607770177
    endloop
  endfacet
  facet normal 0.23344536385588388 0 -0.9723699203976818
    outer loop
      vertex 7.474671109562589 216 60.31679607770177
      vertex 7.474671109562589 220 60.31679607770177
      vertex 7.734061409431607 216 60.379070179011734
    endloop
  endfacet
  facet normal 0.38268343236509766 0 -0.9238795325112835
    outer loop
      vertex 7.474671109562589 216 60.31679607770177
      vertex 7.228216150442771 220 60.21471109112023
      vertex 7.474671109562589 220 60.31679607770177
    endloop
  endfacet
  facet normal 0.23344536385588388 0 -0.9723699203976818
    outer loop
      vertex 7.734061409431607 216 60.379070179011734
      vertex 7.474671109562589 220 60.31679607770177
      vertex 7.734061409431607 220 60.379070179011734
    endloop
  endfacet
  facet normal -0.38268343236509766 1.4016759924460617e-18 -0.9238795325112835
    outer loop
      vertex 8.77178384955723 216 60.21471109112023
      vertex 8.525328890437411 216 60.31679607770177
      vertex 8.525328890437411 220 60.31679607770177
    endloop
  endfacet
  facet normal 0.07845909572786695 0 -0.9969173337331262
    outer loop
      vertex 7.734061409431607 216 60.379070179011734
      vertex 7.734061409431607 220 60.379070179011734
      vertex 8 216 60.400000000000006
    endloop
  endfacet
  facet normal -0.23344536385588388 -1.3211110507036243e-18 -0.9723699203976818
    outer loop
      vertex 8.525328890437411 216 60.31679607770177
      vertex 8.265938590568393 216 60.379070179011734
      vertex 8.265938590568393 220 60.379070179011734
    endloop
  endfacet
  facet normal -0.07845909572786695 0 -0.9969173337331262
    outer loop
      vertex 8 216 60.400000000000006
      vertex 8 220 60.400000000000006
      vertex 8.265938590568393 216 60.379070179011734
    endloop
  endfacet
  facet normal -0.38268343236509766 0 -0.9238795325112835
    outer loop
      vertex 8.77178384955723 216 60.21471109112023
      vertex 8.525328890437411 220 60.31679607770177
      vertex 8.77178384955723 220 60.21471109112023
    endloop
  endfacet
  facet normal -0.07845909572786695 0 -0.9969173337331262
    outer loop
      vertex 8.265938590568393 216 60.379070179011734
      vertex 8 220 60.400000000000006
      vertex 8.265938590568393 220 60.379070179011734
    endloop
  endfacet
  facet normal -0.23344536385588388 0 -0.9723699203976818
    outer loop
      vertex 8.525328890437411 216 60.31679607770177
      vertex 8.265938590568393 220 60.379070179011734
      vertex 8.525328890437411 220 60.31679607770177
    endloop
  endfacet
  facet normal 0.07845909572786695 0 -0.9969173337331262
    outer loop
      vertex 8 216 60.400000000000006
      vertex 7.734061409431607 220 60.379070179011734
      vertex 8 220 60.400000000000006
    endloop
  endfacet
  facet normal 0.9238795325112875 0 -0.38268343236508795
    outer loop
      vertex 4.909066322040751 220 59.70430523171858
      vertex 4.909066322040751 222 59.70430523171858
      vertex 5.104228796387805 220 60.17546912415353
    endloop
  endfacet
  facet normal 0.9238795325112875 0 -0.38268343236508795
    outer loop
      vertex 5.104228796387805 220 60.17546912415353
      vertex 4.909066322040751 222 59.70430523171858
      vertex 5.104228796387805 222 60.17546912415353
    endloop
  endfacet
  facet normal 0 1 0
    outer loop
      vertex 6.320929820988265 220 58.96593859056839
      vertex 6.0896979300494625 220 61.32930523171858
      vertex 6.3832039222982395 220 59.22532889043741
    endloop
  endfacet
  facet normal 0 1 0
    outer loop
      vertex 9.7 220 58.7
      vertex 9.679070179011735 220 58.96593859056839
      vertex 9.475469124153527 220 61.5957712036122
    endloop
  endfacet
  facet normal 0 1 0
    outer loop
      vertex 9.679070179011735 220 58.96593859056839
      vertex 9.61679607770176 220 59.22532889043741
      vertex 9.475469124153527 220 61.5957712036122
    endloop
  endfacet
  facet normal 0 1 0
    outer loop
      vertex 6.3832039222982395 220 59.22532889043741
      vertex 6.0896979300494625 220 61.32930523171858
      vertex 6.485288908879775 220 59.471783849557234
    endloop
  endfacet
  facet normal 0 1 0
    outer loop
      vertex 9.514711091120226 220 59.471783849557234
      vertex 9.475469124153527 220 61.5957712036122
      vertex 9.61679607770176 220 59.22532889043741
    endloop
  endfacet
  facet normal 0 1 0
    outer loop
      vertex 0 222 61.7
      vertex 4.909066322040751 222 59.70430523171858
      vertex 4.790012893065802 222 59.20841201138075
    endloop
  endfacet
  facet normal 0 1 0
    outer loop
      vertex 0 222 61.7
      vertex 5.104228796387805 222 60.17546912415353
      vertex 4.909066322040751 222 59.70430523171858
    endloop
  endfacet
  facet normal 0 1 0
    outer loop
      vertex 6.485288908879775 220 59.471783849557234
      vertex 6.524530875846473 220 61.5957712036122
      vertex 6.624671109562589 220 59.699234928897205
    endloop
  endfacet
  facet normal 0 1 0
    outer loop
      vertex 6.624671109562589 220 59.699234928897205
      vertex 6.524530875846473 220 61.5957712036122
      vertex 6.797918471982869 220 59.902081528017135
    endloop
  endfacet
  facet normal 0 1 0
    outer loop
      vertex 9.514711091120226 220 59.471783849557234
      vertex 9.37532889043741 220 59.699234928897205
      vertex 9.475469124153527 220 61.5957712036122
    endloop
  endfacet
  facet normal 0 1 0
    outer loop
      vertex 9.37532889043741 220 59.699234928897205
      vertex 9.20208152801713 220 59.902081528017135
      vertex 9.475469124153527 220 61.5957712036122
    endloop
  endfacet
  facet normal 0 1 0
    outer loop
      vertex 6.797918471982869 220 59.902081528017135
      vertex 6.776161449675728 220 61.7
      vertex 7.000765071102796 220 60.07532889043741
    endloop
  endfacet
  facet normal 0 1 0
    outer loop
      vertex 7.000765071102796 220 60.07532889043741
      vertex 6.776161449675728 220 61.7
      vertex 7.228216150442771 220 60.21471109112023
    endloop
  endfacet
  facet normal 0 1 0
    outer loop
      vertex 9.20208152801713 220 59.902081528017135
      vertex 8.999234928897204 220 60.07532889043741
      vertex 9.475469124153527 220 61.5957712036122
    endloop
  endfacet
  facet normal 0 1 0
    outer loop
      vertex 8.999234928897204 220 60.07532889043741
      vertex 8.77178384955723 220 60.21471109112023
      vertex 6.776161449675728 220 61.7
    endloop
  endfacet
  facet normal 0.8526401643540932 0 -0.5224985647159474
    outer loop
      vertex 5.104228796387805 220 60.17546912415353
      vertex 5.104228796387805 222 60.17546912415353
      vertex 5.370694768281421 220 60.61030206995054
    endloop
  endfacet
  facet normal 0.8526401643540932 0 -0.5224985647159474
    outer loop
      vertex 5.370694768281421 220 60.61030206995054
      vertex 5.104228796387805 222 60.17546912415353
      vertex 5.370694768281421 222 60.61030206995054
    endloop
  endfacet
  facet normal -0.9238795325112875 0 -0.38268343236508795
    outer loop
      vertex 11.09093367795925 220 59.70430523171858
      vertex 10.895771203612195 222 60.17546912415353
      vertex 11.09093367795925 222 59.70430523171858
    endloop
  endfacet
  facet normal -0.9238795325112875 4.690288550861757e-18 -0.38268343236508795
    outer loop
      vertex 11.09093367795925 220 59.70430523171858
      vertex 10.895771203612195 220 60.17546912415353
      vertex 10.895771203612195 222 60.17546912415353
    endloop
  endfacet
  facet normal -0.8526401643540932 0 -0.5224985647159474
    outer loop
      vertex 10.895771203612195 220 60.17546912415353
      vertex 10.629305231718579 222 60.61030206995054
      vertex 10.895771203612195 222 60.17546912415353
    endloop
  endfacet
  facet normal -0.8526401643540932 1.2825502196313025e-18 -0.5224985647159474
    outer loop
      vertex 10.895771203612195 220 60.17546912415353
      vertex 10.629305231718579 220 60.61030206995054
      vertex 10.629305231718579 222 60.61030206995054
    endloop
  endfacet
  facet normal 0 1 0
    outer loop
      vertex 0 222 61.7
      vertex 5.370694768281421 222 60.61030206995054
      vertex 5.104228796387805 222 60.17546912415353
    endloop
  endfacet
  facet normal 0 1 0
    outer loop
      vertex 0 222 61.7
      vertex 5.70190296114372 222 60.99809703885628
      vertex 5.370694768281421 222 60.61030206995054
    endloop
  endfacet
  facet normal 0 1 0
    outer loop
      vertex 6.485288908879775 220 59.471783849557234
      vertex 6.0896979300494625 220 61.32930523171858
      vertex 6.524530875846473 220 61.5957712036122
    endloop
  endfacet
  facet normal 0 1 0
    outer loop
      vertex 7.228216150442771 220 60.21471109112023
      vertex 6.776161449675728 220 61.7
      vertex 7.474671109562589 220 60.31679607770177
    endloop
  endfacet
  facet normal 0 1 0
    outer loop
      vertex 7.474671109562589 220 60.31679607770177
      vertex 6.776161449675728 220 61.7
      vertex 7.734061409431607 220 60.379070179011734
    endloop
  endfacet
  facet normal 0 1 0
    outer loop
      vertex 7.734061409431607 220 60.379070179011734
      vertex 6.776161449675728 220 61.7
      vertex 8 220 60.400000000000006
    endloop
  endfacet
  facet normal 0 1 0
    outer loop
      vertex 8 220 60.400000000000006
      vertex 6.776161449675728 220 61.7
      vertex 8.265938590568393 220 60.379070179011734
    endloop
  endfacet
  facet normal 0 1 0
    outer loop
      vertex 8.77178384955723 220 60.21471109112023
      vertex 8.525328890437411 220 60.31679607770177
      vertex 6.776161449675728 220 61.7
    endloop
  endfacet
  facet normal 0 1 0
    outer loop
      vertex 8.525328890437411 220 60.31679607770177
      vertex 8.265938590568393 220 60.379070179011734
      vertex 6.776161449675728 220 61.7
    endloop
  endfacet
  facet normal 0 1 0
    outer loop
      vertex 6.797918471982869 220 59.902081528017135
      vertex 6.524530875846473 220 61.5957712036122
      vertex 6.776161449675728 220 61.7
    endloop
  endfacet
  facet normal 0 1 0
    outer loop
      vertex 8.999234928897204 220 60.07532889043741
      vertex 6.776161449675728 220 61.7
      vertex 9.475469124153527 220 61.5957712036122
    endloop
  endfacet
  facet normal 0.7604059656000282 0 -0.6494480483301869
    outer loop
      vertex 5.370694768281421 220 60.61030206995054
      vertex 5.370694768281421 222 60.61030206995054
      vertex 5.70190296114372 220 60.99809703885628
    endloop
  endfacet
  facet normal 0.7604059656000282 0 -0.6494480483301869
    outer loop
      vertex 5.70190296114372 220 60.99809703885628
      vertex 5.370694768281421 222 60.61030206995054
      vertex 5.70190296114372 222 60.99809703885628
    endloop
  endfacet
  facet normal 0.6494480483301818 0 -0.7604059656000327
    outer loop
      vertex 5.70190296114372 220 60.99809703885628
      vertex 5.70190296114372 222 60.99809703885628
      vertex 6.0896979300494625 220 61.32930523171858
    endloop
  endfacet
  facet normal -0.6494480483301818 0 -0.7604059656000327
    outer loop
      vertex 10.29809703885628 220 60.99809703885628
      vertex 9.910302069950538 222 61.32930523171858
      vertex 10.29809703885628 222 60.99809703885628
    endloop
  endfacet
  facet normal 0 1 0
    outer loop
      vertex 0 222 61.7
      vertex 6.0896979300494625 222 61.32930523171858
      vertex 5.70190296114372 222 60.99809703885628
    endloop
  endfacet
  facet normal 0 1 0
    outer loop
      vertex 0 222 61.7
      vertex 6.524530875846473 222 61.5957712036122
      vertex 6.0896979300494625 222 61.32930523171858
    endloop
  endfacet
  facet normal 0 0 1
    outer loop
      vertex 0 222 61.7
      vertex 6.776161449675728 220 61.7
      vertex 6.776161449675728 222 61.7
    endloop
  endfacet
  facet normal 0 1 0
    outer loop
      vertex 0 222 61.7
      vertex 6.776161449675728 222 61.7
      vertex 6.524530875846473 222 61.5957712036122
    endloop
  endfacet
  facet normal 0 1 0
    outer loop
      vertex 9.475469124153527 220 61.5957712036122
      vertex 6.776161449675728 220 61.7
      vertex 9.22383855032427 220 61.7
    endloop
  endfacet
  facet normal 0.522498564715959 0 -0.852640164354086
    outer loop
      vertex 6.0896979300494625 220 61.32930523171858
      vertex 6.0896979300494625 222 61.32930523171858
      vertex 6.524530875846473 220 61.5957712036122
    endloop
  endfacet
  facet normal 0.6494480483301818 0 -0.7604059656000327
    outer loop
      vertex 6.0896979300494625 220 61.32930523171858
      vertex 5.70190296114372 222 60.99809703885628
      vertex 6.0896979300494625 222 61.32930523171858
    endloop
  endfacet
  facet normal -0.6494480483301818 7.633894030424771e-18 -0.7604059656000327
    outer loop
      vertex 10.29809703885628 220 60.99809703885628
      vertex 9.910302069950538 220 61.32930523171858
      vertex 9.910302069950538 222 61.32930523171858
    endloop
  endfacet
  facet normal -0.522498564715959 0 -0.852640164354086
    outer loop
      vertex 9.910302069950538 220 61.32930523171858
      vertex 9.475469124153527 222 61.5957712036122
      vertex 9.910302069950538 222 61.32930523171858
    endloop
  endfacet
  facet normal 0.3826834323650876 0 -0.9238795325112877
    outer loop
      vertex 6.524530875846473 220 61.5957712036122
      vertex 6.524530875846473 222 61.5957712036122
      vertex 6.776161449675728 220 61.7
    endloop
  endfacet
  facet normal 0.522498564715959 0 -0.852640164354086
    outer loop
      vertex 6.524530875846473 220 61.5957712036122
      vertex 6.0896979300494625 222 61.32930523171858
      vertex 6.524530875846473 222 61.5957712036122
    endloop
  endfacet
  facet normal 0.3826834323650876 0 -0.9238795325112877
    outer loop
      vertex 6.776161449675728 222 61.7
      vertex 6.776161449675728 220 61.7
      vertex 6.524530875846473 222 61.5957712036122
    endloop
  endfacet
  facet normal -0.522498564715959 -5.885466610530697e-18 -0.852640164354086
    outer loop
      vertex 9.910302069950538 220 61.32930523171858
      vertex 9.475469124153527 220 61.5957712036122
      vertex 9.475469124153527 222 61.5957712036122
    endloop
  endfacet
  facet normal -0.3826834323650853 0 -0.9238795325112886
    outer loop
      vertex 9.475469124153527 220 61.5957712036122
      vertex 9.22383855032427 220 61.7
      vertex 9.475469124153527 222 61.5957712036122
    endloop
  endfacet
  facet normal -0.3826834323650807 -6.797823324068742e-16 -0.9238795325112906
    outer loop
      vertex 9.223838550324267 222 61.7
      vertex 9.475469124153527 222 61.5957712036122
      vertex 9.22383855032427 220 61.7
    endloop
  endfacet
  facet normal -0.7604059656000282 -3.469415795852678e-18 -0.6494480483301869
    outer loop
      vertex 10.629305231718579 220 60.61030206995054
      vertex 10.29809703885628 220 60.99809703885628
      vertex 10.29809703885628 222 60.99809703885628
    endloop
  endfacet
  facet normal -0.7604059656000282 0 -0.6494480483301869
    outer loop
      vertex 10.629305231718579 220 60.61030206995054
      vertex 10.29809703885628 222 60.99809703885628
      vertex 10.629305231718579 222 60.61030206995054
    endloop
  endfacet
  facet normal 0 0 1
    outer loop
      vertex 0 222 61.7
      vertex 164.5 172 61.7
      vertex 6.776161449675728 220 61.7
    endloop
  endfacet
  facet normal 0 0 1
    outer loop
      vertex 164.5 172 61.7
      vertex 9.22383855032427 220 61.7
      vertex 6.776161449675728 220 61.7
    endloop
  endfacet
  facet normal 0 1 0
    outer loop
      vertex 155.02453087584647 222 55.804228796387804
      vertex 11.25 222 58.7
      vertex 11.209987106934198 222 59.20841201138075
    endloop
  endfacet
  facet normal 0 1 0
    outer loop
      vertex 155.02453087584647 222 55.804228796387804
      vertex 11.209987106934198 222 59.20841201138075
      vertex 11.09093367795925 222 59.70430523171858
    endloop
  endfacet
  facet normal 0 1 0
    outer loop
      vertex 155.02453087584647 222 55.804228796387804
      vertex 11.09093367795925 222 59.70430523171858
      vertex 10.895771203612195 222 60.17546912415353
    endloop
  endfacet
  facet normal 0 1 0
    outer loop
      vertex 155.02453087584647 222 55.804228796387804
      vertex 10.895771203612195 222 60.17546912415353
      vertex 10.629305231718579 222 60.61030206995054
    endloop
  endfacet
  facet normal 0 1 0
    outer loop
      vertex 155.02453087584647 222 55.804228796387804
      vertex 10.629305231718579 222 60.61030206995054
      vertex 10.29809703885628 222 60.99809703885628
    endloop
  endfacet
  facet normal 0 1 0
    outer loop
      vertex 155.02453087584647 222 55.804228796387804
      vertex 10.29809703885628 222 60.99809703885628
      vertex 9.910302069950538 222 61.32930523171858
    endloop
  endfacet
  facet normal 0 1 0
    outer loop
      vertex 9.475469124153527 222 61.5957712036122
      vertex 155.02453087584647 222 55.804228796387804
      vertex 9.910302069950538 222 61.32930523171858
    endloop
  endfacet
  facet normal 0 1 0
    outer loop
      vertex 9.223838550324267 222 61.7
      vertex 153.87069476828142 222 60.61030206995054
      vertex 9.475469124153527 222 61.5957712036122
    endloop
  endfacet
  facet normal 0 0 1
    outer loop
      vertex 9.223838550324267 222 61.7
      vertex 9.22383855032427 220 61.7
      vertex 155.27616144967573 220 61.7
    endloop
  endfacet
  facet normal 0 -1 0
    outer loop
      vertex 0 172 53.7
      vertex 164.5 172 53.7
      vertex 164.5 172 55.7
    endloop
  endfacet
  facet normal 0 0 -1
    outer loop
      vertex 0 172 53.7
      vertex 164.5 186 53.7
      vertex 164.5 172 53.7
    endloop
  endfacet
  facet normal 0 1 0
    outer loop
      vertex 0 186 55.7
      vertex 164.5 186 55.7
      vertex 164.5 186 53.7
    endloop
  endfacet
  facet normal 1 0 0
    outer loop
      vertex 164.5 172 53.7
      vertex 164.5 186 53.7
      vertex 164.5 172 55.7
    endloop
  endfacet
  facet normal 1 0 0
    outer loop
      vertex 164.5 172 55.7
      vertex 164.5 186 53.7
      vertex 164.5 186 55.7
    endloop
  endfacet
  facet normal 0 -1 0
    outer loop
      vertex 0 172 55.7
      vertex 164.5 172 55.7
      vertex 164.5 172 61.7
    endloop
  endfacet
  facet normal 1 0 0
    outer loop
      vertex 164.5 172 55.7
      vertex 164.5 186 55.7
      vertex 164.5 172 61.7
    endloop
  endfacet
  facet normal 1 0 0
    outer loop
      vertex 164.5 186 55.7
      vertex 164.5 222 55.7
      vertex 164.5 172 61.7
    endloop
  endfacet
  facet normal 0 0 -1
    outer loop
      vertex 0 186 55.7
      vertex 157.72383855032427 220 55.7
      vertex 164.5 186 55.7
    endloop
  endfacet
  facet normal 0 0 -1
    outer loop
      vertex 0 186 55.7
      vertex 155.27616144967573 220 55.7
      vertex 157.72383855032427 220 55.7
    endloop
  endfacet
  facet normal 0 0 -1
    outer loop
      vertex 9.223838550324272 222 55.7
      vertex 155.27616144967575 222 55.7
      vertex 155.27616144967573 220 55.7
    endloop
  endfacet
  facet normal 0 1 0
    outer loop
      vertex 155.27616144967575 222 55.7
      vertex 10.629305231718579 222 56.78969793004946
      vertex 155.02453087584647 222 55.804228796387804
    endloop
  endfacet
  facet normal 0 0 -1
    outer loop
      vertex 164.5 186 55.7
      vertex 157.72383855032427 220 55.7
      vertex 157.72383855032427 222 55.7
    endloop
  endfacet
  facet normal 0 0 -1
    outer loop
      vertex 164.5 186 55.7
      vertex 157.72383855032427 222 55.7
      vertex 164.5 222 55.7
    endloop
  endfacet
  facet normal 0.7604059656000214 0 0.649448048330195
    outer loop
      vertex 154.20190296114373 220 56.401902961143726
      vertex 154.20190296114373 222 56.401902961143726
      vertex 153.87069476828142 220 56.78969793004946
    endloop
  endfacet
  facet normal 0.7604059656000214 0 0.649448048330195
    outer loop
      vertex 153.87069476828142 220 56.78969793004946
      vertex 154.20190296114373 222 56.401902961143726
      vertex 153.87069476828142 222 56.78969793004946
    endloop
  endfacet
  facet normal 0.3826834323650807 0 0.9238795325112906
    outer loop
      vertex 155.02453087584647 220 55.804228796387804
      vertex 155.27616144967573 220 55.7
      vertex 155.02453087584647 222 55.804228796387804
    endloop
  endfacet
  facet normal 0.5224985647159573 0 0.8526401643540868
    outer loop
      vertex 155.02453087584647 220 55.804228796387804
      vertex 155.02453087584647 222 55.804228796387804
      vertex 154.58969793004945 220 56.07069476828143
    endloop
  endfacet
  facet normal 0.38268343236504376 -5.438258659254469e-15 0.9238795325113058
    outer loop
      vertex 155.27616144967575 222 55.7
      vertex 155.02453087584647 222 55.804228796387804
      vertex 155.27616144967573 220 55.7
    endloop
  endfacet
  facet normal -0.3826834323650807 -7.570544083037379e-19 0.9238795325112906
    outer loop
      vertex 157.97546912415353 220 55.804228796387804
      vertex 157.72383855032427 222 55.7
      vertex 157.72383855032427 220 55.7
    endloop
  endfacet
  facet normal -0.3826834323650807 0 0.9238795325112906
    outer loop
      vertex 157.97546912415353 220 55.804228796387804
      vertex 157.97546912415353 222 55.804228796387804
      vertex 157.72383855032427 222 55.7
    endloop
  endfacet
  facet normal -0.5224985647159573 0 0.8526401643540868
    outer loop
      vertex 157.97546912415353 220 55.804228796387804
      vertex 158.41030206995055 222 56.07069476828143
      vertex 157.97546912415353 222 55.804228796387804
    endloop
  endfacet
  facet normal 0.6494480483302005 0 0.7604059656000164
    outer loop
      vertex 154.58969793004945 220 56.07069476828143
      vertex 154.58969793004945 222 56.07069476828143
      vertex 154.20190296114373 220 56.401902961143726
    endloop
  endfacet
  facet normal 0.5224985647159573 0 0.8526401643540868
    outer loop
      vertex 154.58969793004945 220 56.07069476828143
      vertex 155.02453087584647 222 55.804228796387804
      vertex 154.58969793004945 222 56.07069476828143
    endloop
  endfacet
  facet normal -0.5224985647159573 -6.256011028672778e-18 0.8526401643540868
    outer loop
      vertex 157.97546912415353 220 55.804228796387804
      vertex 158.41030206995055 220 56.07069476828143
      vertex 158.41030206995055 222 56.07069476828143
    endloop
  endfacet
  facet normal -0.6494480483302005 0 0.7604059656000164
    outer loop
      vertex 158.41030206995055 220 56.07069476828143
      vertex 158.79809703885627 222 56.401902961143726
      vertex 158.41030206995055 222 56.07069476828143
    endloop
  endfacet
  facet normal 0 1 0
    outer loop
      vertex 164.5 222 55.7
      vertex 157.72383855032427 222 55.7
      vertex 157.97546912415353 222 55.804228796387804
    endloop
  endfacet
  facet normal 0 1 0
    outer loop
      vertex 164.5 222 55.7
      vertex 157.97546912415353 222 55.804228796387804
      vertex 158.41030206995055 222 56.07069476828143
    endloop
  endfacet
  facet normal 0 1 0
    outer loop
      vertex 164.5 222 55.7
      vertex 158.41030206995055 222 56.07069476828143
      vertex 158.79809703885627 222 56.401902961143726
    endloop
  endfacet
  facet normal 0 1 0
    outer loop
      vertex 155.02453087584647 220 55.804228796387804
      vertex 155.5007650711028 220 57.324671109562594
      vertex 155.27616144967573 220 55.7
    endloop
  endfacet
  facet normal 0 1 0
    outer loop
      vertex 155.5007650711028 220 57.324671109562594
      vertex 157.72383855032427 220 55.7
      vertex 155.27616144967573 220 55.7
    endloop
  endfacet
  facet normal 0 1 0
    outer loop
      vertex 157.97546912415353 220 55.804228796387804
      vertex 157.72383855032427 220 55.7
      vertex 157.70208152801712 220 57.49791847198287
    endloop
  endfacet
  facet normal 0 1 0
    outer loop
      vertex 156.2340614094316 220 57.02092982098827
      vertex 157.72383855032427 220 55.7
      vertex 155.9746711095626 220 57.08320392229824
    endloop
  endfacet
  facet normal 0 1 0
    outer loop
      vertex 155.9746711095626 220 57.08320392229824
      vertex 157.72383855032427 220 55.7
      vertex 155.72821615044276 220 57.18528890887978
    endloop
  endfacet
  facet normal 0 1 0
    outer loop
      vertex 156.2340614094316 220 57.02092982098827
      vertex 156.5 220 57
      vertex 157.72383855032427 220 55.7
    endloop
  endfacet
  facet normal 0 1 0
    outer loop
      vertex 156.5 220 57
      vertex 156.7659385905684 220 57.02092982098827
      vertex 157.72383855032427 220 55.7
    endloop
  endfacet
  facet normal 0 1 0
    outer loop
      vertex 156.7659385905684 220 57.02092982098827
      vertex 157.0253288904374 220 57.08320392229824
      vertex 157.72383855032427 220 55.7
    endloop
  endfacet
  facet normal 0 1 0
    outer loop
      vertex 157.0253288904374 220 57.08320392229824
      vertex 157.27178384955724 220 57.18528890887978
      vertex 157.72383855032427 220 55.7
    endloop
  endfacet
  facet normal 0 1 0
    outer loop
      vertex 157.97546912415353 220 55.804228796387804
      vertex 158.01471109112023 220 57.92821615044277
      vertex 158.41030206995055 220 56.07069476828143
    endloop
  endfacet
  facet normal 0.6494480483302005 0 0.7604059656000164
    outer loop
      vertex 154.20190296114373 220 56.401902961143726
      vertex 154.58969793004945 222 56.07069476828143
      vertex 154.20190296114373 222 56.401902961143726
    endloop
  endfacet
  facet normal -0.6494480483302005 -1.2275417728761338e-17 0.7604059656000164
    outer loop
      vertex 158.41030206995055 220 56.07069476828143
      vertex 158.79809703885627 220 56.401902961143726
      vertex 158.79809703885627 222 56.401902961143726
    endloop
  endfacet
  facet normal -0.7604059656000214 1.0966703380161241e-17 0.649448048330195
    outer loop
      vertex 158.79809703885627 220 56.401902961143726
      vertex 159.12930523171858 220 56.78969793004946
      vertex 159.12930523171858 222 56.78969793004946
    endloop
  endfacet
  facet normal -0.7604059656000214 0 0.649448048330195
    outer loop
      vertex 158.79809703885627 220 56.401902961143726
      vertex 159.12930523171858 222 56.78969793004946
      vertex 158.79809703885627 222 56.401902961143726
    endloop
  endfacet
  facet normal 0 1 0
    outer loop
      vertex 164.5 222 55.7
      vertex 158.79809703885627 222 56.401902961143726
      vertex 159.12930523171858 222 56.78969793004946
    endloop
  endfacet
  facet normal 0 1 0
    outer loop
      vertex 164.5 222 55.7
      vertex 159.12930523171858 222 56.78969793004946
      vertex 159.39577120361218 222 57.224530875846476
    endloop
  endfacet
  facet normal 0.8526401643540993 0 0.5224985647159371
    outer loop
      vertex 153.87069476828142 220 56.78969793004946
      vertex 153.87069476828142 222 56.78969793004946
      vertex 153.60422879638782 220 57.224530875846476
    endloop
  endfacet
  facet normal 0.8526401643540993 0 0.5224985647159371
    outer loop
      vertex 153.60422879638782 220 57.224530875846476
      vertex 153.87069476828142 222 56.78969793004946
      vertex 153.60422879638782 222 57.224530875846476
    endloop
  endfacet
  facet normal 0.923879532511285 0 0.38268343236509383
    outer loop
      vertex 153.60422879638782 220 57.224530875846476
      vertex 153.60422879638782 222 57.224530875846476
      vertex 153.40906632204076 220 57.69569476828143
    endloop
  endfacet
  facet normal 0.923879532511285 0 0.38268343236509383
    outer loop
      vertex 153.40906632204076 220 57.69569476828143
      vertex 153.60422879638782 222 57.224530875846476
      vertex 153.40906632204076 222 57.69569476828143
    endloop
  endfacet
  facet normal 0.0784590957278659 -3.954304763134112e-21 0.9969173337331263
    outer loop
      vertex 156.2340614094316 216 57.02092982098827
      vertex 156.5 216 57
      vertex 156.5 220 57
    endloop
  endfacet
  facet normal 0.23344536385588993 0 0.9723699203976803
    outer loop
      vertex 156.2340614094316 216 57.02092982098827
      vertex 156.2340614094316 220 57.02092982098827
      vertex 155.9746711095626 216 57.08320392229824
    endloop
  endfacet
  facet normal -0.0784590957278659 3.954304763134112e-21 0.9969173337331263
    outer loop
      vertex 156.5 216 57
      vertex 156.7659385905684 216 57.02092982098827
      vertex 156.7659385905684 220 57.02092982098827
    endloop
  endfacet
  facet normal 0.3826834323650812 0 0.9238795325112903
    outer loop
      vertex 155.9746711095626 216 57.08320392229824
      vertex 155.9746711095626 220 57.08320392229824
      vertex 155.72821615044276 216 57.18528890887978
    endloop
  endfacet
  facet normal -0.0784590957278659 0 0.9969173337331263
    outer loop
      vertex 156.5 216 57
      vertex 156.7659385905684 220 57.02092982098827
      vertex 156.5 220 57
    endloop
  endfacet
  facet normal 0.23344536385588993 0 0.9723699203976803
    outer loop
      vertex 155.9746711095626 216 57.08320392229824
      vertex 156.2340614094316 220 57.02092982098827
      vertex 155.9746711095626 220 57.08320392229824
    endloop
  endfacet
  facet normal 0.0784590957278659 0 0.9969173337331263
    outer loop
      vertex 156.2340614094316 216 57.02092982098827
      vertex 156.5 220 57
      vertex 156.2340614094316 220 57.02092982098827
    endloop
  endfacet
  facet normal 0.3826834323650812 0 0.9238795325112903
    outer loop
      vertex 155.72821615044276 216 57.18528890887978
      vertex 155.9746711095626 220 57.08320392229824
      vertex 155.72821615044276 220 57.18528890887978
    endloop
  endfacet
  facet normal -0.23344536385588993 -4.2609032111431785e-19 0.9723699203976803
    outer loop
      vertex 156.7659385905684 216 57.02092982098827
      vertex 157.0253288904374 216 57.08320392229824
      vertex 157.0253288904374 220 57.08320392229824
    endloop
  endfacet
  facet normal -0.3826834323650812 1.4355192704347613e-18 0.9238795325112903
    outer loop
      vertex 157.0253288904374 216 57.08320392229824
      vertex 157.27178384955724 216 57.18528890887978
      vertex 157.27178384955724 220 57.18528890887978
    endloop
  endfacet
  facet normal -0.23344536385588993 0 0.9723699203976803
    outer loop
      vertex 156.7659385905684 216 57.02092982098827
      vertex 157.0253288904374 220 57.08320392229824
      vertex 156.7659385905684 220 57.02092982098827
    endloop
  endfacet
  facet normal -0.3826834323650812 0 0.9238795325112903
    outer loop
      vertex 157.0253288904374 216 57.08320392229824
      vertex 157.27178384955724 220 57.18528890887978
      vertex 157.0253288904374 220 57.08320392229824
    endloop
  endfacet
  facet normal 0.5224985647159618 0 0.8526401643540844
    outer loop
      vertex 155.72821615044276 216 57.18528890887978
      vertex 155.72821615044276 220 57.18528890887978
      vertex 155.5007650711028 216 57.324671109562594
    endloop
  endfacet
  facet normal 0.6494480483302106 0 0.7604059656000081
    outer loop
      vertex 155.5007650711028 216 57.324671109562594
      vertex 155.5007650711028 220 57.324671109562594
      vertex 155.29791847198288 216 57.49791847198287
    endloop
  endfacet
  facet normal 0.5224985647159618 0 0.8526401643540844
    outer loop
      vertex 155.5007650711028 216 57.324671109562594
      vertex 155.72821615044276 220 57.18528890887978
      vertex 155.5007650711028 220 57.324671109562594
    endloop
  endfacet
  facet normal 0.6494480483302106 0 0.7604059656000081
    outer loop
      vertex 155.29791847198288 216 57.49791847198287
      vertex 155.5007650711028 220 57.324671109562594
      vertex 155.29791847198288 220 57.49791847198287
    endloop
  endfacet
  facet normal -0.5224985647159618 2.3261890989637572e-18 0.8526401643540844
    outer loop
      vertex 157.27178384955724 216 57.18528890887978
      vertex 157.4992349288972 216 57.324671109562594
      vertex 157.4992349288972 220 57.324671109562594
    endloop
  endfacet
  facet normal -0.6494480483302106 -3.230470982948952e-18 0.7604059656000081
    outer loop
      vertex 157.4992349288972 216 57.324671109562594
      vertex 157.70208152801712 216 57.49791847198287
      vertex 157.70208152801712 220 57.49791847198287
    endloop
  endfacet
  facet normal -0.5224985647159618 0 0.8526401643540844
    outer loop
      vertex 157.27178384955724 216 57.18528890887978
      vertex 157.4992349288972 220 57.324671109562594
      vertex 157.27178384955724 220 57.18528890887978
    endloop
  endfacet
  facet normal -0.6494480483302106 0 0.7604059656000081
    outer loop
      vertex 157.4992349288972 216 57.324671109562594
      vertex 157.70208152801712 220 57.49791847198287
      vertex 157.4992349288972 220 57.324671109562594
    endloop
  endfacet
  facet normal 0.7604059656000286 0 0.6494480483301865
    outer loop
      vertex 155.29791847198288 216 57.49791847198287
      vertex 155.29791847198288 220 57.49791847198287
      vertex 155.1246711095626 216 57.7007650711028
    endloop
  endfacet
  facet normal 0.7604059656000286 0 0.6494480483301865
    outer loop
      vertex 155.1246711095626 216 57.7007650711028
      vertex 155.29791847198288 220 57.49791847198287
      vertex 155.1246711095626 220 57.7007650711028
    endloop
  endfacet
  facet normal -0.7604059656000286 2.822538377295456e-18 0.6494480483301865
    outer loop
      vertex 157.70208152801712 216 57.49791847198287
      vertex 157.8753288904374 216 57.7007650711028
      vertex 157.8753288904374 220 57.7007650711028
    endloop
  endfacet
  facet normal -0.7604059656000286 0 0.6494480483301865
    outer loop
      vertex 157.70208152801712 216 57.49791847198287
      vertex 157.8753288904374 220 57.7007650711028
      vertex 157.70208152801712 220 57.49791847198287
    endloop
  endfacet
  facet normal 0 1 0
    outer loop
      vertex 155.72821615044276 220 57.18528890887978
      vertex 157.72383855032427 220 55.7
      vertex 155.5007650711028 220 57.324671109562594
    endloop
  endfacet
  facet normal 0 1 0
    outer loop
      vertex 155.02453087584647 220 55.804228796387804
      vertex 155.29791847198288 220 57.49791847198287
      vertex 155.5007650711028 220 57.324671109562594
    endloop
  endfacet
  facet normal 0 1 0
    outer loop
      vertex 157.27178384955724 220 57.18528890887978
      vertex 157.4992349288972 220 57.324671109562594
      vertex 157.72383855032427 220 55.7
    endloop
  endfacet
  facet normal 0 1 0
    outer loop
      vertex 157.4992349288972 220 57.324671109562594
      vertex 157.70208152801712 220 57.49791847198287
      vertex 157.72383855032427 220 55.7
    endloop
  endfacet
  facet normal 0 1 0
    outer loop
      vertex 155.02453087584647 220 55.804228796387804
      vertex 155.1246711095626 220 57.7007650711028
      vertex 155.29791847198288 220 57.49791847198287
    endloop
  endfacet
  facet normal 0 1 0
    outer loop
      vertex 155.02453087584647 220 55.804228796387804
      vertex 154.98528890887977 220 57.92821615044277
      vertex 155.1246711095626 220 57.7007650711028
    endloop
  endfacet
  facet normal 0 1 0
    outer loop
      vertex 157.97546912415353 220 55.804228796387804
      vertex 157.70208152801712 220 57.49791847198287
      vertex 157.8753288904374 220 57.7007650711028
    endloop
  endfacet
  facet normal 0 1 0
    outer loop
      vertex 157.97546912415353 220 55.804228796387804
      vertex 157.8753288904374 220 57.7007650711028
      vertex 158.01471109112023 220 57.92821615044277
    endloop
  endfacet
  facet normal -0.8526401643540993 0 0.5224985647159371
    outer loop
      vertex 159.12930523171858 220 56.78969793004946
      vertex 159.39577120361218 222 57.224530875846476
      vertex 159.12930523171858 222 56.78969793004946
    endloop
  endfacet
  facet normal -0.8526401643540993 3.690910589410246e-18 0.5224985647159371
    outer loop
      vertex 159.12930523171858 220 56.78969793004946
      vertex 159.39577120361218 220 57.224530875846476
      vertex 159.39577120361218 222 57.224530875846476
    endloop
  endfacet
  facet normal 0 1 0
    outer loop
      vertex 164.5 222 55.7
      vertex 159.39577120361218 222 57.224530875846476
      vertex 159.59093367795924 222 57.69569476828143
    endloop
  endfacet
  facet normal 0 1 0
    outer loop
      vertex 164.5 222 55.7
      vertex 159.59093367795924 222 57.69569476828143
      vertex 159.7099871069342 222 58.191587988619254
    endloop
  endfacet
  facet normal 0 1 0
    outer loop
      vertex 155.02453087584647 220 55.804228796387804
      vertex 154.88320392229824 220 58.174671109562595
      vertex 154.98528890887977 220 57.92821615044277
    endloop
  endfacet
  facet normal 0 1 0
    outer loop
      vertex 158.41030206995055 220 56.07069476828143
      vertex 158.01471109112023 220 57.92821615044277
      vertex 158.11679607770176 220 58.174671109562595
    endloop
  endfacet
  facet normal 0 1 0
    outer loop
      vertex 155.02453087584647 220 55.804228796387804
      vertex 154.82092982098825 220 58.434061409431614
      vertex 154.88320392229824 220 58.174671109562595
    endloop
  endfacet
  facet normal 0 1 0
    outer loop
      vertex 155.02453087584647 220 55.804228796387804
      vertex 154.8 220 58.7
      vertex 154.82092982098825 220 58.434061409431614
    endloop
  endfacet
  facet normal 0 1 0
    outer loop
      vertex 158.41030206995055 220 56.07069476828143
      vertex 158.11679607770176 220 58.174671109562595
      vertex 158.17907017901175 220 58.434061409431614
    endloop
  endfacet
  facet normal -0.923879532511285 0 0.38268343236509383
    outer loop
      vertex 159.39577120361218 220 57.224530875846476
      vertex 159.59093367795924 222 57.69569476828143
      vertex 159.39577120361218 222 57.224530875846476
    endloop
  endfacet
  facet normal -0.923879532511285 3.717687598757265e-18 0.38268343236509383
    outer loop
      vertex 159.39577120361218 220 57.224530875846476
      vertex 159.59093367795924 220 57.69569476828143
      vertex 159.59093367795924 222 57.69569476828143
    endloop
  endfacet
  facet normal 0 0 1
    outer loop
      vertex 164.5 172 61.7
      vertex 155.27616144967573 220 61.7
      vertex 9.22383855032427 220 61.7
    endloop
  endfacet
  facet normal 0 1 0
    outer loop
      vertex 9.475469124153527 222 61.5957712036122
      vertex 154.58969793004945 222 56.07069476828143
      vertex 155.02453087584647 222 55.804228796387804
    endloop
  endfacet
  facet normal 0 1 0
    outer loop
      vertex 9.475469124153527 222 61.5957712036122
      vertex 154.20190296114373 222 56.401902961143726
      vertex 154.58969793004945 222 56.07069476828143
    endloop
  endfacet
  facet normal 0 1 0
    outer loop
      vertex 9.475469124153527 222 61.5957712036122
      vertex 153.87069476828142 222 56.78969793004946
      vertex 154.20190296114373 222 56.401902961143726
    endloop
  endfacet
  facet normal 0 1 0
    outer loop
      vertex 9.475469124153527 222 61.5957712036122
      vertex 153.60422879638782 222 57.224530875846476
      vertex 153.87069476828142 222 56.78969793004946
    endloop
  endfacet
  facet normal 0 1 0
    outer loop
      vertex 9.475469124153527 222 61.5957712036122
      vertex 153.40906632204076 222 57.69569476828143
      vertex 153.60422879638782 222 57.224530875846476
    endloop
  endfacet
  facet normal 0 1 0
    outer loop
      vertex 9.475469124153527 222 61.5957712036122
      vertex 153.2900128930658 222 58.191587988619254
      vertex 153.40906632204076 222 57.69569476828143
    endloop
  endfacet
  facet normal 0 1 0
    outer loop
      vertex 9.475469124153527 222 61.5957712036122
      vertex 153.25 222 58.7
      vertex 153.2900128930658 222 58.191587988619254
    endloop
  endfacet
  facet normal 0 1 0
    outer loop
      vertex 9.475469124153527 222 61.5957712036122
      vertex 153.2900128930658 222 59.20841201138075
      vertex 153.25 222 58.7
    endloop
  endfacet
  facet normal 0 1 0
    outer loop
      vertex 9.475469124153527 222 61.5957712036122
      vertex 153.40906632204076 222 59.70430523171858
      vertex 153.2900128930658 222 59.20841201138075
    endloop
  endfacet
  facet normal 0 1 0
    outer loop
      vertex 9.475469124153527 222 61.5957712036122
      vertex 153.60422879638782 222 60.17546912415353
      vertex 153.40906632204076 222 59.70430523171858
    endloop
  endfacet
  facet normal 0 1 0
    outer loop
      vertex 9.475469124153527 222 61.5957712036122
      vertex 153.87069476828142 222 60.61030206995054
      vertex 153.60422879638782 222 60.17546912415353
    endloop
  endfacet
  facet normal 0 1 0
    outer loop
      vertex 9.223838550324267 222 61.7
      vertex 154.20190296114373 222 60.99809703885628
      vertex 153.87069476828142 222 60.61030206995054
    endloop
  endfacet
  facet normal 0 1 0
    outer loop
      vertex 9.223838550324267 222 61.7
      vertex 154.58969793004945 222 61.32930523171858
      vertex 154.20190296114373 222 60.99809703885628
    endloop
  endfacet
  facet normal 0 1 0
    outer loop
      vertex 9.223838550324267 222 61.7
      vertex 155.02453087584647 222 61.5957712036122
      vertex 154.58969793004945 222 61.32930523171858
    endloop
  endfacet
  facet normal 0 0 1
    outer loop
      vertex 9.223838550324267 222 61.7
      vertex 155.27616144967573 220 61.7
      vertex 155.27616144967573 222 61.7
    endloop
  endfacet
  facet normal 0 1 0
    outer loop
      vertex 9.223838550324267 222 61.7
      vertex 155.27616144967573 222 61.7
      vertex 155.02453087584647 222 61.5957712036122
    endloop
  endfacet
  facet normal 1 0 0
    outer loop
      vertex 164.5 172 61.7
      vertex 164.5 222 55.7
      vertex 164.5 222 61.7
    endloop
  endfacet
  facet normal 0 0 1
    outer loop
      vertex 164.5 172 61.7
      vertex 157.72383855032427 220 61.7
      vertex 155.27616144967573 220 61.7
    endloop
  endfacet
  facet normal 0 0 1
    outer loop
      vertex 164.5 172 61.7
      vertex 164.5 222 61.7
      vertex 157.72383855032427 220 61.7
    endloop
  endfacet
  facet normal 0 1 0
    outer loop
      vertex 154.20190296114373 220 56.401902961143726
      vertex 153.87069476828142 220 56.78969793004946
      vertex 153.87069476828142 220 60.61030206995054
    endloop
  endfacet
  facet normal 0 1 0
    outer loop
      vertex 153.87069476828142 220 56.78969793004946
      vertex 153.60422879638782 220 57.224530875846476
      vertex 153.60422879638782 220 60.17546912415353
    endloop
  endfacet
  facet normal 0.9723699203976752 0 0.23344536385591044
    outer loop
      vertex 153.40906632204076 220 57.69569476828143
      vertex 153.40906632204076 222 57.69569476828143
      vertex 153.2900128930658 220 58.191587988619254
    endloop
  endfacet
  facet normal 0.9723699203976752 0 0.23344536385591044
    outer loop
      vertex 153.2900128930658 220 58.191587988619254
      vertex 153.40906632204076 222 57.69569476828143
      vertex 153.2900128930658 222 58.191587988619254
    endloop
  endfacet
  facet normal 0 1 0
    outer loop
      vertex 153.60422879638782 220 57.224530875846476
      vertex 153.40906632204076 220 57.69569476828143
      vertex 153.40906632204076 220 59.70430523171858
    endloop
  endfacet
  facet normal 0 1 0
    outer loop
      vertex 153.40906632204076 220 57.69569476828143
      vertex 153.2900128930658 220 58.191587988619254
      vertex 153.2900128930658 220 59.20841201138075
    endloop
  endfacet
  facet normal 0 1 0
    outer loop
      vertex 153.2900128930658 220 58.191587988619254
      vertex 153.25 220 58.7
      vertex 153.2900128930658 220 59.20841201138075
    endloop
  endfacet
  facet normal 0.9969173337331272 0 0.07845909572785421
    outer loop
      vertex 153.2900128930658 220 58.191587988619254
      vertex 153.2900128930658 222 58.191587988619254
      vertex 153.25 220 58.7
    endloop
  endfacet
  facet normal 0.9969173337331272 0 0.07845909572785421
    outer loop
      vertex 153.25 220 58.7
      vertex 153.2900128930658 222 58.191587988619254
      vertex 153.25 222 58.7
    endloop
  endfacet
  facet normal 0 1 0
    outer loop
      vertex 156.2340614094316 216 57.02092982098827
      vertex 156.2340614094316 216 60.379070179011734
      vertex 156.5 216 57
    endloop
  endfacet
  facet normal 0 1 0
    outer loop
      vertex 155.9746711095626 216 57.08320392229824
      vertex 155.72821615044276 216 57.18528890887978
      vertex 155.72821615044276 216 60.21471109112023
    endloop
  endfacet
  facet normal 0 1 0
    outer loop
      vertex 156.2340614094316 216 57.02092982098827
      vertex 155.9746711095626 216 57.08320392229824
      vertex 155.9746711095626 216 60.31679607770177
    endloop
  endfacet
  facet normal 0 1 0
    outer loop
      vertex 155.72821615044276 216 57.18528890887978
      vertex 155.5007650711028 216 57.324671109562594
      vertex 155.5007650711028 216 60.07532889043741
    endloop
  endfacet
  facet normal 0 1 0
    outer loop
      vertex 156.5 216 57
      vertex 156.5 216 60.400000000000006
      vertex 156.7659385905684 216 57.02092982098827
    endloop
  endfacet
  facet normal 0 1 0
    outer loop
      vertex 156.7659385905684 216 57.02092982098827
      vertex 156.7659385905684 216 60.379070179011734
      vertex 157.0253288904374 216 57.08320392229824
    endloop
  endfacet
  facet normal 0 1 0
    outer loop
      vertex 157.0253288904374 216 57.08320392229824
      vertex 157.0253288904374 216 60.31679607770177
      vertex 157.27178384955724 216 57.18528890887978
    endloop
  endfacet
  facet normal 0.8526401643540606 0 0.5224985647160005
    outer loop
      vertex 155.1246711095626 216 57.7007650711028
      vertex 155.1246711095626 220 57.7007650711028
      vertex 154.98528890887977 216 57.92821615044277
    endloop
  endfacet
  facet normal 0.8526401643540606 0 0.5224985647160005
    outer loop
      vertex 154.98528890887977 216 57.92821615044277
      vertex 155.1246711095626 220 57.7007650711028
      vertex 154.98528890887977 220 57.92821615044277
    endloop
  endfacet
  facet normal -0.8526401643540606 1.1544321200068089e-18 0.5224985647160005
    outer loop
      vertex 157.8753288904374 216 57.7007650711028
      vertex 158.01471109112023 216 57.92821615044277
      vertex 158.01471109112023 220 57.92821615044277
    endloop
  endfacet
  facet normal -0.8526401643540606 0 0.5224985647160005
    outer loop
      vertex 157.8753288904374 216 57.7007650711028
      vertex 158.01471109112023 220 57.92821615044277
      vertex 157.8753288904374 220 57.7007650711028
    endloop
  endfacet
  facet normal 0.9238795325112958 1.1975393899504364e-18 0.38268343236506785
    outer loop
      vertex 154.88320392229824 216 58.174671109562595
      vertex 154.98528890887977 216 57.92821615044277
      vertex 154.98528890887977 220 57.92821615044277
    endloop
  endfacet
  facet normal 0.9238795325112958 0 0.38268343236506785
    outer loop
      vertex 154.88320392229824 216 58.174671109562595
      vertex 154.98528890887977 220 57.92821615044277
      vertex 154.88320392229824 220 58.174671109562595
    endloop
  endfacet
  facet normal -0.9238795325112958 -1.1975393899504364e-18 0.38268343236506785
    outer loop
      vertex 158.01471109112023 216 57.92821615044277
      vertex 158.11679607770176 216 58.174671109562595
      vertex 158.11679607770176 220 58.174671109562595
    endloop
  endfacet
  facet normal -0.9238795325112958 0 0.38268343236506785
    outer loop
      vertex 158.01471109112023 216 57.92821615044277
      vertex 158.11679607770176 220 58.174671109562595
      vertex 158.01471109112023 220 57.92821615044277
    endloop
  endfacet
  facet normal 0 1 0
    outer loop
      vertex 155.5007650711028 216 57.324671109562594
      vertex 155.29791847198288 216 57.49791847198287
      vertex 155.29791847198288 216 59.902081528017135
    endloop
  endfacet
  facet normal 0 1 0
    outer loop
      vertex 155.29791847198288 216 57.49791847198287
      vertex 155.1246711095626 216 57.7007650711028
      vertex 155.1246711095626 216 59.699234928897205
    endloop
  endfacet
  facet normal 0 1 0
    outer loop
      vertex 155.1246711095626 216 57.7007650711028
      vertex 154.98528890887977 216 57.92821615044277
      vertex 154.98528890887977 216 59.471783849557234
    endloop
  endfacet
  facet normal 0 1 0
    outer loop
      vertex 154.88320392229824 216 58.174671109562595
      vertex 154.88320392229824 216 59.22532889043741
      vertex 154.98528890887977 216 57.92821615044277
    endloop
  endfacet
  facet normal 0 1 0
    outer loop
      vertex 157.27178384955724 216 57.18528890887978
      vertex 157.27178384955724 216 60.21471109112023
      vertex 157.4992349288972 216 57.324671109562594
    endloop
  endfacet
  facet normal 0 1 0
    outer loop
      vertex 157.4992349288972 216 57.324671109562594
      vertex 157.4992349288972 216 60.07532889043741
      vertex 157.70208152801712 216 57.49791847198287
    endloop
  endfacet
  facet normal 0 1 0
    outer loop
      vertex 157.70208152801712 216 57.49791847198287
      vertex 157.70208152801712 216 59.902081528017135
      vertex 157.8753288904374 216 57.7007650711028
    endloop
  endfacet
  facet normal 0 1 0
    outer loop
      vertex 157.8753288904374 216 57.7007650711028
      vertex 157.8753288904374 216 59.699234928897205
      vertex 158.01471109112023 216 57.92821615044277
    endloop
  endfacet
  facet normal 0 1 0
    outer loop
      vertex 154.88320392229824 216 58.174671109562595
      vertex 154.82092982098825 216 58.434061409431614
      vertex 154.82092982098825 216 58.96593859056839
    endloop
  endfacet
  facet normal 0 1 0
    outer loop
      vertex 154.82092982098825 216 58.434061409431614
      vertex 154.8 216 58.7
      vertex 154.82092982098825 216 58.96593859056839
    endloop
  endfacet
  facet normal 0 1 0
    outer loop
      vertex 158.01471109112023 216 57.92821615044277
      vertex 158.01471109112023 216 59.471783849557234
      vertex 158.11679607770176 216 58.174671109562595
    endloop
  endfacet
  facet normal 0 1 0
    outer loop
      vertex 158.11679607770176 216 58.174671109562595
      vertex 158.11679607770176 216 59.22532889043741
      vertex 158.17907017901175 216 58.434061409431614
    endloop
  endfacet
  facet normal 0.9723699203976698 0 0.23344536385593428
    outer loop
      vertex 154.88320392229824 216 58.174671109562595
      vertex 154.88320392229824 220 58.174671109562595
      vertex 154.82092982098825 216 58.434061409431614
    endloop
  endfacet
  facet normal 0.9723699203976698 0 0.23344536385593428
    outer loop
      vertex 154.82092982098825 216 58.434061409431614
      vertex 154.88320392229824 220 58.174671109562595
      vertex 154.82092982098825 220 58.434061409431614
    endloop
  endfacet
  facet normal -0.9723699203976698 -4.2600010516972037e-19 0.23344536385593428
    outer loop
      vertex 158.11679607770176 216 58.174671109562595
      vertex 158.17907017901175 216 58.434061409431614
      vertex 158.17907017901175 220 58.434061409431614
    endloop
  endfacet
  facet normal -0.9723699203976698 0 0.23344536385593428
    outer loop
      vertex 158.11679607770176 216 58.174671109562595
      vertex 158.17907017901175 220 58.434061409431614
      vertex 158.11679607770176 220 58.174671109562595
    endloop
  endfacet
  facet normal 0.9969173337331345 0 0.07845909572776211
    outer loop
      vertex 154.82092982098825 216 58.434061409431614
      vertex 154.82092982098825 220 58.434061409431614
      vertex 154.8 216 58.7
    endloop
  endfacet
  facet normal 0.9969173337331345 -2.2112784587416703e-19 0.07845909572776211
    outer loop
      vertex 154.82092982098825 220 58.434061409431614
      vertex 154.8 220 58.7
      vertex 154.8 216 58.7
    endloop
  endfacet
  facet normal -0.9969173337331345 2.2112784587416703e-19 0.07845909572776211
    outer loop
      vertex 158.17907017901175 216 58.434061409431614
      vertex 158.2 216 58.7
      vertex 158.2 220 58.7
    endloop
  endfacet
  facet normal -0.9969173337331345 0 0.07845909572776211
    outer loop
      vertex 158.17907017901175 216 58.434061409431614
      vertex 158.2 220 58.7
      vertex 158.17907017901175 220 58.434061409431614
    endloop
  endfacet
  facet normal 0 1 0
    outer loop
      vertex 155.02453087584647 220 55.804228796387804
      vertex 154.58969793004945 220 56.07069476828143
      vertex 154.58969793004945 220 61.32930523171858
    endloop
  endfacet
  facet normal 0 1 0
    outer loop
      vertex 154.58969793004945 220 56.07069476828143
      vertex 154.20190296114373 220 56.401902961143726
      vertex 154.20190296114373 220 60.99809703885628
    endloop
  endfacet
  facet normal 0 1 0
    outer loop
      vertex 158.41030206995055 220 56.07069476828143
      vertex 158.17907017901175 220 58.434061409431614
      vertex 158.2 220 58.7
    endloop
  endfacet
  facet normal 0 1 0
    outer loop
      vertex 158.41030206995055 220 56.07069476828143
      vertex 158.41030206995055 220 61.32930523171858
      vertex 158.79809703885627 220 56.401902961143726
    endloop
  endfacet
  facet normal 0 1 0
    outer loop
      vertex 158.79809703885627 220 56.401902961143726
      vertex 158.79809703885627 220 60.99809703885628
      vertex 159.12930523171858 220 56.78969793004946
    endloop
  endfacet
  facet normal -0.9723699203976752 0 0.23344536385591044
    outer loop
      vertex 159.59093367795924 220 57.69569476828143
      vertex 159.7099871069342 222 58.191587988619254
      vertex 159.59093367795924 222 57.69569476828143
    endloop
  endfacet
  facet normal -0.9723699203976752 -2.8163032431941624e-18 0.23344536385591044
    outer loop
      vertex 159.59093367795924 220 57.69569476828143
      vertex 159.7099871069342 220 58.191587988619254
      vertex 159.7099871069342 222 58.191587988619254
    endloop
  endfacet
  facet normal 0 1 0
    outer loop
      vertex 159.12930523171858 220 56.78969793004946
      vertex 159.12930523171858 220 60.61030206995054
      vertex 159.39577120361218 220 57.224530875846476
    endloop
  endfacet
  facet normal 0 1 0
    outer loop
      vertex 155.02453087584647 220 55.804228796387804
      vertex 154.58969793004945 220 61.32930523171858
      vertex 154.8 220 58.7
    endloop
  endfacet
  facet normal 0 1 0
    outer loop
      vertex 159.39577120361218 220 57.224530875846476
      vertex 159.39577120361218 220 60.17546912415353
      vertex 159.59093367795924 220 57.69569476828143
    endloop
  endfacet
  facet normal 0 1 0
    outer loop
      vertex 159.59093367795924 220 57.69569476828143
      vertex 159.59093367795924 220 59.70430523171858
      vertex 159.7099871069342 220 58.191587988619254
    endloop
  endfacet
  facet normal -0.9969173337331272 0 0.07845909572785421
    outer loop
      vertex 159.7099871069342 220 58.191587988619254
      vertex 159.75 222 58.7
      vertex 159.7099871069342 222 58.191587988619254
    endloop
  endfacet
  facet normal -0.9969173337331272 8.61640010502145e-19 0.07845909572785421
    outer loop
      vertex 159.7099871069342 220 58.191587988619254
      vertex 159.75 220 58.7
      vertex 159.75 222 58.7
    endloop
  endfacet
  facet normal 0 1 0
    outer loop
      vertex 164.5 222 55.7
      vertex 159.7099871069342 222 58.191587988619254
      vertex 164.5 222 61.7
    endloop
  endfacet
  facet normal 0 1 0
    outer loop
      vertex 153.40906632204076 220 57.69569476828143
      vertex 153.2900128930658 220 59.20841201138075
      vertex 153.40906632204076 220 59.70430523171858
    endloop
  endfacet
  facet normal 0 1 0
    outer loop
      vertex 153.60422879638782 220 57.224530875846476
      vertex 153.40906632204076 220 59.70430523171858
      vertex 153.60422879638782 220 60.17546912415353
    endloop
  endfacet
  facet normal 0 1 0
    outer loop
      vertex 153.87069476828142 220 56.78969793004946
      vertex 153.60422879638782 220 60.17546912415353
      vertex 153.87069476828142 220 60.61030206995054
    endloop
  endfacet
  facet normal 0.9969173337331272 0 -0.07845909572785421
    outer loop
      vertex 153.25 220 58.7
      vertex 153.25 222 58.7
      vertex 153.2900128930658 220 59.20841201138075
    endloop
  endfacet
  facet normal 0.9969173337331272 0 -0.07845909572785421
    outer loop
      vertex 153.2900128930658 220 59.20841201138075
      vertex 153.25 222 58.7
      vertex 153.2900128930658 222 59.20841201138075
    endloop
  endfacet
  facet normal 0 1 0
    outer loop
      vertex 154.20190296114373 220 56.401902961143726
      vertex 153.87069476828142 220 60.61030206995054
      vertex 154.20190296114373 220 60.99809703885628
    endloop
  endfacet
  facet normal 0.9723699203976752 0 -0.23344536385591044
    outer loop
      vertex 153.2900128930658 220 59.20841201138075
      vertex 153.2900128930658 222 59.20841201138075
      vertex 153.40906632204076 220 59.70430523171858
    endloop
  endfacet
  facet normal 0.9723699203976752 0 -0.23344536385591044
    outer loop
      vertex 153.40906632204076 220 59.70430523171858
      vertex 153.2900128930658 222 59.20841201138075
      vertex 153.40906632204076 222 59.70430523171858
    endloop
  endfacet
  facet normal 0 1 0
    outer loop
      vertex 154.88320392229824 216 58.174671109562595
      vertex 154.82092982098825 216 58.96593859056839
      vertex 154.88320392229824 216 59.22532889043741
    endloop
  endfacet
  facet normal 0 1 0
    outer loop
      vertex 154.98528890887977 216 57.92821615044277
      vertex 154.88320392229824 216 59.22532889043741
      vertex 154.98528890887977 216 59.471783849557234
    endloop
  endfacet
  facet normal 0 1 0
    outer loop
      vertex 158.17907017901175 216 58.434061409431614
      vertex 158.17907017901175 216 58.96593859056839
      vertex 158.2 216 58.7
    endloop
  endfacet
  facet normal 0 1 0
    outer loop
      vertex 158.17907017901175 216 58.434061409431614
      vertex 158.11679607770176 216 59.22532889043741
      vertex 158.17907017901175 216 58.96593859056839
    endloop
  endfacet
  facet normal 0 1 0
    outer loop
      vertex 155.1246711095626 216 57.7007650711028
      vertex 154.98528890887977 216 59.471783849557234
      vertex 155.1246711095626 216 59.699234928897205
    endloop
  endfacet
  facet normal 0 1 0
    outer loop
      vertex 155.29791847198288 216 57.49791847198287
      vertex 155.1246711095626 216 59.699234928897205
      vertex 155.29791847198288 216 59.902081528017135
    endloop
  endfacet
  facet normal 0 1 0
    outer loop
      vertex 155.5007650711028 216 57.324671109562594
      vertex 155.29791847198288 216 59.902081528017135
      vertex 155.5007650711028 216 60.07532889043741
    endloop
  endfacet
  facet normal 0 1 0
    outer loop
      vertex 155.72821615044276 216 57.18528890887978
      vertex 155.5007650711028 216 60.07532889043741
      vertex 155.72821615044276 216 60.21471109112023
    endloop
  endfacet
  facet normal 0 1 0
    outer loop
      vertex 158.01471109112023 216 57.92821615044277
      vertex 157.8753288904374 216 59.699234928897205
      vertex 158.01471109112023 216 59.471783849557234
    endloop
  endfacet
  facet normal 0 1 0
    outer loop
      vertex 158.11679607770176 216 58.174671109562595
      vertex 158.01471109112023 216 59.471783849557234
      vertex 158.11679607770176 216 59.22532889043741
    endloop
  endfacet
  facet normal 0 1 0
    outer loop
      vertex 157.8753288904374 216 57.7007650711028
      vertex 157.70208152801712 216 59.902081528017135
      vertex 157.8753288904374 216 59.699234928897205
    endloop
  endfacet
  facet normal 0 1 0
    outer loop
      vertex 157.70208152801712 216 57.49791847198287
      vertex 157.4992349288972 216 60.07532889043741
      vertex 157.70208152801712 216 59.902081528017135
    endloop
  endfacet
  facet normal 0.9969173337331345 0 -0.07845909572776211
    outer loop
      vertex 154.8 216 58.7
      vertex 154.8 220 58.7
      vertex 154.82092982098825 216 58.96593859056839
    endloop
  endfacet
  facet normal 0.9969173337331345 0 -0.07845909572776211
    outer loop
      vertex 154.82092982098825 216 58.96593859056839
      vertex 154.8 220 58.7
      vertex 154.82092982098825 220 58.96593859056839
    endloop
  endfacet
  facet normal -0.9969173337331345 -2.2112784587416703e-19 -0.07845909572776211
    outer loop
      vertex 158.2 216 58.7
      vertex 158.17907017901175 216 58.96593859056839
      vertex 158.17907017901175 220 58.96593859056839
    endloop
  endfacet
  facet normal -0.9969173337331345 0 -0.07845909572776211
    outer loop
      vertex 158.2 216 58.7
      vertex 158.17907017901175 220 58.96593859056839
      vertex 158.2 220 58.7
    endloop
  endfacet
  facet normal 0.9723699203976698 0 -0.23344536385593428
    outer loop
      vertex 154.82092982098825 216 58.96593859056839
      vertex 154.82092982098825 220 58.96593859056839
      vertex 154.88320392229824 216 59.22532889043741
    endloop
  endfacet
  facet normal 0.9723699203976698 0 -0.23344536385593428
    outer loop
      vertex 154.88320392229824 216 59.22532889043741
      vertex 154.82092982098825 220 58.96593859056839
      vertex 154.88320392229824 220 59.22532889043741
    endloop
  endfacet
  facet normal -0.9723699203976698 4.2600010516972037e-19 -0.23344536385593428
    outer loop
      vertex 158.17907017901175 216 58.96593859056839
      vertex 158.11679607770176 216 59.22532889043741
      vertex 158.11679607770176 220 59.22532889043741
    endloop
  endfacet
  facet normal -0.9723699203976698 0 -0.23344536385593428
    outer loop
      vertex 158.17907017901175 216 58.96593859056839
      vertex 158.11679607770176 220 59.22532889043741
      vertex 158.17907017901175 220 58.96593859056839
    endloop
  endfacet
  facet normal 0 1 0
    outer loop
      vertex 155.9746711095626 216 57.08320392229824
      vertex 155.72821615044276 216 60.21471109112023
      vertex 155.9746711095626 216 60.31679607770177
    endloop
  endfacet
  facet normal 0 1 0
    outer loop
      vertex 156.2340614094316 216 57.02092982098827
      vertex 155.9746711095626 216 60.31679607770177
      vertex 156.2340614094316 216 60.379070179011734
    endloop
  endfacet
  facet normal 0 1 0
    outer loop
      vertex 156.5 216 57
      vertex 156.2340614094316 216 60.379070179011734
      vertex 156.5 216 60.400000000000006
    endloop
  endfacet
  facet normal 0 1 0
    outer loop
      vertex 156.7659385905684 216 57.02092982098827
      vertex 156.5 216 60.400000000000006
      vertex 156.7659385905684 216 60.379070179011734
    endloop
  endfacet
  facet normal 0 1 0
    outer loop
      vertex 157.4992349288972 216 57.324671109562594
      vertex 157.27178384955724 216 60.21471109112023
      vertex 157.4992349288972 216 60.07532889043741
    endloop
  endfacet
  facet normal 0 1 0
    outer loop
      vertex 157.0253288904374 216 57.08320392229824
      vertex 156.7659385905684 216 60.379070179011734
      vertex 157.0253288904374 216 60.31679607770177
    endloop
  endfacet
  facet normal 0 1 0
    outer loop
      vertex 157.27178384955724 216 57.18528890887978
      vertex 157.0253288904374 216 60.31679607770177
      vertex 157.27178384955724 216 60.21471109112023
    endloop
  endfacet
  facet normal 0.9238795325112958 0 -0.38268343236506785
    outer loop
      vertex 154.88320392229824 216 59.22532889043741
      vertex 154.88320392229824 220 59.22532889043741
      vertex 154.98528890887977 216 59.471783849557234
    endloop
  endfacet
  facet normal 0.9238795325112958 0 -0.38268343236506785
    outer loop
      vertex 154.98528890887977 216 59.471783849557234
      vertex 154.88320392229824 220 59.22532889043741
      vertex 154.98528890887977 220 59.471783849557234
    endloop
  endfacet
  facet normal -0.9238795325112958 1.1975393899504364e-18 -0.38268343236506785
    outer loop
      vertex 158.11679607770176 216 59.22532889043741
      vertex 158.01471109112023 216 59.471783849557234
      vertex 158.01471109112023 220 59.471783849557234
    endloop
  endfacet
  facet normal -0.9238795325112958 0 -0.38268343236506785
    outer loop
      vertex 158.11679607770176 216 59.22532889043741
      vertex 158.01471109112023 220 59.471783849557234
      vertex 158.11679607770176 220 59.22532889043741
    endloop
  endfacet
  facet normal 0.8526401643540606 0 -0.5224985647160005
    outer loop
      vertex 154.98528890887977 216 59.471783849557234
      vertex 154.98528890887977 220 59.471783849557234
      vertex 155.1246711095626 216 59.699234928897205
    endloop
  endfacet
  facet normal 0.8526401643540606 0 -0.5224985647160005
    outer loop
      vertex 155.1246711095626 216 59.699234928897205
      vertex 154.98528890887977 220 59.471783849557234
      vertex 155.1246711095626 220 59.699234928897205
    endloop
  endfacet
  facet normal -0.8526401643540606 -1.1544321200068089e-18 -0.5224985647160005
    outer loop
      vertex 158.01471109112023 216 59.471783849557234
      vertex 157.8753288904374 216 59.699234928897205
      vertex 157.8753288904374 220 59.699234928897205
    endloop
  endfacet
  facet normal -0.8526401643540606 0 -0.5224985647160005
    outer loop
      vertex 158.01471109112023 216 59.471783849557234
      vertex 157.8753288904374 220 59.699234928897205
      vertex 158.01471109112023 220 59.471783849557234
    endloop
  endfacet
  facet normal 0 1 0
    outer loop
      vertex 158.41030206995055 220 56.07069476828143
      vertex 158.2 220 58.7
      vertex 157.97546912415353 220 61.5957712036122
    endloop
  endfacet
  facet normal 0 1 0
    outer loop
      vertex 159.7099871069342 220 58.191587988619254
      vertex 159.7099871069342 220 59.20841201138075
      vertex 159.75 220 58.7
    endloop
  endfacet
  facet normal 0 1 0
    outer loop
      vertex 159.7099871069342 220 58.191587988619254
      vertex 159.59093367795924 220 59.70430523171858
      vertex 159.7099871069342 220 59.20841201138075
    endloop
  endfacet
  facet normal 0 1 0
    outer loop
      vertex 159.59093367795924 220 57.69569476828143
      vertex 159.39577120361218 220 60.17546912415353
      vertex 159.59093367795924 220 59.70430523171858
    endloop
  endfacet
  facet normal -0.9969173337331272 0 -0.07845909572785421
    outer loop
      vertex 159.75 220 58.7
      vertex 159.7099871069342 222 59.20841201138075
      vertex 159.75 222 58.7
    endloop
  endfacet
  facet normal -0.9969173337331272 -8.61640010502145e-19 -0.07845909572785421
    outer loop
      vertex 159.75 220 58.7
      vertex 159.7099871069342 220 59.20841201138075
      vertex 159.7099871069342 222 59.20841201138075
    endloop
  endfacet
  facet normal 0 1 0
    outer loop
      vertex 159.39577120361218 220 57.224530875846476
      vertex 159.12930523171858 220 60.61030206995054
      vertex 159.39577120361218 220 60.17546912415353
    endloop
  endfacet
  facet normal 0 1 0
    outer loop
      vertex 154.58969793004945 220 56.07069476828143
      vertex 154.20190296114373 220 60.99809703885628
      vertex 154.58969793004945 220 61.32930523171858
    endloop
  endfacet
  facet normal 0 1 0
    outer loop
      vertex 154.8 220 58.7
      vertex 154.58969793004945 220 61.32930523171858
      vertex 154.82092982098825 220 58.96593859056839
    endloop
  endfacet
  facet normal 0 1 0
    outer loop
      vertex 159.12930523171858 220 56.78969793004946
      vertex 158.79809703885627 220 60.99809703885628
      vertex 159.12930523171858 220 60.61030206995054
    endloop
  endfacet
  facet normal 0 1 0
    outer loop
      vertex 158.79809703885627 220 56.401902961143726
      vertex 158.41030206995055 220 61.32930523171858
      vertex 158.79809703885627 220 60.99809703885628
    endloop
  endfacet
  facet normal 0 1 0
    outer loop
      vertex 158.41030206995055 220 56.07069476828143
      vertex 157.97546912415353 220 61.5957712036122
      vertex 158.41030206995055 220 61.32930523171858
    endloop
  endfacet
  facet normal -0.9723699203976752 0 -0.23344536385591044
    outer loop
      vertex 159.7099871069342 220 59.20841201138075
      vertex 159.59093367795924 222 59.70430523171858
      vertex 159.7099871069342 222 59.20841201138075
    endloop
  endfacet
  facet normal -0.9723699203976752 2.8163032431941624e-18 -0.23344536385591044
    outer loop
      vertex 159.7099871069342 220 59.20841201138075
      vertex 159.59093367795924 220 59.70430523171858
      vertex 159.59093367795924 222 59.70430523171858
    endloop
  endfacet
  facet normal 0 1 0
    outer loop
      vertex 164.5 222 61.7
      vertex 159.7099871069342 222 58.191587988619254
      vertex 159.75 222 58.7
    endloop
  endfacet
  facet normal 0.923879532511285 0 -0.38268343236509383
    outer loop
      vertex 153.40906632204076 220 59.70430523171858
      vertex 153.40906632204076 222 59.70430523171858
      vertex 153.60422879638782 220 60.17546912415353
    endloop
  endfacet
  facet normal 0.923879532511285 0 -0.38268343236509383
    outer loop
      vertex 153.60422879638782 220 60.17546912415353
      vertex 153.40906632204076 222 59.70430523171858
      vertex 153.60422879638782 222 60.17546912415353
    endloop
  endfacet
  facet normal 0.8526401643540993 0 -0.5224985647159371
    outer loop
      vertex 153.60422879638782 220 60.17546912415353
      vertex 153.60422879638782 222 60.17546912415353
      vertex 153.87069476828142 220 60.61030206995054
    endloop
  endfacet
  facet normal 0.8526401643540993 0 -0.5224985647159371
    outer loop
      vertex 153.87069476828142 220 60.61030206995054
      vertex 153.60422879638782 222 60.17546912415353
      vertex 153.87069476828142 222 60.61030206995054
    endloop
  endfacet
  facet normal 0.7604059656000286 0 -0.6494480483301865
    outer loop
      vertex 155.1246711095626 216 59.699234928897205
      vertex 155.1246711095626 220 59.699234928897205
      vertex 155.29791847198288 216 59.902081528017135
    endloop
  endfacet
  facet normal 0.7604059656000286 0 -0.6494480483301865
    outer loop
      vertex 155.29791847198288 216 59.902081528017135
      vertex 155.1246711095626 220 59.699234928897205
      vertex 155.29791847198288 220 59.902081528017135
    endloop
  endfacet
  facet normal -0.7604059656000286 -2.822538377295456e-18 -0.6494480483301865
    outer loop
      vertex 157.8753288904374 216 59.699234928897205
      vertex 157.70208152801712 216 59.902081528017135
      vertex 157.70208152801712 220 59.902081528017135
    endloop
  endfacet
  facet normal -0.7604059656000286 0 -0.6494480483301865
    outer loop
      vertex 157.8753288904374 216 59.699234928897205
      vertex 157.70208152801712 220 59.902081528017135
      vertex 157.8753288904374 220 59.699234928897205
    endloop
  endfacet
  facet normal 0.6494480483302106 0 -0.7604059656000081
    outer loop
      vertex 155.29791847198288 216 59.902081528017135
      vertex 155.29791847198288 220 59.902081528017135
      vertex 155.5007650711028 216 60.07532889043741
    endloop
  endfacet
  facet normal 0.5224985647159618 0 -0.8526401643540844
    outer loop
      vertex 155.5007650711028 216 60.07532889043741
      vertex 155.5007650711028 220 60.07532889043741
      vertex 155.72821615044276 216 60.21471109112023
    endloop
  endfacet
  facet normal 0.6494480483302106 0 -0.7604059656000081
    outer loop
      vertex 155.5007650711028 216 60.07532889043741
      vertex 155.29791847198288 220 59.902081528017135
      vertex 155.5007650711028 220 60.07532889043741
    endloop
  endfacet
  facet normal 0.5224985647159618 0 -0.8526401643540844
    outer loop
      vertex 155.72821615044276 216 60.21471109112023
      vertex 155.5007650711028 220 60.07532889043741
      vertex 155.72821615044276 220 60.21471109112023
    endloop
  endfacet
  facet normal -0.6494480483302106 3.230470982948952e-18 -0.7604059656000081
    outer loop
      vertex 157.70208152801712 216 59.902081528017135
      vertex 157.4992349288972 216 60.07532889043741
      vertex 157.4992349288972 220 60.07532889043741
    endloop
  endfacet
  facet normal -0.5224985647159618 -2.3261890989637572e-18 -0.8526401643540844
    outer loop
      vertex 157.4992349288972 216 60.07532889043741
      vertex 157.27178384955724 216 60.21471109112023
      vertex 157.27178384955724 220 60.21471109112023
    endloop
  endfacet
  facet normal -0.6494480483302106 0 -0.7604059656000081
    outer loop
      vertex 157.70208152801712 216 59.902081528017135
      vertex 157.4992349288972 220 60.07532889043741
      vertex 157.70208152801712 220 59.902081528017135
    endloop
  endfacet
  facet normal -0.5224985647159618 0 -0.8526401643540844
    outer loop
      vertex 157.4992349288972 216 60.07532889043741
      vertex 157.27178384955724 220 60.21471109112023
      vertex 157.4992349288972 220 60.07532889043741
    endloop
  endfacet
  facet normal 0.3826834323650812 0 -0.9238795325112903
    outer loop
      vertex 155.72821615044276 216 60.21471109112023
      vertex 155.72821615044276 220 60.21471109112023
      vertex 155.9746711095626 216 60.31679607770177
    endloop
  endfacet
  facet normal 0.23344536385588993 0 -0.9723699203976803
    outer loop
      vertex 155.9746711095626 216 60.31679607770177
      vertex 155.9746711095626 220 60.31679607770177
      vertex 156.2340614094316 216 60.379070179011734
    endloop
  endfacet
  facet normal 0.0784590957278659 0 -0.9969173337331263
    outer loop
      vertex 156.2340614094316 216 60.379070179011734
      vertex 156.2340614094316 220 60.379070179011734
      vertex 156.5 216 60.400000000000006
    endloop
  endfacet
  facet normal -0.0784590957278659 0 -0.9969173337331263
    outer loop
      vertex 156.5 216 60.400000000000006
      vertex 156.5 220 60.400000000000006
      vertex 156.7659385905684 216 60.379070179011734
    endloop
  endfacet
  facet normal 0.3826834323650812 0 -0.9238795325112903
    outer loop
      vertex 155.9746711095626 216 60.31679607770177
      vertex 155.72821615044276 220 60.21471109112023
      vertex 155.9746711095626 220 60.31679607770177
    endloop
  endfacet
  facet normal 0.23344536385588993 0 -0.9723699203976803
    outer loop
      vertex 156.2340614094316 216 60.379070179011734
      vertex 155.9746711095626 220 60.31679607770177
      vertex 156.2340614094316 220 60.379070179011734
    endloop
  endfacet
  facet normal -0.0784590957278659 0 -0.9969173337331263
    outer loop
      vertex 156.7659385905684 216 60.379070179011734
      vertex 156.5 220 60.400000000000006
      vertex 156.7659385905684 220 60.379070179011734
    endloop
  endfacet
  facet normal 0.0784590957278659 0 -0.9969173337331263
    outer loop
      vertex 156.5 216 60.400000000000006
      vertex 156.2340614094316 220 60.379070179011734
      vertex 156.5 220 60.400000000000006
    endloop
  endfacet
  facet normal -0.3826834323650812 -1.4355192704347613e-18 -0.9238795325112903
    outer loop
      vertex 157.27178384955724 216 60.21471109112023
      vertex 157.0253288904374 216 60.31679607770177
      vertex 157.0253288904374 220 60.31679607770177
    endloop
  endfacet
  facet normal -0.23344536385588993 4.2609032111431785e-19 -0.9723699203976803
    outer loop
      vertex 157.0253288904374 216 60.31679607770177
      vertex 156.7659385905684 216 60.379070179011734
      vertex 156.7659385905684 220 60.379070179011734
    endloop
  endfacet
  facet normal -0.3826834323650812 0 -0.9238795325112903
    outer loop
      vertex 157.27178384955724 216 60.21471109112023
      vertex 157.0253288904374 220 60.31679607770177
      vertex 157.27178384955724 220 60.21471109112023
    endloop
  endfacet
  facet normal -0.23344536385588993 0 -0.9723699203976803
    outer loop
      vertex 157.0253288904374 216 60.31679607770177
      vertex 156.7659385905684 220 60.379070179011734
      vertex 157.0253288904374 220 60.31679607770177
    endloop
  endfacet
  facet normal 0 1 0
    outer loop
      vertex 154.82092982098825 220 58.96593859056839
      vertex 154.58969793004945 220 61.32930523171858
      vertex 154.88320392229824 220 59.22532889043741
    endloop
  endfacet
  facet normal 0 1 0
    outer loop
      vertex 158.2 220 58.7
      vertex 158.17907017901175 220 58.96593859056839
      vertex 157.97546912415353 220 61.5957712036122
    endloop
  endfacet
  facet normal 0 1 0
    outer loop
      vertex 158.17907017901175 220 58.96593859056839
      vertex 158.11679607770176 220 59.22532889043741
      vertex 157.97546912415353 220 61.5957712036122
    endloop
  endfacet
  facet normal 0 1 0
    outer loop
      vertex 154.88320392229824 220 59.22532889043741
      vertex 154.58969793004945 220 61.32930523171858
      vertex 154.98528890887977 220 59.471783849557234
    endloop
  endfacet
  facet normal 0 1 0
    outer loop
      vertex 158.11679607770176 220 59.22532889043741
      vertex 158.01471109112023 220 59.471783849557234
      vertex 157.97546912415353 220 61.5957712036122
    endloop
  endfacet
  facet normal -0.923879532511285 0 -0.38268343236509383
    outer loop
      vertex 159.59093367795924 220 59.70430523171858
      vertex 159.39577120361218 222 60.17546912415353
      vertex 159.59093367795924 222 59.70430523171858
    endloop
  endfacet
  facet normal 0 1 0
    outer loop
      vertex 164.5 222 61.7
      vertex 159.75 222 58.7
      vertex 159.7099871069342 222 59.20841201138075
    endloop
  endfacet
  facet normal -0.923879532511285 -3.717687598757265e-18 -0.38268343236509383
    outer loop
      vertex 159.59093367795924 220 59.70430523171858
      vertex 159.39577120361218 220 60.17546912415353
      vertex 159.39577120361218 222 60.17546912415353
    endloop
  endfacet
  facet normal 0 1 0
    outer loop
      vertex 154.98528890887977 220 59.471783849557234
      vertex 155.02453087584647 220 61.5957712036122
      vertex 155.1246711095626 220 59.699234928897205
    endloop
  endfacet
  facet normal 0 1 0
    outer loop
      vertex 155.1246711095626 220 59.699234928897205
      vertex 155.02453087584647 220 61.5957712036122
      vertex 155.29791847198288 220 59.902081528017135
    endloop
  endfacet
  facet normal 0 1 0
    outer loop
      vertex 158.01471109112023 220 59.471783849557234
      vertex 157.8753288904374 220 59.699234928897205
      vertex 157.97546912415353 220 61.5957712036122
    endloop
  endfacet
  facet normal 0 1 0
    outer loop
      vertex 157.8753288904374 220 59.699234928897205
      vertex 157.70208152801712 220 59.902081528017135
      vertex 157.97546912415353 220 61.5957712036122
    endloop
  endfacet
  facet normal 0 1 0
    outer loop
      vertex 155.29791847198288 220 59.902081528017135
      vertex 155.27616144967573 220 61.7
      vertex 155.5007650711028 220 60.07532889043741
    endloop
  endfacet
  facet normal 0 1 0
    outer loop
      vertex 155.5007650711028 220 60.07532889043741
      vertex 155.27616144967573 220 61.7
      vertex 155.72821615044276 220 60.21471109112023
    endloop
  endfacet
  facet normal 0 1 0
    outer loop
      vertex 157.4992349288972 220 60.07532889043741
      vertex 157.27178384955724 220 60.21471109112023
      vertex 155.27616144967573 220 61.7
    endloop
  endfacet
  facet normal 0 1 0
    outer loop
      vertex 157.70208152801712 220 59.902081528017135
      vertex 157.4992349288972 220 60.07532889043741
      vertex 157.97546912415353 220 61.5957712036122
    endloop
  endfacet
  facet normal -0.8526401643540993 0 -0.5224985647159371
    outer loop
      vertex 159.39577120361218 220 60.17546912415353
      vertex 159.12930523171858 222 60.61030206995054
      vertex 159.39577120361218 222 60.17546912415353
    endloop
  endfacet
  facet normal -0.8526401643540993 -3.690910589410246e-18 -0.5224985647159371
    outer loop
      vertex 159.39577120361218 220 60.17546912415353
      vertex 159.12930523171858 220 60.61030206995054
      vertex 159.12930523171858 222 60.61030206995054
    endloop
  endfacet
  facet normal 0 1 0
    outer loop
      vertex 164.5 222 61.7
      vertex 159.7099871069342 222 59.20841201138075
      vertex 159.59093367795924 222 59.70430523171858
    endloop
  endfacet
  facet normal 0 1 0
    outer loop
      vertex 164.5 222 61.7
      vertex 159.59093367795924 222 59.70430523171858
      vertex 159.39577120361218 222 60.17546912415353
    endloop
  endfacet
  facet normal 0.7604059656000214 0 -0.649448048330195
    outer loop
      vertex 153.87069476828142 220 60.61030206995054
      vertex 153.87069476828142 222 60.61030206995054
      vertex 154.20190296114373 220 60.99809703885628
    endloop
  endfacet
  facet normal 0.7604059656000214 0 -0.649448048330195
    outer loop
      vertex 154.20190296114373 220 60.99809703885628
      vertex 153.87069476828142 222 60.61030206995054
      vertex 154.20190296114373 222 60.99809703885628
    endloop
  endfacet
  facet normal 0 1 0
    outer loop
      vertex 154.98528890887977 220 59.471783849557234
      vertex 154.58969793004945 220 61.32930523171858
      vertex 155.02453087584647 220 61.5957712036122
    endloop
  endfacet
  facet normal 0 1 0
    outer loop
      vertex 155.72821615044276 220 60.21471109112023
      vertex 155.27616144967573 220 61.7
      vertex 155.9746711095626 220 60.31679607770177
    endloop
  endfacet
  facet normal 0 1 0
    outer loop
      vertex 157.27178384955724 220 60.21471109112023
      vertex 157.0253288904374 220 60.31679607770177
      vertex 155.27616144967573 220 61.7
    endloop
  endfacet
  facet normal 0 1 0
    outer loop
      vertex 155.9746711095626 220 60.31679607770177
      vertex 155.27616144967573 220 61.7
      vertex 156.2340614094316 220 60.379070179011734
    endloop
  endfacet
  facet normal 0 1 0
    outer loop
      vertex 157.0253288904374 220 60.31679607770177
      vertex 156.7659385905684 220 60.379070179011734
      vertex 155.27616144967573 220 61.7
    endloop
  endfacet
  facet normal 0 1 0
    outer loop
      vertex 156.2340614094316 220 60.379070179011734
      vertex 155.27616144967573 220 61.7
      vertex 156.5 220 60.400000000000006
    endloop
  endfacet
  facet normal 0 1 0
    outer loop
      vertex 156.5 220 60.400000000000006
      vertex 155.27616144967573 220 61.7
      vertex 156.7659385905684 220 60.379070179011734
    endloop
  endfacet
  facet normal 0 1 0
    outer loop
      vertex 155.29791847198288 220 59.902081528017135
      vertex 155.02453087584647 220 61.5957712036122
      vertex 155.27616144967573 220 61.7
    endloop
  endfacet
  facet normal 0 1 0
    outer loop
      vertex 157.4992349288972 220 60.07532889043741
      vertex 155.27616144967573 220 61.7
      vertex 157.97546912415353 220 61.5957712036122
    endloop
  endfacet
  facet normal -0.7604059656000214 -1.0966703380161241e-17 -0.649448048330195
    outer loop
      vertex 159.12930523171858 220 60.61030206995054
      vertex 158.79809703885627 220 60.99809703885628
      vertex 158.79809703885627 222 60.99809703885628
    endloop
  endfacet
  facet normal -0.7604059656000214 0 -0.649448048330195
    outer loop
      vertex 159.12930523171858 220 60.61030206995054
      vertex 158.79809703885627 222 60.99809703885628
      vertex 159.12930523171858 222 60.61030206995054
    endloop
  endfacet
  facet normal 0.6494480483302005 0 -0.7604059656000164
    outer loop
      vertex 154.20190296114373 220 60.99809703885628
      vertex 154.20190296114373 222 60.99809703885628
      vertex 154.58969793004945 220 61.32930523171858
    endloop
  endfacet
  facet normal -0.6494480483302005 0 -0.7604059656000164
    outer loop
      vertex 158.79809703885627 220 60.99809703885628
      vertex 158.41030206995055 222 61.32930523171858
      vertex 158.79809703885627 222 60.99809703885628
    endloop
  endfacet
  facet normal 0 1 0
    outer loop
      vertex 164.5 222 61.7
      vertex 159.39577120361218 222 60.17546912415353
      vertex 159.12930523171858 222 60.61030206995054
    endloop
  endfacet
  facet normal 0 1 0
    outer loop
      vertex 164.5 222 61.7
      vertex 159.12930523171858 222 60.61030206995054
      vertex 158.79809703885627 222 60.99809703885628
    endloop
  endfacet
  facet normal 0 1 0
    outer loop
      vertex 157.97546912415353 220 61.5957712036122
      vertex 155.27616144967573 220 61.7
      vertex 157.72383855032427 220 61.7
    endloop
  endfacet
  facet normal 0.5224985647159573 0 -0.8526401643540868
    outer loop
      vertex 154.58969793004945 220 61.32930523171858
      vertex 154.58969793004945 222 61.32930523171858
      vertex 155.02453087584647 220 61.5957712036122
    endloop
  endfacet
  facet normal 0.6494480483302005 0 -0.7604059656000164
    outer loop
      vertex 154.58969793004945 220 61.32930523171858
      vertex 154.20190296114373 222 60.99809703885628
      vertex 154.58969793004945 222 61.32930523171858
    endloop
  endfacet
  facet normal -0.6494480483302005 1.2275417728761338e-17 -0.7604059656000164
    outer loop
      vertex 158.79809703885627 220 60.99809703885628
      vertex 158.41030206995055 220 61.32930523171858
      vertex 158.41030206995055 222 61.32930523171858
    endloop
  endfacet
  facet normal -0.5224985647159573 0 -0.8526401643540868
    outer loop
      vertex 158.41030206995055 220 61.32930523171858
      vertex 157.97546912415353 222 61.5957712036122
      vertex 158.41030206995055 222 61.32930523171858
    endloop
  endfacet
  facet normal 0.3826834323650807 0 -0.9238795325112906
    outer loop
      vertex 155.02453087584647 220 61.5957712036122
      vertex 155.02453087584647 222 61.5957712036122
      vertex 155.27616144967573 220 61.7
    endloop
  endfacet
  facet normal 0.5224985647159573 0 -0.8526401643540868
    outer loop
      vertex 155.02453087584647 220 61.5957712036122
      vertex 154.58969793004945 222 61.32930523171858
      vertex 155.02453087584647 222 61.5957712036122
    endloop
  endfacet
  facet normal 0.3826834323650807 0 -0.9238795325112906
    outer loop
      vertex 155.27616144967573 222 61.7
      vertex 155.27616144967573 220 61.7
      vertex 155.02453087584647 222 61.5957712036122
    endloop
  endfacet
  facet normal -0.5224985647159573 6.256011028672778e-18 -0.8526401643540868
    outer loop
      vertex 158.41030206995055 220 61.32930523171858
      vertex 157.97546912415353 220 61.5957712036122
      vertex 157.97546912415353 222 61.5957712036122
    endloop
  endfacet
  facet normal -0.3826834323650807 0 -0.9238795325112906
    outer loop
      vertex 157.97546912415353 220 61.5957712036122
      vertex 157.72383855032427 220 61.7
      vertex 157.97546912415353 222 61.5957712036122
    endloop
  endfacet
  facet normal -0.38268343236504376 -5.438258659254469e-15 -0.9238795325113058
    outer loop
      vertex 157.72383855032425 222 61.7
      vertex 157.97546912415353 222 61.5957712036122
      vertex 157.72383855032427 220 61.7
    endloop
  endfacet
  facet normal 0 1 0
    outer loop
      vertex 164.5 222 61.7
      vertex 158.79809703885627 222 60.99809703885628
      vertex 158.41030206995055 222 61.32930523171858
    endloop
  endfacet
  facet normal 0 1 0
    outer loop
      vertex 164.5 222 61.7
      vertex 158.41030206995055 222 61.32930523171858
      vertex 157.97546912415353 222 61.5957712036122
    endloop
  endfacet
  facet normal 0 0 1
    outer loop
      vertex 164.5 222 61.7
      vertex 157.72383855032425 222 61.7
      vertex 157.72383855032427 220 61.7
    endloop
  endfacet
  facet normal 0 1 0
    outer loop
      vertex 164.5 222 61.7
      vertex 157.97546912415353 222 61.5957712036122
      vertex 157.72383855032425 222 61.7
    endloop
  endfacet
endsolid OpenSCAD_Model
