solid 01_A0
facet normal 0.0 0.0 -1.0
outer loop
vertex 22.928571428571427 0.0 0.0
vertex 0.0 0.0 0.0
vertex 0.0 50.0 0.0
endloop
endfacet
facet normal 0.0 0.0 -1.0
outer loop
vertex 19.50357142857142 50.0 0.0
vertex 22.928571428571427 50.0 0.0
vertex 22.928571428571427 0.0 0.0
endloop
endfacet
facet normal 0.0 0.0 -1.0
outer loop
vertex 0.0 145.0 0.0
vertex 19.50357142857142 145.0 0.0
vertex 19.50357142857142 50.0 0.0
endloop
endfacet
facet normal 0.0 0.0 -1.0
outer loop
vertex 0.0 50.0 0.0
vertex 0.0 145.0 0.0
vertex 19.50357142857142 50.0 0.0
endloop
endfacet
facet normal 0.0 0.0 -1.0
outer loop
vertex 22.928571428571427 0.0 0.0
vertex 0.0 50.0 0.0
vertex 19.50357142857142 50.0 0.0
endloop
endfacet
facet normal -0.0 0.0 1.0
outer loop
vertex 0.0 50.0 20.0
vertex 0.0 0.0 20.0
vertex 22.928571428571427 0.0 20.0
endloop
endfacet
facet normal 0.0 -0.0 1.0
outer loop
vertex 22.928571428571427 0.0 20.0
vertex 22.928571428571427 50.0 20.0
vertex 19.50357142857142 50.0 20.0
endloop
endfacet
facet normal 0.0 -0.0 1.0
outer loop
vertex 19.50357142857142 50.0 20.0
vertex 19.50357142857142 145.0 20.0
vertex 0.0 145.0 20.0
endloop
endfacet
facet normal 0.0 0.0 1.0
outer loop
vertex 19.50357142857142 50.0 20.0
vertex 0.0 145.0 20.0
vertex 0.0 50.0 20.0
endloop
endfacet
facet normal 0.0 0.0 1.0
outer loop
vertex 19.50357142857142 50.0 20.0
vertex 0.0 50.0 20.0
vertex 22.928571428571427 0.0 20.0
endloop
endfacet
facet normal -0.0 -1.0 -0.0
outer loop
vertex 22.928571428571427 0.0 20.0
vertex 0.0 0.0 20.0
vertex 22.928571428571427 0.0 0.0
endloop
endfacet
facet normal -0.0 -1.0 -0.0
outer loop
vertex 22.928571428571427 0.0 0.0
vertex 0.0 0.0 20.0
vertex 0.0 0.0 0.0
endloop
endfacet
facet normal 1.0 0.0 0.0
outer loop
vertex 22.928571428571427 50.0 20.0
vertex 22.928571428571427 0.0 20.0
vertex 22.928571428571427 50.0 0.0
endloop
endfacet
facet normal 1.0 0.0 0.0
outer loop
vertex 22.928571428571427 50.0 0.0
vertex 22.928571428571427 0.0 20.0
vertex 22.928571428571427 0.0 0.0
endloop
endfacet
facet normal -0.0 1.0 0.0
outer loop
vertex 19.50357142857142 50.0 20.0
vertex 22.928571428571427 50.0 20.0
vertex 19.50357142857142 50.0 0.0
endloop
endfacet
facet normal -0.0 1.0 0.0
outer loop
vertex 19.50357142857142 50.0 0.0
vertex 22.928571428571427 50.0 20.0
vertex 22.928571428571427 50.0 0.0
endloop
endfacet
facet normal 1.0 0.0 0.0
outer loop
vertex 19.50357142857142 145.0 20.0
vertex 19.50357142857142 50.0 20.0
vertex 19.50357142857142 145.0 0.0
endloop
endfacet
facet normal 1.0 0.0 0.0
outer loop
vertex 19.50357142857142 145.0 0.0
vertex 19.50357142857142 50.0 20.0
vertex 19.50357142857142 50.0 0.0
endloop
endfacet
facet normal -0.0 1.0 0.0
outer loop
vertex 0.0 145.0 20.0
vertex 19.50357142857142 145.0 20.0
vertex 0.0 145.0 0.0
endloop
endfacet
facet normal -0.0 1.0 0.0
outer loop
vertex 0.0 145.0 0.0
vertex 19.50357142857142 145.0 20.0
vertex 19.50357142857142 145.0 0.0
endloop
endfacet
facet normal -1.0 0.0 -0.0
outer loop
vertex 0.0 0.0 20.0
vertex 0.0 50.0 20.0
vertex 0.0 0.0 0.0
endloop
endfacet
facet normal -1.0 0.0 0.0
outer loop
vertex 0.0 0.0 0.0
vertex 0.0 50.0 20.0
vertex 0.0 50.0 0.0
endloop
endfacet
facet normal -1.0 0.0 -0.0
outer loop
vertex 0.0 50.0 20.0
vertex 0.0 145.0 20.0
vertex 0.0 50.0 0.0
endloop
endfacet
facet normal -1.0 0.0 0.0
outer loop
vertex 0.0 50.0 0.0
vertex 0.0 145.0 20.0
vertex 0.0 145.0 0.0
endloop
endfacet

endsolid 01_A0
solid 02_A#0
facet normal 0.0 0.0 -1.0
outer loop
vertex 20.50357142857142 50.0 0.0
vertex 20.50357142857142 145.0 0.0
vertex 33.20357142857142 145.0 0.0
endloop
endfacet
facet normal 0.0 0.0 -1.0
outer loop
vertex 20.50357142857142 50.0 0.0
vertex 33.20357142857142 145.0 0.0
vertex 33.20357142857142 50.0 0.0
endloop
endfacet
facet normal 0.0 -1.0 0.0
outer loop
vertex 20.50357142857142 50.0 0.0
vertex 33.20357142857142 50.0 0.0
vertex 33.20357142857142 50.0 20.0
endloop
endfacet
facet normal 0.0 -1.0 0.0
outer loop
vertex 20.50357142857142 50.0 0.0
vertex 33.20357142857142 50.0 20.0
vertex 20.50357142857142 50.0 20.0
endloop
endfacet
facet normal 1.0 0.0 0.0
outer loop
vertex 33.20357142857142 50.0 0.0
vertex 33.20357142857142 145.0 0.0
vertex 33.20357142857142 145.0 20.0
endloop
endfacet
facet normal 1.0 0.0 -0.0
outer loop
vertex 33.20357142857142 50.0 0.0
vertex 33.20357142857142 145.0 20.0
vertex 33.20357142857142 50.0 20.0
endloop
endfacet
facet normal 0.0 1.0 -0.0
outer loop
vertex 33.20357142857142 145.0 0.0
vertex 20.50357142857142 145.0 0.0
vertex 20.50357142857142 145.0 20.0
endloop
endfacet
facet normal 0.0 1.0 -0.0
outer loop
vertex 33.20357142857142 145.0 0.0
vertex 20.50357142857142 145.0 20.0
vertex 33.20357142857142 145.0 20.0
endloop
endfacet
facet normal -1.0 0.0 0.0
outer loop
vertex 20.50357142857142 145.0 0.0
vertex 20.50357142857142 50.0 0.0
vertex 20.50357142857142 50.0 20.0
endloop
endfacet
facet normal -1.0 0.0 0.0
outer loop
vertex 20.50357142857142 145.0 0.0
vertex 20.50357142857142 50.0 20.0
vertex 20.50357142857142 145.0 20.0
endloop
endfacet
facet normal 0.0 -0.9823385664224747 0.1871121078899952
outer loop
vertex 20.50357142857142 50.0 20.0
vertex 33.20357142857142 50.0 20.0
vertex 31.953571428571422 52.0 30.5
endloop
endfacet
facet normal 0.0 -0.9823385664224746 0.1871121078899952
outer loop
vertex 20.50357142857142 50.0 20.0
vertex 31.953571428571422 52.0 30.5
vertex 21.75357142857142 52.0 30.5
endloop
endfacet
facet normal 0.9929882741949437 -0.0 0.11821288978511235
outer loop
vertex 33.20357142857142 50.0 20.0
vertex 33.20357142857142 145.0 20.0
vertex 31.953571428571422 145.0 30.5
endloop
endfacet
facet normal 0.9929882741949438 0.0 0.11821288978511237
outer loop
vertex 33.20357142857142 50.0 20.0
vertex 31.953571428571422 145.0 30.5
vertex 31.953571428571422 52.0 30.5
endloop
endfacet
facet normal 0.0 1.0 -0.0
outer loop
vertex 33.20357142857142 145.0 20.0
vertex 20.50357142857142 145.0 20.0
vertex 21.75357142857142 145.0 30.5
endloop
endfacet
facet normal 0.0 1.0 -0.0
outer loop
vertex 33.20357142857142 145.0 20.0
vertex 21.75357142857142 145.0 30.5
vertex 31.953571428571422 145.0 30.5
endloop
endfacet
facet normal -0.9929882741949437 0.0 0.11821288978511235
outer loop
vertex 20.50357142857142 145.0 20.0
vertex 20.50357142857142 50.0 20.0
vertex 21.75357142857142 52.0 30.5
endloop
endfacet
facet normal -0.9929882741949438 0.0 0.11821288978511237
outer loop
vertex 20.50357142857142 145.0 20.0
vertex 21.75357142857142 52.0 30.5
vertex 21.75357142857142 145.0 30.5
endloop
endfacet
facet normal 0.0 0.0 1.0
outer loop
vertex 21.75357142857142 52.0 30.5
vertex 31.953571428571422 52.0 30.5
vertex 31.953571428571422 145.0 30.5
endloop
endfacet
facet normal 0.0 -0.0 1.0
outer loop
vertex 21.75357142857142 52.0 30.5
vertex 31.953571428571422 145.0 30.5
vertex 21.75357142857142 145.0 30.5
endloop
endfacet

endsolid 02_A#0
solid 03_B0
facet normal 0.0 0.0 -1.0
outer loop
vertex 46.357142857142854 0.0 0.0
vertex 23.928571428571427 0.0 0.0
vertex 23.928571428571427 50.0 0.0
endloop
endfacet
facet normal 0.0 0.0 -1.0
outer loop
vertex 46.35714285714285 145.0 0.0
vertex 46.357142857142854 50.0 0.0
vertex 46.357142857142854 0.0 0.0
endloop
endfacet
facet normal 0.0 0.0 -1.0
outer loop
vertex 34.20357142857142 145.0 0.0
vertex 46.35714285714285 145.0 0.0
vertex 46.357142857142854 0.0 0.0
endloop
endfacet
facet normal 0.0 0.0 -1.0
outer loop
vertex 34.20357142857142 50.0 0.0
vertex 34.20357142857142 145.0 0.0
vertex 46.357142857142854 0.0 0.0
endloop
endfacet
facet normal 0.0 0.0 -1.0
outer loop
vertex 23.928571428571427 50.0 0.0
vertex 34.20357142857142 50.0 0.0
vertex 46.357142857142854 0.0 0.0
endloop
endfacet
facet normal -0.0 0.0 1.0
outer loop
vertex 23.928571428571427 50.0 20.0
vertex 23.928571428571427 0.0 20.0
vertex 46.357142857142854 0.0 20.0
endloop
endfacet
facet normal 0.0 -0.0 1.0
outer loop
vertex 46.357142857142854 0.0 20.0
vertex 46.357142857142854 50.0 20.0
vertex 46.35714285714285 145.0 20.0
endloop
endfacet
facet normal 0.0 0.0 1.0
outer loop
vertex 46.357142857142854 0.0 20.0
vertex 46.35714285714285 145.0 20.0
vertex 34.20357142857142 145.0 20.0
endloop
endfacet
facet normal 0.0 0.0 1.0
outer loop
vertex 46.357142857142854 0.0 20.0
vertex 34.20357142857142 145.0 20.0
vertex 34.20357142857142 50.0 20.0
endloop
endfacet
facet normal 0.0 0.0 1.0
outer loop
vertex 46.357142857142854 0.0 20.0
vertex 34.20357142857142 50.0 20.0
vertex 23.928571428571427 50.0 20.0
endloop
endfacet
facet normal -0.0 -0.9999999999999999 -0.0
outer loop
vertex 46.357142857142854 0.0 20.0
vertex 23.928571428571427 0.0 20.0
vertex 46.357142857142854 0.0 0.0
endloop
endfacet
facet normal -0.0 -0.9999999999999999 -0.0
outer loop
vertex 46.357142857142854 0.0 0.0
vertex 23.928571428571427 0.0 20.0
vertex 23.928571428571427 0.0 0.0
endloop
endfacet
facet normal 1.0 0.0 0.0
outer loop
vertex 46.357142857142854 50.0 20.0
vertex 46.357142857142854 0.0 20.0
vertex 46.357142857142854 50.0 0.0
endloop
endfacet
facet normal 1.0 0.0 0.0
outer loop
vertex 46.357142857142854 50.0 0.0
vertex 46.357142857142854 0.0 20.0
vertex 46.357142857142854 0.0 0.0
endloop
endfacet
facet normal 1.0 7.47939721852737e-17 0.0
outer loop
vertex 46.35714285714285 145.0 20.0
vertex 46.357142857142854 50.0 20.0
vertex 46.35714285714285 145.0 0.0
endloop
endfacet
facet normal 1.0 7.47939721852737e-17 0.0
outer loop
vertex 46.35714285714285 145.0 0.0
vertex 46.357142857142854 50.0 20.0
vertex 46.357142857142854 50.0 0.0
endloop
endfacet
facet normal -0.0 1.0 0.0
outer loop
vertex 34.20357142857142 145.0 20.0
vertex 46.35714285714285 145.0 20.0
vertex 34.20357142857142 145.0 0.0
endloop
endfacet
facet normal -0.0 1.0 0.0
outer loop
vertex 34.20357142857142 145.0 0.0
vertex 46.35714285714285 145.0 20.0
vertex 46.35714285714285 145.0 0.0
endloop
endfacet
facet normal -1.0 0.0 -0.0
outer loop
vertex 34.20357142857142 50.0 20.0
vertex 34.20357142857142 145.0 20.0
vertex 34.20357142857142 50.0 0.0
endloop
endfacet
facet normal -1.0 0.0 0.0
outer loop
vertex 34.20357142857142 50.0 0.0
vertex 34.20357142857142 145.0 20.0
vertex 34.20357142857142 145.0 0.0
endloop
endfacet
facet normal -1.0 0.0 -0.0
outer loop
vertex 23.928571428571427 0.0 20.0
vertex 23.928571428571427 50.0 20.0
vertex 23.928571428571427 0.0 0.0
endloop
endfacet
facet normal -1.0 0.0 0.0
outer loop
vertex 23.928571428571427 0.0 0.0
vertex 23.928571428571427 50.0 20.0
vertex 23.928571428571427 50.0 0.0
endloop
endfacet
facet normal -0.0 1.0 0.0
outer loop
vertex 23.928571428571427 50.0 20.0
vertex 34.20357142857142 50.0 20.0
vertex 23.928571428571427 50.0 0.0
endloop
endfacet
facet normal -0.0 1.0 0.0
outer loop
vertex 23.928571428571427 50.0 0.0
vertex 34.20357142857142 50.0 20.0
vertex 34.20357142857142 50.0 0.0
endloop
endfacet

endsolid 03_B0
solid 04_C1
facet normal 0.0 0.0 -1.0
outer loop
vertex 69.78571428571428 0.0 0.0
vertex 47.357142857142854 0.0 0.0
vertex 47.357142857142854 50.0 0.0
endloop
endfacet
facet normal 0.0 0.0 -1.0
outer loop
vertex 60.65238095238095 50.0 0.0
vertex 69.78571428571428 50.0 0.0
vertex 69.78571428571428 0.0 0.0
endloop
endfacet
facet normal 0.0 0.0 -1.0
outer loop
vertex 47.357142857142854 145.0 0.0
vertex 60.65238095238095 145.0 0.0
vertex 60.65238095238095 50.0 0.0
endloop
endfacet
facet normal 0.0 0.0 -1.0
outer loop
vertex 47.357142857142854 50.0 0.0
vertex 47.357142857142854 145.0 0.0
vertex 60.65238095238095 50.0 0.0
endloop
endfacet
facet normal 0.0 0.0 -1.0
outer loop
vertex 69.78571428571428 0.0 0.0
vertex 47.357142857142854 50.0 0.0
vertex 60.65238095238095 50.0 0.0
endloop
endfacet
facet normal -0.0 0.0 1.0
outer loop
vertex 47.357142857142854 50.0 20.0
vertex 47.357142857142854 0.0 20.0
vertex 69.78571428571428 0.0 20.0
endloop
endfacet
facet normal 0.0 -0.0 1.0
outer loop
vertex 69.78571428571428 0.0 20.0
vertex 69.78571428571428 50.0 20.0
vertex 60.65238095238095 50.0 20.0
endloop
endfacet
facet normal 0.0 -0.0 1.0
outer loop
vertex 60.65238095238095 50.0 20.0
vertex 60.65238095238095 145.0 20.0
vertex 47.357142857142854 145.0 20.0
endloop
endfacet
facet normal 0.0 0.0 1.0
outer loop
vertex 60.65238095238095 50.0 20.0
vertex 47.357142857142854 145.0 20.0
vertex 47.357142857142854 50.0 20.0
endloop
endfacet
facet normal 0.0 0.0 1.0
outer loop
vertex 60.65238095238095 50.0 20.0
vertex 47.357142857142854 50.0 20.0
vertex 69.78571428571428 0.0 20.0
endloop
endfacet
facet normal -0.0 -1.0 -0.0
outer loop
vertex 69.78571428571428 0.0 20.0
vertex 47.357142857142854 0.0 20.0
vertex 69.78571428571428 0.0 0.0
endloop
endfacet
facet normal -0.0 -1.0 -0.0
outer loop
vertex 69.78571428571428 0.0 0.0
vertex 47.357142857142854 0.0 20.0
vertex 47.357142857142854 0.0 0.0
endloop
endfacet
facet normal 1.0 0.0 0.0
outer loop
vertex 69.78571428571428 50.0 20.0
vertex 69.78571428571428 0.0 20.0
vertex 69.78571428571428 50.0 0.0
endloop
endfacet
facet normal 1.0 0.0 0.0
outer loop
vertex 69.78571428571428 50.0 0.0
vertex 69.78571428571428 0.0 20.0
vertex 69.78571428571428 0.0 0.0
endloop
endfacet
facet normal -0.0 1.0 0.0
outer loop
vertex 60.65238095238095 50.0 20.0
vertex 69.78571428571428 50.0 20.0
vertex 60.65238095238095 50.0 0.0
endloop
endfacet
facet normal -0.0 1.0 0.0
outer loop
vertex 60.65238095238095 50.0 0.0
vertex 69.78571428571428 50.0 20.0
vertex 69.78571428571428 50.0 0.0
endloop
endfacet
facet normal 1.0 0.0 0.0
outer loop
vertex 60.65238095238095 145.0 20.0
vertex 60.65238095238095 50.0 20.0
vertex 60.65238095238095 145.0 0.0
endloop
endfacet
facet normal 1.0 0.0 0.0
outer loop
vertex 60.65238095238095 145.0 0.0
vertex 60.65238095238095 50.0 20.0
vertex 60.65238095238095 50.0 0.0
endloop
endfacet
facet normal -0.0 1.0 0.0
outer loop
vertex 47.357142857142854 145.0 20.0
vertex 60.65238095238095 145.0 20.0
vertex 47.357142857142854 145.0 0.0
endloop
endfacet
facet normal -0.0 1.0 0.0
outer loop
vertex 47.357142857142854 145.0 0.0
vertex 60.65238095238095 145.0 20.0
vertex 60.65238095238095 145.0 0.0
endloop
endfacet
facet normal -1.0 0.0 -0.0
outer loop
vertex 47.357142857142854 0.0 20.0
vertex 47.357142857142854 50.0 20.0
vertex 47.357142857142854 0.0 0.0
endloop
endfacet
facet normal -1.0 0.0 0.0
outer loop
vertex 47.357142857142854 0.0 0.0
vertex 47.357142857142854 50.0 20.0
vertex 47.357142857142854 50.0 0.0
endloop
endfacet
facet normal -1.0 0.0 -0.0
outer loop
vertex 47.357142857142854 50.0 20.0
vertex 47.357142857142854 145.0 20.0
vertex 47.357142857142854 50.0 0.0
endloop
endfacet
facet normal -1.0 0.0 0.0
outer loop
vertex 47.357142857142854 50.0 0.0
vertex 47.357142857142854 145.0 20.0
vertex 47.357142857142854 145.0 0.0
endloop
endfacet

endsolid 04_C1
solid 05_C#1
facet normal 0.0 0.0 -1.0
outer loop
vertex 61.65238095238095 50.0 0.0
vertex 61.65238095238095 145.0 0.0
vertex 74.35238095238095 145.0 0.0
endloop
endfacet
facet normal 0.0 0.0 -1.0
outer loop
vertex 61.65238095238095 50.0 0.0
vertex 74.35238095238095 145.0 0.0
vertex 74.35238095238095 50.0 0.0
endloop
endfacet
facet normal 0.0 -1.0 0.0
outer loop
vertex 61.65238095238095 50.0 0.0
vertex 74.35238095238095 50.0 0.0
vertex 74.35238095238095 50.0 20.0
endloop
endfacet
facet normal 0.0 -1.0 0.0
outer loop
vertex 61.65238095238095 50.0 0.0
vertex 74.35238095238095 50.0 20.0
vertex 61.65238095238095 50.0 20.0
endloop
endfacet
facet normal 1.0 0.0 0.0
outer loop
vertex 74.35238095238095 50.0 0.0
vertex 74.35238095238095 145.0 0.0
vertex 74.35238095238095 145.0 20.0
endloop
endfacet
facet normal 1.0 0.0 -0.0
outer loop
vertex 74.35238095238095 50.0 0.0
vertex 74.35238095238095 145.0 20.0
vertex 74.35238095238095 50.0 20.0
endloop
endfacet
facet normal 0.0 1.0 -0.0
outer loop
vertex 74.35238095238095 145.0 0.0
vertex 61.65238095238095 145.0 0.0
vertex 61.65238095238095 145.0 20.0
endloop
endfacet
facet normal 0.0 1.0 -0.0
outer loop
vertex 74.35238095238095 145.0 0.0
vertex 61.65238095238095 145.0 20.0
vertex 74.35238095238095 145.0 20.0
endloop
endfacet
facet normal -1.0 0.0 0.0
outer loop
vertex 61.65238095238095 145.0 0.0
vertex 61.65238095238095 50.0 0.0
vertex 61.65238095238095 50.0 20.0
endloop
endfacet
facet normal -1.0 0.0 0.0
outer loop
vertex 61.65238095238095 145.0 0.0
vertex 61.65238095238095 50.0 20.0
vertex 61.65238095238095 145.0 20.0
endloop
endfacet
facet normal 0.0 -0.9823385664224747 0.1871121078899952
outer loop
vertex 61.65238095238095 50.0 20.0
vertex 74.35238095238095 50.0 20.0
vertex 73.10238095238095 52.0 30.5
endloop
endfacet
facet normal 0.0 -0.9823385664224746 0.1871121078899952
outer loop
vertex 61.65238095238095 50.0 20.0
vertex 73.10238095238095 52.0 30.5
vertex 62.90238095238095 52.0 30.5
endloop
endfacet
facet normal 0.9929882741949437 -0.0 0.11821288978511235
outer loop
vertex 74.35238095238095 50.0 20.0
vertex 74.35238095238095 145.0 20.0
vertex 73.10238095238095 145.0 30.5
endloop
endfacet
facet normal 0.9929882741949438 0.0 0.11821288978511237
outer loop
vertex 74.35238095238095 50.0 20.0
vertex 73.10238095238095 145.0 30.5
vertex 73.10238095238095 52.0 30.5
endloop
endfacet
facet normal 0.0 1.0 -0.0
outer loop
vertex 74.35238095238095 145.0 20.0
vertex 61.65238095238095 145.0 20.0
vertex 62.90238095238095 145.0 30.5
endloop
endfacet
facet normal 0.0 1.0 -0.0
outer loop
vertex 74.35238095238095 145.0 20.0
vertex 62.90238095238095 145.0 30.5
vertex 73.10238095238095 145.0 30.5
endloop
endfacet
facet normal -0.9929882741949437 0.0 0.11821288978511235
outer loop
vertex 61.65238095238095 145.0 20.0
vertex 61.65238095238095 50.0 20.0
vertex 62.90238095238095 52.0 30.5
endloop
endfacet
facet normal -0.9929882741949438 0.0 0.11821288978511237
outer loop
vertex 61.65238095238095 145.0 20.0
vertex 62.90238095238095 52.0 30.5
vertex 62.90238095238095 145.0 30.5
endloop
endfacet
facet normal 0.0 0.0 1.0
outer loop
vertex 62.90238095238095 52.0 30.5
vertex 73.10238095238095 52.0 30.5
vertex 73.10238095238095 145.0 30.5
endloop
endfacet
facet normal 0.0 -0.0 1.0
outer loop
vertex 62.90238095238095 52.0 30.5
vertex 73.10238095238095 145.0 30.5
vertex 62.90238095238095 145.0 30.5
endloop
endfacet

endsolid 05_C#1
solid 06_D1
facet normal 0.0 0.0 -1.0
outer loop
vertex 93.21428571428571 0.0 0.0
vertex 70.78571428571428 0.0 0.0
vertex 70.78571428571428 50.0 0.0
endloop
endfacet
facet normal 0.0 0.0 -1.0
outer loop
vertex 88.64761904761905 50.0 0.0
vertex 93.21428571428571 50.0 0.0
vertex 93.21428571428571 0.0 0.0
endloop
endfacet
facet normal 0.0 0.0 -1.0
outer loop
vertex 75.35238095238095 145.0 0.0
vertex 88.64761904761905 145.0 0.0
vertex 88.64761904761905 50.0 0.0
endloop
endfacet
facet normal 0.0 0.0 -1.0
outer loop
vertex 75.35238095238095 50.0 0.0
vertex 75.35238095238095 145.0 0.0
vertex 88.64761904761905 50.0 0.0
endloop
endfacet
facet normal 0.0 0.0 -1.0
outer loop
vertex 93.21428571428571 0.0 0.0
vertex 70.78571428571428 50.0 0.0
vertex 75.35238095238095 50.0 0.0
endloop
endfacet
facet normal -0.0 -0.0 -1.0
outer loop
vertex 88.64761904761905 50.0 0.0
vertex 93.21428571428571 0.0 0.0
vertex 75.35238095238095 50.0 0.0
endloop
endfacet
facet normal -0.0 0.0 1.0
outer loop
vertex 70.78571428571428 50.0 20.0
vertex 70.78571428571428 0.0 20.0
vertex 93.21428571428571 0.0 20.0
endloop
endfacet
facet normal 0.0 -0.0 1.0
outer loop
vertex 93.21428571428571 0.0 20.0
vertex 93.21428571428571 50.0 20.0
vertex 88.64761904761905 50.0 20.0
endloop
endfacet
facet normal 0.0 -0.0 1.0
outer loop
vertex 88.64761904761905 50.0 20.0
vertex 88.64761904761905 145.0 20.0
vertex 75.35238095238095 145.0 20.0
endloop
endfacet
facet normal 0.0 0.0 1.0
outer loop
vertex 88.64761904761905 50.0 20.0
vertex 75.35238095238095 145.0 20.0
vertex 75.35238095238095 50.0 20.0
endloop
endfacet
facet normal 0.0 0.0 1.0
outer loop
vertex 75.35238095238095 50.0 20.0
vertex 70.78571428571428 50.0 20.0
vertex 93.21428571428571 0.0 20.0
endloop
endfacet
facet normal -0.0 -0.0 1.0
outer loop
vertex 75.35238095238095 50.0 20.0
vertex 93.21428571428571 0.0 20.0
vertex 88.64761904761905 50.0 20.0
endloop
endfacet
facet normal -0.0 -1.0 -0.0
outer loop
vertex 93.21428571428571 0.0 20.0
vertex 70.78571428571428 0.0 20.0
vertex 93.21428571428571 0.0 0.0
endloop
endfacet
facet normal -0.0 -1.0 -0.0
outer loop
vertex 93.21428571428571 0.0 0.0
vertex 70.78571428571428 0.0 20.0
vertex 70.78571428571428 0.0 0.0
endloop
endfacet
facet normal 1.0 0.0 0.0
outer loop
vertex 93.21428571428571 50.0 20.0
vertex 93.21428571428571 0.0 20.0
vertex 93.21428571428571 50.0 0.0
endloop
endfacet
facet normal 1.0 0.0 0.0
outer loop
vertex 93.21428571428571 50.0 0.0
vertex 93.21428571428571 0.0 20.0
vertex 93.21428571428571 0.0 0.0
endloop
endfacet
facet normal -0.0 1.0 0.0
outer loop
vertex 88.64761904761905 50.0 20.0
vertex 93.21428571428571 50.0 20.0
vertex 88.64761904761905 50.0 0.0
endloop
endfacet
facet normal -0.0 1.0 0.0
outer loop
vertex 88.64761904761905 50.0 0.0
vertex 93.21428571428571 50.0 20.0
vertex 93.21428571428571 50.0 0.0
endloop
endfacet
facet normal 1.0 0.0 0.0
outer loop
vertex 88.64761904761905 145.0 20.0
vertex 88.64761904761905 50.0 20.0
vertex 88.64761904761905 145.0 0.0
endloop
endfacet
facet normal 1.0 0.0 0.0
outer loop
vertex 88.64761904761905 145.0 0.0
vertex 88.64761904761905 50.0 20.0
vertex 88.64761904761905 50.0 0.0
endloop
endfacet
facet normal -0.0 1.0 0.0
outer loop
vertex 75.35238095238095 145.0 20.0
vertex 88.64761904761905 145.0 20.0
vertex 75.35238095238095 145.0 0.0
endloop
endfacet
facet normal -0.0 1.0 0.0
outer loop
vertex 75.35238095238095 145.0 0.0
vertex 88.64761904761905 145.0 20.0
vertex 88.64761904761905 145.0 0.0
endloop
endfacet
facet normal -1.0 0.0 -0.0
outer loop
vertex 75.35238095238095 50.0 20.0
vertex 75.35238095238095 145.0 20.0
vertex 75.35238095238095 50.0 0.0
endloop
endfacet
facet normal -1.0 0.0 0.0
outer loop
vertex 75.35238095238095 50.0 0.0
vertex 75.35238095238095 145.0 20.0
vertex 75.35238095238095 145.0 0.0
endloop
endfacet
facet normal -1.0 0.0 -0.0
outer loop
vertex 70.78571428571428 0.0 20.0
vertex 70.78571428571428 50.0 20.0
vertex 70.78571428571428 0.0 0.0
endloop
endfacet
facet normal -1.0 0.0 0.0
outer loop
vertex 70.78571428571428 0.0 0.0
vertex 70.78571428571428 50.0 20.0
vertex 70.78571428571428 50.0 0.0
endloop
endfacet
facet normal -0.0 1.0 0.0
outer loop
vertex 70.78571428571428 50.0 20.0
vertex 75.35238095238095 50.0 20.0
vertex 70.78571428571428 50.0 0.0
endloop
endfacet
facet normal -0.0 1.0 0.0
outer loop
vertex 70.78571428571428 50.0 0.0
vertex 75.35238095238095 50.0 20.0
vertex 75.35238095238095 50.0 0.0
endloop
endfacet

endsolid 06_D1
solid 07_D#1
facet normal 0.0 0.0 -1.0
outer loop
vertex 89.64761904761905 50.0 0.0
vertex 89.64761904761905 145.0 0.0
vertex 102.34761904761905 145.0 0.0
endloop
endfacet
facet normal 0.0 0.0 -1.0
outer loop
vertex 89.64761904761905 50.0 0.0
vertex 102.34761904761905 145.0 0.0
vertex 102.34761904761905 50.0 0.0
endloop
endfacet
facet normal 0.0 -1.0 0.0
outer loop
vertex 89.64761904761905 50.0 0.0
vertex 102.34761904761905 50.0 0.0
vertex 102.34761904761905 50.0 20.0
endloop
endfacet
facet normal 0.0 -1.0 0.0
outer loop
vertex 89.64761904761905 50.0 0.0
vertex 102.34761904761905 50.0 20.0
vertex 89.64761904761905 50.0 20.0
endloop
endfacet
facet normal 1.0 0.0 0.0
outer loop
vertex 102.34761904761905 50.0 0.0
vertex 102.34761904761905 145.0 0.0
vertex 102.34761904761905 145.0 20.0
endloop
endfacet
facet normal 1.0 0.0 -0.0
outer loop
vertex 102.34761904761905 50.0 0.0
vertex 102.34761904761905 145.0 20.0
vertex 102.34761904761905 50.0 20.0
endloop
endfacet
facet normal 0.0 1.0 -0.0
outer loop
vertex 102.34761904761905 145.0 0.0
vertex 89.64761904761905 145.0 0.0
vertex 89.64761904761905 145.0 20.0
endloop
endfacet
facet normal 0.0 1.0 -0.0
outer loop
vertex 102.34761904761905 145.0 0.0
vertex 89.64761904761905 145.0 20.0
vertex 102.34761904761905 145.0 20.0
endloop
endfacet
facet normal -1.0 0.0 0.0
outer loop
vertex 89.64761904761905 145.0 0.0
vertex 89.64761904761905 50.0 0.0
vertex 89.64761904761905 50.0 20.0
endloop
endfacet
facet normal -1.0 0.0 0.0
outer loop
vertex 89.64761904761905 145.0 0.0
vertex 89.64761904761905 50.0 20.0
vertex 89.64761904761905 145.0 20.0
endloop
endfacet
facet normal 0.0 -0.9823385664224747 0.1871121078899952
outer loop
vertex 89.64761904761905 50.0 20.0
vertex 102.34761904761905 50.0 20.0
vertex 101.09761904761905 52.0 30.5
endloop
endfacet
facet normal 0.0 -0.9823385664224746 0.1871121078899952
outer loop
vertex 89.64761904761905 50.0 20.0
vertex 101.09761904761905 52.0 30.5
vertex 90.89761904761905 52.0 30.5
endloop
endfacet
facet normal 0.9929882741949437 -0.0 0.11821288978511235
outer loop
vertex 102.34761904761905 50.0 20.0
vertex 102.34761904761905 145.0 20.0
vertex 101.09761904761905 145.0 30.5
endloop
endfacet
facet normal 0.9929882741949438 0.0 0.11821288978511237
outer loop
vertex 102.34761904761905 50.0 20.0
vertex 101.09761904761905 145.0 30.5
vertex 101.09761904761905 52.0 30.5
endloop
endfacet
facet normal 0.0 1.0 -0.0
outer loop
vertex 102.34761904761905 145.0 20.0
vertex 89.64761904761905 145.0 20.0
vertex 90.89761904761905 145.0 30.5
endloop
endfacet
facet normal 0.0 1.0 -0.0
outer loop
vertex 102.34761904761905 145.0 20.0
vertex 90.89761904761905 145.0 30.5
vertex 101.09761904761905 145.0 30.5
endloop
endfacet
facet normal -0.9929882741949437 0.0 0.11821288978511235
outer loop
vertex 89.64761904761905 145.0 20.0
vertex 89.64761904761905 50.0 20.0
vertex 90.89761904761905 52.0 30.5
endloop
endfacet
facet normal -0.9929882741949438 0.0 0.11821288978511237
outer loop
vertex 89.64761904761905 145.0 20.0
vertex 90.89761904761905 52.0 30.5
vertex 90.89761904761905 145.0 30.5
endloop
endfacet
facet normal 0.0 0.0 1.0
outer loop
vertex 90.89761904761905 52.0 30.5
vertex 101.09761904761905 52.0 30.5
vertex 101.09761904761905 145.0 30.5
endloop
endfacet
facet normal 0.0 -0.0 1.0
outer loop
vertex 90.89761904761905 52.0 30.5
vertex 101.09761904761905 145.0 30.5
vertex 90.89761904761905 145.0 30.5
endloop
endfacet

endsolid 07_D#1
solid 08_E1
facet normal 0.0 0.0 -1.0
outer loop
vertex 116.64285714285714 0.0 0.0
vertex 94.21428571428571 0.0 0.0
vertex 94.21428571428571 50.0 0.0
endloop
endfacet
facet normal 0.0 0.0 -1.0
outer loop
vertex 103.34761904761905 145.0 0.0
vertex 116.64285714285714 145.0 0.0
vertex 116.64285714285714 50.0 0.0
endloop
endfacet
facet normal 0.0 0.0 -1.0
outer loop
vertex 103.34761904761905 50.0 0.0
vertex 103.34761904761905 145.0 0.0
vertex 116.64285714285714 50.0 0.0
endloop
endfacet
facet normal 0.0 0.0 -1.0
outer loop
vertex 116.64285714285714 0.0 0.0
vertex 94.21428571428571 50.0 0.0
vertex 103.34761904761905 50.0 0.0
endloop
endfacet
facet normal -0.0 -0.0 -0.9999999999999999
outer loop
vertex 116.64285714285714 50.0 0.0
vertex 116.64285714285714 0.0 0.0
vertex 103.34761904761905 50.0 0.0
endloop
endfacet
facet normal -0.0 0.0 1.0
outer loop
vertex 94.21428571428571 50.0 20.0
vertex 94.21428571428571 0.0 20.0
vertex 116.64285714285714 0.0 20.0
endloop
endfacet
facet normal 0.0 -0.0 1.0
outer loop
vertex 116.64285714285714 50.0 20.0
vertex 116.64285714285714 145.0 20.0
vertex 103.34761904761905 145.0 20.0
endloop
endfacet
facet normal 0.0 0.0 1.0
outer loop
vertex 116.64285714285714 50.0 20.0
vertex 103.34761904761905 145.0 20.0
vertex 103.34761904761905 50.0 20.0
endloop
endfacet
facet normal 0.0 0.0 1.0
outer loop
vertex 103.34761904761905 50.0 20.0
vertex 94.21428571428571 50.0 20.0
vertex 116.64285714285714 0.0 20.0
endloop
endfacet
facet normal -0.0 0.0 0.9999999999999999
outer loop
vertex 103.34761904761905 50.0 20.0
vertex 116.64285714285714 0.0 20.0
vertex 116.64285714285714 50.0 20.0
endloop
endfacet
facet normal -0.0 -1.0 -0.0
outer loop
vertex 116.64285714285714 0.0 20.0
vertex 94.21428571428571 0.0 20.0
vertex 116.64285714285714 0.0 0.0
endloop
endfacet
facet normal -0.0 -1.0 -0.0
outer loop
vertex 116.64285714285714 0.0 0.0
vertex 94.21428571428571 0.0 20.0
vertex 94.21428571428571 0.0 0.0
endloop
endfacet
facet normal 1.0 0.0 0.0
outer loop
vertex 116.64285714285714 50.0 20.0
vertex 116.64285714285714 0.0 20.0
vertex 116.64285714285714 50.0 0.0
endloop
endfacet
facet normal 1.0 0.0 0.0
outer loop
vertex 116.64285714285714 50.0 0.0
vertex 116.64285714285714 0.0 20.0
vertex 116.64285714285714 0.0 0.0
endloop
endfacet
facet normal 1.0 0.0 0.0
outer loop
vertex 116.64285714285714 145.0 20.0
vertex 116.64285714285714 50.0 20.0
vertex 116.64285714285714 145.0 0.0
endloop
endfacet
facet normal 1.0 0.0 0.0
outer loop
vertex 116.64285714285714 145.0 0.0
vertex 116.64285714285714 50.0 20.0
vertex 116.64285714285714 50.0 0.0
endloop
endfacet
facet normal -0.0 1.0 0.0
outer loop
vertex 103.34761904761905 145.0 20.0
vertex 116.64285714285714 145.0 20.0
vertex 103.34761904761905 145.0 0.0
endloop
endfacet
facet normal -0.0 1.0 0.0
outer loop
vertex 103.34761904761905 145.0 0.0
vertex 116.64285714285714 145.0 20.0
vertex 116.64285714285714 145.0 0.0
endloop
endfacet
facet normal -1.0 0.0 -0.0
outer loop
vertex 103.34761904761905 50.0 20.0
vertex 103.34761904761905 145.0 20.0
vertex 103.34761904761905 50.0 0.0
endloop
endfacet
facet normal -1.0 0.0 0.0
outer loop
vertex 103.34761904761905 50.0 0.0
vertex 103.34761904761905 145.0 20.0
vertex 103.34761904761905 145.0 0.0
endloop
endfacet
facet normal -1.0 0.0 -0.0
outer loop
vertex 94.21428571428571 0.0 20.0
vertex 94.21428571428571 50.0 20.0
vertex 94.21428571428571 0.0 0.0
endloop
endfacet
facet normal -1.0 0.0 0.0
outer loop
vertex 94.21428571428571 0.0 0.0
vertex 94.21428571428571 50.0 20.0
vertex 94.21428571428571 50.0 0.0
endloop
endfacet
facet normal -0.0 1.0 0.0
outer loop
vertex 94.21428571428571 50.0 20.0
vertex 103.34761904761905 50.0 20.0
vertex 94.21428571428571 50.0 0.0
endloop
endfacet
facet normal -0.0 1.0 0.0
outer loop
vertex 94.21428571428571 50.0 0.0
vertex 103.34761904761905 50.0 20.0
vertex 103.34761904761905 50.0 0.0
endloop
endfacet

endsolid 08_E1
solid 09_F1
facet normal 0.0 0.0 -1.0
outer loop
vertex 140.07142857142856 0.0 0.0
vertex 117.64285714285714 0.0 0.0
vertex 117.64285714285714 50.0 0.0
endloop
endfacet
facet normal 0.0 0.0 -1.0
outer loop
vertex 129.79642857142858 50.0 0.0
vertex 140.07142857142856 50.0 0.0
vertex 140.07142857142856 0.0 0.0
endloop
endfacet
facet normal 0.0 0.0 -1.0
outer loop
vertex 117.64285714285714 145.0 0.0
vertex 129.79642857142858 145.0 0.0
vertex 129.79642857142858 50.0 0.0
endloop
endfacet
facet normal 0.0 0.0 -1.0
outer loop
vertex 117.64285714285714 50.0 0.0
vertex 117.64285714285714 145.0 0.0
vertex 129.79642857142858 50.0 0.0
endloop
endfacet
facet normal 0.0 0.0 -1.0
outer loop
vertex 140.07142857142856 0.0 0.0
vertex 117.64285714285714 50.0 0.0
vertex 129.79642857142858 50.0 0.0
endloop
endfacet
facet normal -0.0 0.0 1.0
outer loop
vertex 117.64285714285714 50.0 20.0
vertex 117.64285714285714 0.0 20.0
vertex 140.07142857142856 0.0 20.0
endloop
endfacet
facet normal 0.0 -0.0 1.0
outer loop
vertex 140.07142857142856 0.0 20.0
vertex 140.07142857142856 50.0 20.0
vertex 129.79642857142858 50.0 20.0
endloop
endfacet
facet normal 0.0 -0.0 1.0
outer loop
vertex 129.79642857142858 50.0 20.0
vertex 129.79642857142858 145.0 20.0
vertex 117.64285714285714 145.0 20.0
endloop
endfacet
facet normal 0.0 0.0 1.0
outer loop
vertex 129.79642857142858 50.0 20.0
vertex 117.64285714285714 145.0 20.0
vertex 117.64285714285714 50.0 20.0
endloop
endfacet
facet normal 0.0 0.0 1.0
outer loop
vertex 129.79642857142858 50.0 20.0
vertex 117.64285714285714 50.0 20.0
vertex 140.07142857142856 0.0 20.0
endloop
endfacet
facet normal -0.0 -1.0 -0.0
outer loop
vertex 140.07142857142856 0.0 20.0
vertex 117.64285714285714 0.0 20.0
vertex 140.07142857142856 0.0 0.0
endloop
endfacet
facet normal -0.0 -1.0 -0.0
outer loop
vertex 140.07142857142856 0.0 0.0
vertex 117.64285714285714 0.0 20.0
vertex 117.64285714285714 0.0 0.0
endloop
endfacet
facet normal 1.0 0.0 0.0
outer loop
vertex 140.07142857142856 50.0 20.0
vertex 140.07142857142856 0.0 20.0
vertex 140.07142857142856 50.0 0.0
endloop
endfacet
facet normal 1.0 0.0 0.0
outer loop
vertex 140.07142857142856 50.0 0.0
vertex 140.07142857142856 0.0 20.0
vertex 140.07142857142856 0.0 0.0
endloop
endfacet
facet normal -0.0 1.0 0.0
outer loop
vertex 129.79642857142858 50.0 20.0
vertex 140.07142857142856 50.0 20.0
vertex 129.79642857142858 50.0 0.0
endloop
endfacet
facet normal -0.0 1.0 0.0
outer loop
vertex 129.79642857142858 50.0 0.0
vertex 140.07142857142856 50.0 20.0
vertex 140.07142857142856 50.0 0.0
endloop
endfacet
facet normal 1.0 0.0 0.0
outer loop
vertex 129.79642857142858 145.0 20.0
vertex 129.79642857142858 50.0 20.0
vertex 129.79642857142858 145.0 0.0
endloop
endfacet
facet normal 1.0 0.0 0.0
outer loop
vertex 129.79642857142858 145.0 0.0
vertex 129.79642857142858 50.0 20.0
vertex 129.79642857142858 50.0 0.0
endloop
endfacet
facet normal -0.0 0.9999999999999999 0.0
outer loop
vertex 117.64285714285714 145.0 20.0
vertex 129.79642857142858 145.0 20.0
vertex 117.64285714285714 145.0 0.0
endloop
endfacet
facet normal -0.0 0.9999999999999999 0.0
outer loop
vertex 117.64285714285714 145.0 0.0
vertex 129.79642857142858 145.0 20.0
vertex 129.79642857142858 145.0 0.0
endloop
endfacet
facet normal -1.0 0.0 -0.0
outer loop
vertex 117.64285714285714 0.0 20.0
vertex 117.64285714285714 50.0 20.0
vertex 117.64285714285714 0.0 0.0
endloop
endfacet
facet normal -1.0 0.0 0.0
outer loop
vertex 117.64285714285714 0.0 0.0
vertex 117.64285714285714 50.0 20.0
vertex 117.64285714285714 50.0 0.0
endloop
endfacet
facet normal -1.0 0.0 -0.0
outer loop
vertex 117.64285714285714 50.0 20.0
vertex 117.64285714285714 145.0 20.0
vertex 117.64285714285714 50.0 0.0
endloop
endfacet
facet normal -1.0 0.0 0.0
outer loop
vertex 117.64285714285714 50.0 0.0
vertex 117.64285714285714 145.0 20.0
vertex 117.64285714285714 145.0 0.0
endloop
endfacet

endsolid 09_F1
solid 10_F#1
facet normal 0.0 0.0 -1.0
outer loop
vertex 130.79642857142858 50.0 0.0
vertex 130.79642857142858 145.0 0.0
vertex 143.49642857142857 145.0 0.0
endloop
endfacet
facet normal 0.0 0.0 -1.0
outer loop
vertex 130.79642857142858 50.0 0.0
vertex 143.49642857142857 145.0 0.0
vertex 143.49642857142857 50.0 0.0
endloop
endfacet
facet normal 0.0 -1.0 0.0
outer loop
vertex 130.79642857142858 50.0 0.0
vertex 143.49642857142857 50.0 0.0
vertex 143.49642857142857 50.0 20.0
endloop
endfacet
facet normal 0.0 -1.0 0.0
outer loop
vertex 130.79642857142858 50.0 0.0
vertex 143.49642857142857 50.0 20.0
vertex 130.79642857142858 50.0 20.0
endloop
endfacet
facet normal 1.0 0.0 0.0
outer loop
vertex 143.49642857142857 50.0 0.0
vertex 143.49642857142857 145.0 0.0
vertex 143.49642857142857 145.0 20.0
endloop
endfacet
facet normal 1.0 0.0 -0.0
outer loop
vertex 143.49642857142857 50.0 0.0
vertex 143.49642857142857 145.0 20.0
vertex 143.49642857142857 50.0 20.0
endloop
endfacet
facet normal 0.0 1.0 -0.0
outer loop
vertex 143.49642857142857 145.0 0.0
vertex 130.79642857142858 145.0 0.0
vertex 130.79642857142858 145.0 20.0
endloop
endfacet
facet normal 0.0 1.0 -0.0
outer loop
vertex 143.49642857142857 145.0 0.0
vertex 130.79642857142858 145.0 20.0
vertex 143.49642857142857 145.0 20.0
endloop
endfacet
facet normal -1.0 0.0 0.0
outer loop
vertex 130.79642857142858 145.0 0.0
vertex 130.79642857142858 50.0 0.0
vertex 130.79642857142858 50.0 20.0
endloop
endfacet
facet normal -1.0 0.0 0.0
outer loop
vertex 130.79642857142858 145.0 0.0
vertex 130.79642857142858 50.0 20.0
vertex 130.79642857142858 145.0 20.0
endloop
endfacet
facet normal 0.0 -0.9823385664224746 0.1871121078899952
outer loop
vertex 130.79642857142858 50.0 20.0
vertex 143.49642857142857 50.0 20.0
vertex 142.24642857142857 52.0 30.5
endloop
endfacet
facet normal 0.0 -0.9823385664224746 0.18711210788999516
outer loop
vertex 130.79642857142858 50.0 20.0
vertex 142.24642857142857 52.0 30.5
vertex 132.04642857142858 52.0 30.5
endloop
endfacet
facet normal 0.9929882741949437 -0.0 0.11821288978511235
outer loop
vertex 143.49642857142857 50.0 20.0
vertex 143.49642857142857 145.0 20.0
vertex 142.24642857142857 145.0 30.5
endloop
endfacet
facet normal 0.9929882741949438 0.0 0.11821288978511237
outer loop
vertex 143.49642857142857 50.0 20.0
vertex 142.24642857142857 145.0 30.5
vertex 142.24642857142857 52.0 30.5
endloop
endfacet
facet normal 0.0 1.0 -0.0
outer loop
vertex 143.49642857142857 145.0 20.0
vertex 130.79642857142858 145.0 20.0
vertex 132.04642857142858 145.0 30.5
endloop
endfacet
facet normal 0.0 1.0 -0.0
outer loop
vertex 143.49642857142857 145.0 20.0
vertex 132.04642857142858 145.0 30.5
vertex 142.24642857142857 145.0 30.5
endloop
endfacet
facet normal -0.9929882741949437 0.0 0.11821288978511235
outer loop
vertex 130.79642857142858 145.0 20.0
vertex 130.79642857142858 50.0 20.0
vertex 132.04642857142858 52.0 30.5
endloop
endfacet
facet normal -0.9929882741949438 0.0 0.11821288978511237
outer loop
vertex 130.79642857142858 145.0 20.0
vertex 132.04642857142858 52.0 30.5
vertex 132.04642857142858 145.0 30.5
endloop
endfacet
facet normal 0.0 0.0 0.9999999999999999
outer loop
vertex 132.04642857142858 52.0 30.5
vertex 142.24642857142857 52.0 30.5
vertex 142.24642857142857 145.0 30.5
endloop
endfacet
facet normal 0.0 -0.0 0.9999999999999999
outer loop
vertex 132.04642857142858 52.0 30.5
vertex 142.24642857142857 145.0 30.5
vertex 132.04642857142858 145.0 30.5
endloop
endfacet

endsolid 10_F#1
solid 11_G1
facet normal 0.0 0.0 -1.0
outer loop
vertex 163.49999999999997 0.0 0.0
vertex 141.07142857142856 0.0 0.0
vertex 141.07142857142856 50.0 0.0
endloop
endfacet
facet normal 0.0 0.0 -1.0
outer loop
vertex 156.65 50.0 0.0
vertex 163.49999999999997 50.0 0.0
vertex 163.49999999999997 0.0 0.0
endloop
endfacet
facet normal 0.0 0.0 -1.0
outer loop
vertex 144.49642857142857 145.0 0.0
vertex 156.65 145.0 0.0
vertex 156.65 50.0 0.0
endloop
endfacet
facet normal 0.0 0.0 -1.0
outer loop
vertex 144.49642857142857 50.0 0.0
vertex 144.49642857142857 145.0 0.0
vertex 156.65 50.0 0.0
endloop
endfacet
facet normal 0.0 0.0 -1.0
outer loop
vertex 163.49999999999997 0.0 0.0
vertex 141.07142857142856 50.0 0.0
vertex 144.49642857142857 50.0 0.0
endloop
endfacet
facet normal -0.0 -0.0 -0.9999999999999999
outer loop
vertex 156.65 50.0 0.0
vertex 163.49999999999997 0.0 0.0
vertex 144.49642857142857 50.0 0.0
endloop
endfacet
facet normal -0.0 0.0 1.0
outer loop
vertex 141.07142857142856 50.0 20.0
vertex 141.07142857142856 0.0 20.0
vertex 163.49999999999997 0.0 20.0
endloop
endfacet
facet normal 0.0 -0.0 1.0
outer loop
vertex 163.49999999999997 0.0 20.0
vertex 163.49999999999997 50.0 20.0
vertex 156.65 50.0 20.0
endloop
endfacet
facet normal 0.0 -0.0 1.0
outer loop
vertex 156.65 50.0 20.0
vertex 156.65 145.0 20.0
vertex 144.49642857142857 145.0 20.0
endloop
endfacet
facet normal 0.0 0.0 1.0
outer loop
vertex 156.65 50.0 20.0
vertex 144.49642857142857 145.0 20.0
vertex 144.49642857142857 50.0 20.0
endloop
endfacet
facet normal 0.0 0.0 1.0
outer loop
vertex 144.49642857142857 50.0 20.0
vertex 141.07142857142856 50.0 20.0
vertex 163.49999999999997 0.0 20.0
endloop
endfacet
facet normal -0.0 -0.0 0.9999999999999999
outer loop
vertex 144.49642857142857 50.0 20.0
vertex 163.49999999999997 0.0 20.0
vertex 156.65 50.0 20.0
endloop
endfacet
facet normal -0.0 -1.0 -0.0
outer loop
vertex 163.49999999999997 0.0 20.0
vertex 141.07142857142856 0.0 20.0
vertex 163.49999999999997 0.0 0.0
endloop
endfacet
facet normal -0.0 -1.0 -0.0
outer loop
vertex 163.49999999999997 0.0 0.0
vertex 141.07142857142856 0.0 20.0
vertex 141.07142857142856 0.0 0.0
endloop
endfacet
facet normal 1.0 0.0 0.0
outer loop
vertex 163.49999999999997 50.0 20.0
vertex 163.49999999999997 0.0 20.0
vertex 163.49999999999997 50.0 0.0
endloop
endfacet
facet normal 1.0 0.0 0.0
outer loop
vertex 163.49999999999997 50.0 0.0
vertex 163.49999999999997 0.0 20.0
vertex 163.49999999999997 0.0 0.0
endloop
endfacet
facet normal -0.0 1.0 0.0
outer loop
vertex 156.65 50.0 20.0
vertex 163.49999999999997 50.0 20.0
vertex 156.65 50.0 0.0
endloop
endfacet
facet normal -0.0 1.0 0.0
outer loop
vertex 156.65 50.0 0.0
vertex 163.49999999999997 50.0 20.0
vertex 163.49999999999997 50.0 0.0
endloop
endfacet
facet normal 1.0 0.0 0.0
outer loop
vertex 156.65 145.0 20.0
vertex 156.65 50.0 20.0
vertex 156.65 145.0 0.0
endloop
endfacet
facet normal 1.0 0.0 0.0
outer loop
vertex 156.65 145.0 0.0
vertex 156.65 50.0 20.0
vertex 156.65 50.0 0.0
endloop
endfacet
facet normal -0.0 0.9999999999999999 0.0
outer loop
vertex 144.49642857142857 145.0 20.0
vertex 156.65 145.0 20.0
vertex 144.49642857142857 145.0 0.0
endloop
endfacet
facet normal -0.0 0.9999999999999999 0.0
outer loop
vertex 144.49642857142857 145.0 0.0
vertex 156.65 145.0 20.0
vertex 156.65 145.0 0.0
endloop
endfacet
facet normal -1.0 0.0 -0.0
outer loop
vertex 144.49642857142857 50.0 20.0
vertex 144.49642857142857 145.0 20.0
vertex 144.49642857142857 50.0 0.0
endloop
endfacet
facet normal -1.0 0.0 0.0
outer loop
vertex 144.49642857142857 50.0 0.0
vertex 144.49642857142857 145.0 20.0
vertex 144.49642857142857 145.0 0.0
endloop
endfacet
facet normal -1.0 0.0 -0.0
outer loop
vertex 141.07142857142856 0.0 20.0
vertex 141.07142857142856 50.0 20.0
vertex 141.07142857142856 0.0 0.0
endloop
endfacet
facet normal -1.0 0.0 0.0
outer loop
vertex 141.07142857142856 0.0 0.0
vertex 141.07142857142856 50.0 20.0
vertex 141.07142857142856 50.0 0.0
endloop
endfacet
facet normal -0.0 1.0 0.0
outer loop
vertex 141.07142857142856 50.0 20.0
vertex 144.49642857142857 50.0 20.0
vertex 141.07142857142856 50.0 0.0
endloop
endfacet
facet normal -0.0 1.0 0.0
outer loop
vertex 141.07142857142856 50.0 0.0
vertex 144.49642857142857 50.0 20.0
vertex 144.49642857142857 50.0 0.0
endloop
endfacet

endsolid 11_G1
solid 12_G#1
facet normal 0.0 0.0 -1.0
outer loop
vertex 157.65 50.0 0.0
vertex 157.65 145.0 0.0
vertex 170.35 145.0 0.0
endloop
endfacet
facet normal 0.0 0.0 -1.0
outer loop
vertex 157.65 50.0 0.0
vertex 170.35 145.0 0.0
vertex 170.35 50.0 0.0
endloop
endfacet
facet normal 0.0 -1.0 0.0
outer loop
vertex 157.65 50.0 0.0
vertex 170.35 50.0 0.0
vertex 170.35 50.0 20.0
endloop
endfacet
facet normal 0.0 -1.0 0.0
outer loop
vertex 157.65 50.0 0.0
vertex 170.35 50.0 20.0
vertex 157.65 50.0 20.0
endloop
endfacet
facet normal 1.0 0.0 0.0
outer loop
vertex 170.35 50.0 0.0
vertex 170.35 145.0 0.0
vertex 170.35 145.0 20.0
endloop
endfacet
facet normal 1.0 0.0 -0.0
outer loop
vertex 170.35 50.0 0.0
vertex 170.35 145.0 20.0
vertex 170.35 50.0 20.0
endloop
endfacet
facet normal 0.0 1.0 -0.0
outer loop
vertex 170.35 145.0 0.0
vertex 157.65 145.0 0.0
vertex 157.65 145.0 20.0
endloop
endfacet
facet normal 0.0 1.0 -0.0
outer loop
vertex 170.35 145.0 0.0
vertex 157.65 145.0 20.0
vertex 170.35 145.0 20.0
endloop
endfacet
facet normal -1.0 0.0 0.0
outer loop
vertex 157.65 145.0 0.0
vertex 157.65 50.0 0.0
vertex 157.65 50.0 20.0
endloop
endfacet
facet normal -1.0 0.0 0.0
outer loop
vertex 157.65 145.0 0.0
vertex 157.65 50.0 20.0
vertex 157.65 145.0 20.0
endloop
endfacet
facet normal 0.0 -0.9823385664224746 0.1871121078899952
outer loop
vertex 157.65 50.0 20.0
vertex 170.35 50.0 20.0
vertex 169.1 52.0 30.5
endloop
endfacet
facet normal 0.0 -0.9823385664224746 0.18711210788999516
outer loop
vertex 157.65 50.0 20.0
vertex 169.1 52.0 30.5
vertex 158.9 52.0 30.5
endloop
endfacet
facet normal 0.9929882741949437 -0.0 0.11821288978511235
outer loop
vertex 170.35 50.0 20.0
vertex 170.35 145.0 20.0
vertex 169.1 145.0 30.5
endloop
endfacet
facet normal 0.9929882741949438 0.0 0.11821288978511237
outer loop
vertex 170.35 50.0 20.0
vertex 169.1 145.0 30.5
vertex 169.1 52.0 30.5
endloop
endfacet
facet normal 0.0 1.0 -0.0
outer loop
vertex 170.35 145.0 20.0
vertex 157.65 145.0 20.0
vertex 158.9 145.0 30.5
endloop
endfacet
facet normal 0.0 1.0 -0.0
outer loop
vertex 170.35 145.0 20.0
vertex 158.9 145.0 30.5
vertex 169.1 145.0 30.5
endloop
endfacet
facet normal -0.9929882741949437 0.0 0.11821288978511235
outer loop
vertex 157.65 145.0 20.0
vertex 157.65 50.0 20.0
vertex 158.9 52.0 30.5
endloop
endfacet
facet normal -0.9929882741949438 0.0 0.11821288978511237
outer loop
vertex 157.65 145.0 20.0
vertex 158.9 52.0 30.5
vertex 158.9 145.0 30.5
endloop
endfacet
facet normal 0.0 0.0 0.9999999999999999
outer loop
vertex 158.9 52.0 30.5
vertex 169.1 52.0 30.5
vertex 169.1 145.0 30.5
endloop
endfacet
facet normal 0.0 -0.0 0.9999999999999999
outer loop
vertex 158.9 52.0 30.5
vertex 169.1 145.0 30.5
vertex 158.9 145.0 30.5
endloop
endfacet

endsolid 12_G#1
solid 13_A1
facet normal 0.0 0.0 -1.0
outer loop
vertex 186.92857142857142 0.0 0.0
vertex 164.5 0.0 0.0
vertex 164.5 50.0 0.0
endloop
endfacet
facet normal 0.0 0.0 -1.0
outer loop
vertex 183.50357142857143 50.0 0.0
vertex 186.92857142857142 50.0 0.0
vertex 186.92857142857142 0.0 0.0
endloop
endfacet
facet normal 0.0 0.0 -1.0
outer loop
vertex 171.35 145.0 0.0
vertex 183.50357142857143 145.0 0.0
vertex 183.50357142857143 50.0 0.0
endloop
endfacet
facet normal 0.0 0.0 -1.0
outer loop
vertex 171.35 50.0 0.0
vertex 171.35 145.0 0.0
vertex 183.50357142857143 50.0 0.0
endloop
endfacet
facet normal 0.0 0.0 -1.0
outer loop
vertex 186.92857142857142 0.0 0.0
vertex 164.5 50.0 0.0
vertex 171.35 50.0 0.0
endloop
endfacet
facet normal -0.0 -0.0 -1.0
outer loop
vertex 183.50357142857143 50.0 0.0
vertex 186.92857142857142 0.0 0.0
vertex 171.35 50.0 0.0
endloop
endfacet
facet normal -0.0 0.0 1.0
outer loop
vertex 164.5 50.0 20.0
vertex 164.5 0.0 20.0
vertex 186.92857142857142 0.0 20.0
endloop
endfacet
facet normal 0.0 -0.0 1.0
outer loop
vertex 186.92857142857142 0.0 20.0
vertex 186.92857142857142 50.0 20.0
vertex 183.50357142857143 50.0 20.0
endloop
endfacet
facet normal 0.0 -0.0 1.0
outer loop
vertex 183.50357142857143 50.0 20.0
vertex 183.50357142857143 145.0 20.0
vertex 171.35 145.0 20.0
endloop
endfacet
facet normal 0.0 0.0 1.0
outer loop
vertex 183.50357142857143 50.0 20.0
vertex 171.35 145.0 20.0
vertex 171.35 50.0 20.0
endloop
endfacet
facet normal 0.0 0.0 1.0
outer loop
vertex 171.35 50.0 20.0
vertex 164.5 50.0 20.0
vertex 186.92857142857142 0.0 20.0
endloop
endfacet
facet normal -0.0 -0.0 1.0
outer loop
vertex 171.35 50.0 20.0
vertex 186.92857142857142 0.0 20.0
vertex 183.50357142857143 50.0 20.0
endloop
endfacet
facet normal -0.0 -1.0 -0.0
outer loop
vertex 186.92857142857142 0.0 20.0
vertex 164.5 0.0 20.0
vertex 186.92857142857142 0.0 0.0
endloop
endfacet
facet normal -0.0 -1.0 -0.0
outer loop
vertex 186.92857142857142 0.0 0.0
vertex 164.5 0.0 20.0
vertex 164.5 0.0 0.0
endloop
endfacet
facet normal 1.0 0.0 0.0
outer loop
vertex 186.92857142857142 50.0 20.0
vertex 186.92857142857142 0.0 20.0
vertex 186.92857142857142 50.0 0.0
endloop
endfacet
facet normal 1.0 0.0 0.0
outer loop
vertex 186.92857142857142 50.0 0.0
vertex 186.92857142857142 0.0 20.0
vertex 186.92857142857142 0.0 0.0
endloop
endfacet
facet normal -0.0 1.0 0.0
outer loop
vertex 183.50357142857143 50.0 20.0
vertex 186.92857142857142 50.0 20.0
vertex 183.50357142857143 50.0 0.0
endloop
endfacet
facet normal -0.0 1.0 0.0
outer loop
vertex 183.50357142857143 50.0 0.0
vertex 186.92857142857142 50.0 20.0
vertex 186.92857142857142 50.0 0.0
endloop
endfacet
facet normal 1.0 0.0 0.0
outer loop
vertex 183.50357142857143 145.0 20.0
vertex 183.50357142857143 50.0 20.0
vertex 183.50357142857143 145.0 0.0
endloop
endfacet
facet normal 1.0 0.0 0.0
outer loop
vertex 183.50357142857143 145.0 0.0
vertex 183.50357142857143 50.0 20.0
vertex 183.50357142857143 50.0 0.0
endloop
endfacet
facet normal -0.0 0.9999999999999999 0.0
outer loop
vertex 171.35 145.0 20.0
vertex 183.50357142857143 145.0 20.0
vertex 171.35 145.0 0.0
endloop
endfacet
facet normal -0.0 0.9999999999999999 0.0
outer loop
vertex 171.35 145.0 0.0
vertex 183.50357142857143 145.0 20.0
vertex 183.50357142857143 145.0 0.0
endloop
endfacet
facet normal -1.0 0.0 -0.0
outer loop
vertex 171.35 50.0 20.0
vertex 171.35 145.0 20.0
vertex 171.35 50.0 0.0
endloop
endfacet
facet normal -1.0 0.0 0.0
outer loop
vertex 171.35 50.0 0.0
vertex 171.35 145.0 20.0
vertex 171.35 145.0 0.0
endloop
endfacet
facet normal -1.0 0.0 -0.0
outer loop
vertex 164.5 0.0 20.0
vertex 164.5 50.0 20.0
vertex 164.5 0.0 0.0
endloop
endfacet
facet normal -1.0 0.0 0.0
outer loop
vertex 164.5 0.0 0.0
vertex 164.5 50.0 20.0
vertex 164.5 50.0 0.0
endloop
endfacet
facet normal -0.0 1.0 0.0
outer loop
vertex 164.5 50.0 20.0
vertex 171.35 50.0 20.0
vertex 164.5 50.0 0.0
endloop
endfacet
facet normal -0.0 1.0 0.0
outer loop
vertex 164.5 50.0 0.0
vertex 171.35 50.0 20.0
vertex 171.35 50.0 0.0
endloop
endfacet

endsolid 13_A1
solid 14_A#1
facet normal 0.0 0.0 -1.0
outer loop
vertex 184.50357142857143 50.0 0.0
vertex 184.50357142857143 145.0 0.0
vertex 197.20357142857142 145.0 0.0
endloop
endfacet
facet normal 0.0 0.0 -1.0
outer loop
vertex 184.50357142857143 50.0 0.0
vertex 197.20357142857142 145.0 0.0
vertex 197.20357142857142 50.0 0.0
endloop
endfacet
facet normal 0.0 -1.0 0.0
outer loop
vertex 184.50357142857143 50.0 0.0
vertex 197.20357142857142 50.0 0.0
vertex 197.20357142857142 50.0 20.0
endloop
endfacet
facet normal 0.0 -1.0 0.0
outer loop
vertex 184.50357142857143 50.0 0.0
vertex 197.20357142857142 50.0 20.0
vertex 184.50357142857143 50.0 20.0
endloop
endfacet
facet normal 1.0 0.0 0.0
outer loop
vertex 197.20357142857142 50.0 0.0
vertex 197.20357142857142 145.0 0.0
vertex 197.20357142857142 145.0 20.0
endloop
endfacet
facet normal 1.0 0.0 -0.0
outer loop
vertex 197.20357142857142 50.0 0.0
vertex 197.20357142857142 145.0 20.0
vertex 197.20357142857142 50.0 20.0
endloop
endfacet
facet normal 0.0 1.0 -0.0
outer loop
vertex 197.20357142857142 145.0 0.0
vertex 184.50357142857143 145.0 0.0
vertex 184.50357142857143 145.0 20.0
endloop
endfacet
facet normal 0.0 1.0 -0.0
outer loop
vertex 197.20357142857142 145.0 0.0
vertex 184.50357142857143 145.0 20.0
vertex 197.20357142857142 145.0 20.0
endloop
endfacet
facet normal -1.0 0.0 0.0
outer loop
vertex 184.50357142857143 145.0 0.0
vertex 184.50357142857143 50.0 0.0
vertex 184.50357142857143 50.0 20.0
endloop
endfacet
facet normal -1.0 0.0 0.0
outer loop
vertex 184.50357142857143 145.0 0.0
vertex 184.50357142857143 50.0 20.0
vertex 184.50357142857143 145.0 20.0
endloop
endfacet
facet normal 0.0 -0.9823385664224746 0.1871121078899952
outer loop
vertex 184.50357142857143 50.0 20.0
vertex 197.20357142857142 50.0 20.0
vertex 195.95357142857142 52.0 30.5
endloop
endfacet
facet normal 0.0 -0.9823385664224746 0.18711210788999516
outer loop
vertex 184.50357142857143 50.0 20.0
vertex 195.95357142857142 52.0 30.5
vertex 185.75357142857143 52.0 30.5
endloop
endfacet
facet normal 0.9929882741949437 -0.0 0.11821288978511235
outer loop
vertex 197.20357142857142 50.0 20.0
vertex 197.20357142857142 145.0 20.0
vertex 195.95357142857142 145.0 30.5
endloop
endfacet
facet normal 0.9929882741949438 0.0 0.11821288978511237
outer loop
vertex 197.20357142857142 50.0 20.0
vertex 195.95357142857142 145.0 30.5
vertex 195.95357142857142 52.0 30.5
endloop
endfacet
facet normal 0.0 1.0 -0.0
outer loop
vertex 197.20357142857142 145.0 20.0
vertex 184.50357142857143 145.0 20.0
vertex 185.75357142857143 145.0 30.5
endloop
endfacet
facet normal 0.0 1.0 -0.0
outer loop
vertex 197.20357142857142 145.0 20.0
vertex 185.75357142857143 145.0 30.5
vertex 195.95357142857142 145.0 30.5
endloop
endfacet
facet normal -0.9929882741949437 0.0 0.11821288978511235
outer loop
vertex 184.50357142857143 145.0 20.0
vertex 184.50357142857143 50.0 20.0
vertex 185.75357142857143 52.0 30.5
endloop
endfacet
facet normal -0.9929882741949438 0.0 0.11821288978511237
outer loop
vertex 184.50357142857143 145.0 20.0
vertex 185.75357142857143 52.0 30.5
vertex 185.75357142857143 145.0 30.5
endloop
endfacet
facet normal 0.0 0.0 0.9999999999999999
outer loop
vertex 185.75357142857143 52.0 30.5
vertex 195.95357142857142 52.0 30.5
vertex 195.95357142857142 145.0 30.5
endloop
endfacet
facet normal 0.0 -0.0 0.9999999999999999
outer loop
vertex 185.75357142857143 52.0 30.5
vertex 195.95357142857142 145.0 30.5
vertex 185.75357142857143 145.0 30.5
endloop
endfacet

endsolid 14_A#1
solid 15_B1
facet normal 0.0 0.0 -1.0
outer loop
vertex 210.35714285714283 0.0 0.0
vertex 187.92857142857142 0.0 0.0
vertex 187.92857142857142 50.0 0.0
endloop
endfacet
facet normal 0.0 -0.0 -1.0
outer loop
vertex 198.20357142857142 145.0 0.0
vertex 210.35714285714286 145.0 0.0
vertex 210.35714285714283 50.0 0.0
endloop
endfacet
facet normal 0.0 0.0 -1.0
outer loop
vertex 198.20357142857142 50.0 0.0
vertex 198.20357142857142 145.0 0.0
vertex 210.35714285714283 50.0 0.0
endloop
endfacet
facet normal 0.0 0.0 -1.0
outer loop
vertex 210.35714285714283 0.0 0.0
vertex 187.92857142857142 50.0 0.0
vertex 198.20357142857142 50.0 0.0
endloop
endfacet
facet normal -0.0 -0.0 -0.9999999999999999
outer loop
vertex 210.35714285714283 50.0 0.0
vertex 210.35714285714283 0.0 0.0
vertex 198.20357142857142 50.0 0.0
endloop
endfacet
facet normal -0.0 0.0 1.0
outer loop
vertex 187.92857142857142 50.0 20.0
vertex 187.92857142857142 0.0 20.0
vertex 210.35714285714283 0.0 20.0
endloop
endfacet
facet normal 0.0 -0.0 1.0
outer loop
vertex 210.35714285714283 50.0 20.0
vertex 210.35714285714286 145.0 20.0
vertex 198.20357142857142 145.0 20.0
endloop
endfacet
facet normal 0.0 0.0 1.0
outer loop
vertex 210.35714285714283 50.0 20.0
vertex 198.20357142857142 145.0 20.0
vertex 198.20357142857142 50.0 20.0
endloop
endfacet
facet normal 0.0 0.0 1.0
outer loop
vertex 198.20357142857142 50.0 20.0
vertex 187.92857142857142 50.0 20.0
vertex 210.35714285714283 0.0 20.0
endloop
endfacet
facet normal -0.0 0.0 0.9999999999999999
outer loop
vertex 198.20357142857142 50.0 20.0
vertex 210.35714285714283 0.0 20.0
vertex 210.35714285714283 50.0 20.0
endloop
endfacet
facet normal -0.0 -1.0 -0.0
outer loop
vertex 210.35714285714283 0.0 20.0
vertex 187.92857142857142 0.0 20.0
vertex 210.35714285714283 0.0 0.0
endloop
endfacet
facet normal -0.0 -1.0 -0.0
outer loop
vertex 210.35714285714283 0.0 0.0
vertex 187.92857142857142 0.0 20.0
vertex 187.92857142857142 0.0 0.0
endloop
endfacet
facet normal 1.0 0.0 0.0
outer loop
vertex 210.35714285714283 50.0 20.0
vertex 210.35714285714283 0.0 20.0
vertex 210.35714285714283 50.0 0.0
endloop
endfacet
facet normal 1.0 0.0 0.0
outer loop
vertex 210.35714285714283 50.0 0.0
vertex 210.35714285714283 0.0 20.0
vertex 210.35714285714283 0.0 0.0
endloop
endfacet
facet normal 1.0 -2.991758887410948e-16 0.0
outer loop
vertex 210.35714285714286 145.0 20.0
vertex 210.35714285714283 50.0 20.0
vertex 210.35714285714286 145.0 0.0
endloop
endfacet
facet normal 1.0 -2.991758887410948e-16 0.0
outer loop
vertex 210.35714285714286 145.0 0.0
vertex 210.35714285714283 50.0 20.0
vertex 210.35714285714283 50.0 0.0
endloop
endfacet
facet normal -0.0 0.9999999999999999 0.0
outer loop
vertex 198.20357142857142 145.0 20.0
vertex 210.35714285714286 145.0 20.0
vertex 198.20357142857142 145.0 0.0
endloop
endfacet
facet normal -0.0 0.9999999999999999 0.0
outer loop
vertex 198.20357142857142 145.0 0.0
vertex 210.35714285714286 145.0 20.0
vertex 210.35714285714286 145.0 0.0
endloop
endfacet
facet normal -1.0 0.0 -0.0
outer loop
vertex 198.20357142857142 50.0 20.0
vertex 198.20357142857142 145.0 20.0
vertex 198.20357142857142 50.0 0.0
endloop
endfacet
facet normal -1.0 0.0 0.0
outer loop
vertex 198.20357142857142 50.0 0.0
vertex 198.20357142857142 145.0 20.0
vertex 198.20357142857142 145.0 0.0
endloop
endfacet
facet normal -1.0 0.0 -0.0
outer loop
vertex 187.92857142857142 0.0 20.0
vertex 187.92857142857142 50.0 20.0
vertex 187.92857142857142 0.0 0.0
endloop
endfacet
facet normal -1.0 0.0 0.0
outer loop
vertex 187.92857142857142 0.0 0.0
vertex 187.92857142857142 50.0 20.0
vertex 187.92857142857142 50.0 0.0
endloop
endfacet
facet normal -0.0 1.0 0.0
outer loop
vertex 187.92857142857142 50.0 20.0
vertex 198.20357142857142 50.0 20.0
vertex 187.92857142857142 50.0 0.0
endloop
endfacet
facet normal -0.0 1.0 0.0
outer loop
vertex 187.92857142857142 50.0 0.0
vertex 198.20357142857142 50.0 20.0
vertex 198.20357142857142 50.0 0.0
endloop
endfacet

endsolid 15_B1
solid 16_C2
facet normal 0.0 0.0 -1.0
outer loop
vertex 233.78571428571425 0.0 0.0
vertex 211.35714285714283 0.0 0.0
vertex 211.35714285714286 50.0 0.0
endloop
endfacet
facet normal 0.0 0.0 -0.9999999999999999
outer loop
vertex 224.65238095238095 50.0 0.0
vertex 233.78571428571425 50.0 0.0
vertex 233.78571428571425 0.0 0.0
endloop
endfacet
facet normal 0.0 0.0 -1.0
outer loop
vertex 211.35714285714286 145.0 0.0
vertex 224.65238095238095 145.0 0.0
vertex 224.65238095238095 50.0 0.0
endloop
endfacet
facet normal 0.0 0.0 -1.0
outer loop
vertex 211.35714285714286 50.0 0.0
vertex 211.35714285714286 145.0 0.0
vertex 224.65238095238095 50.0 0.0
endloop
endfacet
facet normal 0.0 0.0 -0.9999999999999999
outer loop
vertex 233.78571428571425 0.0 0.0
vertex 211.35714285714286 50.0 0.0
vertex 224.65238095238095 50.0 0.0
endloop
endfacet
facet normal -0.0 0.0 1.0
outer loop
vertex 211.35714285714286 50.0 20.0
vertex 211.35714285714283 0.0 20.0
vertex 233.78571428571425 0.0 20.0
endloop
endfacet
facet normal 0.0 -0.0 0.9999999999999999
outer loop
vertex 233.78571428571425 0.0 20.0
vertex 233.78571428571425 50.0 20.0
vertex 224.65238095238095 50.0 20.0
endloop
endfacet
facet normal 0.0 -0.0 1.0
outer loop
vertex 224.65238095238095 50.0 20.0
vertex 224.65238095238095 145.0 20.0
vertex 211.35714285714286 145.0 20.0
endloop
endfacet
facet normal 0.0 0.0 1.0
outer loop
vertex 224.65238095238095 50.0 20.0
vertex 211.35714285714286 145.0 20.0
vertex 211.35714285714286 50.0 20.0
endloop
endfacet
facet normal 0.0 0.0 0.9999999999999999
outer loop
vertex 224.65238095238095 50.0 20.0
vertex 211.35714285714286 50.0 20.0
vertex 233.78571428571425 0.0 20.0
endloop
endfacet
facet normal -0.0 -1.0 -0.0
outer loop
vertex 233.78571428571425 0.0 20.0
vertex 211.35714285714283 0.0 20.0
vertex 233.78571428571425 0.0 0.0
endloop
endfacet
facet normal -0.0 -1.0 -0.0
outer loop
vertex 233.78571428571425 0.0 0.0
vertex 211.35714285714283 0.0 20.0
vertex 211.35714285714283 0.0 0.0
endloop
endfacet
facet normal 1.0 0.0 0.0
outer loop
vertex 233.78571428571425 50.0 20.0
vertex 233.78571428571425 0.0 20.0
vertex 233.78571428571425 50.0 0.0
endloop
endfacet
facet normal 1.0 0.0 0.0
outer loop
vertex 233.78571428571425 50.0 0.0
vertex 233.78571428571425 0.0 20.0
vertex 233.78571428571425 0.0 0.0
endloop
endfacet
facet normal -0.0 1.0 0.0
outer loop
vertex 224.65238095238095 50.0 20.0
vertex 233.78571428571425 50.0 20.0
vertex 224.65238095238095 50.0 0.0
endloop
endfacet
facet normal -0.0 1.0 0.0
outer loop
vertex 224.65238095238095 50.0 0.0
vertex 233.78571428571425 50.0 20.0
vertex 233.78571428571425 50.0 0.0
endloop
endfacet
facet normal 1.0 0.0 0.0
outer loop
vertex 224.65238095238095 145.0 20.0
vertex 224.65238095238095 50.0 20.0
vertex 224.65238095238095 145.0 0.0
endloop
endfacet
facet normal 1.0 0.0 0.0
outer loop
vertex 224.65238095238095 145.0 0.0
vertex 224.65238095238095 50.0 20.0
vertex 224.65238095238095 50.0 0.0
endloop
endfacet
facet normal -0.0 1.0 0.0
outer loop
vertex 211.35714285714286 145.0 20.0
vertex 224.65238095238095 145.0 20.0
vertex 211.35714285714286 145.0 0.0
endloop
endfacet
facet normal -0.0 1.0 0.0
outer loop
vertex 211.35714285714286 145.0 0.0
vertex 224.65238095238095 145.0 20.0
vertex 224.65238095238095 145.0 0.0
endloop
endfacet
facet normal -1.0 5.684341886080802e-16 0.0
outer loop
vertex 211.35714285714283 0.0 20.0
vertex 211.35714285714286 50.0 20.0
vertex 211.35714285714283 0.0 0.0
endloop
endfacet
facet normal -1.0 5.684341886080802e-16 0.0
outer loop
vertex 211.35714285714283 0.0 0.0
vertex 211.35714285714286 50.0 20.0
vertex 211.35714285714286 50.0 0.0
endloop
endfacet
facet normal -1.0 0.0 -0.0
outer loop
vertex 211.35714285714286 50.0 20.0
vertex 211.35714285714286 145.0 20.0
vertex 211.35714285714286 50.0 0.0
endloop
endfacet
facet normal -1.0 0.0 0.0
outer loop
vertex 211.35714285714286 50.0 0.0
vertex 211.35714285714286 145.0 20.0
vertex 211.35714285714286 145.0 0.0
endloop
endfacet

endsolid 16_C2
solid 17_C#2
facet normal 0.0 0.0 -1.0
outer loop
vertex 225.65238095238095 50.0 0.0
vertex 225.65238095238095 145.0 0.0
vertex 238.35238095238094 145.0 0.0
endloop
endfacet
facet normal 0.0 0.0 -1.0
outer loop
vertex 225.65238095238095 50.0 0.0
vertex 238.35238095238094 145.0 0.0
vertex 238.35238095238094 50.0 0.0
endloop
endfacet
facet normal 0.0 -1.0 0.0
outer loop
vertex 225.65238095238095 50.0 0.0
vertex 238.35238095238094 50.0 0.0
vertex 238.35238095238094 50.0 20.0
endloop
endfacet
facet normal 0.0 -1.0 0.0
outer loop
vertex 225.65238095238095 50.0 0.0
vertex 238.35238095238094 50.0 20.0
vertex 225.65238095238095 50.0 20.0
endloop
endfacet
facet normal 1.0 0.0 0.0
outer loop
vertex 238.35238095238094 50.0 0.0
vertex 238.35238095238094 145.0 0.0
vertex 238.35238095238094 145.0 20.0
endloop
endfacet
facet normal 1.0 0.0 -0.0
outer loop
vertex 238.35238095238094 50.0 0.0
vertex 238.35238095238094 145.0 20.0
vertex 238.35238095238094 50.0 20.0
endloop
endfacet
facet normal 0.0 1.0 -0.0
outer loop
vertex 238.35238095238094 145.0 0.0
vertex 225.65238095238095 145.0 0.0
vertex 225.65238095238095 145.0 20.0
endloop
endfacet
facet normal 0.0 1.0 -0.0
outer loop
vertex 238.35238095238094 145.0 0.0
vertex 225.65238095238095 145.0 20.0
vertex 238.35238095238094 145.0 20.0
endloop
endfacet
facet normal -1.0 0.0 0.0
outer loop
vertex 225.65238095238095 145.0 0.0
vertex 225.65238095238095 50.0 0.0
vertex 225.65238095238095 50.0 20.0
endloop
endfacet
facet normal -1.0 0.0 0.0
outer loop
vertex 225.65238095238095 145.0 0.0
vertex 225.65238095238095 50.0 20.0
vertex 225.65238095238095 145.0 20.0
endloop
endfacet
facet normal 0.0 -0.9823385664224746 0.1871121078899952
outer loop
vertex 225.65238095238095 50.0 20.0
vertex 238.35238095238094 50.0 20.0
vertex 237.10238095238094 52.0 30.5
endloop
endfacet
facet normal 0.0 -0.9823385664224746 0.18711210788999516
outer loop
vertex 225.65238095238095 50.0 20.0
vertex 237.10238095238094 52.0 30.5
vertex 226.90238095238095 52.0 30.5
endloop
endfacet
facet normal 0.9929882741949437 -0.0 0.11821288978511235
outer loop
vertex 238.35238095238094 50.0 20.0
vertex 238.35238095238094 145.0 20.0
vertex 237.10238095238094 145.0 30.5
endloop
endfacet
facet normal 0.9929882741949438 0.0 0.11821288978511237
outer loop
vertex 238.35238095238094 50.0 20.0
vertex 237.10238095238094 145.0 30.5
vertex 237.10238095238094 52.0 30.5
endloop
endfacet
facet normal 0.0 1.0 -0.0
outer loop
vertex 238.35238095238094 145.0 20.0
vertex 225.65238095238095 145.0 20.0
vertex 226.90238095238095 145.0 30.5
endloop
endfacet
facet normal 0.0 1.0 -0.0
outer loop
vertex 238.35238095238094 145.0 20.0
vertex 226.90238095238095 145.0 30.5
vertex 237.10238095238094 145.0 30.5
endloop
endfacet
facet normal -0.9929882741949437 0.0 0.11821288978511235
outer loop
vertex 225.65238095238095 145.0 20.0
vertex 225.65238095238095 50.0 20.0
vertex 226.90238095238095 52.0 30.5
endloop
endfacet
facet normal -0.9929882741949438 0.0 0.11821288978511237
outer loop
vertex 225.65238095238095 145.0 20.0
vertex 226.90238095238095 52.0 30.5
vertex 226.90238095238095 145.0 30.5
endloop
endfacet
facet normal 0.0 0.0 0.9999999999999999
outer loop
vertex 226.90238095238095 52.0 30.5
vertex 237.10238095238094 52.0 30.5
vertex 237.10238095238094 145.0 30.5
endloop
endfacet
facet normal 0.0 -0.0 0.9999999999999999
outer loop
vertex 226.90238095238095 52.0 30.5
vertex 237.10238095238094 145.0 30.5
vertex 226.90238095238095 145.0 30.5
endloop
endfacet

endsolid 17_C#2
solid 18_D2
facet normal 0.0 0.0 -1.0
outer loop
vertex 257.2142857142857 0.0 0.0
vertex 234.78571428571428 0.0 0.0
vertex 234.78571428571428 50.0 0.0
endloop
endfacet
facet normal 0.0 0.0 -0.9999999999999999
outer loop
vertex 252.64761904761903 50.0 0.0
vertex 257.2142857142857 50.0 0.0
vertex 257.2142857142857 0.0 0.0
endloop
endfacet
facet normal 0.0 0.0 -1.0
outer loop
vertex 239.35238095238094 145.0 0.0
vertex 252.64761904761903 145.0 0.0
vertex 252.64761904761903 50.0 0.0
endloop
endfacet
facet normal 0.0 0.0 -1.0
outer loop
vertex 239.35238095238094 50.0 0.0
vertex 239.35238095238094 145.0 0.0
vertex 252.64761904761903 50.0 0.0
endloop
endfacet
facet normal 0.0 0.0 -1.0
outer loop
vertex 257.2142857142857 0.0 0.0
vertex 234.78571428571428 50.0 0.0
vertex 239.35238095238094 50.0 0.0
endloop
endfacet
facet normal -0.0 -0.0 -0.9999999999999999
outer loop
vertex 252.64761904761903 50.0 0.0
vertex 257.2142857142857 0.0 0.0
vertex 239.35238095238094 50.0 0.0
endloop
endfacet
facet normal -0.0 0.0 1.0
outer loop
vertex 234.78571428571428 50.0 20.0
vertex 234.78571428571428 0.0 20.0
vertex 257.2142857142857 0.0 20.0
endloop
endfacet
facet normal 0.0 -0.0 0.9999999999999999
outer loop
vertex 257.2142857142857 0.0 20.0
vertex 257.2142857142857 50.0 20.0
vertex 252.64761904761903 50.0 20.0
endloop
endfacet
facet normal 0.0 -0.0 1.0
outer loop
vertex 252.64761904761903 50.0 20.0
vertex 252.64761904761903 145.0 20.0
vertex 239.35238095238094 145.0 20.0
endloop
endfacet
facet normal 0.0 0.0 1.0
outer loop
vertex 252.64761904761903 50.0 20.0
vertex 239.35238095238094 145.0 20.0
vertex 239.35238095238094 50.0 20.0
endloop
endfacet
facet normal 0.0 0.0 1.0
outer loop
vertex 239.35238095238094 50.0 20.0
vertex 234.78571428571428 50.0 20.0
vertex 257.2142857142857 0.0 20.0
endloop
endfacet
facet normal -0.0 -0.0 0.9999999999999999
outer loop
vertex 239.35238095238094 50.0 20.0
vertex 257.2142857142857 0.0 20.0
vertex 252.64761904761903 50.0 20.0
endloop
endfacet
facet normal -0.0 -0.9999999999999999 -0.0
outer loop
vertex 257.2142857142857 0.0 20.0
vertex 234.78571428571428 0.0 20.0
vertex 257.2142857142857 0.0 0.0
endloop
endfacet
facet normal -0.0 -0.9999999999999999 -0.0
outer loop
vertex 257.2142857142857 0.0 0.0
vertex 234.78571428571428 0.0 20.0
vertex 234.78571428571428 0.0 0.0
endloop
endfacet
facet normal 1.0 0.0 0.0
outer loop
vertex 257.2142857142857 50.0 20.0
vertex 257.2142857142857 0.0 20.0
vertex 257.2142857142857 50.0 0.0
endloop
endfacet
facet normal 1.0 0.0 0.0
outer loop
vertex 257.2142857142857 50.0 0.0
vertex 257.2142857142857 0.0 20.0
vertex 257.2142857142857 0.0 0.0
endloop
endfacet
facet normal -0.0 1.0 0.0
outer loop
vertex 252.64761904761903 50.0 20.0
vertex 257.2142857142857 50.0 20.0
vertex 252.64761904761903 50.0 0.0
endloop
endfacet
facet normal -0.0 1.0 0.0
outer loop
vertex 252.64761904761903 50.0 0.0
vertex 257.2142857142857 50.0 20.0
vertex 257.2142857142857 50.0 0.0
endloop
endfacet
facet normal 1.0 0.0 0.0
outer loop
vertex 252.64761904761903 145.0 20.0
vertex 252.64761904761903 50.0 20.0
vertex 252.64761904761903 145.0 0.0
endloop
endfacet
facet normal 1.0 0.0 0.0
outer loop
vertex 252.64761904761903 145.0 0.0
vertex 252.64761904761903 50.0 20.0
vertex 252.64761904761903 50.0 0.0
endloop
endfacet
facet normal -0.0 1.0 0.0
outer loop
vertex 239.35238095238094 145.0 20.0
vertex 252.64761904761903 145.0 20.0
vertex 239.35238095238094 145.0 0.0
endloop
endfacet
facet normal -0.0 1.0 0.0
outer loop
vertex 239.35238095238094 145.0 0.0
vertex 252.64761904761903 145.0 20.0
vertex 252.64761904761903 145.0 0.0
endloop
endfacet
facet normal -1.0 0.0 -0.0
outer loop
vertex 239.35238095238094 50.0 20.0
vertex 239.35238095238094 145.0 20.0
vertex 239.35238095238094 50.0 0.0
endloop
endfacet
facet normal -1.0 0.0 0.0
outer loop
vertex 239.35238095238094 50.0 0.0
vertex 239.35238095238094 145.0 20.0
vertex 239.35238095238094 145.0 0.0
endloop
endfacet
facet normal -1.0 0.0 -0.0
outer loop
vertex 234.78571428571428 0.0 20.0
vertex 234.78571428571428 50.0 20.0
vertex 234.78571428571428 0.0 0.0
endloop
endfacet
facet normal -1.0 0.0 0.0
outer loop
vertex 234.78571428571428 0.0 0.0
vertex 234.78571428571428 50.0 20.0
vertex 234.78571428571428 50.0 0.0
endloop
endfacet
facet normal -0.0 1.0 0.0
outer loop
vertex 234.78571428571428 50.0 20.0
vertex 239.35238095238094 50.0 20.0
vertex 234.78571428571428 50.0 0.0
endloop
endfacet
facet normal -0.0 1.0 0.0
outer loop
vertex 234.78571428571428 50.0 0.0
vertex 239.35238095238094 50.0 20.0
vertex 239.35238095238094 50.0 0.0
endloop
endfacet

endsolid 18_D2
solid 19_D#2
facet normal 0.0 0.0 -1.0
outer loop
vertex 253.64761904761903 50.0 0.0
vertex 253.64761904761903 145.0 0.0
vertex 266.34761904761905 145.0 0.0
endloop
endfacet
facet normal 0.0 0.0 -1.0
outer loop
vertex 253.64761904761903 50.0 0.0
vertex 266.34761904761905 145.0 0.0
vertex 266.34761904761905 50.0 0.0
endloop
endfacet
facet normal 0.0 -1.0 0.0
outer loop
vertex 253.64761904761903 50.0 0.0
vertex 266.34761904761905 50.0 0.0
vertex 266.34761904761905 50.0 20.0
endloop
endfacet
facet normal 0.0 -1.0 0.0
outer loop
vertex 253.64761904761903 50.0 0.0
vertex 266.34761904761905 50.0 20.0
vertex 253.64761904761903 50.0 20.0
endloop
endfacet
facet normal 1.0 0.0 0.0
outer loop
vertex 266.34761904761905 50.0 0.0
vertex 266.34761904761905 145.0 0.0
vertex 266.34761904761905 145.0 20.0
endloop
endfacet
facet normal 1.0 0.0 -0.0
outer loop
vertex 266.34761904761905 50.0 0.0
vertex 266.34761904761905 145.0 20.0
vertex 266.34761904761905 50.0 20.0
endloop
endfacet
facet normal 0.0 1.0 -0.0
outer loop
vertex 266.34761904761905 145.0 0.0
vertex 253.64761904761903 145.0 0.0
vertex 253.64761904761903 145.0 20.0
endloop
endfacet
facet normal 0.0 1.0 -0.0
outer loop
vertex 266.34761904761905 145.0 0.0
vertex 253.64761904761903 145.0 20.0
vertex 266.34761904761905 145.0 20.0
endloop
endfacet
facet normal -1.0 0.0 0.0
outer loop
vertex 253.64761904761903 145.0 0.0
vertex 253.64761904761903 50.0 0.0
vertex 253.64761904761903 50.0 20.0
endloop
endfacet
facet normal -1.0 0.0 0.0
outer loop
vertex 253.64761904761903 145.0 0.0
vertex 253.64761904761903 50.0 20.0
vertex 253.64761904761903 145.0 20.0
endloop
endfacet
facet normal 0.0 -0.9823385664224747 0.1871121078899952
outer loop
vertex 253.64761904761903 50.0 20.0
vertex 266.34761904761905 50.0 20.0
vertex 265.09761904761905 52.0 30.5
endloop
endfacet
facet normal 0.0 -0.9823385664224747 0.1871121078899952
outer loop
vertex 253.64761904761903 50.0 20.0
vertex 265.09761904761905 52.0 30.5
vertex 254.89761904761903 52.0 30.5
endloop
endfacet
facet normal 0.9929882741949437 -0.0 0.11821288978511235
outer loop
vertex 266.34761904761905 50.0 20.0
vertex 266.34761904761905 145.0 20.0
vertex 265.09761904761905 145.0 30.5
endloop
endfacet
facet normal 0.9929882741949438 0.0 0.11821288978511237
outer loop
vertex 266.34761904761905 50.0 20.0
vertex 265.09761904761905 145.0 30.5
vertex 265.09761904761905 52.0 30.5
endloop
endfacet
facet normal 0.0 1.0 -0.0
outer loop
vertex 266.34761904761905 145.0 20.0
vertex 253.64761904761903 145.0 20.0
vertex 254.89761904761903 145.0 30.5
endloop
endfacet
facet normal 0.0 1.0 -0.0
outer loop
vertex 266.34761904761905 145.0 20.0
vertex 254.89761904761903 145.0 30.5
vertex 265.09761904761905 145.0 30.5
endloop
endfacet
facet normal -0.9929882741949437 0.0 0.11821288978511235
outer loop
vertex 253.64761904761903 145.0 20.0
vertex 253.64761904761903 50.0 20.0
vertex 254.89761904761903 52.0 30.5
endloop
endfacet
facet normal -0.9929882741949438 0.0 0.11821288978511237
outer loop
vertex 253.64761904761903 145.0 20.0
vertex 254.89761904761903 52.0 30.5
vertex 254.89761904761903 145.0 30.5
endloop
endfacet
facet normal 0.0 0.0 1.0
outer loop
vertex 254.89761904761903 52.0 30.5
vertex 265.09761904761905 52.0 30.5
vertex 265.09761904761905 145.0 30.5
endloop
endfacet
facet normal 0.0 -0.0 1.0
outer loop
vertex 254.89761904761903 52.0 30.5
vertex 265.09761904761905 145.0 30.5
vertex 254.89761904761903 145.0 30.5
endloop
endfacet

endsolid 19_D#2
solid 20_E2
facet normal 0.0 0.0 -1.0
outer loop
vertex 280.64285714285717 0.0 0.0
vertex 258.2142857142857 0.0 0.0
vertex 258.2142857142857 50.0 0.0
endloop
endfacet
facet normal 0.0 0.0 -1.0
outer loop
vertex 267.34761904761905 145.0 0.0
vertex 280.64285714285717 145.0 0.0
vertex 280.64285714285717 50.0 0.0
endloop
endfacet
facet normal 0.0 0.0 -1.0
outer loop
vertex 267.34761904761905 50.0 0.0
vertex 267.34761904761905 145.0 0.0
vertex 280.64285714285717 50.0 0.0
endloop
endfacet
facet normal 0.0 0.0 -1.0
outer loop
vertex 280.64285714285717 0.0 0.0
vertex 258.2142857142857 50.0 0.0
vertex 267.34761904761905 50.0 0.0
endloop
endfacet
facet normal -0.0 -0.0 -1.0
outer loop
vertex 280.64285714285717 50.0 0.0
vertex 280.64285714285717 0.0 0.0
vertex 267.34761904761905 50.0 0.0
endloop
endfacet
facet normal -0.0 0.0 1.0
outer loop
vertex 258.2142857142857 50.0 20.0
vertex 258.2142857142857 0.0 20.0
vertex 280.64285714285717 0.0 20.0
endloop
endfacet
facet normal 0.0 -0.0 1.0
outer loop
vertex 280.64285714285717 50.0 20.0
vertex 280.64285714285717 145.0 20.0
vertex 267.34761904761905 145.0 20.0
endloop
endfacet
facet normal 0.0 0.0 1.0
outer loop
vertex 280.64285714285717 50.0 20.0
vertex 267.34761904761905 145.0 20.0
vertex 267.34761904761905 50.0 20.0
endloop
endfacet
facet normal 0.0 0.0 1.0
outer loop
vertex 267.34761904761905 50.0 20.0
vertex 258.2142857142857 50.0 20.0
vertex 280.64285714285717 0.0 20.0
endloop
endfacet
facet normal -0.0 0.0 1.0
outer loop
vertex 267.34761904761905 50.0 20.0
vertex 280.64285714285717 0.0 20.0
vertex 280.64285714285717 50.0 20.0
endloop
endfacet
facet normal -0.0 -0.9999999999999999 -0.0
outer loop
vertex 280.64285714285717 0.0 20.0
vertex 258.2142857142857 0.0 20.0
vertex 280.64285714285717 0.0 0.0
endloop
endfacet
facet normal -0.0 -0.9999999999999999 -0.0
outer loop
vertex 280.64285714285717 0.0 0.0
vertex 258.2142857142857 0.0 20.0
vertex 258.2142857142857 0.0 0.0
endloop
endfacet
facet normal 1.0 0.0 0.0
outer loop
vertex 280.64285714285717 50.0 20.0
vertex 280.64285714285717 0.0 20.0
vertex 280.64285714285717 50.0 0.0
endloop
endfacet
facet normal 1.0 0.0 0.0
outer loop
vertex 280.64285714285717 50.0 0.0
vertex 280.64285714285717 0.0 20.0
vertex 280.64285714285717 0.0 0.0
endloop
endfacet
facet normal 1.0 0.0 0.0
outer loop
vertex 280.64285714285717 145.0 20.0
vertex 280.64285714285717 50.0 20.0
vertex 280.64285714285717 145.0 0.0
endloop
endfacet
facet normal 1.0 0.0 0.0
outer loop
vertex 280.64285714285717 145.0 0.0
vertex 280.64285714285717 50.0 20.0
vertex 280.64285714285717 50.0 0.0
endloop
endfacet
facet normal -0.0 1.0 0.0
outer loop
vertex 267.34761904761905 145.0 20.0
vertex 280.64285714285717 145.0 20.0
vertex 267.34761904761905 145.0 0.0
endloop
endfacet
facet normal -0.0 1.0 0.0
outer loop
vertex 267.34761904761905 145.0 0.0
vertex 280.64285714285717 145.0 20.0
vertex 280.64285714285717 145.0 0.0
endloop
endfacet
facet normal -1.0 0.0 -0.0
outer loop
vertex 267.34761904761905 50.0 20.0
vertex 267.34761904761905 145.0 20.0
vertex 267.34761904761905 50.0 0.0
endloop
endfacet
facet normal -1.0 0.0 0.0
outer loop
vertex 267.34761904761905 50.0 0.0
vertex 267.34761904761905 145.0 20.0
vertex 267.34761904761905 145.0 0.0
endloop
endfacet
facet normal -1.0 0.0 -0.0
outer loop
vertex 258.2142857142857 0.0 20.0
vertex 258.2142857142857 50.0 20.0
vertex 258.2142857142857 0.0 0.0
endloop
endfacet
facet normal -1.0 0.0 0.0
outer loop
vertex 258.2142857142857 0.0 0.0
vertex 258.2142857142857 50.0 20.0
vertex 258.2142857142857 50.0 0.0
endloop
endfacet
facet normal -0.0 1.0 0.0
outer loop
vertex 258.2142857142857 50.0 20.0
vertex 267.34761904761905 50.0 20.0
vertex 258.2142857142857 50.0 0.0
endloop
endfacet
facet normal -0.0 1.0 0.0
outer loop
vertex 258.2142857142857 50.0 0.0
vertex 267.34761904761905 50.0 20.0
vertex 267.34761904761905 50.0 0.0
endloop
endfacet

endsolid 20_E2
solid 21_F2
facet normal 0.0 0.0 -1.0
outer loop
vertex 304.07142857142856 0.0 0.0
vertex 281.6428571428571 0.0 0.0
vertex 281.64285714285717 50.0 0.0
endloop
endfacet
facet normal 0.0 0.0 -1.0
outer loop
vertex 293.7964285714286 50.0 0.0
vertex 304.07142857142856 50.0 0.0
vertex 304.07142857142856 0.0 0.0
endloop
endfacet
facet normal 0.0 0.0 -1.0
outer loop
vertex 281.64285714285717 145.0 0.0
vertex 293.7964285714286 145.0 0.0
vertex 293.7964285714286 50.0 0.0
endloop
endfacet
facet normal 0.0 0.0 -1.0
outer loop
vertex 281.64285714285717 50.0 0.0
vertex 281.64285714285717 145.0 0.0
vertex 293.7964285714286 50.0 0.0
endloop
endfacet
facet normal 0.0 0.0 -0.9999999999999999
outer loop
vertex 304.07142857142856 0.0 0.0
vertex 281.64285714285717 50.0 0.0
vertex 293.7964285714286 50.0 0.0
endloop
endfacet
facet normal -0.0 0.0 1.0
outer loop
vertex 281.64285714285717 50.0 20.0
vertex 281.6428571428571 0.0 20.0
vertex 304.07142857142856 0.0 20.0
endloop
endfacet
facet normal 0.0 -0.0 1.0
outer loop
vertex 304.07142857142856 0.0 20.0
vertex 304.07142857142856 50.0 20.0
vertex 293.7964285714286 50.0 20.0
endloop
endfacet
facet normal 0.0 -0.0 1.0
outer loop
vertex 293.7964285714286 50.0 20.0
vertex 293.7964285714286 145.0 20.0
vertex 281.64285714285717 145.0 20.0
endloop
endfacet
facet normal 0.0 0.0 1.0
outer loop
vertex 293.7964285714286 50.0 20.0
vertex 281.64285714285717 145.0 20.0
vertex 281.64285714285717 50.0 20.0
endloop
endfacet
facet normal 0.0 0.0 0.9999999999999999
outer loop
vertex 293.7964285714286 50.0 20.0
vertex 281.64285714285717 50.0 20.0
vertex 304.07142857142856 0.0 20.0
endloop
endfacet
facet normal -0.0 -0.9999999999999999 -0.0
outer loop
vertex 304.07142857142856 0.0 20.0
vertex 281.6428571428571 0.0 20.0
vertex 304.07142857142856 0.0 0.0
endloop
endfacet
facet normal -0.0 -0.9999999999999999 -0.0
outer loop
vertex 304.07142857142856 0.0 0.0
vertex 281.6428571428571 0.0 20.0
vertex 281.6428571428571 0.0 0.0
endloop
endfacet
facet normal 1.0 0.0 0.0
outer loop
vertex 304.07142857142856 50.0 20.0
vertex 304.07142857142856 0.0 20.0
vertex 304.07142857142856 50.0 0.0
endloop
endfacet
facet normal 1.0 0.0 0.0
outer loop
vertex 304.07142857142856 50.0 0.0
vertex 304.07142857142856 0.0 20.0
vertex 304.07142857142856 0.0 0.0
endloop
endfacet
facet normal -0.0 1.0 0.0
outer loop
vertex 293.7964285714286 50.0 20.0
vertex 304.07142857142856 50.0 20.0
vertex 293.7964285714286 50.0 0.0
endloop
endfacet
facet normal -0.0 1.0 0.0
outer loop
vertex 293.7964285714286 50.0 0.0
vertex 304.07142857142856 50.0 20.0
vertex 304.07142857142856 50.0 0.0
endloop
endfacet
facet normal 1.0 0.0 0.0
outer loop
vertex 293.7964285714286 145.0 20.0
vertex 293.7964285714286 50.0 20.0
vertex 293.7964285714286 145.0 0.0
endloop
endfacet
facet normal 1.0 0.0 0.0
outer loop
vertex 293.7964285714286 145.0 0.0
vertex 293.7964285714286 50.0 20.0
vertex 293.7964285714286 50.0 0.0
endloop
endfacet
facet normal -0.0 1.0 0.0
outer loop
vertex 281.64285714285717 145.0 20.0
vertex 293.7964285714286 145.0 20.0
vertex 281.64285714285717 145.0 0.0
endloop
endfacet
facet normal -0.0 1.0 0.0
outer loop
vertex 281.64285714285717 145.0 0.0
vertex 293.7964285714286 145.0 20.0
vertex 293.7964285714286 145.0 0.0
endloop
endfacet
facet normal -1.0 1.1368683772161603e-15 0.0
outer loop
vertex 281.6428571428571 0.0 20.0
vertex 281.64285714285717 50.0 20.0
vertex 281.6428571428571 0.0 0.0
endloop
endfacet
facet normal -1.0 1.1368683772161603e-15 0.0
outer loop
vertex 281.6428571428571 0.0 0.0
vertex 281.64285714285717 50.0 20.0
vertex 281.64285714285717 50.0 0.0
endloop
endfacet
facet normal -1.0 0.0 -0.0
outer loop
vertex 281.64285714285717 50.0 20.0
vertex 281.64285714285717 145.0 20.0
vertex 281.64285714285717 50.0 0.0
endloop
endfacet
facet normal -1.0 0.0 0.0
outer loop
vertex 281.64285714285717 50.0 0.0
vertex 281.64285714285717 145.0 20.0
vertex 281.64285714285717 145.0 0.0
endloop
endfacet

endsolid 21_F2
solid 22_F#2
facet normal 0.0 0.0 -1.0
outer loop
vertex 294.7964285714286 50.0 0.0
vertex 294.7964285714286 145.0 0.0
vertex 307.49642857142857 145.0 0.0
endloop
endfacet
facet normal 0.0 0.0 -1.0
outer loop
vertex 294.7964285714286 50.0 0.0
vertex 307.49642857142857 145.0 0.0
vertex 307.49642857142857 50.0 0.0
endloop
endfacet
facet normal 0.0 -1.0 0.0
outer loop
vertex 294.7964285714286 50.0 0.0
vertex 307.49642857142857 50.0 0.0
vertex 307.49642857142857 50.0 20.0
endloop
endfacet
facet normal 0.0 -1.0 0.0
outer loop
vertex 294.7964285714286 50.0 0.0
vertex 307.49642857142857 50.0 20.0
vertex 294.7964285714286 50.0 20.0
endloop
endfacet
facet normal 1.0 0.0 0.0
outer loop
vertex 307.49642857142857 50.0 0.0
vertex 307.49642857142857 145.0 0.0
vertex 307.49642857142857 145.0 20.0
endloop
endfacet
facet normal 1.0 0.0 -0.0
outer loop
vertex 307.49642857142857 50.0 0.0
vertex 307.49642857142857 145.0 20.0
vertex 307.49642857142857 50.0 20.0
endloop
endfacet
facet normal 0.0 1.0 -0.0
outer loop
vertex 307.49642857142857 145.0 0.0
vertex 294.7964285714286 145.0 0.0
vertex 294.7964285714286 145.0 20.0
endloop
endfacet
facet normal 0.0 1.0 -0.0
outer loop
vertex 307.49642857142857 145.0 0.0
vertex 294.7964285714286 145.0 20.0
vertex 307.49642857142857 145.0 20.0
endloop
endfacet
facet normal -1.0 0.0 0.0
outer loop
vertex 294.7964285714286 145.0 0.0
vertex 294.7964285714286 50.0 0.0
vertex 294.7964285714286 50.0 20.0
endloop
endfacet
facet normal -1.0 0.0 0.0
outer loop
vertex 294.7964285714286 145.0 0.0
vertex 294.7964285714286 50.0 20.0
vertex 294.7964285714286 145.0 20.0
endloop
endfacet
facet normal 0.0 -0.9823385664224746 0.1871121078899952
outer loop
vertex 294.7964285714286 50.0 20.0
vertex 307.49642857142857 50.0 20.0
vertex 306.24642857142857 52.0 30.5
endloop
endfacet
facet normal 0.0 -0.9823385664224746 0.18711210788999516
outer loop
vertex 294.7964285714286 50.0 20.0
vertex 306.24642857142857 52.0 30.5
vertex 296.0464285714286 52.0 30.5
endloop
endfacet
facet normal 0.9929882741949437 -0.0 0.11821288978511235
outer loop
vertex 307.49642857142857 50.0 20.0
vertex 307.49642857142857 145.0 20.0
vertex 306.24642857142857 145.0 30.5
endloop
endfacet
facet normal 0.9929882741949438 0.0 0.11821288978511237
outer loop
vertex 307.49642857142857 50.0 20.0
vertex 306.24642857142857 145.0 30.5
vertex 306.24642857142857 52.0 30.5
endloop
endfacet
facet normal 0.0 1.0 -0.0
outer loop
vertex 307.49642857142857 145.0 20.0
vertex 294.7964285714286 145.0 20.0
vertex 296.0464285714286 145.0 30.5
endloop
endfacet
facet normal 0.0 1.0 -0.0
outer loop
vertex 307.49642857142857 145.0 20.0
vertex 296.0464285714286 145.0 30.5
vertex 306.24642857142857 145.0 30.5
endloop
endfacet
facet normal -0.9929882741949437 0.0 0.11821288978511235
outer loop
vertex 294.7964285714286 145.0 20.0
vertex 294.7964285714286 50.0 20.0
vertex 296.0464285714286 52.0 30.5
endloop
endfacet
facet normal -0.9929882741949438 0.0 0.11821288978511237
outer loop
vertex 294.7964285714286 145.0 20.0
vertex 296.0464285714286 52.0 30.5
vertex 296.0464285714286 145.0 30.5
endloop
endfacet
facet normal 0.0 0.0 0.9999999999999999
outer loop
vertex 296.0464285714286 52.0 30.5
vertex 306.24642857142857 52.0 30.5
vertex 306.24642857142857 145.0 30.5
endloop
endfacet
facet normal 0.0 -0.0 0.9999999999999999
outer loop
vertex 296.0464285714286 52.0 30.5
vertex 306.24642857142857 145.0 30.5
vertex 296.0464285714286 145.0 30.5
endloop
endfacet

endsolid 22_F#2
solid 23_G2
facet normal 0.0 0.0 -1.0
outer loop
vertex 327.5 0.0 0.0
vertex 305.07142857142856 0.0 0.0
vertex 305.07142857142856 50.0 0.0
endloop
endfacet
facet normal 0.0 0.0 -1.0
outer loop
vertex 320.65 50.0 0.0
vertex 327.5 50.0 0.0
vertex 327.5 0.0 0.0
endloop
endfacet
facet normal 0.0 0.0 -1.0
outer loop
vertex 308.49642857142857 145.0 0.0
vertex 320.65 145.0 0.0
vertex 320.65 50.0 0.0
endloop
endfacet
facet normal 0.0 0.0 -1.0
outer loop
vertex 308.49642857142857 50.0 0.0
vertex 308.49642857142857 145.0 0.0
vertex 320.65 50.0 0.0
endloop
endfacet
facet normal 0.0 0.0 -1.0
outer loop
vertex 327.5 0.0 0.0
vertex 305.07142857142856 50.0 0.0
vertex 308.49642857142857 50.0 0.0
endloop
endfacet
facet normal -0.0 -0.0 -0.9999999999999999
outer loop
vertex 320.65 50.0 0.0
vertex 327.5 0.0 0.0
vertex 308.49642857142857 50.0 0.0
endloop
endfacet
facet normal -0.0 0.0 1.0
outer loop
vertex 305.07142857142856 50.0 20.0
vertex 305.07142857142856 0.0 20.0
vertex 327.5 0.0 20.0
endloop
endfacet
facet normal 0.0 -0.0 1.0
outer loop
vertex 327.5 0.0 20.0
vertex 327.5 50.0 20.0
vertex 320.65 50.0 20.0
endloop
endfacet
facet normal 0.0 -0.0 1.0
outer loop
vertex 320.65 50.0 20.0
vertex 320.65 145.0 20.0
vertex 308.49642857142857 145.0 20.0
endloop
endfacet
facet normal 0.0 0.0 1.0
outer loop
vertex 320.65 50.0 20.0
vertex 308.49642857142857 145.0 20.0
vertex 308.49642857142857 50.0 20.0
endloop
endfacet
facet normal 0.0 0.0 1.0
outer loop
vertex 308.49642857142857 50.0 20.0
vertex 305.07142857142856 50.0 20.0
vertex 327.5 0.0 20.0
endloop
endfacet
facet normal -0.0 -0.0 0.9999999999999999
outer loop
vertex 308.49642857142857 50.0 20.0
vertex 327.5 0.0 20.0
vertex 320.65 50.0 20.0
endloop
endfacet
facet normal -0.0 -0.9999999999999999 -0.0
outer loop
vertex 327.5 0.0 20.0
vertex 305.07142857142856 0.0 20.0
vertex 327.5 0.0 0.0
endloop
endfacet
facet normal -0.0 -0.9999999999999999 -0.0
outer loop
vertex 327.5 0.0 0.0
vertex 305.07142857142856 0.0 20.0
vertex 305.07142857142856 0.0 0.0
endloop
endfacet
facet normal 1.0 0.0 0.0
outer loop
vertex 327.5 50.0 20.0
vertex 327.5 0.0 20.0
vertex 327.5 50.0 0.0
endloop
endfacet
facet normal 1.0 0.0 0.0
outer loop
vertex 327.5 50.0 0.0
vertex 327.5 0.0 20.0
vertex 327.5 0.0 0.0
endloop
endfacet
facet normal -0.0 1.0 0.0
outer loop
vertex 320.65 50.0 20.0
vertex 327.5 50.0 20.0
vertex 320.65 50.0 0.0
endloop
endfacet
facet normal -0.0 1.0 0.0
outer loop
vertex 320.65 50.0 0.0
vertex 327.5 50.0 20.0
vertex 327.5 50.0 0.0
endloop
endfacet
facet normal 1.0 0.0 0.0
outer loop
vertex 320.65 145.0 20.0
vertex 320.65 50.0 20.0
vertex 320.65 145.0 0.0
endloop
endfacet
facet normal 1.0 0.0 0.0
outer loop
vertex 320.65 145.0 0.0
vertex 320.65 50.0 20.0
vertex 320.65 50.0 0.0
endloop
endfacet
facet normal -0.0 1.0 0.0
outer loop
vertex 308.49642857142857 145.0 20.0
vertex 320.65 145.0 20.0
vertex 308.49642857142857 145.0 0.0
endloop
endfacet
facet normal -0.0 1.0 0.0
outer loop
vertex 308.49642857142857 145.0 0.0
vertex 320.65 145.0 20.0
vertex 320.65 145.0 0.0
endloop
endfacet
facet normal -1.0 0.0 -0.0
outer loop
vertex 308.49642857142857 50.0 20.0
vertex 308.49642857142857 145.0 20.0
vertex 308.49642857142857 50.0 0.0
endloop
endfacet
facet normal -1.0 0.0 0.0
outer loop
vertex 308.49642857142857 50.0 0.0
vertex 308.49642857142857 145.0 20.0
vertex 308.49642857142857 145.0 0.0
endloop
endfacet
facet normal -1.0 0.0 -0.0
outer loop
vertex 305.07142857142856 0.0 20.0
vertex 305.07142857142856 50.0 20.0
vertex 305.07142857142856 0.0 0.0
endloop
endfacet
facet normal -1.0 0.0 0.0
outer loop
vertex 305.07142857142856 0.0 0.0
vertex 305.07142857142856 50.0 20.0
vertex 305.07142857142856 50.0 0.0
endloop
endfacet
facet normal -0.0 1.0 0.0
outer loop
vertex 305.07142857142856 50.0 20.0
vertex 308.49642857142857 50.0 20.0
vertex 305.07142857142856 50.0 0.0
endloop
endfacet
facet normal -0.0 1.0 0.0
outer loop
vertex 305.07142857142856 50.0 0.0
vertex 308.49642857142857 50.0 20.0
vertex 308.49642857142857 50.0 0.0
endloop
endfacet

endsolid 23_G2
solid 24_G#2
facet normal 0.0 0.0 -1.0
outer loop
vertex 321.65 50.0 0.0
vertex 321.65 145.0 0.0
vertex 334.34999999999997 145.0 0.0
endloop
endfacet
facet normal 0.0 0.0 -1.0
outer loop
vertex 321.65 50.0 0.0
vertex 334.34999999999997 145.0 0.0
vertex 334.34999999999997 50.0 0.0
endloop
endfacet
facet normal 0.0 -1.0 0.0
outer loop
vertex 321.65 50.0 0.0
vertex 334.34999999999997 50.0 0.0
vertex 334.34999999999997 50.0 20.0
endloop
endfacet
facet normal 0.0 -1.0 0.0
outer loop
vertex 321.65 50.0 0.0
vertex 334.34999999999997 50.0 20.0
vertex 321.65 50.0 20.0
endloop
endfacet
facet normal 1.0 0.0 0.0
outer loop
vertex 334.34999999999997 50.0 0.0
vertex 334.34999999999997 145.0 0.0
vertex 334.34999999999997 145.0 20.0
endloop
endfacet
facet normal 1.0 0.0 -0.0
outer loop
vertex 334.34999999999997 50.0 0.0
vertex 334.34999999999997 145.0 20.0
vertex 334.34999999999997 50.0 20.0
endloop
endfacet
facet normal 0.0 1.0 -0.0
outer loop
vertex 334.34999999999997 145.0 0.0
vertex 321.65 145.0 0.0
vertex 321.65 145.0 20.0
endloop
endfacet
facet normal 0.0 1.0 -0.0
outer loop
vertex 334.34999999999997 145.0 0.0
vertex 321.65 145.0 20.0
vertex 334.34999999999997 145.0 20.0
endloop
endfacet
facet normal -1.0 0.0 0.0
outer loop
vertex 321.65 145.0 0.0
vertex 321.65 50.0 0.0
vertex 321.65 50.0 20.0
endloop
endfacet
facet normal -1.0 0.0 0.0
outer loop
vertex 321.65 145.0 0.0
vertex 321.65 50.0 20.0
vertex 321.65 145.0 20.0
endloop
endfacet
facet normal 0.0 -0.9823385664224746 0.1871121078899952
outer loop
vertex 321.65 50.0 20.0
vertex 334.34999999999997 50.0 20.0
vertex 333.09999999999997 52.0 30.5
endloop
endfacet
facet normal 0.0 -0.9823385664224746 0.18711210788999516
outer loop
vertex 321.65 50.0 20.0
vertex 333.09999999999997 52.0 30.5
vertex 322.9 52.0 30.5
endloop
endfacet
facet normal 0.9929882741949437 -0.0 0.11821288978511235
outer loop
vertex 334.34999999999997 50.0 20.0
vertex 334.34999999999997 145.0 20.0
vertex 333.09999999999997 145.0 30.5
endloop
endfacet
facet normal 0.9929882741949438 0.0 0.11821288978511237
outer loop
vertex 334.34999999999997 50.0 20.0
vertex 333.09999999999997 145.0 30.5
vertex 333.09999999999997 52.0 30.5
endloop
endfacet
facet normal 0.0 1.0 -0.0
outer loop
vertex 334.34999999999997 145.0 20.0
vertex 321.65 145.0 20.0
vertex 322.9 145.0 30.5
endloop
endfacet
facet normal 0.0 1.0 -0.0
outer loop
vertex 334.34999999999997 145.0 20.0
vertex 322.9 145.0 30.5
vertex 333.09999999999997 145.0 30.5
endloop
endfacet
facet normal -0.9929882741949437 0.0 0.11821288978511235
outer loop
vertex 321.65 145.0 20.0
vertex 321.65 50.0 20.0
vertex 322.9 52.0 30.5
endloop
endfacet
facet normal -0.9929882741949438 0.0 0.11821288978511237
outer loop
vertex 321.65 145.0 20.0
vertex 322.9 52.0 30.5
vertex 322.9 145.0 30.5
endloop
endfacet
facet normal 0.0 0.0 0.9999999999999999
outer loop
vertex 322.9 52.0 30.5
vertex 333.09999999999997 52.0 30.5
vertex 333.09999999999997 145.0 30.5
endloop
endfacet
facet normal 0.0 -0.0 0.9999999999999999
outer loop
vertex 322.9 52.0 30.5
vertex 333.09999999999997 145.0 30.5
vertex 322.9 145.0 30.5
endloop
endfacet

endsolid 24_G#2
solid 25_A2
facet normal 0.0 0.0 -1.0
outer loop
vertex 350.92857142857144 0.0 0.0
vertex 328.5 0.0 0.0
vertex 328.5 50.0 0.0
endloop
endfacet
facet normal 0.0 0.0 -1.0
outer loop
vertex 347.5035714285714 50.0 0.0
vertex 350.92857142857144 50.0 0.0
vertex 350.92857142857144 0.0 0.0
endloop
endfacet
facet normal 0.0 0.0 -1.0
outer loop
vertex 335.34999999999997 145.0 0.0
vertex 347.5035714285714 145.0 0.0
vertex 347.5035714285714 50.0 0.0
endloop
endfacet
facet normal 0.0 0.0 -1.0
outer loop
vertex 335.34999999999997 50.0 0.0
vertex 335.34999999999997 145.0 0.0
vertex 347.5035714285714 50.0 0.0
endloop
endfacet
facet normal 0.0 0.0 -1.0
outer loop
vertex 350.92857142857144 0.0 0.0
vertex 328.5 50.0 0.0
vertex 335.34999999999997 50.0 0.0
endloop
endfacet
facet normal -0.0 -0.0 -0.9999999999999999
outer loop
vertex 347.5035714285714 50.0 0.0
vertex 350.92857142857144 0.0 0.0
vertex 335.34999999999997 50.0 0.0
endloop
endfacet
facet normal -0.0 0.0 1.0
outer loop
vertex 328.5 50.0 20.0
vertex 328.5 0.0 20.0
vertex 350.92857142857144 0.0 20.0
endloop
endfacet
facet normal 0.0 -0.0 1.0
outer loop
vertex 350.92857142857144 0.0 20.0
vertex 350.92857142857144 50.0 20.0
vertex 347.5035714285714 50.0 20.0
endloop
endfacet
facet normal 0.0 -0.0 1.0
outer loop
vertex 347.5035714285714 50.0 20.0
vertex 347.5035714285714 145.0 20.0
vertex 335.34999999999997 145.0 20.0
endloop
endfacet
facet normal 0.0 0.0 1.0
outer loop
vertex 347.5035714285714 50.0 20.0
vertex 335.34999999999997 145.0 20.0
vertex 335.34999999999997 50.0 20.0
endloop
endfacet
facet normal 0.0 0.0 1.0
outer loop
vertex 335.34999999999997 50.0 20.0
vertex 328.5 50.0 20.0
vertex 350.92857142857144 0.0 20.0
endloop
endfacet
facet normal -0.0 -0.0 0.9999999999999999
outer loop
vertex 335.34999999999997 50.0 20.0
vertex 350.92857142857144 0.0 20.0
vertex 347.5035714285714 50.0 20.0
endloop
endfacet
facet normal -0.0 -0.9999999999999999 -0.0
outer loop
vertex 350.92857142857144 0.0 20.0
vertex 328.5 0.0 20.0
vertex 350.92857142857144 0.0 0.0
endloop
endfacet
facet normal -0.0 -0.9999999999999999 -0.0
outer loop
vertex 350.92857142857144 0.0 0.0
vertex 328.5 0.0 20.0
vertex 328.5 0.0 0.0
endloop
endfacet
facet normal 1.0 0.0 0.0
outer loop
vertex 350.92857142857144 50.0 20.0
vertex 350.92857142857144 0.0 20.0
vertex 350.92857142857144 50.0 0.0
endloop
endfacet
facet normal 1.0 0.0 0.0
outer loop
vertex 350.92857142857144 50.0 0.0
vertex 350.92857142857144 0.0 20.0
vertex 350.92857142857144 0.0 0.0
endloop
endfacet
facet normal -0.0 1.0 0.0
outer loop
vertex 347.5035714285714 50.0 20.0
vertex 350.92857142857144 50.0 20.0
vertex 347.5035714285714 50.0 0.0
endloop
endfacet
facet normal -0.0 1.0 0.0
outer loop
vertex 347.5035714285714 50.0 0.0
vertex 350.92857142857144 50.0 20.0
vertex 350.92857142857144 50.0 0.0
endloop
endfacet
facet normal 1.0 0.0 0.0
outer loop
vertex 347.5035714285714 145.0 20.0
vertex 347.5035714285714 50.0 20.0
vertex 347.5035714285714 145.0 0.0
endloop
endfacet
facet normal 1.0 0.0 0.0
outer loop
vertex 347.5035714285714 145.0 0.0
vertex 347.5035714285714 50.0 20.0
vertex 347.5035714285714 50.0 0.0
endloop
endfacet
facet normal -0.0 1.0 0.0
outer loop
vertex 335.34999999999997 145.0 20.0
vertex 347.5035714285714 145.0 20.0
vertex 335.34999999999997 145.0 0.0
endloop
endfacet
facet normal -0.0 1.0 0.0
outer loop
vertex 335.34999999999997 145.0 0.0
vertex 347.5035714285714 145.0 20.0
vertex 347.5035714285714 145.0 0.0
endloop
endfacet
facet normal -1.0 0.0 -0.0
outer loop
vertex 335.34999999999997 50.0 20.0
vertex 335.34999999999997 145.0 20.0
vertex 335.34999999999997 50.0 0.0
endloop
endfacet
facet normal -1.0 0.0 0.0
outer loop
vertex 335.34999999999997 50.0 0.0
vertex 335.34999999999997 145.0 20.0
vertex 335.34999999999997 145.0 0.0
endloop
endfacet
facet normal -1.0 0.0 -0.0
outer loop
vertex 328.5 0.0 20.0
vertex 328.5 50.0 20.0
vertex 328.5 0.0 0.0
endloop
endfacet
facet normal -1.0 0.0 0.0
outer loop
vertex 328.5 0.0 0.0
vertex 328.5 50.0 20.0
vertex 328.5 50.0 0.0
endloop
endfacet
facet normal -0.0 1.0 0.0
outer loop
vertex 328.5 50.0 20.0
vertex 335.34999999999997 50.0 20.0
vertex 328.5 50.0 0.0
endloop
endfacet
facet normal -0.0 1.0 0.0
outer loop
vertex 328.5 50.0 0.0
vertex 335.34999999999997 50.0 20.0
vertex 335.34999999999997 50.0 0.0
endloop
endfacet

endsolid 25_A2
solid 26_A#2
facet normal 0.0 0.0 -1.0
outer loop
vertex 348.5035714285714 50.0 0.0
vertex 348.5035714285714 145.0 0.0
vertex 361.20357142857137 145.0 0.0
endloop
endfacet
facet normal 0.0 0.0 -1.0
outer loop
vertex 348.5035714285714 50.0 0.0
vertex 361.20357142857137 145.0 0.0
vertex 361.20357142857137 50.0 0.0
endloop
endfacet
facet normal 0.0 -1.0 0.0
outer loop
vertex 348.5035714285714 50.0 0.0
vertex 361.20357142857137 50.0 0.0
vertex 361.20357142857137 50.0 20.0
endloop
endfacet
facet normal 0.0 -1.0 0.0
outer loop
vertex 348.5035714285714 50.0 0.0
vertex 361.20357142857137 50.0 20.0
vertex 348.5035714285714 50.0 20.0
endloop
endfacet
facet normal 1.0 0.0 0.0
outer loop
vertex 361.20357142857137 50.0 0.0
vertex 361.20357142857137 145.0 0.0
vertex 361.20357142857137 145.0 20.0
endloop
endfacet
facet normal 1.0 0.0 -0.0
outer loop
vertex 361.20357142857137 50.0 0.0
vertex 361.20357142857137 145.0 20.0
vertex 361.20357142857137 50.0 20.0
endloop
endfacet
facet normal 0.0 1.0 -0.0
outer loop
vertex 361.20357142857137 145.0 0.0
vertex 348.5035714285714 145.0 0.0
vertex 348.5035714285714 145.0 20.0
endloop
endfacet
facet normal 0.0 1.0 -0.0
outer loop
vertex 361.20357142857137 145.0 0.0
vertex 348.5035714285714 145.0 20.0
vertex 361.20357142857137 145.0 20.0
endloop
endfacet
facet normal -1.0 0.0 0.0
outer loop
vertex 348.5035714285714 145.0 0.0
vertex 348.5035714285714 50.0 0.0
vertex 348.5035714285714 50.0 20.0
endloop
endfacet
facet normal -1.0 0.0 0.0
outer loop
vertex 348.5035714285714 145.0 0.0
vertex 348.5035714285714 50.0 20.0
vertex 348.5035714285714 145.0 20.0
endloop
endfacet
facet normal 0.0 -0.9823385664224746 0.1871121078899952
outer loop
vertex 348.5035714285714 50.0 20.0
vertex 361.20357142857137 50.0 20.0
vertex 359.95357142857137 52.0 30.5
endloop
endfacet
facet normal 0.0 -0.9823385664224746 0.18711210788999516
outer loop
vertex 348.5035714285714 50.0 20.0
vertex 359.95357142857137 52.0 30.5
vertex 349.7535714285714 52.0 30.5
endloop
endfacet
facet normal 0.9929882741949437 -0.0 0.11821288978511235
outer loop
vertex 361.20357142857137 50.0 20.0
vertex 361.20357142857137 145.0 20.0
vertex 359.95357142857137 145.0 30.5
endloop
endfacet
facet normal 0.9929882741949438 0.0 0.11821288978511237
outer loop
vertex 361.20357142857137 50.0 20.0
vertex 359.95357142857137 145.0 30.5
vertex 359.95357142857137 52.0 30.5
endloop
endfacet
facet normal 0.0 1.0 -0.0
outer loop
vertex 361.20357142857137 145.0 20.0
vertex 348.5035714285714 145.0 20.0
vertex 349.7535714285714 145.0 30.5
endloop
endfacet
facet normal 0.0 1.0 -0.0
outer loop
vertex 361.20357142857137 145.0 20.0
vertex 349.7535714285714 145.0 30.5
vertex 359.95357142857137 145.0 30.5
endloop
endfacet
facet normal -0.9929882741949437 0.0 0.11821288978511235
outer loop
vertex 348.5035714285714 145.0 20.0
vertex 348.5035714285714 50.0 20.0
vertex 349.7535714285714 52.0 30.5
endloop
endfacet
facet normal -0.9929882741949438 0.0 0.11821288978511237
outer loop
vertex 348.5035714285714 145.0 20.0
vertex 349.7535714285714 52.0 30.5
vertex 349.7535714285714 145.0 30.5
endloop
endfacet
facet normal 0.0 0.0 0.9999999999999999
outer loop
vertex 349.7535714285714 52.0 30.5
vertex 359.95357142857137 52.0 30.5
vertex 359.95357142857137 145.0 30.5
endloop
endfacet
facet normal 0.0 -0.0 0.9999999999999999
outer loop
vertex 349.7535714285714 52.0 30.5
vertex 359.95357142857137 145.0 30.5
vertex 349.7535714285714 145.0 30.5
endloop
endfacet

endsolid 26_A#2
solid 27_B2
facet normal 0.0 0.0 -1.0
outer loop
vertex 374.35714285714283 0.0 0.0
vertex 351.9285714285714 0.0 0.0
vertex 351.9285714285714 50.0 0.0
endloop
endfacet
facet normal 0.0 0.0 -1.0
outer loop
vertex 374.3571428571428 145.0 0.0
vertex 374.35714285714283 50.0 0.0
vertex 374.35714285714283 0.0 0.0
endloop
endfacet
facet normal 0.0 0.0 -1.0
outer loop
vertex 362.20357142857137 145.0 0.0
vertex 374.3571428571428 145.0 0.0
vertex 374.35714285714283 0.0 0.0
endloop
endfacet
facet normal 0.0 0.0 -1.0
outer loop
vertex 362.20357142857137 50.0 0.0
vertex 362.20357142857137 145.0 0.0
vertex 374.35714285714283 0.0 0.0
endloop
endfacet
facet normal 0.0 0.0 -1.0
outer loop
vertex 351.9285714285714 50.0 0.0
vertex 362.20357142857137 50.0 0.0
vertex 374.35714285714283 0.0 0.0
endloop
endfacet
facet normal -0.0 0.0 1.0
outer loop
vertex 351.9285714285714 50.0 20.0
vertex 351.9285714285714 0.0 20.0
vertex 374.35714285714283 0.0 20.0
endloop
endfacet
facet normal 0.0 -0.0 1.0
outer loop
vertex 374.35714285714283 0.0 20.0
vertex 374.35714285714283 50.0 20.0
vertex 374.3571428571428 145.0 20.0
endloop
endfacet
facet normal 0.0 0.0 1.0
outer loop
vertex 374.35714285714283 0.0 20.0
vertex 374.3571428571428 145.0 20.0
vertex 362.20357142857137 145.0 20.0
endloop
endfacet
facet normal 0.0 0.0 1.0
outer loop
vertex 374.35714285714283 0.0 20.0
vertex 362.20357142857137 145.0 20.0
vertex 362.20357142857137 50.0 20.0
endloop
endfacet
facet normal 0.0 0.0 1.0
outer loop
vertex 374.35714285714283 0.0 20.0
vertex 362.20357142857137 50.0 20.0
vertex 351.9285714285714 50.0 20.0
endloop
endfacet
facet normal -0.0 -0.9999999999999999 -0.0
outer loop
vertex 374.35714285714283 0.0 20.0
vertex 351.9285714285714 0.0 20.0
vertex 374.35714285714283 0.0 0.0
endloop
endfacet
facet normal -0.0 -0.9999999999999999 -0.0
outer loop
vertex 374.35714285714283 0.0 0.0
vertex 351.9285714285714 0.0 20.0
vertex 351.9285714285714 0.0 0.0
endloop
endfacet
facet normal 1.0 0.0 0.0
outer loop
vertex 374.35714285714283 50.0 20.0
vertex 374.35714285714283 0.0 20.0
vertex 374.35714285714283 50.0 0.0
endloop
endfacet
facet normal 1.0 0.0 0.0
outer loop
vertex 374.35714285714283 50.0 0.0
vertex 374.35714285714283 0.0 20.0
vertex 374.35714285714283 0.0 0.0
endloop
endfacet
facet normal 1.0 5.983517774821896e-16 0.0
outer loop
vertex 374.3571428571428 145.0 20.0
vertex 374.35714285714283 50.0 20.0
vertex 374.3571428571428 145.0 0.0
endloop
endfacet
facet normal 1.0 5.983517774821896e-16 0.0
outer loop
vertex 374.3571428571428 145.0 0.0
vertex 374.35714285714283 50.0 20.0
vertex 374.35714285714283 50.0 0.0
endloop
endfacet
facet normal -0.0 1.0 0.0
outer loop
vertex 362.20357142857137 145.0 20.0
vertex 374.3571428571428 145.0 20.0
vertex 362.20357142857137 145.0 0.0
endloop
endfacet
facet normal -0.0 1.0 0.0
outer loop
vertex 362.20357142857137 145.0 0.0
vertex 374.3571428571428 145.0 20.0
vertex 374.3571428571428 145.0 0.0
endloop
endfacet
facet normal -1.0 0.0 -0.0
outer loop
vertex 362.20357142857137 50.0 20.0
vertex 362.20357142857137 145.0 20.0
vertex 362.20357142857137 50.0 0.0
endloop
endfacet
facet normal -1.0 0.0 0.0
outer loop
vertex 362.20357142857137 50.0 0.0
vertex 362.20357142857137 145.0 20.0
vertex 362.20357142857137 145.0 0.0
endloop
endfacet
facet normal -1.0 0.0 -0.0
outer loop
vertex 351.9285714285714 0.0 20.0
vertex 351.9285714285714 50.0 20.0
vertex 351.9285714285714 0.0 0.0
endloop
endfacet
facet normal -1.0 0.0 0.0
outer loop
vertex 351.9285714285714 0.0 0.0
vertex 351.9285714285714 50.0 20.0
vertex 351.9285714285714 50.0 0.0
endloop
endfacet
facet normal -0.0 1.0 0.0
outer loop
vertex 351.9285714285714 50.0 20.0
vertex 362.20357142857137 50.0 20.0
vertex 351.9285714285714 50.0 0.0
endloop
endfacet
facet normal -0.0 1.0 0.0
outer loop
vertex 351.9285714285714 50.0 0.0
vertex 362.20357142857137 50.0 20.0
vertex 362.20357142857137 50.0 0.0
endloop
endfacet

endsolid 27_B2
solid 28_C3
facet normal 0.0 0.0 -1.0
outer loop
vertex 397.7857142857143 0.0 0.0
vertex 375.35714285714283 0.0 0.0
vertex 375.35714285714283 50.0 0.0
endloop
endfacet
facet normal 0.0 0.0 -1.0
outer loop
vertex 388.65238095238095 50.0 0.0
vertex 397.7857142857143 50.0 0.0
vertex 397.7857142857143 0.0 0.0
endloop
endfacet
facet normal 0.0 0.0 -1.0
outer loop
vertex 375.35714285714283 145.0 0.0
vertex 388.65238095238095 145.0 0.0
vertex 388.65238095238095 50.0 0.0
endloop
endfacet
facet normal 0.0 0.0 -1.0
outer loop
vertex 375.35714285714283 50.0 0.0
vertex 375.35714285714283 145.0 0.0
vertex 388.65238095238095 50.0 0.0
endloop
endfacet
facet normal 0.0 0.0 -1.0
outer loop
vertex 397.7857142857143 0.0 0.0
vertex 375.35714285714283 50.0 0.0
vertex 388.65238095238095 50.0 0.0
endloop
endfacet
facet normal -0.0 0.0 1.0
outer loop
vertex 375.35714285714283 50.0 20.0
vertex 375.35714285714283 0.0 20.0
vertex 397.7857142857143 0.0 20.0
endloop
endfacet
facet normal 0.0 -0.0 1.0
outer loop
vertex 397.7857142857143 0.0 20.0
vertex 397.7857142857143 50.0 20.0
vertex 388.65238095238095 50.0 20.0
endloop
endfacet
facet normal 0.0 -0.0 1.0
outer loop
vertex 388.65238095238095 50.0 20.0
vertex 388.65238095238095 145.0 20.0
vertex 375.35714285714283 145.0 20.0
endloop
endfacet
facet normal 0.0 0.0 1.0
outer loop
vertex 388.65238095238095 50.0 20.0
vertex 375.35714285714283 145.0 20.0
vertex 375.35714285714283 50.0 20.0
endloop
endfacet
facet normal 0.0 0.0 1.0
outer loop
vertex 388.65238095238095 50.0 20.0
vertex 375.35714285714283 50.0 20.0
vertex 397.7857142857143 0.0 20.0
endloop
endfacet
facet normal -0.0 -0.9999999999999999 -0.0
outer loop
vertex 397.7857142857143 0.0 20.0
vertex 375.35714285714283 0.0 20.0
vertex 397.7857142857143 0.0 0.0
endloop
endfacet
facet normal -0.0 -0.9999999999999999 -0.0
outer loop
vertex 397.7857142857143 0.0 0.0
vertex 375.35714285714283 0.0 20.0
vertex 375.35714285714283 0.0 0.0
endloop
endfacet
facet normal 1.0 0.0 0.0
outer loop
vertex 397.7857142857143 50.0 20.0
vertex 397.7857142857143 0.0 20.0
vertex 397.7857142857143 50.0 0.0
endloop
endfacet
facet normal 1.0 0.0 0.0
outer loop
vertex 397.7857142857143 50.0 0.0
vertex 397.7857142857143 0.0 20.0
vertex 397.7857142857143 0.0 0.0
endloop
endfacet
facet normal -0.0 1.0 0.0
outer loop
vertex 388.65238095238095 50.0 20.0
vertex 397.7857142857143 50.0 20.0
vertex 388.65238095238095 50.0 0.0
endloop
endfacet
facet normal -0.0 1.0 0.0
outer loop
vertex 388.65238095238095 50.0 0.0
vertex 397.7857142857143 50.0 20.0
vertex 397.7857142857143 50.0 0.0
endloop
endfacet
facet normal 1.0 0.0 0.0
outer loop
vertex 388.65238095238095 145.0 20.0
vertex 388.65238095238095 50.0 20.0
vertex 388.65238095238095 145.0 0.0
endloop
endfacet
facet normal 1.0 0.0 0.0
outer loop
vertex 388.65238095238095 145.0 0.0
vertex 388.65238095238095 50.0 20.0
vertex 388.65238095238095 50.0 0.0
endloop
endfacet
facet normal -0.0 1.0 0.0
outer loop
vertex 375.35714285714283 145.0 20.0
vertex 388.65238095238095 145.0 20.0
vertex 375.35714285714283 145.0 0.0
endloop
endfacet
facet normal -0.0 1.0 0.0
outer loop
vertex 375.35714285714283 145.0 0.0
vertex 388.65238095238095 145.0 20.0
vertex 388.65238095238095 145.0 0.0
endloop
endfacet
facet normal -1.0 0.0 -0.0
outer loop
vertex 375.35714285714283 0.0 20.0
vertex 375.35714285714283 50.0 20.0
vertex 375.35714285714283 0.0 0.0
endloop
endfacet
facet normal -1.0 0.0 0.0
outer loop
vertex 375.35714285714283 0.0 0.0
vertex 375.35714285714283 50.0 20.0
vertex 375.35714285714283 50.0 0.0
endloop
endfacet
facet normal -1.0 0.0 -0.0
outer loop
vertex 375.35714285714283 50.0 20.0
vertex 375.35714285714283 145.0 20.0
vertex 375.35714285714283 50.0 0.0
endloop
endfacet
facet normal -1.0 0.0 0.0
outer loop
vertex 375.35714285714283 50.0 0.0
vertex 375.35714285714283 145.0 20.0
vertex 375.35714285714283 145.0 0.0
endloop
endfacet

endsolid 28_C3
solid 29_C#3
facet normal 0.0 0.0 -1.0
outer loop
vertex 389.65238095238095 50.0 0.0
vertex 389.65238095238095 145.0 0.0
vertex 402.35238095238094 145.0 0.0
endloop
endfacet
facet normal 0.0 0.0 -1.0
outer loop
vertex 389.65238095238095 50.0 0.0
vertex 402.35238095238094 145.0 0.0
vertex 402.35238095238094 50.0 0.0
endloop
endfacet
facet normal 0.0 -1.0 0.0
outer loop
vertex 389.65238095238095 50.0 0.0
vertex 402.35238095238094 50.0 0.0
vertex 402.35238095238094 50.0 20.0
endloop
endfacet
facet normal 0.0 -1.0 0.0
outer loop
vertex 389.65238095238095 50.0 0.0
vertex 402.35238095238094 50.0 20.0
vertex 389.65238095238095 50.0 20.0
endloop
endfacet
facet normal 1.0 0.0 0.0
outer loop
vertex 402.35238095238094 50.0 0.0
vertex 402.35238095238094 145.0 0.0
vertex 402.35238095238094 145.0 20.0
endloop
endfacet
facet normal 1.0 0.0 -0.0
outer loop
vertex 402.35238095238094 50.0 0.0
vertex 402.35238095238094 145.0 20.0
vertex 402.35238095238094 50.0 20.0
endloop
endfacet
facet normal 0.0 1.0 -0.0
outer loop
vertex 402.35238095238094 145.0 0.0
vertex 389.65238095238095 145.0 0.0
vertex 389.65238095238095 145.0 20.0
endloop
endfacet
facet normal 0.0 1.0 -0.0
outer loop
vertex 402.35238095238094 145.0 0.0
vertex 389.65238095238095 145.0 20.0
vertex 402.35238095238094 145.0 20.0
endloop
endfacet
facet normal -1.0 0.0 0.0
outer loop
vertex 389.65238095238095 145.0 0.0
vertex 389.65238095238095 50.0 0.0
vertex 389.65238095238095 50.0 20.0
endloop
endfacet
facet normal -1.0 0.0 0.0
outer loop
vertex 389.65238095238095 145.0 0.0
vertex 389.65238095238095 50.0 20.0
vertex 389.65238095238095 145.0 20.0
endloop
endfacet
facet normal 0.0 -0.9823385664224746 0.1871121078899952
outer loop
vertex 389.65238095238095 50.0 20.0
vertex 402.35238095238094 50.0 20.0
vertex 401.10238095238094 52.0 30.5
endloop
endfacet
facet normal 0.0 -0.9823385664224746 0.18711210788999516
outer loop
vertex 389.65238095238095 50.0 20.0
vertex 401.10238095238094 52.0 30.5
vertex 390.90238095238095 52.0 30.5
endloop
endfacet
facet normal 0.9929882741949437 -0.0 0.11821288978511235
outer loop
vertex 402.35238095238094 50.0 20.0
vertex 402.35238095238094 145.0 20.0
vertex 401.10238095238094 145.0 30.5
endloop
endfacet
facet normal 0.9929882741949438 0.0 0.11821288978511237
outer loop
vertex 402.35238095238094 50.0 20.0
vertex 401.10238095238094 145.0 30.5
vertex 401.10238095238094 52.0 30.5
endloop
endfacet
facet normal 0.0 1.0 -0.0
outer loop
vertex 402.35238095238094 145.0 20.0
vertex 389.65238095238095 145.0 20.0
vertex 390.90238095238095 145.0 30.5
endloop
endfacet
facet normal 0.0 1.0 -0.0
outer loop
vertex 402.35238095238094 145.0 20.0
vertex 390.90238095238095 145.0 30.5
vertex 401.10238095238094 145.0 30.5
endloop
endfacet
facet normal -0.9929882741949437 0.0 0.11821288978511235
outer loop
vertex 389.65238095238095 145.0 20.0
vertex 389.65238095238095 50.0 20.0
vertex 390.90238095238095 52.0 30.5
endloop
endfacet
facet normal -0.9929882741949438 0.0 0.11821288978511237
outer loop
vertex 389.65238095238095 145.0 20.0
vertex 390.90238095238095 52.0 30.5
vertex 390.90238095238095 145.0 30.5
endloop
endfacet
facet normal 0.0 0.0 0.9999999999999999
outer loop
vertex 390.90238095238095 52.0 30.5
vertex 401.10238095238094 52.0 30.5
vertex 401.10238095238094 145.0 30.5
endloop
endfacet
facet normal 0.0 -0.0 0.9999999999999999
outer loop
vertex 390.90238095238095 52.0 30.5
vertex 401.10238095238094 145.0 30.5
vertex 390.90238095238095 145.0 30.5
endloop
endfacet

endsolid 29_C#3
solid 30_D3
facet normal 0.0 0.0 -1.0
outer loop
vertex 421.2142857142857 0.0 0.0
vertex 398.7857142857143 0.0 0.0
vertex 398.7857142857143 50.0 0.0
endloop
endfacet
facet normal 0.0 0.0 -1.0
outer loop
vertex 416.64761904761906 50.0 0.0
vertex 421.2142857142857 50.0 0.0
vertex 421.2142857142857 0.0 0.0
endloop
endfacet
facet normal 0.0 0.0 -1.0
outer loop
vertex 403.35238095238094 145.0 0.0
vertex 416.64761904761906 145.0 0.0
vertex 416.64761904761906 50.0 0.0
endloop
endfacet
facet normal 0.0 0.0 -1.0
outer loop
vertex 403.35238095238094 50.0 0.0
vertex 403.35238095238094 145.0 0.0
vertex 416.64761904761906 50.0 0.0
endloop
endfacet
facet normal 0.0 0.0 -1.0
outer loop
vertex 421.2142857142857 0.0 0.0
vertex 398.7857142857143 50.0 0.0
vertex 403.35238095238094 50.0 0.0
endloop
endfacet
facet normal -0.0 -0.0 -1.0
outer loop
vertex 416.64761904761906 50.0 0.0
vertex 421.2142857142857 0.0 0.0
vertex 403.35238095238094 50.0 0.0
endloop
endfacet
facet normal -0.0 0.0 1.0
outer loop
vertex 398.7857142857143 50.0 20.0
vertex 398.7857142857143 0.0 20.0
vertex 421.2142857142857 0.0 20.0
endloop
endfacet
facet normal 0.0 -0.0 1.0
outer loop
vertex 421.2142857142857 0.0 20.0
vertex 421.2142857142857 50.0 20.0
vertex 416.64761904761906 50.0 20.0
endloop
endfacet
facet normal 0.0 -0.0 1.0
outer loop
vertex 416.64761904761906 50.0 20.0
vertex 416.64761904761906 145.0 20.0
vertex 403.35238095238094 145.0 20.0
endloop
endfacet
facet normal 0.0 0.0 1.0
outer loop
vertex 416.64761904761906 50.0 20.0
vertex 403.35238095238094 145.0 20.0
vertex 403.35238095238094 50.0 20.0
endloop
endfacet
facet normal 0.0 0.0 1.0
outer loop
vertex 403.35238095238094 50.0 20.0
vertex 398.7857142857143 50.0 20.0
vertex 421.2142857142857 0.0 20.0
endloop
endfacet
facet normal -0.0 -0.0 1.0
outer loop
vertex 403.35238095238094 50.0 20.0
vertex 421.2142857142857 0.0 20.0
vertex 416.64761904761906 50.0 20.0
endloop
endfacet
facet normal -0.0 -0.9999999999999999 -0.0
outer loop
vertex 421.2142857142857 0.0 20.0
vertex 398.7857142857143 0.0 20.0
vertex 421.2142857142857 0.0 0.0
endloop
endfacet
facet normal -0.0 -0.9999999999999999 -0.0
outer loop
vertex 421.2142857142857 0.0 0.0
vertex 398.7857142857143 0.0 20.0
vertex 398.7857142857143 0.0 0.0
endloop
endfacet
facet normal 1.0 0.0 0.0
outer loop
vertex 421.2142857142857 50.0 20.0
vertex 421.2142857142857 0.0 20.0
vertex 421.2142857142857 50.0 0.0
endloop
endfacet
facet normal 1.0 0.0 0.0
outer loop
vertex 421.2142857142857 50.0 0.0
vertex 421.2142857142857 0.0 20.0
vertex 421.2142857142857 0.0 0.0
endloop
endfacet
facet normal -0.0 1.0 0.0
outer loop
vertex 416.64761904761906 50.0 20.0
vertex 421.2142857142857 50.0 20.0
vertex 416.64761904761906 50.0 0.0
endloop
endfacet
facet normal -0.0 1.0 0.0
outer loop
vertex 416.64761904761906 50.0 0.0
vertex 421.2142857142857 50.0 20.0
vertex 421.2142857142857 50.0 0.0
endloop
endfacet
facet normal 1.0 0.0 0.0
outer loop
vertex 416.64761904761906 145.0 20.0
vertex 416.64761904761906 50.0 20.0
vertex 416.64761904761906 145.0 0.0
endloop
endfacet
facet normal 1.0 0.0 0.0
outer loop
vertex 416.64761904761906 145.0 0.0
vertex 416.64761904761906 50.0 20.0
vertex 416.64761904761906 50.0 0.0
endloop
endfacet
facet normal -0.0 1.0 0.0
outer loop
vertex 403.35238095238094 145.0 20.0
vertex 416.64761904761906 145.0 20.0
vertex 403.35238095238094 145.0 0.0
endloop
endfacet
facet normal -0.0 1.0 0.0
outer loop
vertex 403.35238095238094 145.0 0.0
vertex 416.64761904761906 145.0 20.0
vertex 416.64761904761906 145.0 0.0
endloop
endfacet
facet normal -1.0 0.0 -0.0
outer loop
vertex 403.35238095238094 50.0 20.0
vertex 403.35238095238094 145.0 20.0
vertex 403.35238095238094 50.0 0.0
endloop
endfacet
facet normal -1.0 0.0 0.0
outer loop
vertex 403.35238095238094 50.0 0.0
vertex 403.35238095238094 145.0 20.0
vertex 403.35238095238094 145.0 0.0
endloop
endfacet
facet normal -1.0 0.0 -0.0
outer loop
vertex 398.7857142857143 0.0 20.0
vertex 398.7857142857143 50.0 20.0
vertex 398.7857142857143 0.0 0.0
endloop
endfacet
facet normal -1.0 0.0 0.0
outer loop
vertex 398.7857142857143 0.0 0.0
vertex 398.7857142857143 50.0 20.0
vertex 398.7857142857143 50.0 0.0
endloop
endfacet
facet normal -0.0 1.0 0.0
outer loop
vertex 398.7857142857143 50.0 20.0
vertex 403.35238095238094 50.0 20.0
vertex 398.7857142857143 50.0 0.0
endloop
endfacet
facet normal -0.0 1.0 0.0
outer loop
vertex 398.7857142857143 50.0 0.0
vertex 403.35238095238094 50.0 20.0
vertex 403.35238095238094 50.0 0.0
endloop
endfacet

endsolid 30_D3
solid 31_D#3
facet normal 0.0 0.0 -1.0
outer loop
vertex 417.64761904761906 50.0 0.0
vertex 417.64761904761906 145.0 0.0
vertex 430.34761904761905 145.0 0.0
endloop
endfacet
facet normal 0.0 0.0 -1.0
outer loop
vertex 417.64761904761906 50.0 0.0
vertex 430.34761904761905 145.0 0.0
vertex 430.34761904761905 50.0 0.0
endloop
endfacet
facet normal 0.0 -1.0 0.0
outer loop
vertex 417.64761904761906 50.0 0.0
vertex 430.34761904761905 50.0 0.0
vertex 430.34761904761905 50.0 20.0
endloop
endfacet
facet normal 0.0 -1.0 0.0
outer loop
vertex 417.64761904761906 50.0 0.0
vertex 430.34761904761905 50.0 20.0
vertex 417.64761904761906 50.0 20.0
endloop
endfacet
facet normal 1.0 0.0 0.0
outer loop
vertex 430.34761904761905 50.0 0.0
vertex 430.34761904761905 145.0 0.0
vertex 430.34761904761905 145.0 20.0
endloop
endfacet
facet normal 1.0 0.0 -0.0
outer loop
vertex 430.34761904761905 50.0 0.0
vertex 430.34761904761905 145.0 20.0
vertex 430.34761904761905 50.0 20.0
endloop
endfacet
facet normal 0.0 1.0 -0.0
outer loop
vertex 430.34761904761905 145.0 0.0
vertex 417.64761904761906 145.0 0.0
vertex 417.64761904761906 145.0 20.0
endloop
endfacet
facet normal 0.0 1.0 -0.0
outer loop
vertex 430.34761904761905 145.0 0.0
vertex 417.64761904761906 145.0 20.0
vertex 430.34761904761905 145.0 20.0
endloop
endfacet
facet normal -1.0 0.0 0.0
outer loop
vertex 417.64761904761906 145.0 0.0
vertex 417.64761904761906 50.0 0.0
vertex 417.64761904761906 50.0 20.0
endloop
endfacet
facet normal -1.0 0.0 0.0
outer loop
vertex 417.64761904761906 145.0 0.0
vertex 417.64761904761906 50.0 20.0
vertex 417.64761904761906 145.0 20.0
endloop
endfacet
facet normal 0.0 -0.9823385664224746 0.1871121078899952
outer loop
vertex 417.64761904761906 50.0 20.0
vertex 430.34761904761905 50.0 20.0
vertex 429.09761904761905 52.0 30.5
endloop
endfacet
facet normal 0.0 -0.9823385664224746 0.18711210788999516
outer loop
vertex 417.64761904761906 50.0 20.0
vertex 429.09761904761905 52.0 30.5
vertex 418.89761904761906 52.0 30.5
endloop
endfacet
facet normal 0.9929882741949437 -0.0 0.11821288978511235
outer loop
vertex 430.34761904761905 50.0 20.0
vertex 430.34761904761905 145.0 20.0
vertex 429.09761904761905 145.0 30.5
endloop
endfacet
facet normal 0.9929882741949438 0.0 0.11821288978511237
outer loop
vertex 430.34761904761905 50.0 20.0
vertex 429.09761904761905 145.0 30.5
vertex 429.09761904761905 52.0 30.5
endloop
endfacet
facet normal 0.0 1.0 -0.0
outer loop
vertex 430.34761904761905 145.0 20.0
vertex 417.64761904761906 145.0 20.0
vertex 418.89761904761906 145.0 30.5
endloop
endfacet
facet normal 0.0 1.0 -0.0
outer loop
vertex 430.34761904761905 145.0 20.0
vertex 418.89761904761906 145.0 30.5
vertex 429.09761904761905 145.0 30.5
endloop
endfacet
facet normal -0.9929882741949437 0.0 0.11821288978511235
outer loop
vertex 417.64761904761906 145.0 20.0
vertex 417.64761904761906 50.0 20.0
vertex 418.89761904761906 52.0 30.5
endloop
endfacet
facet normal -0.9929882741949438 0.0 0.11821288978511237
outer loop
vertex 417.64761904761906 145.0 20.0
vertex 418.89761904761906 52.0 30.5
vertex 418.89761904761906 145.0 30.5
endloop
endfacet
facet normal 0.0 0.0 0.9999999999999999
outer loop
vertex 418.89761904761906 52.0 30.5
vertex 429.09761904761905 52.0 30.5
vertex 429.09761904761905 145.0 30.5
endloop
endfacet
facet normal 0.0 -0.0 0.9999999999999999
outer loop
vertex 418.89761904761906 52.0 30.5
vertex 429.09761904761905 145.0 30.5
vertex 418.89761904761906 145.0 30.5
endloop
endfacet

endsolid 31_D#3
solid 32_E3
facet normal 0.0 0.0 -1.0
outer loop
vertex 444.6428571428571 0.0 0.0
vertex 422.21428571428567 0.0 0.0
vertex 422.21428571428567 50.0 0.0
endloop
endfacet
facet normal 0.0 -0.0 -1.0
outer loop
vertex 431.34761904761905 145.0 0.0
vertex 444.64285714285717 145.0 0.0
vertex 444.6428571428571 50.0 0.0
endloop
endfacet
facet normal 0.0 0.0 -1.0
outer loop
vertex 431.34761904761905 50.0 0.0
vertex 431.34761904761905 145.0 0.0
vertex 444.6428571428571 50.0 0.0
endloop
endfacet
facet normal 0.0 0.0 -0.9999999999999999
outer loop
vertex 444.6428571428571 0.0 0.0
vertex 422.21428571428567 50.0 0.0
vertex 431.34761904761905 50.0 0.0
endloop
endfacet
facet normal -0.0 -0.0 -1.0
outer loop
vertex 444.6428571428571 50.0 0.0
vertex 444.6428571428571 0.0 0.0
vertex 431.34761904761905 50.0 0.0
endloop
endfacet
facet normal -0.0 0.0 1.0
outer loop
vertex 422.21428571428567 50.0 20.0
vertex 422.21428571428567 0.0 20.0
vertex 444.6428571428571 0.0 20.0
endloop
endfacet
facet normal 0.0 -0.0 1.0
outer loop
vertex 444.6428571428571 50.0 20.0
vertex 444.64285714285717 145.0 20.0
vertex 431.34761904761905 145.0 20.0
endloop
endfacet
facet normal 0.0 0.0 1.0
outer loop
vertex 444.6428571428571 50.0 20.0
vertex 431.34761904761905 145.0 20.0
vertex 431.34761904761905 50.0 20.0
endloop
endfacet
facet normal 0.0 0.0 0.9999999999999999
outer loop
vertex 431.34761904761905 50.0 20.0
vertex 422.21428571428567 50.0 20.0
vertex 444.6428571428571 0.0 20.0
endloop
endfacet
facet normal -0.0 0.0 1.0
outer loop
vertex 431.34761904761905 50.0 20.0
vertex 444.6428571428571 0.0 20.0
vertex 444.6428571428571 50.0 20.0
endloop
endfacet
facet normal -0.0 -0.9999999999999999 -0.0
outer loop
vertex 444.6428571428571 0.0 20.0
vertex 422.21428571428567 0.0 20.0
vertex 444.6428571428571 0.0 0.0
endloop
endfacet
facet normal -0.0 -0.9999999999999999 -0.0
outer loop
vertex 444.6428571428571 0.0 0.0
vertex 422.21428571428567 0.0 20.0
vertex 422.21428571428567 0.0 0.0
endloop
endfacet
facet normal 1.0 0.0 0.0
outer loop
vertex 444.6428571428571 50.0 20.0
vertex 444.6428571428571 0.0 20.0
vertex 444.6428571428571 50.0 0.0
endloop
endfacet
facet normal 1.0 0.0 0.0
outer loop
vertex 444.6428571428571 50.0 0.0
vertex 444.6428571428571 0.0 20.0
vertex 444.6428571428571 0.0 0.0
endloop
endfacet
facet normal 1.0 -5.983517774821896e-16 0.0
outer loop
vertex 444.64285714285717 145.0 20.0
vertex 444.6428571428571 50.0 20.0
vertex 444.64285714285717 145.0 0.0
endloop
endfacet
facet normal 1.0 -5.983517774821896e-16 0.0
outer loop
vertex 444.64285714285717 145.0 0.0
vertex 444.6428571428571 50.0 20.0
vertex 444.6428571428571 50.0 0.0
endloop
endfacet
facet normal -0.0 1.0 0.0
outer loop
vertex 431.34761904761905 145.0 20.0
vertex 444.64285714285717 145.0 20.0
vertex 431.34761904761905 145.0 0.0
endloop
endfacet
facet normal -0.0 1.0 0.0
outer loop
vertex 431.34761904761905 145.0 0.0
vertex 444.64285714285717 145.0 20.0
vertex 444.64285714285717 145.0 0.0
endloop
endfacet
facet normal -1.0 0.0 -0.0
outer loop
vertex 431.34761904761905 50.0 20.0
vertex 431.34761904761905 145.0 20.0
vertex 431.34761904761905 50.0 0.0
endloop
endfacet
facet normal -1.0 0.0 0.0
outer loop
vertex 431.34761904761905 50.0 0.0
vertex 431.34761904761905 145.0 20.0
vertex 431.34761904761905 145.0 0.0
endloop
endfacet
facet normal -1.0 0.0 -0.0
outer loop
vertex 422.21428571428567 0.0 20.0
vertex 422.21428571428567 50.0 20.0
vertex 422.21428571428567 0.0 0.0
endloop
endfacet
facet normal -1.0 0.0 0.0
outer loop
vertex 422.21428571428567 0.0 0.0
vertex 422.21428571428567 50.0 20.0
vertex 422.21428571428567 50.0 0.0
endloop
endfacet
facet normal -0.0 1.0 0.0
outer loop
vertex 422.21428571428567 50.0 20.0
vertex 431.34761904761905 50.0 20.0
vertex 422.21428571428567 50.0 0.0
endloop
endfacet
facet normal -0.0 1.0 0.0
outer loop
vertex 422.21428571428567 50.0 0.0
vertex 431.34761904761905 50.0 20.0
vertex 431.34761904761905 50.0 0.0
endloop
endfacet

endsolid 32_E3
solid 33_F3
facet normal 0.0 0.0 -1.0
outer loop
vertex 468.07142857142856 0.0 0.0
vertex 445.6428571428571 0.0 0.0
vertex 445.64285714285717 50.0 0.0
endloop
endfacet
facet normal 0.0 0.0 -1.0
outer loop
vertex 457.7964285714286 50.0 0.0
vertex 468.07142857142856 50.0 0.0
vertex 468.07142857142856 0.0 0.0
endloop
endfacet
facet normal 0.0 0.0 -1.0
outer loop
vertex 445.64285714285717 145.0 0.0
vertex 457.7964285714286 145.0 0.0
vertex 457.7964285714286 50.0 0.0
endloop
endfacet
facet normal 0.0 0.0 -1.0
outer loop
vertex 445.64285714285717 50.0 0.0
vertex 445.64285714285717 145.0 0.0
vertex 457.7964285714286 50.0 0.0
endloop
endfacet
facet normal 0.0 0.0 -0.9999999999999999
outer loop
vertex 468.07142857142856 0.0 0.0
vertex 445.64285714285717 50.0 0.0
vertex 457.7964285714286 50.0 0.0
endloop
endfacet
facet normal -0.0 0.0 1.0
outer loop
vertex 445.64285714285717 50.0 20.0
vertex 445.6428571428571 0.0 20.0
vertex 468.07142857142856 0.0 20.0
endloop
endfacet
facet normal 0.0 -0.0 1.0
outer loop
vertex 468.07142857142856 0.0 20.0
vertex 468.07142857142856 50.0 20.0
vertex 457.7964285714286 50.0 20.0
endloop
endfacet
facet normal 0.0 -0.0 1.0
outer loop
vertex 457.7964285714286 50.0 20.0
vertex 457.7964285714286 145.0 20.0
vertex 445.64285714285717 145.0 20.0
endloop
endfacet
facet normal 0.0 0.0 1.0
outer loop
vertex 457.7964285714286 50.0 20.0
vertex 445.64285714285717 145.0 20.0
vertex 445.64285714285717 50.0 20.0
endloop
endfacet
facet normal 0.0 0.0 0.9999999999999999
outer loop
vertex 457.7964285714286 50.0 20.0
vertex 445.64285714285717 50.0 20.0
vertex 468.07142857142856 0.0 20.0
endloop
endfacet
facet normal -0.0 -0.9999999999999999 -0.0
outer loop
vertex 468.07142857142856 0.0 20.0
vertex 445.6428571428571 0.0 20.0
vertex 468.07142857142856 0.0 0.0
endloop
endfacet
facet normal -0.0 -0.9999999999999999 -0.0
outer loop
vertex 468.07142857142856 0.0 0.0
vertex 445.6428571428571 0.0 20.0
vertex 445.6428571428571 0.0 0.0
endloop
endfacet
facet normal 1.0 0.0 0.0
outer loop
vertex 468.07142857142856 50.0 20.0
vertex 468.07142857142856 0.0 20.0
vertex 468.07142857142856 50.0 0.0
endloop
endfacet
facet normal 1.0 0.0 0.0
outer loop
vertex 468.07142857142856 50.0 0.0
vertex 468.07142857142856 0.0 20.0
vertex 468.07142857142856 0.0 0.0
endloop
endfacet
facet normal -0.0 1.0 0.0
outer loop
vertex 457.7964285714286 50.0 20.0
vertex 468.07142857142856 50.0 20.0
vertex 457.7964285714286 50.0 0.0
endloop
endfacet
facet normal -0.0 1.0 0.0
outer loop
vertex 457.7964285714286 50.0 0.0
vertex 468.07142857142856 50.0 20.0
vertex 468.07142857142856 50.0 0.0
endloop
endfacet
facet normal 1.0 0.0 0.0
outer loop
vertex 457.7964285714286 145.0 20.0
vertex 457.7964285714286 50.0 20.0
vertex 457.7964285714286 145.0 0.0
endloop
endfacet
facet normal 1.0 0.0 0.0
outer loop
vertex 457.7964285714286 145.0 0.0
vertex 457.7964285714286 50.0 20.0
vertex 457.7964285714286 50.0 0.0
endloop
endfacet
facet normal -0.0 1.0 0.0
outer loop
vertex 445.64285714285717 145.0 20.0
vertex 457.7964285714286 145.0 20.0
vertex 445.64285714285717 145.0 0.0
endloop
endfacet
facet normal -0.0 1.0 0.0
outer loop
vertex 445.64285714285717 145.0 0.0
vertex 457.7964285714286 145.0 20.0
vertex 457.7964285714286 145.0 0.0
endloop
endfacet
facet normal -1.0 1.1368683772161603e-15 0.0
outer loop
vertex 445.6428571428571 0.0 20.0
vertex 445.64285714285717 50.0 20.0
vertex 445.6428571428571 0.0 0.0
endloop
endfacet
facet normal -1.0 1.1368683772161603e-15 0.0
outer loop
vertex 445.6428571428571 0.0 0.0
vertex 445.64285714285717 50.0 20.0
vertex 445.64285714285717 50.0 0.0
endloop
endfacet
facet normal -1.0 0.0 -0.0
outer loop
vertex 445.64285714285717 50.0 20.0
vertex 445.64285714285717 145.0 20.0
vertex 445.64285714285717 50.0 0.0
endloop
endfacet
facet normal -1.0 0.0 0.0
outer loop
vertex 445.64285714285717 50.0 0.0
vertex 445.64285714285717 145.0 20.0
vertex 445.64285714285717 145.0 0.0
endloop
endfacet

endsolid 33_F3
solid 34_F#3
facet normal 0.0 0.0 -1.0
outer loop
vertex 458.7964285714286 50.0 0.0
vertex 458.7964285714286 145.0 0.0
vertex 471.49642857142857 145.0 0.0
endloop
endfacet
facet normal 0.0 0.0 -1.0
outer loop
vertex 458.7964285714286 50.0 0.0
vertex 471.49642857142857 145.0 0.0
vertex 471.49642857142857 50.0 0.0
endloop
endfacet
facet normal 0.0 -1.0 0.0
outer loop
vertex 458.7964285714286 50.0 0.0
vertex 471.49642857142857 50.0 0.0
vertex 471.49642857142857 50.0 20.0
endloop
endfacet
facet normal 0.0 -1.0 0.0
outer loop
vertex 458.7964285714286 50.0 0.0
vertex 471.49642857142857 50.0 20.0
vertex 458.7964285714286 50.0 20.0
endloop
endfacet
facet normal 1.0 0.0 0.0
outer loop
vertex 471.49642857142857 50.0 0.0
vertex 471.49642857142857 145.0 0.0
vertex 471.49642857142857 145.0 20.0
endloop
endfacet
facet normal 1.0 0.0 -0.0
outer loop
vertex 471.49642857142857 50.0 0.0
vertex 471.49642857142857 145.0 20.0
vertex 471.49642857142857 50.0 20.0
endloop
endfacet
facet normal 0.0 1.0 -0.0
outer loop
vertex 471.49642857142857 145.0 0.0
vertex 458.7964285714286 145.0 0.0
vertex 458.7964285714286 145.0 20.0
endloop
endfacet
facet normal 0.0 1.0 -0.0
outer loop
vertex 471.49642857142857 145.0 0.0
vertex 458.7964285714286 145.0 20.0
vertex 471.49642857142857 145.0 20.0
endloop
endfacet
facet normal -1.0 0.0 0.0
outer loop
vertex 458.7964285714286 145.0 0.0
vertex 458.7964285714286 50.0 0.0
vertex 458.7964285714286 50.0 20.0
endloop
endfacet
facet normal -1.0 0.0 0.0
outer loop
vertex 458.7964285714286 145.0 0.0
vertex 458.7964285714286 50.0 20.0
vertex 458.7964285714286 145.0 20.0
endloop
endfacet
facet normal 0.0 -0.9823385664224746 0.1871121078899952
outer loop
vertex 458.7964285714286 50.0 20.0
vertex 471.49642857142857 50.0 20.0
vertex 470.24642857142857 52.0 30.5
endloop
endfacet
facet normal 0.0 -0.9823385664224746 0.18711210788999516
outer loop
vertex 458.7964285714286 50.0 20.0
vertex 470.24642857142857 52.0 30.5
vertex 460.0464285714286 52.0 30.5
endloop
endfacet
facet normal 0.9929882741949437 -0.0 0.11821288978511235
outer loop
vertex 471.49642857142857 50.0 20.0
vertex 471.49642857142857 145.0 20.0
vertex 470.24642857142857 145.0 30.5
endloop
endfacet
facet normal 0.9929882741949438 0.0 0.11821288978511237
outer loop
vertex 471.49642857142857 50.0 20.0
vertex 470.24642857142857 145.0 30.5
vertex 470.24642857142857 52.0 30.5
endloop
endfacet
facet normal 0.0 1.0 -0.0
outer loop
vertex 471.49642857142857 145.0 20.0
vertex 458.7964285714286 145.0 20.0
vertex 460.0464285714286 145.0 30.5
endloop
endfacet
facet normal 0.0 1.0 -0.0
outer loop
vertex 471.49642857142857 145.0 20.0
vertex 460.0464285714286 145.0 30.5
vertex 470.24642857142857 145.0 30.5
endloop
endfacet
facet normal -0.9929882741949437 0.0 0.11821288978511235
outer loop
vertex 458.7964285714286 145.0 20.0
vertex 458.7964285714286 50.0 20.0
vertex 460.0464285714286 52.0 30.5
endloop
endfacet
facet normal -0.9929882741949438 0.0 0.11821288978511237
outer loop
vertex 458.7964285714286 145.0 20.0
vertex 460.0464285714286 52.0 30.5
vertex 460.0464285714286 145.0 30.5
endloop
endfacet
facet normal 0.0 0.0 0.9999999999999999
outer loop
vertex 460.0464285714286 52.0 30.5
vertex 470.24642857142857 52.0 30.5
vertex 470.24642857142857 145.0 30.5
endloop
endfacet
facet normal 0.0 -0.0 0.9999999999999999
outer loop
vertex 460.0464285714286 52.0 30.5
vertex 470.24642857142857 145.0 30.5
vertex 460.0464285714286 145.0 30.5
endloop
endfacet

endsolid 34_F#3
solid 35_G3
facet normal 0.0 0.0 -1.0
outer loop
vertex 491.5 0.0 0.0
vertex 469.07142857142856 0.0 0.0
vertex 469.07142857142856 50.0 0.0
endloop
endfacet
facet normal 0.0 0.0 -1.0
outer loop
vertex 484.65 50.0 0.0
vertex 491.5 50.0 0.0
vertex 491.5 0.0 0.0
endloop
endfacet
facet normal 0.0 0.0 -1.0
outer loop
vertex 472.49642857142857 145.0 0.0
vertex 484.65 145.0 0.0
vertex 484.65 50.0 0.0
endloop
endfacet
facet normal 0.0 0.0 -1.0
outer loop
vertex 472.49642857142857 50.0 0.0
vertex 472.49642857142857 145.0 0.0
vertex 484.65 50.0 0.0
endloop
endfacet
facet normal 0.0 0.0 -1.0
outer loop
vertex 491.5 0.0 0.0
vertex 469.07142857142856 50.0 0.0
vertex 472.49642857142857 50.0 0.0
endloop
endfacet
facet normal -0.0 -0.0 -0.9999999999999999
outer loop
vertex 484.65 50.0 0.0
vertex 491.5 0.0 0.0
vertex 472.49642857142857 50.0 0.0
endloop
endfacet
facet normal -0.0 0.0 1.0
outer loop
vertex 469.07142857142856 50.0 20.0
vertex 469.07142857142856 0.0 20.0
vertex 491.5 0.0 20.0
endloop
endfacet
facet normal 0.0 -0.0 1.0
outer loop
vertex 491.5 0.0 20.0
vertex 491.5 50.0 20.0
vertex 484.65 50.0 20.0
endloop
endfacet
facet normal 0.0 -0.0 1.0
outer loop
vertex 484.65 50.0 20.0
vertex 484.65 145.0 20.0
vertex 472.49642857142857 145.0 20.0
endloop
endfacet
facet normal 0.0 0.0 1.0
outer loop
vertex 484.65 50.0 20.0
vertex 472.49642857142857 145.0 20.0
vertex 472.49642857142857 50.0 20.0
endloop
endfacet
facet normal 0.0 0.0 1.0
outer loop
vertex 472.49642857142857 50.0 20.0
vertex 469.07142857142856 50.0 20.0
vertex 491.5 0.0 20.0
endloop
endfacet
facet normal -0.0 -0.0 0.9999999999999999
outer loop
vertex 472.49642857142857 50.0 20.0
vertex 491.5 0.0 20.0
vertex 484.65 50.0 20.0
endloop
endfacet
facet normal -0.0 -0.9999999999999999 -0.0
outer loop
vertex 491.5 0.0 20.0
vertex 469.07142857142856 0.0 20.0
vertex 491.5 0.0 0.0
endloop
endfacet
facet normal -0.0 -0.9999999999999999 -0.0
outer loop
vertex 491.5 0.0 0.0
vertex 469.07142857142856 0.0 20.0
vertex 469.07142857142856 0.0 0.0
endloop
endfacet
facet normal 1.0 0.0 0.0
outer loop
vertex 491.5 50.0 20.0
vertex 491.5 0.0 20.0
vertex 491.5 50.0 0.0
endloop
endfacet
facet normal 1.0 0.0 0.0
outer loop
vertex 491.5 50.0 0.0
vertex 491.5 0.0 20.0
vertex 491.5 0.0 0.0
endloop
endfacet
facet normal -0.0 1.0 0.0
outer loop
vertex 484.65 50.0 20.0
vertex 491.5 50.0 20.0
vertex 484.65 50.0 0.0
endloop
endfacet
facet normal -0.0 1.0 0.0
outer loop
vertex 484.65 50.0 0.0
vertex 491.5 50.0 20.0
vertex 491.5 50.0 0.0
endloop
endfacet
facet normal 1.0 0.0 0.0
outer loop
vertex 484.65 145.0 20.0
vertex 484.65 50.0 20.0
vertex 484.65 145.0 0.0
endloop
endfacet
facet normal 1.0 0.0 0.0
outer loop
vertex 484.65 145.0 0.0
vertex 484.65 50.0 20.0
vertex 484.65 50.0 0.0
endloop
endfacet
facet normal -0.0 1.0 0.0
outer loop
vertex 472.49642857142857 145.0 20.0
vertex 484.65 145.0 20.0
vertex 472.49642857142857 145.0 0.0
endloop
endfacet
facet normal -0.0 1.0 0.0
outer loop
vertex 472.49642857142857 145.0 0.0
vertex 484.65 145.0 20.0
vertex 484.65 145.0 0.0
endloop
endfacet
facet normal -1.0 0.0 -0.0
outer loop
vertex 472.49642857142857 50.0 20.0
vertex 472.49642857142857 145.0 20.0
vertex 472.49642857142857 50.0 0.0
endloop
endfacet
facet normal -1.0 0.0 0.0
outer loop
vertex 472.49642857142857 50.0 0.0
vertex 472.49642857142857 145.0 20.0
vertex 472.49642857142857 145.0 0.0
endloop
endfacet
facet normal -1.0 0.0 -0.0
outer loop
vertex 469.07142857142856 0.0 20.0
vertex 469.07142857142856 50.0 20.0
vertex 469.07142857142856 0.0 0.0
endloop
endfacet
facet normal -1.0 0.0 0.0
outer loop
vertex 469.07142857142856 0.0 0.0
vertex 469.07142857142856 50.0 20.0
vertex 469.07142857142856 50.0 0.0
endloop
endfacet
facet normal -0.0 1.0 0.0
outer loop
vertex 469.07142857142856 50.0 20.0
vertex 472.49642857142857 50.0 20.0
vertex 469.07142857142856 50.0 0.0
endloop
endfacet
facet normal -0.0 1.0 0.0
outer loop
vertex 469.07142857142856 50.0 0.0
vertex 472.49642857142857 50.0 20.0
vertex 472.49642857142857 50.0 0.0
endloop
endfacet

endsolid 35_G3
solid 36_G#3
facet normal 0.0 0.0 -1.0
outer loop
vertex 485.65 50.0 0.0
vertex 485.65 145.0 0.0
vertex 498.34999999999997 145.0 0.0
endloop
endfacet
facet normal 0.0 0.0 -1.0
outer loop
vertex 485.65 50.0 0.0
vertex 498.34999999999997 145.0 0.0
vertex 498.34999999999997 50.0 0.0
endloop
endfacet
facet normal 0.0 -1.0 0.0
outer loop
vertex 485.65 50.0 0.0
vertex 498.34999999999997 50.0 0.0
vertex 498.34999999999997 50.0 20.0
endloop
endfacet
facet normal 0.0 -1.0 0.0
outer loop
vertex 485.65 50.0 0.0
vertex 498.34999999999997 50.0 20.0
vertex 485.65 50.0 20.0
endloop
endfacet
facet normal 1.0 0.0 0.0
outer loop
vertex 498.34999999999997 50.0 0.0
vertex 498.34999999999997 145.0 0.0
vertex 498.34999999999997 145.0 20.0
endloop
endfacet
facet normal 1.0 0.0 -0.0
outer loop
vertex 498.34999999999997 50.0 0.0
vertex 498.34999999999997 145.0 20.0
vertex 498.34999999999997 50.0 20.0
endloop
endfacet
facet normal 0.0 1.0 -0.0
outer loop
vertex 498.34999999999997 145.0 0.0
vertex 485.65 145.0 0.0
vertex 485.65 145.0 20.0
endloop
endfacet
facet normal 0.0 1.0 -0.0
outer loop
vertex 498.34999999999997 145.0 0.0
vertex 485.65 145.0 20.0
vertex 498.34999999999997 145.0 20.0
endloop
endfacet
facet normal -1.0 0.0 0.0
outer loop
vertex 485.65 145.0 0.0
vertex 485.65 50.0 0.0
vertex 485.65 50.0 20.0
endloop
endfacet
facet normal -1.0 0.0 0.0
outer loop
vertex 485.65 145.0 0.0
vertex 485.65 50.0 20.0
vertex 485.65 145.0 20.0
endloop
endfacet
facet normal 0.0 -0.9823385664224746 0.1871121078899952
outer loop
vertex 485.65 50.0 20.0
vertex 498.34999999999997 50.0 20.0
vertex 497.09999999999997 52.0 30.5
endloop
endfacet
facet normal 0.0 -0.9823385664224746 0.18711210788999516
outer loop
vertex 485.65 50.0 20.0
vertex 497.09999999999997 52.0 30.5
vertex 486.9 52.0 30.5
endloop
endfacet
facet normal 0.9929882741949437 -0.0 0.11821288978511235
outer loop
vertex 498.34999999999997 50.0 20.0
vertex 498.34999999999997 145.0 20.0
vertex 497.09999999999997 145.0 30.5
endloop
endfacet
facet normal 0.9929882741949438 0.0 0.11821288978511237
outer loop
vertex 498.34999999999997 50.0 20.0
vertex 497.09999999999997 145.0 30.5
vertex 497.09999999999997 52.0 30.5
endloop
endfacet
facet normal 0.0 1.0 -0.0
outer loop
vertex 498.34999999999997 145.0 20.0
vertex 485.65 145.0 20.0
vertex 486.9 145.0 30.5
endloop
endfacet
facet normal 0.0 1.0 -0.0
outer loop
vertex 498.34999999999997 145.0 20.0
vertex 486.9 145.0 30.5
vertex 497.09999999999997 145.0 30.5
endloop
endfacet
facet normal -0.9929882741949437 0.0 0.11821288978511235
outer loop
vertex 485.65 145.0 20.0
vertex 485.65 50.0 20.0
vertex 486.9 52.0 30.5
endloop
endfacet
facet normal -0.9929882741949438 0.0 0.11821288978511237
outer loop
vertex 485.65 145.0 20.0
vertex 486.9 52.0 30.5
vertex 486.9 145.0 30.5
endloop
endfacet
facet normal 0.0 0.0 0.9999999999999999
outer loop
vertex 486.9 52.0 30.5
vertex 497.09999999999997 52.0 30.5
vertex 497.09999999999997 145.0 30.5
endloop
endfacet
facet normal 0.0 -0.0 0.9999999999999999
outer loop
vertex 486.9 52.0 30.5
vertex 497.09999999999997 145.0 30.5
vertex 486.9 145.0 30.5
endloop
endfacet

endsolid 36_G#3
solid 37_A3
facet normal 0.0 0.0 -1.0
outer loop
vertex 514.9285714285713 0.0 0.0
vertex 492.49999999999994 0.0 0.0
vertex 492.49999999999994 50.0 0.0
endloop
endfacet
facet normal 0.0 0.0 -1.0
outer loop
vertex 511.5035714285714 50.0 0.0
vertex 514.9285714285713 50.0 0.0
vertex 514.9285714285713 0.0 0.0
endloop
endfacet
facet normal 0.0 0.0 -1.0
outer loop
vertex 499.34999999999997 145.0 0.0
vertex 511.5035714285714 145.0 0.0
vertex 511.5035714285714 50.0 0.0
endloop
endfacet
facet normal 0.0 0.0 -1.0
outer loop
vertex 499.34999999999997 50.0 0.0
vertex 499.34999999999997 145.0 0.0
vertex 511.5035714285714 50.0 0.0
endloop
endfacet
facet normal 0.0 0.0 -1.0
outer loop
vertex 514.9285714285713 0.0 0.0
vertex 492.49999999999994 50.0 0.0
vertex 499.34999999999997 50.0 0.0
endloop
endfacet
facet normal -0.0 -0.0 -0.9999999999999999
outer loop
vertex 511.5035714285714 50.0 0.0
vertex 514.9285714285713 0.0 0.0
vertex 499.34999999999997 50.0 0.0
endloop
endfacet
facet normal -0.0 0.0 1.0
outer loop
vertex 492.49999999999994 50.0 20.0
vertex 492.49999999999994 0.0 20.0
vertex 514.9285714285713 0.0 20.0
endloop
endfacet
facet normal 0.0 -0.0 1.0
outer loop
vertex 514.9285714285713 0.0 20.0
vertex 514.9285714285713 50.0 20.0
vertex 511.5035714285714 50.0 20.0
endloop
endfacet
facet normal 0.0 -0.0 1.0
outer loop
vertex 511.5035714285714 50.0 20.0
vertex 511.5035714285714 145.0 20.0
vertex 499.34999999999997 145.0 20.0
endloop
endfacet
facet normal 0.0 0.0 1.0
outer loop
vertex 511.5035714285714 50.0 20.0
vertex 499.34999999999997 145.0 20.0
vertex 499.34999999999997 50.0 20.0
endloop
endfacet
facet normal 0.0 0.0 1.0
outer loop
vertex 499.34999999999997 50.0 20.0
vertex 492.49999999999994 50.0 20.0
vertex 514.9285714285713 0.0 20.0
endloop
endfacet
facet normal -0.0 -0.0 0.9999999999999999
outer loop
vertex 499.34999999999997 50.0 20.0
vertex 514.9285714285713 0.0 20.0
vertex 511.5035714285714 50.0 20.0
endloop
endfacet
facet normal -0.0 -0.9999999999999999 -0.0
outer loop
vertex 514.9285714285713 0.0 20.0
vertex 492.49999999999994 0.0 20.0
vertex 514.9285714285713 0.0 0.0
endloop
endfacet
facet normal -0.0 -0.9999999999999999 -0.0
outer loop
vertex 514.9285714285713 0.0 0.0
vertex 492.49999999999994 0.0 20.0
vertex 492.49999999999994 0.0 0.0
endloop
endfacet
facet normal 1.0 0.0 0.0
outer loop
vertex 514.9285714285713 50.0 20.0
vertex 514.9285714285713 0.0 20.0
vertex 514.9285714285713 50.0 0.0
endloop
endfacet
facet normal 1.0 0.0 0.0
outer loop
vertex 514.9285714285713 50.0 0.0
vertex 514.9285714285713 0.0 20.0
vertex 514.9285714285713 0.0 0.0
endloop
endfacet
facet normal -0.0 1.0 0.0
outer loop
vertex 511.5035714285714 50.0 20.0
vertex 514.9285714285713 50.0 20.0
vertex 511.5035714285714 50.0 0.0
endloop
endfacet
facet normal -0.0 1.0 0.0
outer loop
vertex 511.5035714285714 50.0 0.0
vertex 514.9285714285713 50.0 20.0
vertex 514.9285714285713 50.0 0.0
endloop
endfacet
facet normal 1.0 0.0 0.0
outer loop
vertex 511.5035714285714 145.0 20.0
vertex 511.5035714285714 50.0 20.0
vertex 511.5035714285714 145.0 0.0
endloop
endfacet
facet normal 1.0 0.0 0.0
outer loop
vertex 511.5035714285714 145.0 0.0
vertex 511.5035714285714 50.0 20.0
vertex 511.5035714285714 50.0 0.0
endloop
endfacet
facet normal -0.0 1.0 0.0
outer loop
vertex 499.34999999999997 145.0 20.0
vertex 511.5035714285714 145.0 20.0
vertex 499.34999999999997 145.0 0.0
endloop
endfacet
facet normal -0.0 1.0 0.0
outer loop
vertex 499.34999999999997 145.0 0.0
vertex 511.5035714285714 145.0 20.0
vertex 511.5035714285714 145.0 0.0
endloop
endfacet
facet normal -1.0 0.0 -0.0
outer loop
vertex 499.34999999999997 50.0 20.0
vertex 499.34999999999997 145.0 20.0
vertex 499.34999999999997 50.0 0.0
endloop
endfacet
facet normal -1.0 0.0 0.0
outer loop
vertex 499.34999999999997 50.0 0.0
vertex 499.34999999999997 145.0 20.0
vertex 499.34999999999997 145.0 0.0
endloop
endfacet
facet normal -1.0 0.0 -0.0
outer loop
vertex 492.49999999999994 0.0 20.0
vertex 492.49999999999994 50.0 20.0
vertex 492.49999999999994 0.0 0.0
endloop
endfacet
facet normal -1.0 0.0 0.0
outer loop
vertex 492.49999999999994 0.0 0.0
vertex 492.49999999999994 50.0 20.0
vertex 492.49999999999994 50.0 0.0
endloop
endfacet
facet normal -0.0 1.0 0.0
outer loop
vertex 492.49999999999994 50.0 20.0
vertex 499.34999999999997 50.0 20.0
vertex 492.49999999999994 50.0 0.0
endloop
endfacet
facet normal -0.0 1.0 0.0
outer loop
vertex 492.49999999999994 50.0 0.0
vertex 499.34999999999997 50.0 20.0
vertex 499.34999999999997 50.0 0.0
endloop
endfacet

endsolid 37_A3
solid 38_A#3
facet normal 0.0 0.0 -1.0
outer loop
vertex 512.5035714285714 50.0 0.0
vertex 512.5035714285714 145.0 0.0
vertex 525.2035714285714 145.0 0.0
endloop
endfacet
facet normal 0.0 0.0 -1.0
outer loop
vertex 512.5035714285714 50.0 0.0
vertex 525.2035714285714 145.0 0.0
vertex 525.2035714285714 50.0 0.0
endloop
endfacet
facet normal 0.0 -1.0 0.0
outer loop
vertex 512.5035714285714 50.0 0.0
vertex 525.2035714285714 50.0 0.0
vertex 525.2035714285714 50.0 20.0
endloop
endfacet
facet normal 0.0 -1.0 0.0
outer loop
vertex 512.5035714285714 50.0 0.0
vertex 525.2035714285714 50.0 20.0
vertex 512.5035714285714 50.0 20.0
endloop
endfacet
facet normal 1.0 0.0 0.0
outer loop
vertex 525.2035714285714 50.0 0.0
vertex 525.2035714285714 145.0 0.0
vertex 525.2035714285714 145.0 20.0
endloop
endfacet
facet normal 1.0 0.0 -0.0
outer loop
vertex 525.2035714285714 50.0 0.0
vertex 525.2035714285714 145.0 20.0
vertex 525.2035714285714 50.0 20.0
endloop
endfacet
facet normal 0.0 1.0 -0.0
outer loop
vertex 525.2035714285714 145.0 0.0
vertex 512.5035714285714 145.0 0.0
vertex 512.5035714285714 145.0 20.0
endloop
endfacet
facet normal 0.0 1.0 -0.0
outer loop
vertex 525.2035714285714 145.0 0.0
vertex 512.5035714285714 145.0 20.0
vertex 525.2035714285714 145.0 20.0
endloop
endfacet
facet normal -1.0 0.0 0.0
outer loop
vertex 512.5035714285714 145.0 0.0
vertex 512.5035714285714 50.0 0.0
vertex 512.5035714285714 50.0 20.0
endloop
endfacet
facet normal -1.0 0.0 0.0
outer loop
vertex 512.5035714285714 145.0 0.0
vertex 512.5035714285714 50.0 20.0
vertex 512.5035714285714 145.0 20.0
endloop
endfacet
facet normal 0.0 -0.9823385664224749 0.1871121078899952
outer loop
vertex 512.5035714285714 50.0 20.0
vertex 525.2035714285714 50.0 20.0
vertex 523.9535714285714 52.0 30.5
endloop
endfacet
facet normal 0.0 -0.9823385664224747 0.1871121078899952
outer loop
vertex 512.5035714285714 50.0 20.0
vertex 523.9535714285714 52.0 30.5
vertex 513.7535714285714 52.0 30.5
endloop
endfacet
facet normal 0.9929882741949437 -0.0 0.11821288978511235
outer loop
vertex 525.2035714285714 50.0 20.0
vertex 525.2035714285714 145.0 20.0
vertex 523.9535714285714 145.0 30.5
endloop
endfacet
facet normal 0.9929882741949438 0.0 0.11821288978511237
outer loop
vertex 525.2035714285714 50.0 20.0
vertex 523.9535714285714 145.0 30.5
vertex 523.9535714285714 52.0 30.5
endloop
endfacet
facet normal 0.0 1.0 -0.0
outer loop
vertex 525.2035714285714 145.0 20.0
vertex 512.5035714285714 145.0 20.0
vertex 513.7535714285714 145.0 30.5
endloop
endfacet
facet normal 0.0 1.0 -0.0
outer loop
vertex 525.2035714285714 145.0 20.0
vertex 513.7535714285714 145.0 30.5
vertex 523.9535714285714 145.0 30.5
endloop
endfacet
facet normal -0.9929882741949437 0.0 0.11821288978511235
outer loop
vertex 512.5035714285714 145.0 20.0
vertex 512.5035714285714 50.0 20.0
vertex 513.7535714285714 52.0 30.5
endloop
endfacet
facet normal -0.9929882741949438 0.0 0.11821288978511237
outer loop
vertex 512.5035714285714 145.0 20.0
vertex 513.7535714285714 52.0 30.5
vertex 513.7535714285714 145.0 30.5
endloop
endfacet
facet normal 0.0 0.0 1.0
outer loop
vertex 513.7535714285714 52.0 30.5
vertex 523.9535714285714 52.0 30.5
vertex 523.9535714285714 145.0 30.5
endloop
endfacet
facet normal 0.0 -0.0 1.0
outer loop
vertex 513.7535714285714 52.0 30.5
vertex 523.9535714285714 145.0 30.5
vertex 513.7535714285714 145.0 30.5
endloop
endfacet

endsolid 38_A#3
solid 39_B3
facet normal 0.0 0.0 -1.0
outer loop
vertex 538.3571428571429 0.0 0.0
vertex 515.9285714285714 0.0 0.0
vertex 515.9285714285714 50.0 0.0
endloop
endfacet
facet normal 0.0 0.0 -1.0
outer loop
vertex 526.2035714285714 145.0 0.0
vertex 538.3571428571429 145.0 0.0
vertex 538.3571428571429 50.0 0.0
endloop
endfacet
facet normal 0.0 0.0 -1.0
outer loop
vertex 526.2035714285714 50.0 0.0
vertex 526.2035714285714 145.0 0.0
vertex 538.3571428571429 50.0 0.0
endloop
endfacet
facet normal 0.0 0.0 -1.0
outer loop
vertex 538.3571428571429 0.0 0.0
vertex 515.9285714285714 50.0 0.0
vertex 526.2035714285714 50.0 0.0
endloop
endfacet
facet normal -0.0 -0.0 -1.0
outer loop
vertex 538.3571428571429 50.0 0.0
vertex 538.3571428571429 0.0 0.0
vertex 526.2035714285714 50.0 0.0
endloop
endfacet
facet normal -0.0 0.0 1.0
outer loop
vertex 515.9285714285714 50.0 20.0
vertex 515.9285714285714 0.0 20.0
vertex 538.3571428571429 0.0 20.0
endloop
endfacet
facet normal 0.0 -0.0 1.0
outer loop
vertex 538.3571428571429 50.0 20.0
vertex 538.3571428571429 145.0 20.0
vertex 526.2035714285714 145.0 20.0
endloop
endfacet
facet normal 0.0 0.0 1.0
outer loop
vertex 538.3571428571429 50.0 20.0
vertex 526.2035714285714 145.0 20.0
vertex 526.2035714285714 50.0 20.0
endloop
endfacet
facet normal 0.0 0.0 1.0
outer loop
vertex 526.2035714285714 50.0 20.0
vertex 515.9285714285714 50.0 20.0
vertex 538.3571428571429 0.0 20.0
endloop
endfacet
facet normal -0.0 0.0 1.0
outer loop
vertex 526.2035714285714 50.0 20.0
vertex 538.3571428571429 0.0 20.0
vertex 538.3571428571429 50.0 20.0
endloop
endfacet
facet normal -0.0 -0.9999999999999999 -0.0
outer loop
vertex 538.3571428571429 0.0 20.0
vertex 515.9285714285714 0.0 20.0
vertex 538.3571428571429 0.0 0.0
endloop
endfacet
facet normal -0.0 -0.9999999999999999 -0.0
outer loop
vertex 538.3571428571429 0.0 0.0
vertex 515.9285714285714 0.0 20.0
vertex 515.9285714285714 0.0 0.0
endloop
endfacet
facet normal 1.0 0.0 0.0
outer loop
vertex 538.3571428571429 50.0 20.0
vertex 538.3571428571429 0.0 20.0
vertex 538.3571428571429 50.0 0.0
endloop
endfacet
facet normal 1.0 0.0 0.0
outer loop
vertex 538.3571428571429 50.0 0.0
vertex 538.3571428571429 0.0 20.0
vertex 538.3571428571429 0.0 0.0
endloop
endfacet
facet normal 1.0 0.0 0.0
outer loop
vertex 538.3571428571429 145.0 20.0
vertex 538.3571428571429 50.0 20.0
vertex 538.3571428571429 145.0 0.0
endloop
endfacet
facet normal 1.0 0.0 0.0
outer loop
vertex 538.3571428571429 145.0 0.0
vertex 538.3571428571429 50.0 20.0
vertex 538.3571428571429 50.0 0.0
endloop
endfacet
facet normal -0.0 0.9999999999999999 0.0
outer loop
vertex 526.2035714285714 145.0 20.0
vertex 538.3571428571429 145.0 20.0
vertex 526.2035714285714 145.0 0.0
endloop
endfacet
facet normal -0.0 0.9999999999999999 0.0
outer loop
vertex 526.2035714285714 145.0 0.0
vertex 538.3571428571429 145.0 20.0
vertex 538.3571428571429 145.0 0.0
endloop
endfacet
facet normal -1.0 0.0 -0.0
outer loop
vertex 526.2035714285714 50.0 20.0
vertex 526.2035714285714 145.0 20.0
vertex 526.2035714285714 50.0 0.0
endloop
endfacet
facet normal -1.0 0.0 0.0
outer loop
vertex 526.2035714285714 50.0 0.0
vertex 526.2035714285714 145.0 20.0
vertex 526.2035714285714 145.0 0.0
endloop
endfacet
facet normal -1.0 0.0 -0.0
outer loop
vertex 515.9285714285714 0.0 20.0
vertex 515.9285714285714 50.0 20.0
vertex 515.9285714285714 0.0 0.0
endloop
endfacet
facet normal -1.0 0.0 0.0
outer loop
vertex 515.9285714285714 0.0 0.0
vertex 515.9285714285714 50.0 20.0
vertex 515.9285714285714 50.0 0.0
endloop
endfacet
facet normal -0.0 1.0 0.0
outer loop
vertex 515.9285714285714 50.0 20.0
vertex 526.2035714285714 50.0 20.0
vertex 515.9285714285714 50.0 0.0
endloop
endfacet
facet normal -0.0 1.0 0.0
outer loop
vertex 515.9285714285714 50.0 0.0
vertex 526.2035714285714 50.0 20.0
vertex 526.2035714285714 50.0 0.0
endloop
endfacet

endsolid 39_B3
solid 40_C4
facet normal 0.0 0.0 -1.0
outer loop
vertex 561.7857142857142 0.0 0.0
vertex 539.3571428571428 0.0 0.0
vertex 539.3571428571428 50.0 0.0
endloop
endfacet
facet normal 0.0 0.0 -1.0
outer loop
vertex 552.6523809523809 50.0 0.0
vertex 561.7857142857142 50.0 0.0
vertex 561.7857142857142 0.0 0.0
endloop
endfacet
facet normal 0.0 0.0 -1.0
outer loop
vertex 539.3571428571428 145.0 0.0
vertex 552.6523809523809 145.0 0.0
vertex 552.6523809523809 50.0 0.0
endloop
endfacet
facet normal 0.0 0.0 -1.0
outer loop
vertex 539.3571428571428 50.0 0.0
vertex 539.3571428571428 145.0 0.0
vertex 552.6523809523809 50.0 0.0
endloop
endfacet
facet normal 0.0 0.0 -1.0
outer loop
vertex 561.7857142857142 0.0 0.0
vertex 539.3571428571428 50.0 0.0
vertex 552.6523809523809 50.0 0.0
endloop
endfacet
facet normal -0.0 0.0 1.0
outer loop
vertex 539.3571428571428 50.0 20.0
vertex 539.3571428571428 0.0 20.0
vertex 561.7857142857142 0.0 20.0
endloop
endfacet
facet normal 0.0 -0.0 1.0
outer loop
vertex 561.7857142857142 0.0 20.0
vertex 561.7857142857142 50.0 20.0
vertex 552.6523809523809 50.0 20.0
endloop
endfacet
facet normal 0.0 -0.0 1.0
outer loop
vertex 552.6523809523809 50.0 20.0
vertex 552.6523809523809 145.0 20.0
vertex 539.3571428571428 145.0 20.0
endloop
endfacet
facet normal 0.0 0.0 1.0
outer loop
vertex 552.6523809523809 50.0 20.0
vertex 539.3571428571428 145.0 20.0
vertex 539.3571428571428 50.0 20.0
endloop
endfacet
facet normal 0.0 0.0 1.0
outer loop
vertex 552.6523809523809 50.0 20.0
vertex 539.3571428571428 50.0 20.0
vertex 561.7857142857142 0.0 20.0
endloop
endfacet
facet normal -0.0 -0.9999999999999999 -0.0
outer loop
vertex 561.7857142857142 0.0 20.0
vertex 539.3571428571428 0.0 20.0
vertex 561.7857142857142 0.0 0.0
endloop
endfacet
facet normal -0.0 -0.9999999999999999 -0.0
outer loop
vertex 561.7857142857142 0.0 0.0
vertex 539.3571428571428 0.0 20.0
vertex 539.3571428571428 0.0 0.0
endloop
endfacet
facet normal 1.0 0.0 0.0
outer loop
vertex 561.7857142857142 50.0 20.0
vertex 561.7857142857142 0.0 20.0
vertex 561.7857142857142 50.0 0.0
endloop
endfacet
facet normal 1.0 0.0 0.0
outer loop
vertex 561.7857142857142 50.0 0.0
vertex 561.7857142857142 0.0 20.0
vertex 561.7857142857142 0.0 0.0
endloop
endfacet
facet normal -0.0 1.0 0.0
outer loop
vertex 552.6523809523809 50.0 20.0
vertex 561.7857142857142 50.0 20.0
vertex 552.6523809523809 50.0 0.0
endloop
endfacet
facet normal -0.0 1.0 0.0
outer loop
vertex 552.6523809523809 50.0 0.0
vertex 561.7857142857142 50.0 20.0
vertex 561.7857142857142 50.0 0.0
endloop
endfacet
facet normal 1.0 0.0 0.0
outer loop
vertex 552.6523809523809 145.0 20.0
vertex 552.6523809523809 50.0 20.0
vertex 552.6523809523809 145.0 0.0
endloop
endfacet
facet normal 1.0 0.0 0.0
outer loop
vertex 552.6523809523809 145.0 0.0
vertex 552.6523809523809 50.0 20.0
vertex 552.6523809523809 50.0 0.0
endloop
endfacet
facet normal -0.0 1.0 0.0
outer loop
vertex 539.3571428571428 145.0 20.0
vertex 552.6523809523809 145.0 20.0
vertex 539.3571428571428 145.0 0.0
endloop
endfacet
facet normal -0.0 1.0 0.0
outer loop
vertex 539.3571428571428 145.0 0.0
vertex 552.6523809523809 145.0 20.0
vertex 552.6523809523809 145.0 0.0
endloop
endfacet
facet normal -1.0 0.0 -0.0
outer loop
vertex 539.3571428571428 0.0 20.0
vertex 539.3571428571428 50.0 20.0
vertex 539.3571428571428 0.0 0.0
endloop
endfacet
facet normal -1.0 0.0 0.0
outer loop
vertex 539.3571428571428 0.0 0.0
vertex 539.3571428571428 50.0 20.0
vertex 539.3571428571428 50.0 0.0
endloop
endfacet
facet normal -1.0 0.0 -0.0
outer loop
vertex 539.3571428571428 50.0 20.0
vertex 539.3571428571428 145.0 20.0
vertex 539.3571428571428 50.0 0.0
endloop
endfacet
facet normal -1.0 0.0 0.0
outer loop
vertex 539.3571428571428 50.0 0.0
vertex 539.3571428571428 145.0 20.0
vertex 539.3571428571428 145.0 0.0
endloop
endfacet

endsolid 40_C4
solid 41_C#4
facet normal 0.0 0.0 -1.0
outer loop
vertex 553.6523809523809 50.0 0.0
vertex 553.6523809523809 145.0 0.0
vertex 566.3523809523809 145.0 0.0
endloop
endfacet
facet normal 0.0 0.0 -1.0
outer loop
vertex 553.6523809523809 50.0 0.0
vertex 566.3523809523809 145.0 0.0
vertex 566.3523809523809 50.0 0.0
endloop
endfacet
facet normal 0.0 -1.0 0.0
outer loop
vertex 553.6523809523809 50.0 0.0
vertex 566.3523809523809 50.0 0.0
vertex 566.3523809523809 50.0 20.0
endloop
endfacet
facet normal 0.0 -1.0 0.0
outer loop
vertex 553.6523809523809 50.0 0.0
vertex 566.3523809523809 50.0 20.0
vertex 553.6523809523809 50.0 20.0
endloop
endfacet
facet normal 1.0 0.0 0.0
outer loop
vertex 566.3523809523809 50.0 0.0
vertex 566.3523809523809 145.0 0.0
vertex 566.3523809523809 145.0 20.0
endloop
endfacet
facet normal 1.0 0.0 -0.0
outer loop
vertex 566.3523809523809 50.0 0.0
vertex 566.3523809523809 145.0 20.0
vertex 566.3523809523809 50.0 20.0
endloop
endfacet
facet normal 0.0 1.0 -0.0
outer loop
vertex 566.3523809523809 145.0 0.0
vertex 553.6523809523809 145.0 0.0
vertex 553.6523809523809 145.0 20.0
endloop
endfacet
facet normal 0.0 1.0 -0.0
outer loop
vertex 566.3523809523809 145.0 0.0
vertex 553.6523809523809 145.0 20.0
vertex 566.3523809523809 145.0 20.0
endloop
endfacet
facet normal -1.0 0.0 0.0
outer loop
vertex 553.6523809523809 145.0 0.0
vertex 553.6523809523809 50.0 0.0
vertex 553.6523809523809 50.0 20.0
endloop
endfacet
facet normal -1.0 0.0 0.0
outer loop
vertex 553.6523809523809 145.0 0.0
vertex 553.6523809523809 50.0 20.0
vertex 553.6523809523809 145.0 20.0
endloop
endfacet
facet normal 0.0 -0.9823385664224749 0.1871121078899952
outer loop
vertex 553.6523809523809 50.0 20.0
vertex 566.3523809523809 50.0 20.0
vertex 565.1023809523809 52.0 30.5
endloop
endfacet
facet normal 0.0 -0.9823385664224747 0.1871121078899952
outer loop
vertex 553.6523809523809 50.0 20.0
vertex 565.1023809523809 52.0 30.5
vertex 554.9023809523809 52.0 30.5
endloop
endfacet
facet normal 0.9929882741949437 -0.0 0.11821288978511235
outer loop
vertex 566.3523809523809 50.0 20.0
vertex 566.3523809523809 145.0 20.0
vertex 565.1023809523809 145.0 30.5
endloop
endfacet
facet normal 0.9929882741949438 0.0 0.11821288978511237
outer loop
vertex 566.3523809523809 50.0 20.0
vertex 565.1023809523809 145.0 30.5
vertex 565.1023809523809 52.0 30.5
endloop
endfacet
facet normal 0.0 1.0 -0.0
outer loop
vertex 566.3523809523809 145.0 20.0
vertex 553.6523809523809 145.0 20.0
vertex 554.9023809523809 145.0 30.5
endloop
endfacet
facet normal 0.0 1.0 -0.0
outer loop
vertex 566.3523809523809 145.0 20.0
vertex 554.9023809523809 145.0 30.5
vertex 565.1023809523809 145.0 30.5
endloop
endfacet
facet normal -0.9929882741949437 0.0 0.11821288978511235
outer loop
vertex 553.6523809523809 145.0 20.0
vertex 553.6523809523809 50.0 20.0
vertex 554.9023809523809 52.0 30.5
endloop
endfacet
facet normal -0.9929882741949438 0.0 0.11821288978511237
outer loop
vertex 553.6523809523809 145.0 20.0
vertex 554.9023809523809 52.0 30.5
vertex 554.9023809523809 145.0 30.5
endloop
endfacet
facet normal 0.0 0.0 1.0
outer loop
vertex 554.9023809523809 52.0 30.5
vertex 565.1023809523809 52.0 30.5
vertex 565.1023809523809 145.0 30.5
endloop
endfacet
facet normal 0.0 -0.0 1.0
outer loop
vertex 554.9023809523809 52.0 30.5
vertex 565.1023809523809 145.0 30.5
vertex 554.9023809523809 145.0 30.5
endloop
endfacet

endsolid 41_C#4
solid 42_D4
facet normal 0.0 0.0 -1.0
outer loop
vertex 585.2142857142857 0.0 0.0
vertex 562.7857142857142 0.0 0.0
vertex 562.7857142857142 50.0 0.0
endloop
endfacet
facet normal 0.0 0.0 -1.0
outer loop
vertex 580.6476190476191 50.0 0.0
vertex 585.2142857142857 50.0 0.0
vertex 585.2142857142857 0.0 0.0
endloop
endfacet
facet normal 0.0 0.0 -1.0
outer loop
vertex 567.3523809523809 145.0 0.0
vertex 580.6476190476191 145.0 0.0
vertex 580.6476190476191 50.0 0.0
endloop
endfacet
facet normal 0.0 0.0 -1.0
outer loop
vertex 567.3523809523809 50.0 0.0
vertex 567.3523809523809 145.0 0.0
vertex 580.6476190476191 50.0 0.0
endloop
endfacet
facet normal 0.0 0.0 -1.0
outer loop
vertex 585.2142857142857 0.0 0.0
vertex 562.7857142857142 50.0 0.0
vertex 567.3523809523809 50.0 0.0
endloop
endfacet
facet normal -0.0 -0.0 -1.0
outer loop
vertex 580.6476190476191 50.0 0.0
vertex 585.2142857142857 0.0 0.0
vertex 567.3523809523809 50.0 0.0
endloop
endfacet
facet normal -0.0 0.0 1.0
outer loop
vertex 562.7857142857142 50.0 20.0
vertex 562.7857142857142 0.0 20.0
vertex 585.2142857142857 0.0 20.0
endloop
endfacet
facet normal 0.0 -0.0 1.0
outer loop
vertex 585.2142857142857 0.0 20.0
vertex 585.2142857142857 50.0 20.0
vertex 580.6476190476191 50.0 20.0
endloop
endfacet
facet normal 0.0 -0.0 1.0
outer loop
vertex 580.6476190476191 50.0 20.0
vertex 580.6476190476191 145.0 20.0
vertex 567.3523809523809 145.0 20.0
endloop
endfacet
facet normal 0.0 0.0 1.0
outer loop
vertex 580.6476190476191 50.0 20.0
vertex 567.3523809523809 145.0 20.0
vertex 567.3523809523809 50.0 20.0
endloop
endfacet
facet normal 0.0 0.0 1.0
outer loop
vertex 567.3523809523809 50.0 20.0
vertex 562.7857142857142 50.0 20.0
vertex 585.2142857142857 0.0 20.0
endloop
endfacet
facet normal -0.0 -0.0 1.0
outer loop
vertex 567.3523809523809 50.0 20.0
vertex 585.2142857142857 0.0 20.0
vertex 580.6476190476191 50.0 20.0
endloop
endfacet
facet normal -0.0 -0.9999999999999999 -0.0
outer loop
vertex 585.2142857142857 0.0 20.0
vertex 562.7857142857142 0.0 20.0
vertex 585.2142857142857 0.0 0.0
endloop
endfacet
facet normal -0.0 -0.9999999999999999 -0.0
outer loop
vertex 585.2142857142857 0.0 0.0
vertex 562.7857142857142 0.0 20.0
vertex 562.7857142857142 0.0 0.0
endloop
endfacet
facet normal 1.0 0.0 0.0
outer loop
vertex 585.2142857142857 50.0 20.0
vertex 585.2142857142857 0.0 20.0
vertex 585.2142857142857 50.0 0.0
endloop
endfacet
facet normal 1.0 0.0 0.0
outer loop
vertex 585.2142857142857 50.0 0.0
vertex 585.2142857142857 0.0 20.0
vertex 585.2142857142857 0.0 0.0
endloop
endfacet
facet normal -0.0 1.0 0.0
outer loop
vertex 580.6476190476191 50.0 20.0
vertex 585.2142857142857 50.0 20.0
vertex 580.6476190476191 50.0 0.0
endloop
endfacet
facet normal -0.0 1.0 0.0
outer loop
vertex 580.6476190476191 50.0 0.0
vertex 585.2142857142857 50.0 20.0
vertex 585.2142857142857 50.0 0.0
endloop
endfacet
facet normal 1.0 0.0 0.0
outer loop
vertex 580.6476190476191 145.0 20.0
vertex 580.6476190476191 50.0 20.0
vertex 580.6476190476191 145.0 0.0
endloop
endfacet
facet normal 1.0 0.0 0.0
outer loop
vertex 580.6476190476191 145.0 0.0
vertex 580.6476190476191 50.0 20.0
vertex 580.6476190476191 50.0 0.0
endloop
endfacet
facet normal -0.0 1.0 0.0
outer loop
vertex 567.3523809523809 145.0 20.0
vertex 580.6476190476191 145.0 20.0
vertex 567.3523809523809 145.0 0.0
endloop
endfacet
facet normal -0.0 1.0 0.0
outer loop
vertex 567.3523809523809 145.0 0.0
vertex 580.6476190476191 145.0 20.0
vertex 580.6476190476191 145.0 0.0
endloop
endfacet
facet normal -1.0 0.0 -0.0
outer loop
vertex 567.3523809523809 50.0 20.0
vertex 567.3523809523809 145.0 20.0
vertex 567.3523809523809 50.0 0.0
endloop
endfacet
facet normal -1.0 0.0 0.0
outer loop
vertex 567.3523809523809 50.0 0.0
vertex 567.3523809523809 145.0 20.0
vertex 567.3523809523809 145.0 0.0
endloop
endfacet
facet normal -1.0 0.0 -0.0
outer loop
vertex 562.7857142857142 0.0 20.0
vertex 562.7857142857142 50.0 20.0
vertex 562.7857142857142 0.0 0.0
endloop
endfacet
facet normal -1.0 0.0 0.0
outer loop
vertex 562.7857142857142 0.0 0.0
vertex 562.7857142857142 50.0 20.0
vertex 562.7857142857142 50.0 0.0
endloop
endfacet
facet normal -0.0 0.9999999999999999 0.0
outer loop
vertex 562.7857142857142 50.0 20.0
vertex 567.3523809523809 50.0 20.0
vertex 562.7857142857142 50.0 0.0
endloop
endfacet
facet normal -0.0 0.9999999999999999 0.0
outer loop
vertex 562.7857142857142 50.0 0.0
vertex 567.3523809523809 50.0 20.0
vertex 567.3523809523809 50.0 0.0
endloop
endfacet

endsolid 42_D4
solid 43_D#4
facet normal 0.0 0.0 -1.0
outer loop
vertex 581.6476190476191 50.0 0.0
vertex 581.6476190476191 145.0 0.0
vertex 594.3476190476191 145.0 0.0
endloop
endfacet
facet normal 0.0 0.0 -1.0
outer loop
vertex 581.6476190476191 50.0 0.0
vertex 594.3476190476191 145.0 0.0
vertex 594.3476190476191 50.0 0.0
endloop
endfacet
facet normal 0.0 -1.0 0.0
outer loop
vertex 581.6476190476191 50.0 0.0
vertex 594.3476190476191 50.0 0.0
vertex 594.3476190476191 50.0 20.0
endloop
endfacet
facet normal 0.0 -1.0 0.0
outer loop
vertex 581.6476190476191 50.0 0.0
vertex 594.3476190476191 50.0 20.0
vertex 581.6476190476191 50.0 20.0
endloop
endfacet
facet normal 1.0 0.0 0.0
outer loop
vertex 594.3476190476191 50.0 0.0
vertex 594.3476190476191 145.0 0.0
vertex 594.3476190476191 145.0 20.0
endloop
endfacet
facet normal 1.0 0.0 -0.0
outer loop
vertex 594.3476190476191 50.0 0.0
vertex 594.3476190476191 145.0 20.0
vertex 594.3476190476191 50.0 20.0
endloop
endfacet
facet normal 0.0 1.0 -0.0
outer loop
vertex 594.3476190476191 145.0 0.0
vertex 581.6476190476191 145.0 0.0
vertex 581.6476190476191 145.0 20.0
endloop
endfacet
facet normal 0.0 1.0 -0.0
outer loop
vertex 594.3476190476191 145.0 0.0
vertex 581.6476190476191 145.0 20.0
vertex 594.3476190476191 145.0 20.0
endloop
endfacet
facet normal -1.0 0.0 0.0
outer loop
vertex 581.6476190476191 145.0 0.0
vertex 581.6476190476191 50.0 0.0
vertex 581.6476190476191 50.0 20.0
endloop
endfacet
facet normal -1.0 0.0 0.0
outer loop
vertex 581.6476190476191 145.0 0.0
vertex 581.6476190476191 50.0 20.0
vertex 581.6476190476191 145.0 20.0
endloop
endfacet
facet normal 0.0 -0.9823385664224749 0.1871121078899952
outer loop
vertex 581.6476190476191 50.0 20.0
vertex 594.3476190476191 50.0 20.0
vertex 593.0976190476191 52.0 30.5
endloop
endfacet
facet normal 0.0 -0.9823385664224747 0.1871121078899952
outer loop
vertex 581.6476190476191 50.0 20.0
vertex 593.0976190476191 52.0 30.5
vertex 582.8976190476191 52.0 30.5
endloop
endfacet
facet normal 0.9929882741949437 -0.0 0.11821288978511235
outer loop
vertex 594.3476190476191 50.0 20.0
vertex 594.3476190476191 145.0 20.0
vertex 593.0976190476191 145.0 30.5
endloop
endfacet
facet normal 0.9929882741949438 0.0 0.11821288978511237
outer loop
vertex 594.3476190476191 50.0 20.0
vertex 593.0976190476191 145.0 30.5
vertex 593.0976190476191 52.0 30.5
endloop
endfacet
facet normal 0.0 1.0 -0.0
outer loop
vertex 594.3476190476191 145.0 20.0
vertex 581.6476190476191 145.0 20.0
vertex 582.8976190476191 145.0 30.5
endloop
endfacet
facet normal 0.0 1.0 -0.0
outer loop
vertex 594.3476190476191 145.0 20.0
vertex 582.8976190476191 145.0 30.5
vertex 593.0976190476191 145.0 30.5
endloop
endfacet
facet normal -0.9929882741949437 0.0 0.11821288978511235
outer loop
vertex 581.6476190476191 145.0 20.0
vertex 581.6476190476191 50.0 20.0
vertex 582.8976190476191 52.0 30.5
endloop
endfacet
facet normal -0.9929882741949438 0.0 0.11821288978511237
outer loop
vertex 581.6476190476191 145.0 20.0
vertex 582.8976190476191 52.0 30.5
vertex 582.8976190476191 145.0 30.5
endloop
endfacet
facet normal 0.0 0.0 1.0
outer loop
vertex 582.8976190476191 52.0 30.5
vertex 593.0976190476191 52.0 30.5
vertex 593.0976190476191 145.0 30.5
endloop
endfacet
facet normal 0.0 -0.0 1.0
outer loop
vertex 582.8976190476191 52.0 30.5
vertex 593.0976190476191 145.0 30.5
vertex 582.8976190476191 145.0 30.5
endloop
endfacet

endsolid 43_D#4
solid 44_E4
facet normal 0.0 0.0 -1.0
outer loop
vertex 608.6428571428571 0.0 0.0
vertex 586.2142857142857 0.0 0.0
vertex 586.2142857142857 50.0 0.0
endloop
endfacet
facet normal 0.0 -0.0 -1.0
outer loop
vertex 595.3476190476191 145.0 0.0
vertex 608.6428571428572 145.0 0.0
vertex 608.6428571428571 50.0 0.0
endloop
endfacet
facet normal 0.0 0.0 -1.0
outer loop
vertex 595.3476190476191 50.0 0.0
vertex 595.3476190476191 145.0 0.0
vertex 608.6428571428571 50.0 0.0
endloop
endfacet
facet normal 0.0 0.0 -1.0
outer loop
vertex 608.6428571428571 0.0 0.0
vertex 586.2142857142857 50.0 0.0
vertex 595.3476190476191 50.0 0.0
endloop
endfacet
facet normal -0.0 -0.0 -1.0
outer loop
vertex 608.6428571428571 50.0 0.0
vertex 608.6428571428571 0.0 0.0
vertex 595.3476190476191 50.0 0.0
endloop
endfacet
facet normal -0.0 0.0 1.0
outer loop
vertex 586.2142857142857 50.0 20.0
vertex 586.2142857142857 0.0 20.0
vertex 608.6428571428571 0.0 20.0
endloop
endfacet
facet normal 0.0 -0.0 1.0
outer loop
vertex 608.6428571428571 50.0 20.0
vertex 608.6428571428572 145.0 20.0
vertex 595.3476190476191 145.0 20.0
endloop
endfacet
facet normal 0.0 0.0 1.0
outer loop
vertex 608.6428571428571 50.0 20.0
vertex 595.3476190476191 145.0 20.0
vertex 595.3476190476191 50.0 20.0
endloop
endfacet
facet normal 0.0 0.0 1.0
outer loop
vertex 595.3476190476191 50.0 20.0
vertex 586.2142857142857 50.0 20.0
vertex 608.6428571428571 0.0 20.0
endloop
endfacet
facet normal -0.0 0.0 1.0
outer loop
vertex 595.3476190476191 50.0 20.0
vertex 608.6428571428571 0.0 20.0
vertex 608.6428571428571 50.0 20.0
endloop
endfacet
facet normal -0.0 -0.9999999999999999 -0.0
outer loop
vertex 608.6428571428571 0.0 20.0
vertex 586.2142857142857 0.0 20.0
vertex 608.6428571428571 0.0 0.0
endloop
endfacet
facet normal -0.0 -0.9999999999999999 -0.0
outer loop
vertex 608.6428571428571 0.0 0.0
vertex 586.2142857142857 0.0 20.0
vertex 586.2142857142857 0.0 0.0
endloop
endfacet
facet normal 1.0 0.0 0.0
outer loop
vertex 608.6428571428571 50.0 20.0
vertex 608.6428571428571 0.0 20.0
vertex 608.6428571428571 50.0 0.0
endloop
endfacet
facet normal 1.0 0.0 0.0
outer loop
vertex 608.6428571428571 50.0 0.0
vertex 608.6428571428571 0.0 20.0
vertex 608.6428571428571 0.0 0.0
endloop
endfacet
facet normal 1.0 -1.1967035549643792e-15 0.0
outer loop
vertex 608.6428571428572 145.0 20.0
vertex 608.6428571428571 50.0 20.0
vertex 608.6428571428572 145.0 0.0
endloop
endfacet
facet normal 1.0 -1.1967035549643792e-15 0.0
outer loop
vertex 608.6428571428572 145.0 0.0
vertex 608.6428571428571 50.0 20.0
vertex 608.6428571428571 50.0 0.0
endloop
endfacet
facet normal -0.0 1.0 0.0
outer loop
vertex 595.3476190476191 145.0 20.0
vertex 608.6428571428572 145.0 20.0
vertex 595.3476190476191 145.0 0.0
endloop
endfacet
facet normal -0.0 1.0 0.0
outer loop
vertex 595.3476190476191 145.0 0.0
vertex 608.6428571428572 145.0 20.0
vertex 608.6428571428572 145.0 0.0
endloop
endfacet
facet normal -1.0 0.0 -0.0
outer loop
vertex 595.3476190476191 50.0 20.0
vertex 595.3476190476191 145.0 20.0
vertex 595.3476190476191 50.0 0.0
endloop
endfacet
facet normal -1.0 0.0 0.0
outer loop
vertex 595.3476190476191 50.0 0.0
vertex 595.3476190476191 145.0 20.0
vertex 595.3476190476191 145.0 0.0
endloop
endfacet
facet normal -1.0 0.0 -0.0
outer loop
vertex 586.2142857142857 0.0 20.0
vertex 586.2142857142857 50.0 20.0
vertex 586.2142857142857 0.0 0.0
endloop
endfacet
facet normal -1.0 0.0 0.0
outer loop
vertex 586.2142857142857 0.0 0.0
vertex 586.2142857142857 50.0 20.0
vertex 586.2142857142857 50.0 0.0
endloop
endfacet
facet normal -0.0 0.9999999999999999 0.0
outer loop
vertex 586.2142857142857 50.0 20.0
vertex 595.3476190476191 50.0 20.0
vertex 586.2142857142857 50.0 0.0
endloop
endfacet
facet normal -0.0 0.9999999999999999 0.0
outer loop
vertex 586.2142857142857 50.0 0.0
vertex 595.3476190476191 50.0 20.0
vertex 595.3476190476191 50.0 0.0
endloop
endfacet

endsolid 44_E4
solid 45_F4
facet normal 0.0 0.0 -1.0
outer loop
vertex 632.0714285714286 0.0 0.0
vertex 609.6428571428571 0.0 0.0
vertex 609.6428571428572 50.0 0.0
endloop
endfacet
facet normal 0.0 0.0 -1.0
outer loop
vertex 621.7964285714287 50.0 0.0
vertex 632.0714285714286 50.0 0.0
vertex 632.0714285714286 0.0 0.0
endloop
endfacet
facet normal 0.0 0.0 -1.0
outer loop
vertex 609.6428571428572 145.0 0.0
vertex 621.7964285714287 145.0 0.0
vertex 621.7964285714287 50.0 0.0
endloop
endfacet
facet normal 0.0 0.0 -1.0
outer loop
vertex 609.6428571428572 50.0 0.0
vertex 609.6428571428572 145.0 0.0
vertex 621.7964285714287 50.0 0.0
endloop
endfacet
facet normal 0.0 0.0 -1.0
outer loop
vertex 632.0714285714286 0.0 0.0
vertex 609.6428571428572 50.0 0.0
vertex 621.7964285714287 50.0 0.0
endloop
endfacet
facet normal -0.0 0.0 1.0
outer loop
vertex 609.6428571428572 50.0 20.0
vertex 609.6428571428571 0.0 20.0
vertex 632.0714285714286 0.0 20.0
endloop
endfacet
facet normal 0.0 -0.0 1.0
outer loop
vertex 632.0714285714286 0.0 20.0
vertex 632.0714285714286 50.0 20.0
vertex 621.7964285714287 50.0 20.0
endloop
endfacet
facet normal 0.0 -0.0 1.0
outer loop
vertex 621.7964285714287 50.0 20.0
vertex 621.7964285714287 145.0 20.0
vertex 609.6428571428572 145.0 20.0
endloop
endfacet
facet normal 0.0 0.0 1.0
outer loop
vertex 621.7964285714287 50.0 20.0
vertex 609.6428571428572 145.0 20.0
vertex 609.6428571428572 50.0 20.0
endloop
endfacet
facet normal 0.0 0.0 1.0
outer loop
vertex 621.7964285714287 50.0 20.0
vertex 609.6428571428572 50.0 20.0
vertex 632.0714285714286 0.0 20.0
endloop
endfacet
facet normal -0.0 -0.9999999999999999 -0.0
outer loop
vertex 632.0714285714286 0.0 20.0
vertex 609.6428571428571 0.0 20.0
vertex 632.0714285714286 0.0 0.0
endloop
endfacet
facet normal -0.0 -0.9999999999999999 -0.0
outer loop
vertex 632.0714285714286 0.0 0.0
vertex 609.6428571428571 0.0 20.0
vertex 609.6428571428571 0.0 0.0
endloop
endfacet
facet normal 1.0 0.0 0.0
outer loop
vertex 632.0714285714286 50.0 20.0
vertex 632.0714285714286 0.0 20.0
vertex 632.0714285714286 50.0 0.0
endloop
endfacet
facet normal 1.0 0.0 0.0
outer loop
vertex 632.0714285714286 50.0 0.0
vertex 632.0714285714286 0.0 20.0
vertex 632.0714285714286 0.0 0.0
endloop
endfacet
facet normal -0.0 0.9999999999999999 0.0
outer loop
vertex 621.7964285714287 50.0 20.0
vertex 632.0714285714286 50.0 20.0
vertex 621.7964285714287 50.0 0.0
endloop
endfacet
facet normal -0.0 0.9999999999999999 0.0
outer loop
vertex 621.7964285714287 50.0 0.0
vertex 632.0714285714286 50.0 20.0
vertex 632.0714285714286 50.0 0.0
endloop
endfacet
facet normal 1.0 0.0 0.0
outer loop
vertex 621.7964285714287 145.0 20.0
vertex 621.7964285714287 50.0 20.0
vertex 621.7964285714287 145.0 0.0
endloop
endfacet
facet normal 1.0 0.0 0.0
outer loop
vertex 621.7964285714287 145.0 0.0
vertex 621.7964285714287 50.0 20.0
vertex 621.7964285714287 50.0 0.0
endloop
endfacet
facet normal -0.0 0.9999999999999999 0.0
outer loop
vertex 609.6428571428572 145.0 20.0
vertex 621.7964285714287 145.0 20.0
vertex 609.6428571428572 145.0 0.0
endloop
endfacet
facet normal -0.0 0.9999999999999999 0.0
outer loop
vertex 609.6428571428572 145.0 0.0
vertex 621.7964285714287 145.0 20.0
vertex 621.7964285714287 145.0 0.0
endloop
endfacet
facet normal -1.0 2.2737367544323206e-15 0.0
outer loop
vertex 609.6428571428571 0.0 20.0
vertex 609.6428571428572 50.0 20.0
vertex 609.6428571428571 0.0 0.0
endloop
endfacet
facet normal -1.0 2.2737367544323206e-15 0.0
outer loop
vertex 609.6428571428571 0.0 0.0
vertex 609.6428571428572 50.0 20.0
vertex 609.6428571428572 50.0 0.0
endloop
endfacet
facet normal -1.0 0.0 -0.0
outer loop
vertex 609.6428571428572 50.0 20.0
vertex 609.6428571428572 145.0 20.0
vertex 609.6428571428572 50.0 0.0
endloop
endfacet
facet normal -1.0 0.0 0.0
outer loop
vertex 609.6428571428572 50.0 0.0
vertex 609.6428571428572 145.0 20.0
vertex 609.6428571428572 145.0 0.0
endloop
endfacet

endsolid 45_F4
solid 46_F#4
facet normal 0.0 0.0 -1.0
outer loop
vertex 622.7964285714287 50.0 0.0
vertex 622.7964285714287 145.0 0.0
vertex 635.4964285714287 145.0 0.0
endloop
endfacet
facet normal 0.0 0.0 -1.0
outer loop
vertex 622.7964285714287 50.0 0.0
vertex 635.4964285714287 145.0 0.0
vertex 635.4964285714287 50.0 0.0
endloop
endfacet
facet normal 0.0 -1.0 0.0
outer loop
vertex 622.7964285714287 50.0 0.0
vertex 635.4964285714287 50.0 0.0
vertex 635.4964285714287 50.0 20.0
endloop
endfacet
facet normal 0.0 -1.0 0.0
outer loop
vertex 622.7964285714287 50.0 0.0
vertex 635.4964285714287 50.0 20.0
vertex 622.7964285714287 50.0 20.0
endloop
endfacet
facet normal 1.0 0.0 0.0
outer loop
vertex 635.4964285714287 50.0 0.0
vertex 635.4964285714287 145.0 0.0
vertex 635.4964285714287 145.0 20.0
endloop
endfacet
facet normal 1.0 0.0 -0.0
outer loop
vertex 635.4964285714287 50.0 0.0
vertex 635.4964285714287 145.0 20.0
vertex 635.4964285714287 50.0 20.0
endloop
endfacet
facet normal 0.0 1.0 -0.0
outer loop
vertex 635.4964285714287 145.0 0.0
vertex 622.7964285714287 145.0 0.0
vertex 622.7964285714287 145.0 20.0
endloop
endfacet
facet normal 0.0 1.0 -0.0
outer loop
vertex 635.4964285714287 145.0 0.0
vertex 622.7964285714287 145.0 20.0
vertex 635.4964285714287 145.0 20.0
endloop
endfacet
facet normal -1.0 0.0 0.0
outer loop
vertex 622.7964285714287 145.0 0.0
vertex 622.7964285714287 50.0 0.0
vertex 622.7964285714287 50.0 20.0
endloop
endfacet
facet normal -1.0 0.0 0.0
outer loop
vertex 622.7964285714287 145.0 0.0
vertex 622.7964285714287 50.0 20.0
vertex 622.7964285714287 145.0 20.0
endloop
endfacet
facet normal 0.0 -0.9823385664224749 0.1871121078899952
outer loop
vertex 622.7964285714287 50.0 20.0
vertex 635.4964285714287 50.0 20.0
vertex 634.2464285714287 52.0 30.5
endloop
endfacet
facet normal 0.0 -0.9823385664224747 0.1871121078899952
outer loop
vertex 622.7964285714287 50.0 20.0
vertex 634.2464285714287 52.0 30.5
vertex 624.0464285714287 52.0 30.5
endloop
endfacet
facet normal 0.9929882741949437 -0.0 0.11821288978511235
outer loop
vertex 635.4964285714287 50.0 20.0
vertex 635.4964285714287 145.0 20.0
vertex 634.2464285714287 145.0 30.5
endloop
endfacet
facet normal 0.9929882741949438 0.0 0.11821288978511237
outer loop
vertex 635.4964285714287 50.0 20.0
vertex 634.2464285714287 145.0 30.5
vertex 634.2464285714287 52.0 30.5
endloop
endfacet
facet normal 0.0 1.0 -0.0
outer loop
vertex 635.4964285714287 145.0 20.0
vertex 622.7964285714287 145.0 20.0
vertex 624.0464285714287 145.0 30.5
endloop
endfacet
facet normal 0.0 1.0 -0.0
outer loop
vertex 635.4964285714287 145.0 20.0
vertex 624.0464285714287 145.0 30.5
vertex 634.2464285714287 145.0 30.5
endloop
endfacet
facet normal -0.9929882741949437 0.0 0.11821288978511235
outer loop
vertex 622.7964285714287 145.0 20.0
vertex 622.7964285714287 50.0 20.0
vertex 624.0464285714287 52.0 30.5
endloop
endfacet
facet normal -0.9929882741949438 0.0 0.11821288978511237
outer loop
vertex 622.7964285714287 145.0 20.0
vertex 624.0464285714287 52.0 30.5
vertex 624.0464285714287 145.0 30.5
endloop
endfacet
facet normal 0.0 0.0 1.0
outer loop
vertex 624.0464285714287 52.0 30.5
vertex 634.2464285714287 52.0 30.5
vertex 634.2464285714287 145.0 30.5
endloop
endfacet
facet normal 0.0 -0.0 1.0
outer loop
vertex 624.0464285714287 52.0 30.5
vertex 634.2464285714287 145.0 30.5
vertex 624.0464285714287 145.0 30.5
endloop
endfacet

endsolid 46_F#4
solid 47_G4
facet normal 0.0 0.0 -1.0
outer loop
vertex 655.5 0.0 0.0
vertex 633.0714285714286 0.0 0.0
vertex 633.0714285714286 50.0 0.0
endloop
endfacet
facet normal 0.0 0.0 -1.0
outer loop
vertex 648.6500000000002 50.0 0.0
vertex 655.5 50.0 0.0
vertex 655.5 0.0 0.0
endloop
endfacet
facet normal 0.0 0.0 -1.0
outer loop
vertex 636.4964285714287 145.0 0.0
vertex 648.6500000000002 145.0 0.0
vertex 648.6500000000002 50.0 0.0
endloop
endfacet
facet normal 0.0 0.0 -1.0
outer loop
vertex 636.4964285714287 50.0 0.0
vertex 636.4964285714287 145.0 0.0
vertex 648.6500000000002 50.0 0.0
endloop
endfacet
facet normal 0.0 0.0 -1.0
outer loop
vertex 655.5 0.0 0.0
vertex 633.0714285714286 50.0 0.0
vertex 636.4964285714287 50.0 0.0
endloop
endfacet
facet normal -0.0 -0.0 -1.0
outer loop
vertex 648.6500000000002 50.0 0.0
vertex 655.5 0.0 0.0
vertex 636.4964285714287 50.0 0.0
endloop
endfacet
facet normal -0.0 0.0 1.0
outer loop
vertex 633.0714285714286 50.0 20.0
vertex 633.0714285714286 0.0 20.0
vertex 655.5 0.0 20.0
endloop
endfacet
facet normal 0.0 -0.0 1.0
outer loop
vertex 655.5 0.0 20.0
vertex 655.5 50.0 20.0
vertex 648.6500000000002 50.0 20.0
endloop
endfacet
facet normal 0.0 -0.0 1.0
outer loop
vertex 648.6500000000002 50.0 20.0
vertex 648.6500000000002 145.0 20.0
vertex 636.4964285714287 145.0 20.0
endloop
endfacet
facet normal 0.0 0.0 1.0
outer loop
vertex 648.6500000000002 50.0 20.0
vertex 636.4964285714287 145.0 20.0
vertex 636.4964285714287 50.0 20.0
endloop
endfacet
facet normal 0.0 0.0 1.0
outer loop
vertex 636.4964285714287 50.0 20.0
vertex 633.0714285714286 50.0 20.0
vertex 655.5 0.0 20.0
endloop
endfacet
facet normal -0.0 -0.0 1.0
outer loop
vertex 636.4964285714287 50.0 20.0
vertex 655.5 0.0 20.0
vertex 648.6500000000002 50.0 20.0
endloop
endfacet
facet normal -0.0 -0.9999999999999999 -0.0
outer loop
vertex 655.5 0.0 20.0
vertex 633.0714285714286 0.0 20.0
vertex 655.5 0.0 0.0
endloop
endfacet
facet normal -0.0 -0.9999999999999999 -0.0
outer loop
vertex 655.5 0.0 0.0
vertex 633.0714285714286 0.0 20.0
vertex 633.0714285714286 0.0 0.0
endloop
endfacet
facet normal 1.0 0.0 0.0
outer loop
vertex 655.5 50.0 20.0
vertex 655.5 0.0 20.0
vertex 655.5 50.0 0.0
endloop
endfacet
facet normal 1.0 0.0 0.0
outer loop
vertex 655.5 50.0 0.0
vertex 655.5 0.0 20.0
vertex 655.5 0.0 0.0
endloop
endfacet
facet normal -0.0 1.0 0.0
outer loop
vertex 648.6500000000002 50.0 20.0
vertex 655.5 50.0 20.0
vertex 648.6500000000002 50.0 0.0
endloop
endfacet
facet normal -0.0 1.0 0.0
outer loop
vertex 648.6500000000002 50.0 0.0
vertex 655.5 50.0 20.0
vertex 655.5 50.0 0.0
endloop
endfacet
facet normal 1.0 0.0 0.0
outer loop
vertex 648.6500000000002 145.0 20.0
vertex 648.6500000000002 50.0 20.0
vertex 648.6500000000002 145.0 0.0
endloop
endfacet
facet normal 1.0 0.0 0.0
outer loop
vertex 648.6500000000002 145.0 0.0
vertex 648.6500000000002 50.0 20.0
vertex 648.6500000000002 50.0 0.0
endloop
endfacet
facet normal -0.0 0.9999999999999999 0.0
outer loop
vertex 636.4964285714287 145.0 20.0
vertex 648.6500000000002 145.0 20.0
vertex 636.4964285714287 145.0 0.0
endloop
endfacet
facet normal -0.0 0.9999999999999999 0.0
outer loop
vertex 636.4964285714287 145.0 0.0
vertex 648.6500000000002 145.0 20.0
vertex 648.6500000000002 145.0 0.0
endloop
endfacet
facet normal -1.0 0.0 -0.0
outer loop
vertex 636.4964285714287 50.0 20.0
vertex 636.4964285714287 145.0 20.0
vertex 636.4964285714287 50.0 0.0
endloop
endfacet
facet normal -1.0 0.0 0.0
outer loop
vertex 636.4964285714287 50.0 0.0
vertex 636.4964285714287 145.0 20.0
vertex 636.4964285714287 145.0 0.0
endloop
endfacet
facet normal -1.0 0.0 -0.0
outer loop
vertex 633.0714285714286 0.0 20.0
vertex 633.0714285714286 50.0 20.0
vertex 633.0714285714286 0.0 0.0
endloop
endfacet
facet normal -1.0 0.0 0.0
outer loop
vertex 633.0714285714286 0.0 0.0
vertex 633.0714285714286 50.0 20.0
vertex 633.0714285714286 50.0 0.0
endloop
endfacet
facet normal -0.0 1.0 0.0
outer loop
vertex 633.0714285714286 50.0 20.0
vertex 636.4964285714287 50.0 20.0
vertex 633.0714285714286 50.0 0.0
endloop
endfacet
facet normal -0.0 1.0 0.0
outer loop
vertex 633.0714285714286 50.0 0.0
vertex 636.4964285714287 50.0 20.0
vertex 636.4964285714287 50.0 0.0
endloop
endfacet

endsolid 47_G4
solid 48_G#4
facet normal 0.0 0.0 -1.0
outer loop
vertex 649.6500000000002 50.0 0.0
vertex 649.6500000000002 145.0 0.0
vertex 662.3500000000003 145.0 0.0
endloop
endfacet
facet normal 0.0 0.0 -1.0
outer loop
vertex 649.6500000000002 50.0 0.0
vertex 662.3500000000003 145.0 0.0
vertex 662.3500000000003 50.0 0.0
endloop
endfacet
facet normal 0.0 -1.0 0.0
outer loop
vertex 649.6500000000002 50.0 0.0
vertex 662.3500000000003 50.0 0.0
vertex 662.3500000000003 50.0 20.0
endloop
endfacet
facet normal 0.0 -1.0 0.0
outer loop
vertex 649.6500000000002 50.0 0.0
vertex 662.3500000000003 50.0 20.0
vertex 649.6500000000002 50.0 20.0
endloop
endfacet
facet normal 1.0 0.0 0.0
outer loop
vertex 662.3500000000003 50.0 0.0
vertex 662.3500000000003 145.0 0.0
vertex 662.3500000000003 145.0 20.0
endloop
endfacet
facet normal 1.0 0.0 -0.0
outer loop
vertex 662.3500000000003 50.0 0.0
vertex 662.3500000000003 145.0 20.0
vertex 662.3500000000003 50.0 20.0
endloop
endfacet
facet normal 0.0 1.0 -0.0
outer loop
vertex 662.3500000000003 145.0 0.0
vertex 649.6500000000002 145.0 0.0
vertex 649.6500000000002 145.0 20.0
endloop
endfacet
facet normal 0.0 1.0 -0.0
outer loop
vertex 662.3500000000003 145.0 0.0
vertex 649.6500000000002 145.0 20.0
vertex 662.3500000000003 145.0 20.0
endloop
endfacet
facet normal -1.0 0.0 0.0
outer loop
vertex 649.6500000000002 145.0 0.0
vertex 649.6500000000002 50.0 0.0
vertex 649.6500000000002 50.0 20.0
endloop
endfacet
facet normal -1.0 0.0 0.0
outer loop
vertex 649.6500000000002 145.0 0.0
vertex 649.6500000000002 50.0 20.0
vertex 649.6500000000002 145.0 20.0
endloop
endfacet
facet normal 0.0 -0.9823385664224749 0.1871121078899952
outer loop
vertex 649.6500000000002 50.0 20.0
vertex 662.3500000000003 50.0 20.0
vertex 661.1000000000003 52.0 30.5
endloop
endfacet
facet normal 0.0 -0.9823385664224747 0.1871121078899952
outer loop
vertex 649.6500000000002 50.0 20.0
vertex 661.1000000000003 52.0 30.5
vertex 650.9000000000002 52.0 30.5
endloop
endfacet
facet normal 0.9929882741949437 -0.0 0.11821288978511235
outer loop
vertex 662.3500000000003 50.0 20.0
vertex 662.3500000000003 145.0 20.0
vertex 661.1000000000003 145.0 30.5
endloop
endfacet
facet normal 0.9929882741949438 0.0 0.11821288978511237
outer loop
vertex 662.3500000000003 50.0 20.0
vertex 661.1000000000003 145.0 30.5
vertex 661.1000000000003 52.0 30.5
endloop
endfacet
facet normal 0.0 1.0 -0.0
outer loop
vertex 662.3500000000003 145.0 20.0
vertex 649.6500000000002 145.0 20.0
vertex 650.9000000000002 145.0 30.5
endloop
endfacet
facet normal 0.0 1.0 -0.0
outer loop
vertex 662.3500000000003 145.0 20.0
vertex 650.9000000000002 145.0 30.5
vertex 661.1000000000003 145.0 30.5
endloop
endfacet
facet normal -0.9929882741949437 0.0 0.11821288978511235
outer loop
vertex 649.6500000000002 145.0 20.0
vertex 649.6500000000002 50.0 20.0
vertex 650.9000000000002 52.0 30.5
endloop
endfacet
facet normal -0.9929882741949438 0.0 0.11821288978511237
outer loop
vertex 649.6500000000002 145.0 20.0
vertex 650.9000000000002 52.0 30.5
vertex 650.9000000000002 145.0 30.5
endloop
endfacet
facet normal 0.0 0.0 1.0
outer loop
vertex 650.9000000000002 52.0 30.5
vertex 661.1000000000003 52.0 30.5
vertex 661.1000000000003 145.0 30.5
endloop
endfacet
facet normal 0.0 -0.0 1.0
outer loop
vertex 650.9000000000002 52.0 30.5
vertex 661.1000000000003 145.0 30.5
vertex 650.9000000000002 145.0 30.5
endloop
endfacet

endsolid 48_G#4
solid 49_A4
facet normal 0.0 0.0 -1.0
outer loop
vertex 678.9285714285714 0.0 0.0
vertex 656.5 0.0 0.0
vertex 656.5 50.0 0.0
endloop
endfacet
facet normal 0.0 0.0 -1.0
outer loop
vertex 675.5035714285717 50.0 0.0
vertex 678.9285714285714 50.0 0.0
vertex 678.9285714285714 0.0 0.0
endloop
endfacet
facet normal 0.0 0.0 -1.0
outer loop
vertex 663.3500000000003 145.0 0.0
vertex 675.5035714285717 145.0 0.0
vertex 675.5035714285717 50.0 0.0
endloop
endfacet
facet normal 0.0 0.0 -1.0
outer loop
vertex 663.3500000000003 50.0 0.0
vertex 663.3500000000003 145.0 0.0
vertex 675.5035714285717 50.0 0.0
endloop
endfacet
facet normal 0.0 0.0 -1.0
outer loop
vertex 678.9285714285714 0.0 0.0
vertex 656.5 50.0 0.0
vertex 663.3500000000003 50.0 0.0
endloop
endfacet
facet normal -0.0 -0.0 -1.0
outer loop
vertex 675.5035714285717 50.0 0.0
vertex 678.9285714285714 0.0 0.0
vertex 663.3500000000003 50.0 0.0
endloop
endfacet
facet normal -0.0 0.0 1.0
outer loop
vertex 656.5 50.0 20.0
vertex 656.5 0.0 20.0
vertex 678.9285714285714 0.0 20.0
endloop
endfacet
facet normal 0.0 -0.0 1.0
outer loop
vertex 678.9285714285714 0.0 20.0
vertex 678.9285714285714 50.0 20.0
vertex 675.5035714285717 50.0 20.0
endloop
endfacet
facet normal 0.0 -0.0 1.0
outer loop
vertex 675.5035714285717 50.0 20.0
vertex 675.5035714285717 145.0 20.0
vertex 663.3500000000003 145.0 20.0
endloop
endfacet
facet normal 0.0 0.0 1.0
outer loop
vertex 675.5035714285717 50.0 20.0
vertex 663.3500000000003 145.0 20.0
vertex 663.3500000000003 50.0 20.0
endloop
endfacet
facet normal 0.0 0.0 1.0
outer loop
vertex 663.3500000000003 50.0 20.0
vertex 656.5 50.0 20.0
vertex 678.9285714285714 0.0 20.0
endloop
endfacet
facet normal -0.0 -0.0 1.0
outer loop
vertex 663.3500000000003 50.0 20.0
vertex 678.9285714285714 0.0 20.0
vertex 675.5035714285717 50.0 20.0
endloop
endfacet
facet normal -0.0 -0.9999999999999999 -0.0
outer loop
vertex 678.9285714285714 0.0 20.0
vertex 656.5 0.0 20.0
vertex 678.9285714285714 0.0 0.0
endloop
endfacet
facet normal -0.0 -0.9999999999999999 -0.0
outer loop
vertex 678.9285714285714 0.0 0.0
vertex 656.5 0.0 20.0
vertex 656.5 0.0 0.0
endloop
endfacet
facet normal 1.0 0.0 0.0
outer loop
vertex 678.9285714285714 50.0 20.0
vertex 678.9285714285714 0.0 20.0
vertex 678.9285714285714 50.0 0.0
endloop
endfacet
facet normal 1.0 0.0 0.0
outer loop
vertex 678.9285714285714 50.0 0.0
vertex 678.9285714285714 0.0 20.0
vertex 678.9285714285714 0.0 0.0
endloop
endfacet
facet normal -0.0 1.0 0.0
outer loop
vertex 675.5035714285717 50.0 20.0
vertex 678.9285714285714 50.0 20.0
vertex 675.5035714285717 50.0 0.0
endloop
endfacet
facet normal -0.0 1.0 0.0
outer loop
vertex 675.5035714285717 50.0 0.0
vertex 678.9285714285714 50.0 20.0
vertex 678.9285714285714 50.0 0.0
endloop
endfacet
facet normal 1.0 0.0 0.0
outer loop
vertex 675.5035714285717 145.0 20.0
vertex 675.5035714285717 50.0 20.0
vertex 675.5035714285717 145.0 0.0
endloop
endfacet
facet normal 1.0 0.0 0.0
outer loop
vertex 675.5035714285717 145.0 0.0
vertex 675.5035714285717 50.0 20.0
vertex 675.5035714285717 50.0 0.0
endloop
endfacet
facet normal -0.0 0.9999999999999999 0.0
outer loop
vertex 663.3500000000003 145.0 20.0
vertex 675.5035714285717 145.0 20.0
vertex 663.3500000000003 145.0 0.0
endloop
endfacet
facet normal -0.0 0.9999999999999999 0.0
outer loop
vertex 663.3500000000003 145.0 0.0
vertex 675.5035714285717 145.0 20.0
vertex 675.5035714285717 145.0 0.0
endloop
endfacet
facet normal -1.0 0.0 -0.0
outer loop
vertex 663.3500000000003 50.0 20.0
vertex 663.3500000000003 145.0 20.0
vertex 663.3500000000003 50.0 0.0
endloop
endfacet
facet normal -1.0 0.0 0.0
outer loop
vertex 663.3500000000003 50.0 0.0
vertex 663.3500000000003 145.0 20.0
vertex 663.3500000000003 145.0 0.0
endloop
endfacet
facet normal -1.0 0.0 -0.0
outer loop
vertex 656.5 0.0 20.0
vertex 656.5 50.0 20.0
vertex 656.5 0.0 0.0
endloop
endfacet
facet normal -1.0 0.0 0.0
outer loop
vertex 656.5 0.0 0.0
vertex 656.5 50.0 20.0
vertex 656.5 50.0 0.0
endloop
endfacet
facet normal -0.0 1.0 0.0
outer loop
vertex 656.5 50.0 20.0
vertex 663.3500000000003 50.0 20.0
vertex 656.5 50.0 0.0
endloop
endfacet
facet normal -0.0 1.0 0.0
outer loop
vertex 656.5 50.0 0.0
vertex 663.3500000000003 50.0 20.0
vertex 663.3500000000003 50.0 0.0
endloop
endfacet

endsolid 49_A4
solid 50_A#4
facet normal 0.0 0.0 -1.0
outer loop
vertex 676.5035714285717 50.0 0.0
vertex 676.5035714285717 145.0 0.0
vertex 689.2035714285718 145.0 0.0
endloop
endfacet
facet normal 0.0 0.0 -1.0
outer loop
vertex 676.5035714285717 50.0 0.0
vertex 689.2035714285718 145.0 0.0
vertex 689.2035714285718 50.0 0.0
endloop
endfacet
facet normal 0.0 -1.0 0.0
outer loop
vertex 676.5035714285717 50.0 0.0
vertex 689.2035714285718 50.0 0.0
vertex 689.2035714285718 50.0 20.0
endloop
endfacet
facet normal 0.0 -1.0 0.0
outer loop
vertex 676.5035714285717 50.0 0.0
vertex 689.2035714285718 50.0 20.0
vertex 676.5035714285717 50.0 20.0
endloop
endfacet
facet normal 1.0 0.0 0.0
outer loop
vertex 689.2035714285718 50.0 0.0
vertex 689.2035714285718 145.0 0.0
vertex 689.2035714285718 145.0 20.0
endloop
endfacet
facet normal 1.0 0.0 -0.0
outer loop
vertex 689.2035714285718 50.0 0.0
vertex 689.2035714285718 145.0 20.0
vertex 689.2035714285718 50.0 20.0
endloop
endfacet
facet normal 0.0 1.0 -0.0
outer loop
vertex 689.2035714285718 145.0 0.0
vertex 676.5035714285717 145.0 0.0
vertex 676.5035714285717 145.0 20.0
endloop
endfacet
facet normal 0.0 1.0 -0.0
outer loop
vertex 689.2035714285718 145.0 0.0
vertex 676.5035714285717 145.0 20.0
vertex 689.2035714285718 145.0 20.0
endloop
endfacet
facet normal -1.0 0.0 0.0
outer loop
vertex 676.5035714285717 145.0 0.0
vertex 676.5035714285717 50.0 0.0
vertex 676.5035714285717 50.0 20.0
endloop
endfacet
facet normal -1.0 0.0 0.0
outer loop
vertex 676.5035714285717 145.0 0.0
vertex 676.5035714285717 50.0 20.0
vertex 676.5035714285717 145.0 20.0
endloop
endfacet
facet normal 0.0 -0.9823385664224749 0.1871121078899952
outer loop
vertex 676.5035714285717 50.0 20.0
vertex 689.2035714285718 50.0 20.0
vertex 687.9535714285718 52.0 30.5
endloop
endfacet
facet normal 0.0 -0.9823385664224747 0.1871121078899952
outer loop
vertex 676.5035714285717 50.0 20.0
vertex 687.9535714285718 52.0 30.5
vertex 677.7535714285717 52.0 30.5
endloop
endfacet
facet normal 0.9929882741949437 -0.0 0.11821288978511235
outer loop
vertex 689.2035714285718 50.0 20.0
vertex 689.2035714285718 145.0 20.0
vertex 687.9535714285718 145.0 30.5
endloop
endfacet
facet normal 0.9929882741949438 0.0 0.11821288978511237
outer loop
vertex 689.2035714285718 50.0 20.0
vertex 687.9535714285718 145.0 30.5
vertex 687.9535714285718 52.0 30.5
endloop
endfacet
facet normal 0.0 1.0 -0.0
outer loop
vertex 689.2035714285718 145.0 20.0
vertex 676.5035714285717 145.0 20.0
vertex 677.7535714285717 145.0 30.5
endloop
endfacet
facet normal 0.0 1.0 -0.0
outer loop
vertex 689.2035714285718 145.0 20.0
vertex 677.7535714285717 145.0 30.5
vertex 687.9535714285718 145.0 30.5
endloop
endfacet
facet normal -0.9929882741949437 0.0 0.11821288978511235
outer loop
vertex 676.5035714285717 145.0 20.0
vertex 676.5035714285717 50.0 20.0
vertex 677.7535714285717 52.0 30.5
endloop
endfacet
facet normal -0.9929882741949438 0.0 0.11821288978511237
outer loop
vertex 676.5035714285717 145.0 20.0
vertex 677.7535714285717 52.0 30.5
vertex 677.7535714285717 145.0 30.5
endloop
endfacet
facet normal 0.0 0.0 1.0
outer loop
vertex 677.7535714285717 52.0 30.5
vertex 687.9535714285718 52.0 30.5
vertex 687.9535714285718 145.0 30.5
endloop
endfacet
facet normal 0.0 -0.0 1.0
outer loop
vertex 677.7535714285717 52.0 30.5
vertex 687.9535714285718 145.0 30.5
vertex 677.7535714285717 145.0 30.5
endloop
endfacet

endsolid 50_A#4
solid 51_B4
facet normal 0.0 0.0 -1.0
outer loop
vertex 702.3571428571428 0.0 0.0
vertex 679.9285714285713 0.0 0.0
vertex 679.9285714285713 50.0 0.0
endloop
endfacet
facet normal 0.0 -0.0 -1.0
outer loop
vertex 690.2035714285718 145.0 0.0
vertex 702.3571428571432 145.0 0.0
vertex 702.3571428571428 50.0 0.0
endloop
endfacet
facet normal 0.0 0.0 -1.0
outer loop
vertex 690.2035714285718 50.0 0.0
vertex 690.2035714285718 145.0 0.0
vertex 702.3571428571428 50.0 0.0
endloop
endfacet
facet normal 0.0 0.0 -1.0
outer loop
vertex 702.3571428571428 0.0 0.0
vertex 679.9285714285713 50.0 0.0
vertex 690.2035714285718 50.0 0.0
endloop
endfacet
facet normal -0.0 -0.0 -1.0
outer loop
vertex 702.3571428571428 50.0 0.0
vertex 702.3571428571428 0.0 0.0
vertex 690.2035714285718 50.0 0.0
endloop
endfacet
facet normal -0.0 0.0 1.0
outer loop
vertex 679.9285714285713 50.0 20.0
vertex 679.9285714285713 0.0 20.0
vertex 702.3571428571428 0.0 20.0
endloop
endfacet
facet normal 0.0 -0.0 1.0
outer loop
vertex 702.3571428571428 50.0 20.0
vertex 702.3571428571432 145.0 20.0
vertex 690.2035714285718 145.0 20.0
endloop
endfacet
facet normal 0.0 0.0 1.0
outer loop
vertex 702.3571428571428 50.0 20.0
vertex 690.2035714285718 145.0 20.0
vertex 690.2035714285718 50.0 20.0
endloop
endfacet
facet normal 0.0 0.0 1.0
outer loop
vertex 690.2035714285718 50.0 20.0
vertex 679.9285714285713 50.0 20.0
vertex 702.3571428571428 0.0 20.0
endloop
endfacet
facet normal -0.0 0.0 1.0
outer loop
vertex 690.2035714285718 50.0 20.0
vertex 702.3571428571428 0.0 20.0
vertex 702.3571428571428 50.0 20.0
endloop
endfacet
facet normal -0.0 -0.9999999999999999 -0.0
outer loop
vertex 702.3571428571428 0.0 20.0
vertex 679.9285714285713 0.0 20.0
vertex 702.3571428571428 0.0 0.0
endloop
endfacet
facet normal -0.0 -0.9999999999999999 -0.0
outer loop
vertex 702.3571428571428 0.0 0.0
vertex 679.9285714285713 0.0 20.0
vertex 679.9285714285713 0.0 0.0
endloop
endfacet
facet normal 1.0 0.0 0.0
outer loop
vertex 702.3571428571428 50.0 20.0
vertex 702.3571428571428 0.0 20.0
vertex 702.3571428571428 50.0 0.0
endloop
endfacet
facet normal 1.0 0.0 0.0
outer loop
vertex 702.3571428571428 50.0 0.0
vertex 702.3571428571428 0.0 20.0
vertex 702.3571428571428 0.0 0.0
endloop
endfacet
facet normal 1.0 -4.786814219857517e-15 0.0
outer loop
vertex 702.3571428571432 145.0 20.0
vertex 702.3571428571428 50.0 20.0
vertex 702.3571428571432 145.0 0.0
endloop
endfacet
facet normal 1.0 -4.786814219857517e-15 0.0
outer loop
vertex 702.3571428571432 145.0 0.0
vertex 702.3571428571428 50.0 20.0
vertex 702.3571428571428 50.0 0.0
endloop
endfacet
facet normal -0.0 0.9999999999999999 0.0
outer loop
vertex 690.2035714285718 145.0 20.0
vertex 702.3571428571432 145.0 20.0
vertex 690.2035714285718 145.0 0.0
endloop
endfacet
facet normal -0.0 0.9999999999999999 0.0
outer loop
vertex 690.2035714285718 145.0 0.0
vertex 702.3571428571432 145.0 20.0
vertex 702.3571428571432 145.0 0.0
endloop
endfacet
facet normal -1.0 0.0 -0.0
outer loop
vertex 690.2035714285718 50.0 20.0
vertex 690.2035714285718 145.0 20.0
vertex 690.2035714285718 50.0 0.0
endloop
endfacet
facet normal -1.0 0.0 0.0
outer loop
vertex 690.2035714285718 50.0 0.0
vertex 690.2035714285718 145.0 20.0
vertex 690.2035714285718 145.0 0.0
endloop
endfacet
facet normal -1.0 0.0 -0.0
outer loop
vertex 679.9285714285713 0.0 20.0
vertex 679.9285714285713 50.0 20.0
vertex 679.9285714285713 0.0 0.0
endloop
endfacet
facet normal -1.0 0.0 0.0
outer loop
vertex 679.9285714285713 0.0 0.0
vertex 679.9285714285713 50.0 20.0
vertex 679.9285714285713 50.0 0.0
endloop
endfacet
facet normal -0.0 1.0 0.0
outer loop
vertex 679.9285714285713 50.0 20.0
vertex 690.2035714285718 50.0 20.0
vertex 679.9285714285713 50.0 0.0
endloop
endfacet
facet normal -0.0 1.0 0.0
outer loop
vertex 679.9285714285713 50.0 0.0
vertex 690.2035714285718 50.0 20.0
vertex 690.2035714285718 50.0 0.0
endloop
endfacet

endsolid 51_B4
solid 52_C5
facet normal 0.0 0.0 -1.0
outer loop
vertex 725.7857142857142 0.0 0.0
vertex 703.3571428571428 0.0 0.0
vertex 703.3571428571429 50.0 0.0
endloop
endfacet
facet normal 0.0 0.0 -1.0
outer loop
vertex 716.652380952381 50.0 0.0
vertex 725.7857142857142 50.0 0.0
vertex 725.7857142857142 0.0 0.0
endloop
endfacet
facet normal 0.0 0.0 -1.0
outer loop
vertex 703.3571428571429 145.0 0.0
vertex 716.652380952381 145.0 0.0
vertex 716.652380952381 50.0 0.0
endloop
endfacet
facet normal 0.0 0.0 -1.0
outer loop
vertex 703.3571428571429 50.0 0.0
vertex 703.3571428571429 145.0 0.0
vertex 716.652380952381 50.0 0.0
endloop
endfacet
facet normal 0.0 0.0 -1.0
outer loop
vertex 725.7857142857142 0.0 0.0
vertex 703.3571428571429 50.0 0.0
vertex 716.652380952381 50.0 0.0
endloop
endfacet
facet normal -0.0 0.0 1.0
outer loop
vertex 703.3571428571429 50.0 20.0
vertex 703.3571428571428 0.0 20.0
vertex 725.7857142857142 0.0 20.0
endloop
endfacet
facet normal 0.0 -0.0 1.0
outer loop
vertex 725.7857142857142 0.0 20.0
vertex 725.7857142857142 50.0 20.0
vertex 716.652380952381 50.0 20.0
endloop
endfacet
facet normal 0.0 -0.0 1.0
outer loop
vertex 716.652380952381 50.0 20.0
vertex 716.652380952381 145.0 20.0
vertex 703.3571428571429 145.0 20.0
endloop
endfacet
facet normal 0.0 0.0 1.0
outer loop
vertex 716.652380952381 50.0 20.0
vertex 703.3571428571429 145.0 20.0
vertex 703.3571428571429 50.0 20.0
endloop
endfacet
facet normal 0.0 0.0 1.0
outer loop
vertex 716.652380952381 50.0 20.0
vertex 703.3571428571429 50.0 20.0
vertex 725.7857142857142 0.0 20.0
endloop
endfacet
facet normal -0.0 -0.9999999999999999 -0.0
outer loop
vertex 725.7857142857142 0.0 20.0
vertex 703.3571428571428 0.0 20.0
vertex 725.7857142857142 0.0 0.0
endloop
endfacet
facet normal -0.0 -0.9999999999999999 -0.0
outer loop
vertex 725.7857142857142 0.0 0.0
vertex 703.3571428571428 0.0 20.0
vertex 703.3571428571428 0.0 0.0
endloop
endfacet
facet normal 1.0 0.0 0.0
outer loop
vertex 725.7857142857142 50.0 20.0
vertex 725.7857142857142 0.0 20.0
vertex 725.7857142857142 50.0 0.0
endloop
endfacet
facet normal 1.0 0.0 0.0
outer loop
vertex 725.7857142857142 50.0 0.0
vertex 725.7857142857142 0.0 20.0
vertex 725.7857142857142 0.0 0.0
endloop
endfacet
facet normal -0.0 1.0 0.0
outer loop
vertex 716.652380952381 50.0 20.0
vertex 725.7857142857142 50.0 20.0
vertex 716.652380952381 50.0 0.0
endloop
endfacet
facet normal -0.0 1.0 0.0
outer loop
vertex 716.652380952381 50.0 0.0
vertex 725.7857142857142 50.0 20.0
vertex 725.7857142857142 50.0 0.0
endloop
endfacet
facet normal 1.0 0.0 0.0
outer loop
vertex 716.652380952381 145.0 20.0
vertex 716.652380952381 50.0 20.0
vertex 716.652380952381 145.0 0.0
endloop
endfacet
facet normal 1.0 0.0 0.0
outer loop
vertex 716.652380952381 145.0 0.0
vertex 716.652380952381 50.0 20.0
vertex 716.652380952381 50.0 0.0
endloop
endfacet
facet normal -0.0 1.0 0.0
outer loop
vertex 703.3571428571429 145.0 20.0
vertex 716.652380952381 145.0 20.0
vertex 703.3571428571429 145.0 0.0
endloop
endfacet
facet normal -0.0 1.0 0.0
outer loop
vertex 703.3571428571429 145.0 0.0
vertex 716.652380952381 145.0 20.0
vertex 716.652380952381 145.0 0.0
endloop
endfacet
facet normal -1.0 2.2737367544323206e-15 0.0
outer loop
vertex 703.3571428571428 0.0 20.0
vertex 703.3571428571429 50.0 20.0
vertex 703.3571428571428 0.0 0.0
endloop
endfacet
facet normal -1.0 2.2737367544323206e-15 0.0
outer loop
vertex 703.3571428571428 0.0 0.0
vertex 703.3571428571429 50.0 20.0
vertex 703.3571428571429 50.0 0.0
endloop
endfacet
facet normal -1.0 0.0 -0.0
outer loop
vertex 703.3571428571429 50.0 20.0
vertex 703.3571428571429 145.0 20.0
vertex 703.3571428571429 50.0 0.0
endloop
endfacet
facet normal -1.0 0.0 0.0
outer loop
vertex 703.3571428571429 50.0 0.0
vertex 703.3571428571429 145.0 20.0
vertex 703.3571428571429 145.0 0.0
endloop
endfacet

endsolid 52_C5
solid 53_C#5
facet normal 0.0 0.0 -1.0
outer loop
vertex 717.652380952381 50.0 0.0
vertex 717.652380952381 145.0 0.0
vertex 730.352380952381 145.0 0.0
endloop
endfacet
facet normal 0.0 0.0 -1.0
outer loop
vertex 717.652380952381 50.0 0.0
vertex 730.352380952381 145.0 0.0
vertex 730.352380952381 50.0 0.0
endloop
endfacet
facet normal 0.0 -1.0 0.0
outer loop
vertex 717.652380952381 50.0 0.0
vertex 730.352380952381 50.0 0.0
vertex 730.352380952381 50.0 20.0
endloop
endfacet
facet normal 0.0 -1.0 0.0
outer loop
vertex 717.652380952381 50.0 0.0
vertex 730.352380952381 50.0 20.0
vertex 717.652380952381 50.0 20.0
endloop
endfacet
facet normal 1.0 0.0 0.0
outer loop
vertex 730.352380952381 50.0 0.0
vertex 730.352380952381 145.0 0.0
vertex 730.352380952381 145.0 20.0
endloop
endfacet
facet normal 1.0 0.0 -0.0
outer loop
vertex 730.352380952381 50.0 0.0
vertex 730.352380952381 145.0 20.0
vertex 730.352380952381 50.0 20.0
endloop
endfacet
facet normal 0.0 1.0 -0.0
outer loop
vertex 730.352380952381 145.0 0.0
vertex 717.652380952381 145.0 0.0
vertex 717.652380952381 145.0 20.0
endloop
endfacet
facet normal 0.0 1.0 -0.0
outer loop
vertex 730.352380952381 145.0 0.0
vertex 717.652380952381 145.0 20.0
vertex 730.352380952381 145.0 20.0
endloop
endfacet
facet normal -1.0 0.0 0.0
outer loop
vertex 717.652380952381 145.0 0.0
vertex 717.652380952381 50.0 0.0
vertex 717.652380952381 50.0 20.0
endloop
endfacet
facet normal -1.0 0.0 0.0
outer loop
vertex 717.652380952381 145.0 0.0
vertex 717.652380952381 50.0 20.0
vertex 717.652380952381 145.0 20.0
endloop
endfacet
facet normal 0.0 -0.9823385664224749 0.1871121078899952
outer loop
vertex 717.652380952381 50.0 20.0
vertex 730.352380952381 50.0 20.0
vertex 729.102380952381 52.0 30.5
endloop
endfacet
facet normal 0.0 -0.9823385664224747 0.1871121078899952
outer loop
vertex 717.652380952381 50.0 20.0
vertex 729.102380952381 52.0 30.5
vertex 718.902380952381 52.0 30.5
endloop
endfacet
facet normal 0.9929882741949437 -0.0 0.11821288978511235
outer loop
vertex 730.352380952381 50.0 20.0
vertex 730.352380952381 145.0 20.0
vertex 729.102380952381 145.0 30.5
endloop
endfacet
facet normal 0.9929882741949438 0.0 0.11821288978511237
outer loop
vertex 730.352380952381 50.0 20.0
vertex 729.102380952381 145.0 30.5
vertex 729.102380952381 52.0 30.5
endloop
endfacet
facet normal 0.0 1.0 -0.0
outer loop
vertex 730.352380952381 145.0 20.0
vertex 717.652380952381 145.0 20.0
vertex 718.902380952381 145.0 30.5
endloop
endfacet
facet normal 0.0 1.0 -0.0
outer loop
vertex 730.352380952381 145.0 20.0
vertex 718.902380952381 145.0 30.5
vertex 729.102380952381 145.0 30.5
endloop
endfacet
facet normal -0.9929882741949437 0.0 0.11821288978511235
outer loop
vertex 717.652380952381 145.0 20.0
vertex 717.652380952381 50.0 20.0
vertex 718.902380952381 52.0 30.5
endloop
endfacet
facet normal -0.9929882741949438 0.0 0.11821288978511237
outer loop
vertex 717.652380952381 145.0 20.0
vertex 718.902380952381 52.0 30.5
vertex 718.902380952381 145.0 30.5
endloop
endfacet
facet normal 0.0 0.0 1.0
outer loop
vertex 718.902380952381 52.0 30.5
vertex 729.102380952381 52.0 30.5
vertex 729.102380952381 145.0 30.5
endloop
endfacet
facet normal 0.0 -0.0 1.0
outer loop
vertex 718.902380952381 52.0 30.5
vertex 729.102380952381 145.0 30.5
vertex 718.902380952381 145.0 30.5
endloop
endfacet

endsolid 53_C#5
solid 54_D5
facet normal 0.0 0.0 -1.0
outer loop
vertex 749.2142857142857 0.0 0.0
vertex 726.7857142857142 0.0 0.0
vertex 726.7857142857142 50.0 0.0
endloop
endfacet
facet normal 0.0 0.0 -0.9999999999999999
outer loop
vertex 744.6476190476192 50.0 0.0
vertex 749.2142857142857 50.0 0.0
vertex 749.2142857142857 0.0 0.0
endloop
endfacet
facet normal 0.0 0.0 -1.0
outer loop
vertex 731.352380952381 145.0 0.0
vertex 744.6476190476192 145.0 0.0
vertex 744.6476190476192 50.0 0.0
endloop
endfacet
facet normal 0.0 0.0 -1.0
outer loop
vertex 731.352380952381 50.0 0.0
vertex 731.352380952381 145.0 0.0
vertex 744.6476190476192 50.0 0.0
endloop
endfacet
facet normal 0.0 0.0 -1.0
outer loop
vertex 749.2142857142857 0.0 0.0
vertex 726.7857142857142 50.0 0.0
vertex 731.352380952381 50.0 0.0
endloop
endfacet
facet normal -0.0 -0.0 -1.0
outer loop
vertex 744.6476190476192 50.0 0.0
vertex 749.2142857142857 0.0 0.0
vertex 731.352380952381 50.0 0.0
endloop
endfacet
facet normal -0.0 0.0 1.0
outer loop
vertex 726.7857142857142 50.0 20.0
vertex 726.7857142857142 0.0 20.0
vertex 749.2142857142857 0.0 20.0
endloop
endfacet
facet normal 0.0 -0.0 0.9999999999999999
outer loop
vertex 749.2142857142857 0.0 20.0
vertex 749.2142857142857 50.0 20.0
vertex 744.6476190476192 50.0 20.0
endloop
endfacet
facet normal 0.0 -0.0 1.0
outer loop
vertex 744.6476190476192 50.0 20.0
vertex 744.6476190476192 145.0 20.0
vertex 731.352380952381 145.0 20.0
endloop
endfacet
facet normal 0.0 0.0 1.0
outer loop
vertex 744.6476190476192 50.0 20.0
vertex 731.352380952381 145.0 20.0
vertex 731.352380952381 50.0 20.0
endloop
endfacet
facet normal 0.0 0.0 1.0
outer loop
vertex 731.352380952381 50.0 20.0
vertex 726.7857142857142 50.0 20.0
vertex 749.2142857142857 0.0 20.0
endloop
endfacet
facet normal -0.0 -0.0 1.0
outer loop
vertex 731.352380952381 50.0 20.0
vertex 749.2142857142857 0.0 20.0
vertex 744.6476190476192 50.0 20.0
endloop
endfacet
facet normal -0.0 -0.9999999999999999 -0.0
outer loop
vertex 749.2142857142857 0.0 20.0
vertex 726.7857142857142 0.0 20.0
vertex 749.2142857142857 0.0 0.0
endloop
endfacet
facet normal -0.0 -0.9999999999999999 -0.0
outer loop
vertex 749.2142857142857 0.0 0.0
vertex 726.7857142857142 0.0 20.0
vertex 726.7857142857142 0.0 0.0
endloop
endfacet
facet normal 1.0 0.0 0.0
outer loop
vertex 749.2142857142857 50.0 20.0
vertex 749.2142857142857 0.0 20.0
vertex 749.2142857142857 50.0 0.0
endloop
endfacet
facet normal 1.0 0.0 0.0
outer loop
vertex 749.2142857142857 50.0 0.0
vertex 749.2142857142857 0.0 20.0
vertex 749.2142857142857 0.0 0.0
endloop
endfacet
facet normal -0.0 1.0 0.0
outer loop
vertex 744.6476190476192 50.0 20.0
vertex 749.2142857142857 50.0 20.0
vertex 744.6476190476192 50.0 0.0
endloop
endfacet
facet normal -0.0 1.0 0.0
outer loop
vertex 744.6476190476192 50.0 0.0
vertex 749.2142857142857 50.0 20.0
vertex 749.2142857142857 50.0 0.0
endloop
endfacet
facet normal 1.0 0.0 0.0
outer loop
vertex 744.6476190476192 145.0 20.0
vertex 744.6476190476192 50.0 20.0
vertex 744.6476190476192 145.0 0.0
endloop
endfacet
facet normal 1.0 0.0 0.0
outer loop
vertex 744.6476190476192 145.0 0.0
vertex 744.6476190476192 50.0 20.0
vertex 744.6476190476192 50.0 0.0
endloop
endfacet
facet normal -0.0 1.0 0.0
outer loop
vertex 731.352380952381 145.0 20.0
vertex 744.6476190476192 145.0 20.0
vertex 731.352380952381 145.0 0.0
endloop
endfacet
facet normal -0.0 1.0 0.0
outer loop
vertex 731.352380952381 145.0 0.0
vertex 744.6476190476192 145.0 20.0
vertex 744.6476190476192 145.0 0.0
endloop
endfacet
facet normal -1.0 0.0 -0.0
outer loop
vertex 731.352380952381 50.0 20.0
vertex 731.352380952381 145.0 20.0
vertex 731.352380952381 50.0 0.0
endloop
endfacet
facet normal -1.0 0.0 0.0
outer loop
vertex 731.352380952381 50.0 0.0
vertex 731.352380952381 145.0 20.0
vertex 731.352380952381 145.0 0.0
endloop
endfacet
facet normal -1.0 0.0 -0.0
outer loop
vertex 726.7857142857142 0.0 20.0
vertex 726.7857142857142 50.0 20.0
vertex 726.7857142857142 0.0 0.0
endloop
endfacet
facet normal -1.0 0.0 0.0
outer loop
vertex 726.7857142857142 0.0 0.0
vertex 726.7857142857142 50.0 20.0
vertex 726.7857142857142 50.0 0.0
endloop
endfacet
facet normal -0.0 1.0 0.0
outer loop
vertex 726.7857142857142 50.0 20.0
vertex 731.352380952381 50.0 20.0
vertex 726.7857142857142 50.0 0.0
endloop
endfacet
facet normal -0.0 1.0 0.0
outer loop
vertex 726.7857142857142 50.0 0.0
vertex 731.352380952381 50.0 20.0
vertex 731.352380952381 50.0 0.0
endloop
endfacet

endsolid 54_D5
solid 55_D#5
facet normal 0.0 0.0 -1.0
outer loop
vertex 745.6476190476192 50.0 0.0
vertex 745.6476190476192 145.0 0.0
vertex 758.3476190476192 145.0 0.0
endloop
endfacet
facet normal 0.0 0.0 -1.0
outer loop
vertex 745.6476190476192 50.0 0.0
vertex 758.3476190476192 145.0 0.0
vertex 758.3476190476192 50.0 0.0
endloop
endfacet
facet normal 0.0 -1.0 0.0
outer loop
vertex 745.6476190476192 50.0 0.0
vertex 758.3476190476192 50.0 0.0
vertex 758.3476190476192 50.0 20.0
endloop
endfacet
facet normal 0.0 -1.0 0.0
outer loop
vertex 745.6476190476192 50.0 0.0
vertex 758.3476190476192 50.0 20.0
vertex 745.6476190476192 50.0 20.0
endloop
endfacet
facet normal 1.0 0.0 0.0
outer loop
vertex 758.3476190476192 50.0 0.0
vertex 758.3476190476192 145.0 0.0
vertex 758.3476190476192 145.0 20.0
endloop
endfacet
facet normal 1.0 0.0 -0.0
outer loop
vertex 758.3476190476192 50.0 0.0
vertex 758.3476190476192 145.0 20.0
vertex 758.3476190476192 50.0 20.0
endloop
endfacet
facet normal 0.0 1.0 -0.0
outer loop
vertex 758.3476190476192 145.0 0.0
vertex 745.6476190476192 145.0 0.0
vertex 745.6476190476192 145.0 20.0
endloop
endfacet
facet normal 0.0 1.0 -0.0
outer loop
vertex 758.3476190476192 145.0 0.0
vertex 745.6476190476192 145.0 20.0
vertex 758.3476190476192 145.0 20.0
endloop
endfacet
facet normal -1.0 0.0 0.0
outer loop
vertex 745.6476190476192 145.0 0.0
vertex 745.6476190476192 50.0 0.0
vertex 745.6476190476192 50.0 20.0
endloop
endfacet
facet normal -1.0 0.0 0.0
outer loop
vertex 745.6476190476192 145.0 0.0
vertex 745.6476190476192 50.0 20.0
vertex 745.6476190476192 145.0 20.0
endloop
endfacet
facet normal 0.0 -0.9823385664224749 0.1871121078899952
outer loop
vertex 745.6476190476192 50.0 20.0
vertex 758.3476190476192 50.0 20.0
vertex 757.0976190476192 52.0 30.5
endloop
endfacet
facet normal 0.0 -0.9823385664224747 0.1871121078899952
outer loop
vertex 745.6476190476192 50.0 20.0
vertex 757.0976190476192 52.0 30.5
vertex 746.8976190476192 52.0 30.5
endloop
endfacet
facet normal 0.9929882741949437 -0.0 0.11821288978511235
outer loop
vertex 758.3476190476192 50.0 20.0
vertex 758.3476190476192 145.0 20.0
vertex 757.0976190476192 145.0 30.5
endloop
endfacet
facet normal 0.9929882741949438 0.0 0.11821288978511237
outer loop
vertex 758.3476190476192 50.0 20.0
vertex 757.0976190476192 145.0 30.5
vertex 757.0976190476192 52.0 30.5
endloop
endfacet
facet normal 0.0 1.0 -0.0
outer loop
vertex 758.3476190476192 145.0 20.0
vertex 745.6476190476192 145.0 20.0
vertex 746.8976190476192 145.0 30.5
endloop
endfacet
facet normal 0.0 1.0 -0.0
outer loop
vertex 758.3476190476192 145.0 20.0
vertex 746.8976190476192 145.0 30.5
vertex 757.0976190476192 145.0 30.5
endloop
endfacet
facet normal -0.9929882741949437 0.0 0.11821288978511235
outer loop
vertex 745.6476190476192 145.0 20.0
vertex 745.6476190476192 50.0 20.0
vertex 746.8976190476192 52.0 30.5
endloop
endfacet
facet normal -0.9929882741949438 0.0 0.11821288978511237
outer loop
vertex 745.6476190476192 145.0 20.0
vertex 746.8976190476192 52.0 30.5
vertex 746.8976190476192 145.0 30.5
endloop
endfacet
facet normal 0.0 0.0 1.0
outer loop
vertex 746.8976190476192 52.0 30.5
vertex 757.0976190476192 52.0 30.5
vertex 757.0976190476192 145.0 30.5
endloop
endfacet
facet normal 0.0 -0.0 1.0
outer loop
vertex 746.8976190476192 52.0 30.5
vertex 757.0976190476192 145.0 30.5
vertex 746.8976190476192 145.0 30.5
endloop
endfacet

endsolid 55_D#5
solid 56_E5
facet normal 0.0 0.0 -1.0
outer loop
vertex 772.6428571428571 0.0 0.0
vertex 750.2142857142857 0.0 0.0
vertex 750.2142857142857 50.0 0.0
endloop
endfacet
facet normal 0.0 -0.0 -1.0
outer loop
vertex 759.3476190476192 145.0 0.0
vertex 772.6428571428573 145.0 0.0
vertex 772.6428571428571 50.0 0.0
endloop
endfacet
facet normal 0.0 0.0 -1.0
outer loop
vertex 759.3476190476192 50.0 0.0
vertex 759.3476190476192 145.0 0.0
vertex 772.6428571428571 50.0 0.0
endloop
endfacet
facet normal 0.0 0.0 -1.0
outer loop
vertex 772.6428571428571 0.0 0.0
vertex 750.2142857142857 50.0 0.0
vertex 759.3476190476192 50.0 0.0
endloop
endfacet
facet normal -0.0 -0.0 -1.0
outer loop
vertex 772.6428571428571 50.0 0.0
vertex 772.6428571428571 0.0 0.0
vertex 759.3476190476192 50.0 0.0
endloop
endfacet
facet normal -0.0 0.0 1.0
outer loop
vertex 750.2142857142857 50.0 20.0
vertex 750.2142857142857 0.0 20.0
vertex 772.6428571428571 0.0 20.0
endloop
endfacet
facet normal 0.0 -0.0 1.0
outer loop
vertex 772.6428571428571 50.0 20.0
vertex 772.6428571428573 145.0 20.0
vertex 759.3476190476192 145.0 20.0
endloop
endfacet
facet normal 0.0 0.0 1.0
outer loop
vertex 772.6428571428571 50.0 20.0
vertex 759.3476190476192 145.0 20.0
vertex 759.3476190476192 50.0 20.0
endloop
endfacet
facet normal 0.0 0.0 1.0
outer loop
vertex 759.3476190476192 50.0 20.0
vertex 750.2142857142857 50.0 20.0
vertex 772.6428571428571 0.0 20.0
endloop
endfacet
facet normal -0.0 0.0 1.0
outer loop
vertex 759.3476190476192 50.0 20.0
vertex 772.6428571428571 0.0 20.0
vertex 772.6428571428571 50.0 20.0
endloop
endfacet
facet normal -0.0 -0.9999999999999999 -0.0
outer loop
vertex 772.6428571428571 0.0 20.0
vertex 750.2142857142857 0.0 20.0
vertex 772.6428571428571 0.0 0.0
endloop
endfacet
facet normal -0.0 -0.9999999999999999 -0.0
outer loop
vertex 772.6428571428571 0.0 0.0
vertex 750.2142857142857 0.0 20.0
vertex 750.2142857142857 0.0 0.0
endloop
endfacet
facet normal 1.0 0.0 0.0
outer loop
vertex 772.6428571428571 50.0 20.0
vertex 772.6428571428571 0.0 20.0
vertex 772.6428571428571 50.0 0.0
endloop
endfacet
facet normal 1.0 0.0 0.0
outer loop
vertex 772.6428571428571 50.0 0.0
vertex 772.6428571428571 0.0 20.0
vertex 772.6428571428571 0.0 0.0
endloop
endfacet
facet normal 1.0 -2.3934071099287585e-15 0.0
outer loop
vertex 772.6428571428573 145.0 20.0
vertex 772.6428571428571 50.0 20.0
vertex 772.6428571428573 145.0 0.0
endloop
endfacet
facet normal 1.0 -2.3934071099287585e-15 0.0
outer loop
vertex 772.6428571428573 145.0 0.0
vertex 772.6428571428571 50.0 20.0
vertex 772.6428571428571 50.0 0.0
endloop
endfacet
facet normal -0.0 1.0 0.0
outer loop
vertex 759.3476190476192 145.0 20.0
vertex 772.6428571428573 145.0 20.0
vertex 759.3476190476192 145.0 0.0
endloop
endfacet
facet normal -0.0 1.0 0.0
outer loop
vertex 759.3476190476192 145.0 0.0
vertex 772.6428571428573 145.0 20.0
vertex 772.6428571428573 145.0 0.0
endloop
endfacet
facet normal -1.0 0.0 -0.0
outer loop
vertex 759.3476190476192 50.0 20.0
vertex 759.3476190476192 145.0 20.0
vertex 759.3476190476192 50.0 0.0
endloop
endfacet
facet normal -1.0 0.0 0.0
outer loop
vertex 759.3476190476192 50.0 0.0
vertex 759.3476190476192 145.0 20.0
vertex 759.3476190476192 145.0 0.0
endloop
endfacet
facet normal -1.0 0.0 -0.0
outer loop
vertex 750.2142857142857 0.0 20.0
vertex 750.2142857142857 50.0 20.0
vertex 750.2142857142857 0.0 0.0
endloop
endfacet
facet normal -1.0 0.0 0.0
outer loop
vertex 750.2142857142857 0.0 0.0
vertex 750.2142857142857 50.0 20.0
vertex 750.2142857142857 50.0 0.0
endloop
endfacet
facet normal -0.0 1.0 0.0
outer loop
vertex 750.2142857142857 50.0 20.0
vertex 759.3476190476192 50.0 20.0
vertex 750.2142857142857 50.0 0.0
endloop
endfacet
facet normal -0.0 1.0 0.0
outer loop
vertex 750.2142857142857 50.0 0.0
vertex 759.3476190476192 50.0 20.0
vertex 759.3476190476192 50.0 0.0
endloop
endfacet

endsolid 56_E5
solid 57_F5
facet normal 0.0 0.0 -1.0
outer loop
vertex 796.0714285714286 0.0 0.0
vertex 773.6428571428571 0.0 0.0
vertex 773.6428571428573 50.0 0.0
endloop
endfacet
facet normal 0.0 0.0 -1.0
outer loop
vertex 785.7964285714288 50.0 0.0
vertex 796.0714285714286 50.0 0.0
vertex 796.0714285714286 0.0 0.0
endloop
endfacet
facet normal 0.0 0.0 -1.0
outer loop
vertex 773.6428571428573 145.0 0.0
vertex 785.7964285714288 145.0 0.0
vertex 785.7964285714288 50.0 0.0
endloop
endfacet
facet normal 0.0 0.0 -1.0
outer loop
vertex 773.6428571428573 50.0 0.0
vertex 773.6428571428573 145.0 0.0
vertex 785.7964285714288 50.0 0.0
endloop
endfacet
facet normal 0.0 0.0 -1.0
outer loop
vertex 796.0714285714286 0.0 0.0
vertex 773.6428571428573 50.0 0.0
vertex 785.7964285714288 50.0 0.0
endloop
endfacet
facet normal -0.0 0.0 1.0
outer loop
vertex 773.6428571428573 50.0 20.0
vertex 773.6428571428571 0.0 20.0
vertex 796.0714285714286 0.0 20.0
endloop
endfacet
facet normal 0.0 -0.0 1.0
outer loop
vertex 796.0714285714286 0.0 20.0
vertex 796.0714285714286 50.0 20.0
vertex 785.7964285714288 50.0 20.0
endloop
endfacet
facet normal 0.0 -0.0 1.0
outer loop
vertex 785.7964285714288 50.0 20.0
vertex 785.7964285714288 145.0 20.0
vertex 773.6428571428573 145.0 20.0
endloop
endfacet
facet normal 0.0 0.0 1.0
outer loop
vertex 785.7964285714288 50.0 20.0
vertex 773.6428571428573 145.0 20.0
vertex 773.6428571428573 50.0 20.0
endloop
endfacet
facet normal 0.0 0.0 1.0
outer loop
vertex 785.7964285714288 50.0 20.0
vertex 773.6428571428573 50.0 20.0
vertex 796.0714285714286 0.0 20.0
endloop
endfacet
facet normal -0.0 -0.9999999999999999 -0.0
outer loop
vertex 796.0714285714286 0.0 20.0
vertex 773.6428571428571 0.0 20.0
vertex 796.0714285714286 0.0 0.0
endloop
endfacet
facet normal -0.0 -0.9999999999999999 -0.0
outer loop
vertex 796.0714285714286 0.0 0.0
vertex 773.6428571428571 0.0 20.0
vertex 773.6428571428571 0.0 0.0
endloop
endfacet
facet normal 1.0 0.0 0.0
outer loop
vertex 796.0714285714286 50.0 20.0
vertex 796.0714285714286 0.0 20.0
vertex 796.0714285714286 50.0 0.0
endloop
endfacet
facet normal 1.0 0.0 0.0
outer loop
vertex 796.0714285714286 50.0 0.0
vertex 796.0714285714286 0.0 20.0
vertex 796.0714285714286 0.0 0.0
endloop
endfacet
facet normal -0.0 0.9999999999999999 0.0
outer loop
vertex 785.7964285714288 50.0 20.0
vertex 796.0714285714286 50.0 20.0
vertex 785.7964285714288 50.0 0.0
endloop
endfacet
facet normal -0.0 0.9999999999999999 0.0
outer loop
vertex 785.7964285714288 50.0 0.0
vertex 796.0714285714286 50.0 20.0
vertex 796.0714285714286 50.0 0.0
endloop
endfacet
facet normal 1.0 0.0 0.0
outer loop
vertex 785.7964285714288 145.0 20.0
vertex 785.7964285714288 50.0 20.0
vertex 785.7964285714288 145.0 0.0
endloop
endfacet
facet normal 1.0 0.0 0.0
outer loop
vertex 785.7964285714288 145.0 0.0
vertex 785.7964285714288 50.0 20.0
vertex 785.7964285714288 50.0 0.0
endloop
endfacet
facet normal -0.0 0.9999999999999999 0.0
outer loop
vertex 773.6428571428573 145.0 20.0
vertex 785.7964285714288 145.0 20.0
vertex 773.6428571428573 145.0 0.0
endloop
endfacet
facet normal -0.0 0.9999999999999999 0.0
outer loop
vertex 773.6428571428573 145.0 0.0
vertex 785.7964285714288 145.0 20.0
vertex 785.7964285714288 145.0 0.0
endloop
endfacet
facet normal -1.0 4.547473508864641e-15 0.0
outer loop
vertex 773.6428571428571 0.0 20.0
vertex 773.6428571428573 50.0 20.0
vertex 773.6428571428571 0.0 0.0
endloop
endfacet
facet normal -1.0 4.547473508864641e-15 0.0
outer loop
vertex 773.6428571428571 0.0 0.0
vertex 773.6428571428573 50.0 20.0
vertex 773.6428571428573 50.0 0.0
endloop
endfacet
facet normal -1.0 0.0 -0.0
outer loop
vertex 773.6428571428573 50.0 20.0
vertex 773.6428571428573 145.0 20.0
vertex 773.6428571428573 50.0 0.0
endloop
endfacet
facet normal -1.0 0.0 0.0
outer loop
vertex 773.6428571428573 50.0 0.0
vertex 773.6428571428573 145.0 20.0
vertex 773.6428571428573 145.0 0.0
endloop
endfacet

endsolid 57_F5
solid 58_F#5
facet normal 0.0 0.0 -1.0
outer loop
vertex 786.7964285714288 50.0 0.0
vertex 786.7964285714288 145.0 0.0
vertex 799.4964285714289 145.0 0.0
endloop
endfacet
facet normal 0.0 0.0 -1.0
outer loop
vertex 786.7964285714288 50.0 0.0
vertex 799.4964285714289 145.0 0.0
vertex 799.4964285714289 50.0 0.0
endloop
endfacet
facet normal 0.0 -1.0 0.0
outer loop
vertex 786.7964285714288 50.0 0.0
vertex 799.4964285714289 50.0 0.0
vertex 799.4964285714289 50.0 20.0
endloop
endfacet
facet normal 0.0 -1.0 0.0
outer loop
vertex 786.7964285714288 50.0 0.0
vertex 799.4964285714289 50.0 20.0
vertex 786.7964285714288 50.0 20.0
endloop
endfacet
facet normal 1.0 0.0 0.0
outer loop
vertex 799.4964285714289 50.0 0.0
vertex 799.4964285714289 145.0 0.0
vertex 799.4964285714289 145.0 20.0
endloop
endfacet
facet normal 1.0 0.0 -0.0
outer loop
vertex 799.4964285714289 50.0 0.0
vertex 799.4964285714289 145.0 20.0
vertex 799.4964285714289 50.0 20.0
endloop
endfacet
facet normal 0.0 1.0 -0.0
outer loop
vertex 799.4964285714289 145.0 0.0
vertex 786.7964285714288 145.0 0.0
vertex 786.7964285714288 145.0 20.0
endloop
endfacet
facet normal 0.0 1.0 -0.0
outer loop
vertex 799.4964285714289 145.0 0.0
vertex 786.7964285714288 145.0 20.0
vertex 799.4964285714289 145.0 20.0
endloop
endfacet
facet normal -1.0 0.0 0.0
outer loop
vertex 786.7964285714288 145.0 0.0
vertex 786.7964285714288 50.0 0.0
vertex 786.7964285714288 50.0 20.0
endloop
endfacet
facet normal -1.0 0.0 0.0
outer loop
vertex 786.7964285714288 145.0 0.0
vertex 786.7964285714288 50.0 20.0
vertex 786.7964285714288 145.0 20.0
endloop
endfacet
facet normal 0.0 -0.9823385664224749 0.1871121078899952
outer loop
vertex 786.7964285714288 50.0 20.0
vertex 799.4964285714289 50.0 20.0
vertex 798.2464285714289 52.0 30.5
endloop
endfacet
facet normal 0.0 -0.9823385664224747 0.1871121078899952
outer loop
vertex 786.7964285714288 50.0 20.0
vertex 798.2464285714289 52.0 30.5
vertex 788.0464285714288 52.0 30.5
endloop
endfacet
facet normal 0.9929882741949437 -0.0 0.11821288978511235
outer loop
vertex 799.4964285714289 50.0 20.0
vertex 799.4964285714289 145.0 20.0
vertex 798.2464285714289 145.0 30.5
endloop
endfacet
facet normal 0.9929882741949438 0.0 0.11821288978511237
outer loop
vertex 799.4964285714289 50.0 20.0
vertex 798.2464285714289 145.0 30.5
vertex 798.2464285714289 52.0 30.5
endloop
endfacet
facet normal 0.0 1.0 -0.0
outer loop
vertex 799.4964285714289 145.0 20.0
vertex 786.7964285714288 145.0 20.0
vertex 788.0464285714288 145.0 30.5
endloop
endfacet
facet normal 0.0 1.0 -0.0
outer loop
vertex 799.4964285714289 145.0 20.0
vertex 788.0464285714288 145.0 30.5
vertex 798.2464285714289 145.0 30.5
endloop
endfacet
facet normal -0.9929882741949437 0.0 0.11821288978511235
outer loop
vertex 786.7964285714288 145.0 20.0
vertex 786.7964285714288 50.0 20.0
vertex 788.0464285714288 52.0 30.5
endloop
endfacet
facet normal -0.9929882741949438 0.0 0.11821288978511237
outer loop
vertex 786.7964285714288 145.0 20.0
vertex 788.0464285714288 52.0 30.5
vertex 788.0464285714288 145.0 30.5
endloop
endfacet
facet normal 0.0 0.0 1.0
outer loop
vertex 788.0464285714288 52.0 30.5
vertex 798.2464285714289 52.0 30.5
vertex 798.2464285714289 145.0 30.5
endloop
endfacet
facet normal 0.0 -0.0 1.0
outer loop
vertex 788.0464285714288 52.0 30.5
vertex 798.2464285714289 145.0 30.5
vertex 788.0464285714288 145.0 30.5
endloop
endfacet

endsolid 58_F#5
solid 59_G5
facet normal 0.0 0.0 -1.0
outer loop
vertex 819.5 0.0 0.0
vertex 797.0714285714286 0.0 0.0
vertex 797.0714285714286 50.0 0.0
endloop
endfacet
facet normal 0.0 0.0 -1.0
outer loop
vertex 812.6500000000003 50.0 0.0
vertex 819.5 50.0 0.0
vertex 819.5 0.0 0.0
endloop
endfacet
facet normal 0.0 0.0 -1.0
outer loop
vertex 800.4964285714289 145.0 0.0
vertex 812.6500000000003 145.0 0.0
vertex 812.6500000000003 50.0 0.0
endloop
endfacet
facet normal 0.0 0.0 -1.0
outer loop
vertex 800.4964285714289 50.0 0.0
vertex 800.4964285714289 145.0 0.0
vertex 812.6500000000003 50.0 0.0
endloop
endfacet
facet normal 0.0 0.0 -0.9999999999999999
outer loop
vertex 819.5 0.0 0.0
vertex 797.0714285714286 50.0 0.0
vertex 800.4964285714289 50.0 0.0
endloop
endfacet
facet normal -0.0 -0.0 -1.0
outer loop
vertex 812.6500000000003 50.0 0.0
vertex 819.5 0.0 0.0
vertex 800.4964285714289 50.0 0.0
endloop
endfacet
facet normal -0.0 0.0 1.0
outer loop
vertex 797.0714285714286 50.0 20.0
vertex 797.0714285714286 0.0 20.0
vertex 819.5 0.0 20.0
endloop
endfacet
facet normal 0.0 -0.0 1.0
outer loop
vertex 819.5 0.0 20.0
vertex 819.5 50.0 20.0
vertex 812.6500000000003 50.0 20.0
endloop
endfacet
facet normal 0.0 -0.0 1.0
outer loop
vertex 812.6500000000003 50.0 20.0
vertex 812.6500000000003 145.0 20.0
vertex 800.4964285714289 145.0 20.0
endloop
endfacet
facet normal 0.0 0.0 1.0
outer loop
vertex 812.6500000000003 50.0 20.0
vertex 800.4964285714289 145.0 20.0
vertex 800.4964285714289 50.0 20.0
endloop
endfacet
facet normal 0.0 0.0 0.9999999999999999
outer loop
vertex 800.4964285714289 50.0 20.0
vertex 797.0714285714286 50.0 20.0
vertex 819.5 0.0 20.0
endloop
endfacet
facet normal -0.0 -0.0 1.0
outer loop
vertex 800.4964285714289 50.0 20.0
vertex 819.5 0.0 20.0
vertex 812.6500000000003 50.0 20.0
endloop
endfacet
facet normal -0.0 -0.9999999999999999 -0.0
outer loop
vertex 819.5 0.0 20.0
vertex 797.0714285714286 0.0 20.0
vertex 819.5 0.0 0.0
endloop
endfacet
facet normal -0.0 -0.9999999999999999 -0.0
outer loop
vertex 819.5 0.0 0.0
vertex 797.0714285714286 0.0 20.0
vertex 797.0714285714286 0.0 0.0
endloop
endfacet
facet normal 1.0 0.0 0.0
outer loop
vertex 819.5 50.0 20.0
vertex 819.5 0.0 20.0
vertex 819.5 50.0 0.0
endloop
endfacet
facet normal 1.0 0.0 0.0
outer loop
vertex 819.5 50.0 0.0
vertex 819.5 0.0 20.0
vertex 819.5 0.0 0.0
endloop
endfacet
facet normal -0.0 1.0 0.0
outer loop
vertex 812.6500000000003 50.0 20.0
vertex 819.5 50.0 20.0
vertex 812.6500000000003 50.0 0.0
endloop
endfacet
facet normal -0.0 1.0 0.0
outer loop
vertex 812.6500000000003 50.0 0.0
vertex 819.5 50.0 20.0
vertex 819.5 50.0 0.0
endloop
endfacet
facet normal 1.0 0.0 0.0
outer loop
vertex 812.6500000000003 145.0 20.0
vertex 812.6500000000003 50.0 20.0
vertex 812.6500000000003 145.0 0.0
endloop
endfacet
facet normal 1.0 0.0 0.0
outer loop
vertex 812.6500000000003 145.0 0.0
vertex 812.6500000000003 50.0 20.0
vertex 812.6500000000003 50.0 0.0
endloop
endfacet
facet normal -0.0 0.9999999999999999 0.0
outer loop
vertex 800.4964285714289 145.0 20.0
vertex 812.6500000000003 145.0 20.0
vertex 800.4964285714289 145.0 0.0
endloop
endfacet
facet normal -0.0 0.9999999999999999 0.0
outer loop
vertex 800.4964285714289 145.0 0.0
vertex 812.6500000000003 145.0 20.0
vertex 812.6500000000003 145.0 0.0
endloop
endfacet
facet normal -1.0 0.0 -0.0
outer loop
vertex 800.4964285714289 50.0 20.0
vertex 800.4964285714289 145.0 20.0
vertex 800.4964285714289 50.0 0.0
endloop
endfacet
facet normal -1.0 0.0 0.0
outer loop
vertex 800.4964285714289 50.0 0.0
vertex 800.4964285714289 145.0 20.0
vertex 800.4964285714289 145.0 0.0
endloop
endfacet
facet normal -1.0 0.0 -0.0
outer loop
vertex 797.0714285714286 0.0 20.0
vertex 797.0714285714286 50.0 20.0
vertex 797.0714285714286 0.0 0.0
endloop
endfacet
facet normal -1.0 0.0 0.0
outer loop
vertex 797.0714285714286 0.0 0.0
vertex 797.0714285714286 50.0 20.0
vertex 797.0714285714286 50.0 0.0
endloop
endfacet
facet normal -0.0 1.0 0.0
outer loop
vertex 797.0714285714286 50.0 20.0
vertex 800.4964285714289 50.0 20.0
vertex 797.0714285714286 50.0 0.0
endloop
endfacet
facet normal -0.0 1.0 0.0
outer loop
vertex 797.0714285714286 50.0 0.0
vertex 800.4964285714289 50.0 20.0
vertex 800.4964285714289 50.0 0.0
endloop
endfacet

endsolid 59_G5
solid 60_G#5
facet normal 0.0 0.0 -1.0
outer loop
vertex 813.6500000000003 50.0 0.0
vertex 813.6500000000003 145.0 0.0
vertex 826.3500000000004 145.0 0.0
endloop
endfacet
facet normal 0.0 0.0 -1.0
outer loop
vertex 813.6500000000003 50.0 0.0
vertex 826.3500000000004 145.0 0.0
vertex 826.3500000000004 50.0 0.0
endloop
endfacet
facet normal 0.0 -1.0 0.0
outer loop
vertex 813.6500000000003 50.0 0.0
vertex 826.3500000000004 50.0 0.0
vertex 826.3500000000004 50.0 20.0
endloop
endfacet
facet normal 0.0 -1.0 0.0
outer loop
vertex 813.6500000000003 50.0 0.0
vertex 826.3500000000004 50.0 20.0
vertex 813.6500000000003 50.0 20.0
endloop
endfacet
facet normal 1.0 0.0 0.0
outer loop
vertex 826.3500000000004 50.0 0.0
vertex 826.3500000000004 145.0 0.0
vertex 826.3500000000004 145.0 20.0
endloop
endfacet
facet normal 1.0 0.0 -0.0
outer loop
vertex 826.3500000000004 50.0 0.0
vertex 826.3500000000004 145.0 20.0
vertex 826.3500000000004 50.0 20.0
endloop
endfacet
facet normal 0.0 1.0 -0.0
outer loop
vertex 826.3500000000004 145.0 0.0
vertex 813.6500000000003 145.0 0.0
vertex 813.6500000000003 145.0 20.0
endloop
endfacet
facet normal 0.0 1.0 -0.0
outer loop
vertex 826.3500000000004 145.0 0.0
vertex 813.6500000000003 145.0 20.0
vertex 826.3500000000004 145.0 20.0
endloop
endfacet
facet normal -1.0 0.0 0.0
outer loop
vertex 813.6500000000003 145.0 0.0
vertex 813.6500000000003 50.0 0.0
vertex 813.6500000000003 50.0 20.0
endloop
endfacet
facet normal -1.0 0.0 0.0
outer loop
vertex 813.6500000000003 145.0 0.0
vertex 813.6500000000003 50.0 20.0
vertex 813.6500000000003 145.0 20.0
endloop
endfacet
facet normal 0.0 -0.9823385664224749 0.1871121078899952
outer loop
vertex 813.6500000000003 50.0 20.0
vertex 826.3500000000004 50.0 20.0
vertex 825.1000000000004 52.0 30.5
endloop
endfacet
facet normal 0.0 -0.9823385664224747 0.1871121078899952
outer loop
vertex 813.6500000000003 50.0 20.0
vertex 825.1000000000004 52.0 30.5
vertex 814.9000000000003 52.0 30.5
endloop
endfacet
facet normal 0.9929882741949437 -0.0 0.11821288978511235
outer loop
vertex 826.3500000000004 50.0 20.0
vertex 826.3500000000004 145.0 20.0
vertex 825.1000000000004 145.0 30.5
endloop
endfacet
facet normal 0.9929882741949438 0.0 0.11821288978511237
outer loop
vertex 826.3500000000004 50.0 20.0
vertex 825.1000000000004 145.0 30.5
vertex 825.1000000000004 52.0 30.5
endloop
endfacet
facet normal 0.0 1.0 -0.0
outer loop
vertex 826.3500000000004 145.0 20.0
vertex 813.6500000000003 145.0 20.0
vertex 814.9000000000003 145.0 30.5
endloop
endfacet
facet normal 0.0 1.0 -0.0
outer loop
vertex 826.3500000000004 145.0 20.0
vertex 814.9000000000003 145.0 30.5
vertex 825.1000000000004 145.0 30.5
endloop
endfacet
facet normal -0.9929882741949437 0.0 0.11821288978511235
outer loop
vertex 813.6500000000003 145.0 20.0
vertex 813.6500000000003 50.0 20.0
vertex 814.9000000000003 52.0 30.5
endloop
endfacet
facet normal -0.9929882741949438 0.0 0.11821288978511237
outer loop
vertex 813.6500000000003 145.0 20.0
vertex 814.9000000000003 52.0 30.5
vertex 814.9000000000003 145.0 30.5
endloop
endfacet
facet normal 0.0 0.0 1.0
outer loop
vertex 814.9000000000003 52.0 30.5
vertex 825.1000000000004 52.0 30.5
vertex 825.1000000000004 145.0 30.5
endloop
endfacet
facet normal 0.0 -0.0 1.0
outer loop
vertex 814.9000000000003 52.0 30.5
vertex 825.1000000000004 145.0 30.5
vertex 814.9000000000003 145.0 30.5
endloop
endfacet

endsolid 60_G#5
solid 61_A5
facet normal 0.0 0.0 -1.0
outer loop
vertex 842.9285714285714 0.0 0.0
vertex 820.5 0.0 0.0
vertex 820.5 50.0 0.0
endloop
endfacet
facet normal 0.0 0.0 -1.0
outer loop
vertex 839.5035714285718 50.0 0.0
vertex 842.9285714285714 50.0 0.0
vertex 842.9285714285714 0.0 0.0
endloop
endfacet
facet normal 0.0 0.0 -1.0
outer loop
vertex 827.3500000000004 145.0 0.0
vertex 839.5035714285718 145.0 0.0
vertex 839.5035714285718 50.0 0.0
endloop
endfacet
facet normal 0.0 0.0 -1.0
outer loop
vertex 827.3500000000004 50.0 0.0
vertex 827.3500000000004 145.0 0.0
vertex 839.5035714285718 50.0 0.0
endloop
endfacet
facet normal 0.0 0.0 -1.0
outer loop
vertex 842.9285714285714 0.0 0.0
vertex 820.5 50.0 0.0
vertex 827.3500000000004 50.0 0.0
endloop
endfacet
facet normal -0.0 -0.0 -1.0
outer loop
vertex 839.5035714285718 50.0 0.0
vertex 842.9285714285714 0.0 0.0
vertex 827.3500000000004 50.0 0.0
endloop
endfacet
facet normal -0.0 0.0 1.0
outer loop
vertex 820.5 50.0 20.0
vertex 820.5 0.0 20.0
vertex 842.9285714285714 0.0 20.0
endloop
endfacet
facet normal 0.0 -0.0 1.0
outer loop
vertex 842.9285714285714 0.0 20.0
vertex 842.9285714285714 50.0 20.0
vertex 839.5035714285718 50.0 20.0
endloop
endfacet
facet normal 0.0 -0.0 1.0
outer loop
vertex 839.5035714285718 50.0 20.0
vertex 839.5035714285718 145.0 20.0
vertex 827.3500000000004 145.0 20.0
endloop
endfacet
facet normal 0.0 0.0 1.0
outer loop
vertex 839.5035714285718 50.0 20.0
vertex 827.3500000000004 145.0 20.0
vertex 827.3500000000004 50.0 20.0
endloop
endfacet
facet normal 0.0 0.0 1.0
outer loop
vertex 827.3500000000004 50.0 20.0
vertex 820.5 50.0 20.0
vertex 842.9285714285714 0.0 20.0
endloop
endfacet
facet normal -0.0 -0.0 1.0
outer loop
vertex 827.3500000000004 50.0 20.0
vertex 842.9285714285714 0.0 20.0
vertex 839.5035714285718 50.0 20.0
endloop
endfacet
facet normal -0.0 -0.9999999999999999 -0.0
outer loop
vertex 842.9285714285714 0.0 20.0
vertex 820.5 0.0 20.0
vertex 842.9285714285714 0.0 0.0
endloop
endfacet
facet normal -0.0 -0.9999999999999999 -0.0
outer loop
vertex 842.9285714285714 0.0 0.0
vertex 820.5 0.0 20.0
vertex 820.5 0.0 0.0
endloop
endfacet
facet normal 1.0 0.0 0.0
outer loop
vertex 842.9285714285714 50.0 20.0
vertex 842.9285714285714 0.0 20.0
vertex 842.9285714285714 50.0 0.0
endloop
endfacet
facet normal 1.0 0.0 0.0
outer loop
vertex 842.9285714285714 50.0 0.0
vertex 842.9285714285714 0.0 20.0
vertex 842.9285714285714 0.0 0.0
endloop
endfacet
facet normal -0.0 1.0 0.0
outer loop
vertex 839.5035714285718 50.0 20.0
vertex 842.9285714285714 50.0 20.0
vertex 839.5035714285718 50.0 0.0
endloop
endfacet
facet normal -0.0 1.0 0.0
outer loop
vertex 839.5035714285718 50.0 0.0
vertex 842.9285714285714 50.0 20.0
vertex 842.9285714285714 50.0 0.0
endloop
endfacet
facet normal 1.0 0.0 0.0
outer loop
vertex 839.5035714285718 145.0 20.0
vertex 839.5035714285718 50.0 20.0
vertex 839.5035714285718 145.0 0.0
endloop
endfacet
facet normal 1.0 0.0 0.0
outer loop
vertex 839.5035714285718 145.0 0.0
vertex 839.5035714285718 50.0 20.0
vertex 839.5035714285718 50.0 0.0
endloop
endfacet
facet normal -0.0 0.9999999999999999 0.0
outer loop
vertex 827.3500000000004 145.0 20.0
vertex 839.5035714285718 145.0 20.0
vertex 827.3500000000004 145.0 0.0
endloop
endfacet
facet normal -0.0 0.9999999999999999 0.0
outer loop
vertex 827.3500000000004 145.0 0.0
vertex 839.5035714285718 145.0 20.0
vertex 839.5035714285718 145.0 0.0
endloop
endfacet
facet normal -1.0 0.0 -0.0
outer loop
vertex 827.3500000000004 50.0 20.0
vertex 827.3500000000004 145.0 20.0
vertex 827.3500000000004 50.0 0.0
endloop
endfacet
facet normal -1.0 0.0 0.0
outer loop
vertex 827.3500000000004 50.0 0.0
vertex 827.3500000000004 145.0 20.0
vertex 827.3500000000004 145.0 0.0
endloop
endfacet
facet normal -1.0 0.0 -0.0
outer loop
vertex 820.5 0.0 20.0
vertex 820.5 50.0 20.0
vertex 820.5 0.0 0.0
endloop
endfacet
facet normal -1.0 0.0 0.0
outer loop
vertex 820.5 0.0 0.0
vertex 820.5 50.0 20.0
vertex 820.5 50.0 0.0
endloop
endfacet
facet normal -0.0 1.0 0.0
outer loop
vertex 820.5 50.0 20.0
vertex 827.3500000000004 50.0 20.0
vertex 820.5 50.0 0.0
endloop
endfacet
facet normal -0.0 1.0 0.0
outer loop
vertex 820.5 50.0 0.0
vertex 827.3500000000004 50.0 20.0
vertex 827.3500000000004 50.0 0.0
endloop
endfacet

endsolid 61_A5
solid 62_A#5
facet normal 0.0 0.0 -1.0
outer loop
vertex 840.5035714285718 50.0 0.0
vertex 840.5035714285718 145.0 0.0
vertex 853.2035714285719 145.0 0.0
endloop
endfacet
facet normal 0.0 0.0 -1.0
outer loop
vertex 840.5035714285718 50.0 0.0
vertex 853.2035714285719 145.0 0.0
vertex 853.2035714285719 50.0 0.0
endloop
endfacet
facet normal 0.0 -1.0 0.0
outer loop
vertex 840.5035714285718 50.0 0.0
vertex 853.2035714285719 50.0 0.0
vertex 853.2035714285719 50.0 20.0
endloop
endfacet
facet normal 0.0 -1.0 0.0
outer loop
vertex 840.5035714285718 50.0 0.0
vertex 853.2035714285719 50.0 20.0
vertex 840.5035714285718 50.0 20.0
endloop
endfacet
facet normal 1.0 0.0 0.0
outer loop
vertex 853.2035714285719 50.0 0.0
vertex 853.2035714285719 145.0 0.0
vertex 853.2035714285719 145.0 20.0
endloop
endfacet
facet normal 1.0 0.0 -0.0
outer loop
vertex 853.2035714285719 50.0 0.0
vertex 853.2035714285719 145.0 20.0
vertex 853.2035714285719 50.0 20.0
endloop
endfacet
facet normal 0.0 1.0 -0.0
outer loop
vertex 853.2035714285719 145.0 0.0
vertex 840.5035714285718 145.0 0.0
vertex 840.5035714285718 145.0 20.0
endloop
endfacet
facet normal 0.0 1.0 -0.0
outer loop
vertex 853.2035714285719 145.0 0.0
vertex 840.5035714285718 145.0 20.0
vertex 853.2035714285719 145.0 20.0
endloop
endfacet
facet normal -1.0 0.0 0.0
outer loop
vertex 840.5035714285718 145.0 0.0
vertex 840.5035714285718 50.0 0.0
vertex 840.5035714285718 50.0 20.0
endloop
endfacet
facet normal -1.0 0.0 0.0
outer loop
vertex 840.5035714285718 145.0 0.0
vertex 840.5035714285718 50.0 20.0
vertex 840.5035714285718 145.0 20.0
endloop
endfacet
facet normal 0.0 -0.9823385664224749 0.1871121078899952
outer loop
vertex 840.5035714285718 50.0 20.0
vertex 853.2035714285719 50.0 20.0
vertex 851.9535714285719 52.0 30.5
endloop
endfacet
facet normal 0.0 -0.9823385664224747 0.1871121078899952
outer loop
vertex 840.5035714285718 50.0 20.0
vertex 851.9535714285719 52.0 30.5
vertex 841.7535714285718 52.0 30.5
endloop
endfacet
facet normal 0.9929882741949437 -0.0 0.11821288978511235
outer loop
vertex 853.2035714285719 50.0 20.0
vertex 853.2035714285719 145.0 20.0
vertex 851.9535714285719 145.0 30.5
endloop
endfacet
facet normal 0.9929882741949438 0.0 0.11821288978511237
outer loop
vertex 853.2035714285719 50.0 20.0
vertex 851.9535714285719 145.0 30.5
vertex 851.9535714285719 52.0 30.5
endloop
endfacet
facet normal 0.0 1.0 -0.0
outer loop
vertex 853.2035714285719 145.0 20.0
vertex 840.5035714285718 145.0 20.0
vertex 841.7535714285718 145.0 30.5
endloop
endfacet
facet normal 0.0 1.0 -0.0
outer loop
vertex 853.2035714285719 145.0 20.0
vertex 841.7535714285718 145.0 30.5
vertex 851.9535714285719 145.0 30.5
endloop
endfacet
facet normal -0.9929882741949437 0.0 0.11821288978511235
outer loop
vertex 840.5035714285718 145.0 20.0
vertex 840.5035714285718 50.0 20.0
vertex 841.7535714285718 52.0 30.5
endloop
endfacet
facet normal -0.9929882741949438 0.0 0.11821288978511237
outer loop
vertex 840.5035714285718 145.0 20.0
vertex 841.7535714285718 52.0 30.5
vertex 841.7535714285718 145.0 30.5
endloop
endfacet
facet normal 0.0 0.0 1.0
outer loop
vertex 841.7535714285718 52.0 30.5
vertex 851.9535714285719 52.0 30.5
vertex 851.9535714285719 145.0 30.5
endloop
endfacet
facet normal 0.0 -0.0 1.0
outer loop
vertex 841.7535714285718 52.0 30.5
vertex 851.9535714285719 145.0 30.5
vertex 841.7535714285718 145.0 30.5
endloop
endfacet

endsolid 62_A#5
solid 63_B5
facet normal 0.0 0.0 -1.0
outer loop
vertex 866.3571428571428 0.0 0.0
vertex 843.9285714285713 0.0 0.0
vertex 843.9285714285713 50.0 0.0
endloop
endfacet
facet normal 0.0 -0.0 -1.0
outer loop
vertex 854.2035714285719 145.0 0.0
vertex 866.3571428571433 145.0 0.0
vertex 866.3571428571428 50.0 0.0
endloop
endfacet
facet normal 0.0 0.0 -1.0
outer loop
vertex 854.2035714285719 50.0 0.0
vertex 854.2035714285719 145.0 0.0
vertex 866.3571428571428 50.0 0.0
endloop
endfacet
facet normal 0.0 0.0 -1.0
outer loop
vertex 866.3571428571428 0.0 0.0
vertex 843.9285714285713 50.0 0.0
vertex 854.2035714285719 50.0 0.0
endloop
endfacet
facet normal -0.0 -0.0 -1.0
outer loop
vertex 866.3571428571428 50.0 0.0
vertex 866.3571428571428 0.0 0.0
vertex 854.2035714285719 50.0 0.0
endloop
endfacet
facet normal -0.0 0.0 1.0
outer loop
vertex 843.9285714285713 50.0 20.0
vertex 843.9285714285713 0.0 20.0
vertex 866.3571428571428 0.0 20.0
endloop
endfacet
facet normal 0.0 -0.0 1.0
outer loop
vertex 866.3571428571428 50.0 20.0
vertex 866.3571428571433 145.0 20.0
vertex 854.2035714285719 145.0 20.0
endloop
endfacet
facet normal 0.0 0.0 1.0
outer loop
vertex 866.3571428571428 50.0 20.0
vertex 854.2035714285719 145.0 20.0
vertex 854.2035714285719 50.0 20.0
endloop
endfacet
facet normal 0.0 0.0 1.0
outer loop
vertex 854.2035714285719 50.0 20.0
vertex 843.9285714285713 50.0 20.0
vertex 866.3571428571428 0.0 20.0
endloop
endfacet
facet normal -0.0 0.0 1.0
outer loop
vertex 854.2035714285719 50.0 20.0
vertex 866.3571428571428 0.0 20.0
vertex 866.3571428571428 50.0 20.0
endloop
endfacet
facet normal -0.0 -0.9999999999999999 -0.0
outer loop
vertex 866.3571428571428 0.0 20.0
vertex 843.9285714285713 0.0 20.0
vertex 866.3571428571428 0.0 0.0
endloop
endfacet
facet normal -0.0 -0.9999999999999999 -0.0
outer loop
vertex 866.3571428571428 0.0 0.0
vertex 843.9285714285713 0.0 20.0
vertex 843.9285714285713 0.0 0.0
endloop
endfacet
facet normal 1.0 0.0 0.0
outer loop
vertex 866.3571428571428 50.0 20.0
vertex 866.3571428571428 0.0 20.0
vertex 866.3571428571428 50.0 0.0
endloop
endfacet
facet normal 1.0 0.0 0.0
outer loop
vertex 866.3571428571428 50.0 0.0
vertex 866.3571428571428 0.0 20.0
vertex 866.3571428571428 0.0 0.0
endloop
endfacet
facet normal 1.0 -5.983517774821896e-15 0.0
outer loop
vertex 866.3571428571433 145.0 20.0
vertex 866.3571428571428 50.0 20.0
vertex 866.3571428571433 145.0 0.0
endloop
endfacet
facet normal 1.0 -5.983517774821896e-15 0.0
outer loop
vertex 866.3571428571433 145.0 0.0
vertex 866.3571428571428 50.0 20.0
vertex 866.3571428571428 50.0 0.0
endloop
endfacet
facet normal -0.0 0.9999999999999999 0.0
outer loop
vertex 854.2035714285719 145.0 20.0
vertex 866.3571428571433 145.0 20.0
vertex 854.2035714285719 145.0 0.0
endloop
endfacet
facet normal -0.0 0.9999999999999999 0.0
outer loop
vertex 854.2035714285719 145.0 0.0
vertex 866.3571428571433 145.0 20.0
vertex 866.3571428571433 145.0 0.0
endloop
endfacet
facet normal -1.0 0.0 -0.0
outer loop
vertex 854.2035714285719 50.0 20.0
vertex 854.2035714285719 145.0 20.0
vertex 854.2035714285719 50.0 0.0
endloop
endfacet
facet normal -1.0 0.0 0.0
outer loop
vertex 854.2035714285719 50.0 0.0
vertex 854.2035714285719 145.0 20.0
vertex 854.2035714285719 145.0 0.0
endloop
endfacet
facet normal -1.0 0.0 -0.0
outer loop
vertex 843.9285714285713 0.0 20.0
vertex 843.9285714285713 50.0 20.0
vertex 843.9285714285713 0.0 0.0
endloop
endfacet
facet normal -1.0 0.0 0.0
outer loop
vertex 843.9285714285713 0.0 0.0
vertex 843.9285714285713 50.0 20.0
vertex 843.9285714285713 50.0 0.0
endloop
endfacet
facet normal -0.0 1.0 0.0
outer loop
vertex 843.9285714285713 50.0 20.0
vertex 854.2035714285719 50.0 20.0
vertex 843.9285714285713 50.0 0.0
endloop
endfacet
facet normal -0.0 1.0 0.0
outer loop
vertex 843.9285714285713 50.0 0.0
vertex 854.2035714285719 50.0 20.0
vertex 854.2035714285719 50.0 0.0
endloop
endfacet

endsolid 63_B5
solid 64_C6
facet normal 0.0 0.0 -1.0
outer loop
vertex 889.7857142857142 0.0 0.0
vertex 867.3571428571428 0.0 0.0
vertex 867.3571428571429 50.0 0.0
endloop
endfacet
facet normal 0.0 0.0 -1.0
outer loop
vertex 880.652380952381 50.0 0.0
vertex 889.7857142857142 50.0 0.0
vertex 889.7857142857142 0.0 0.0
endloop
endfacet
facet normal 0.0 0.0 -1.0
outer loop
vertex 867.3571428571429 145.0 0.0
vertex 880.652380952381 145.0 0.0
vertex 880.652380952381 50.0 0.0
endloop
endfacet
facet normal 0.0 0.0 -1.0
outer loop
vertex 867.3571428571429 50.0 0.0
vertex 867.3571428571429 145.0 0.0
vertex 880.652380952381 50.0 0.0
endloop
endfacet
facet normal 0.0 0.0 -1.0
outer loop
vertex 889.7857142857142 0.0 0.0
vertex 867.3571428571429 50.0 0.0
vertex 880.652380952381 50.0 0.0
endloop
endfacet
facet normal -0.0 0.0 1.0
outer loop
vertex 867.3571428571429 50.0 20.0
vertex 867.3571428571428 0.0 20.0
vertex 889.7857142857142 0.0 20.0
endloop
endfacet
facet normal 0.0 -0.0 1.0
outer loop
vertex 889.7857142857142 0.0 20.0
vertex 889.7857142857142 50.0 20.0
vertex 880.652380952381 50.0 20.0
endloop
endfacet
facet normal 0.0 -0.0 1.0
outer loop
vertex 880.652380952381 50.0 20.0
vertex 880.652380952381 145.0 20.0
vertex 867.3571428571429 145.0 20.0
endloop
endfacet
facet normal 0.0 0.0 1.0
outer loop
vertex 880.652380952381 50.0 20.0
vertex 867.3571428571429 145.0 20.0
vertex 867.3571428571429 50.0 20.0
endloop
endfacet
facet normal 0.0 0.0 1.0
outer loop
vertex 880.652380952381 50.0 20.0
vertex 867.3571428571429 50.0 20.0
vertex 889.7857142857142 0.0 20.0
endloop
endfacet
facet normal -0.0 -0.9999999999999999 -0.0
outer loop
vertex 889.7857142857142 0.0 20.0
vertex 867.3571428571428 0.0 20.0
vertex 889.7857142857142 0.0 0.0
endloop
endfacet
facet normal -0.0 -0.9999999999999999 -0.0
outer loop
vertex 889.7857142857142 0.0 0.0
vertex 867.3571428571428 0.0 20.0
vertex 867.3571428571428 0.0 0.0
endloop
endfacet
facet normal 1.0 0.0 0.0
outer loop
vertex 889.7857142857142 50.0 20.0
vertex 889.7857142857142 0.0 20.0
vertex 889.7857142857142 50.0 0.0
endloop
endfacet
facet normal 1.0 0.0 0.0
outer loop
vertex 889.7857142857142 50.0 0.0
vertex 889.7857142857142 0.0 20.0
vertex 889.7857142857142 0.0 0.0
endloop
endfacet
facet normal -0.0 1.0 0.0
outer loop
vertex 880.652380952381 50.0 20.0
vertex 889.7857142857142 50.0 20.0
vertex 880.652380952381 50.0 0.0
endloop
endfacet
facet normal -0.0 1.0 0.0
outer loop
vertex 880.652380952381 50.0 0.0
vertex 889.7857142857142 50.0 20.0
vertex 889.7857142857142 50.0 0.0
endloop
endfacet
facet normal 1.0 0.0 0.0
outer loop
vertex 880.652380952381 145.0 20.0
vertex 880.652380952381 50.0 20.0
vertex 880.652380952381 145.0 0.0
endloop
endfacet
facet normal 1.0 0.0 0.0
outer loop
vertex 880.652380952381 145.0 0.0
vertex 880.652380952381 50.0 20.0
vertex 880.652380952381 50.0 0.0
endloop
endfacet
facet normal -0.0 1.0 0.0
outer loop
vertex 867.3571428571429 145.0 20.0
vertex 880.652380952381 145.0 20.0
vertex 867.3571428571429 145.0 0.0
endloop
endfacet
facet normal -0.0 1.0 0.0
outer loop
vertex 867.3571428571429 145.0 0.0
vertex 880.652380952381 145.0 20.0
vertex 880.652380952381 145.0 0.0
endloop
endfacet
facet normal -1.0 2.2737367544323206e-15 0.0
outer loop
vertex 867.3571428571428 0.0 20.0
vertex 867.3571428571429 50.0 20.0
vertex 867.3571428571428 0.0 0.0
endloop
endfacet
facet normal -1.0 2.2737367544323206e-15 0.0
outer loop
vertex 867.3571428571428 0.0 0.0
vertex 867.3571428571429 50.0 20.0
vertex 867.3571428571429 50.0 0.0
endloop
endfacet
facet normal -1.0 0.0 -0.0
outer loop
vertex 867.3571428571429 50.0 20.0
vertex 867.3571428571429 145.0 20.0
vertex 867.3571428571429 50.0 0.0
endloop
endfacet
facet normal -1.0 0.0 0.0
outer loop
vertex 867.3571428571429 50.0 0.0
vertex 867.3571428571429 145.0 20.0
vertex 867.3571428571429 145.0 0.0
endloop
endfacet

endsolid 64_C6
solid 65_C#6
facet normal 0.0 0.0 -1.0
outer loop
vertex 881.652380952381 50.0 0.0
vertex 881.652380952381 145.0 0.0
vertex 894.352380952381 145.0 0.0
endloop
endfacet
facet normal 0.0 0.0 -1.0
outer loop
vertex 881.652380952381 50.0 0.0
vertex 894.352380952381 145.0 0.0
vertex 894.352380952381 50.0 0.0
endloop
endfacet
facet normal 0.0 -1.0 0.0
outer loop
vertex 881.652380952381 50.0 0.0
vertex 894.352380952381 50.0 0.0
vertex 894.352380952381 50.0 20.0
endloop
endfacet
facet normal 0.0 -1.0 0.0
outer loop
vertex 881.652380952381 50.0 0.0
vertex 894.352380952381 50.0 20.0
vertex 881.652380952381 50.0 20.0
endloop
endfacet
facet normal 1.0 0.0 0.0
outer loop
vertex 894.352380952381 50.0 0.0
vertex 894.352380952381 145.0 0.0
vertex 894.352380952381 145.0 20.0
endloop
endfacet
facet normal 1.0 0.0 -0.0
outer loop
vertex 894.352380952381 50.0 0.0
vertex 894.352380952381 145.0 20.0
vertex 894.352380952381 50.0 20.0
endloop
endfacet
facet normal 0.0 1.0 -0.0
outer loop
vertex 894.352380952381 145.0 0.0
vertex 881.652380952381 145.0 0.0
vertex 881.652380952381 145.0 20.0
endloop
endfacet
facet normal 0.0 1.0 -0.0
outer loop
vertex 894.352380952381 145.0 0.0
vertex 881.652380952381 145.0 20.0
vertex 894.352380952381 145.0 20.0
endloop
endfacet
facet normal -1.0 0.0 0.0
outer loop
vertex 881.652380952381 145.0 0.0
vertex 881.652380952381 50.0 0.0
vertex 881.652380952381 50.0 20.0
endloop
endfacet
facet normal -1.0 0.0 0.0
outer loop
vertex 881.652380952381 145.0 0.0
vertex 881.652380952381 50.0 20.0
vertex 881.652380952381 145.0 20.0
endloop
endfacet
facet normal 0.0 -0.9823385664224749 0.1871121078899952
outer loop
vertex 881.652380952381 50.0 20.0
vertex 894.352380952381 50.0 20.0
vertex 893.102380952381 52.0 30.5
endloop
endfacet
facet normal 0.0 -0.9823385664224747 0.1871121078899952
outer loop
vertex 881.652380952381 50.0 20.0
vertex 893.102380952381 52.0 30.5
vertex 882.902380952381 52.0 30.5
endloop
endfacet
facet normal 0.9929882741949437 -0.0 0.11821288978511235
outer loop
vertex 894.352380952381 50.0 20.0
vertex 894.352380952381 145.0 20.0
vertex 893.102380952381 145.0 30.5
endloop
endfacet
facet normal 0.9929882741949438 0.0 0.11821288978511237
outer loop
vertex 894.352380952381 50.0 20.0
vertex 893.102380952381 145.0 30.5
vertex 893.102380952381 52.0 30.5
endloop
endfacet
facet normal 0.0 1.0 -0.0
outer loop
vertex 894.352380952381 145.0 20.0
vertex 881.652380952381 145.0 20.0
vertex 882.902380952381 145.0 30.5
endloop
endfacet
facet normal 0.0 1.0 -0.0
outer loop
vertex 894.352380952381 145.0 20.0
vertex 882.902380952381 145.0 30.5
vertex 893.102380952381 145.0 30.5
endloop
endfacet
facet normal -0.9929882741949437 0.0 0.11821288978511235
outer loop
vertex 881.652380952381 145.0 20.0
vertex 881.652380952381 50.0 20.0
vertex 882.902380952381 52.0 30.5
endloop
endfacet
facet normal -0.9929882741949438 0.0 0.11821288978511237
outer loop
vertex 881.652380952381 145.0 20.0
vertex 882.902380952381 52.0 30.5
vertex 882.902380952381 145.0 30.5
endloop
endfacet
facet normal 0.0 0.0 1.0
outer loop
vertex 882.902380952381 52.0 30.5
vertex 893.102380952381 52.0 30.5
vertex 893.102380952381 145.0 30.5
endloop
endfacet
facet normal 0.0 -0.0 1.0
outer loop
vertex 882.902380952381 52.0 30.5
vertex 893.102380952381 145.0 30.5
vertex 882.902380952381 145.0 30.5
endloop
endfacet

endsolid 65_C#6
solid 66_D6
facet normal 0.0 0.0 -1.0
outer loop
vertex 913.2142857142857 0.0 0.0
vertex 890.7857142857142 0.0 0.0
vertex 890.7857142857142 50.0 0.0
endloop
endfacet
facet normal 0.0 0.0 -0.9999999999999999
outer loop
vertex 908.6476190476192 50.0 0.0
vertex 913.2142857142857 50.0 0.0
vertex 913.2142857142857 0.0 0.0
endloop
endfacet
facet normal 0.0 0.0 -1.0
outer loop
vertex 895.352380952381 145.0 0.0
vertex 908.6476190476192 145.0 0.0
vertex 908.6476190476192 50.0 0.0
endloop
endfacet
facet normal 0.0 0.0 -1.0
outer loop
vertex 895.352380952381 50.0 0.0
vertex 895.352380952381 145.0 0.0
vertex 908.6476190476192 50.0 0.0
endloop
endfacet
facet normal 0.0 0.0 -1.0
outer loop
vertex 913.2142857142857 0.0 0.0
vertex 890.7857142857142 50.0 0.0
vertex 895.352380952381 50.0 0.0
endloop
endfacet
facet normal -0.0 -0.0 -1.0
outer loop
vertex 908.6476190476192 50.0 0.0
vertex 913.2142857142857 0.0 0.0
vertex 895.352380952381 50.0 0.0
endloop
endfacet
facet normal -0.0 0.0 1.0
outer loop
vertex 890.7857142857142 50.0 20.0
vertex 890.7857142857142 0.0 20.0
vertex 913.2142857142857 0.0 20.0
endloop
endfacet
facet normal 0.0 -0.0 0.9999999999999999
outer loop
vertex 913.2142857142857 0.0 20.0
vertex 913.2142857142857 50.0 20.0
vertex 908.6476190476192 50.0 20.0
endloop
endfacet
facet normal 0.0 -0.0 1.0
outer loop
vertex 908.6476190476192 50.0 20.0
vertex 908.6476190476192 145.0 20.0
vertex 895.352380952381 145.0 20.0
endloop
endfacet
facet normal 0.0 0.0 1.0
outer loop
vertex 908.6476190476192 50.0 20.0
vertex 895.352380952381 145.0 20.0
vertex 895.352380952381 50.0 20.0
endloop
endfacet
facet normal 0.0 0.0 1.0
outer loop
vertex 895.352380952381 50.0 20.0
vertex 890.7857142857142 50.0 20.0
vertex 913.2142857142857 0.0 20.0
endloop
endfacet
facet normal -0.0 -0.0 1.0
outer loop
vertex 895.352380952381 50.0 20.0
vertex 913.2142857142857 0.0 20.0
vertex 908.6476190476192 50.0 20.0
endloop
endfacet
facet normal -0.0 -0.9999999999999999 -0.0
outer loop
vertex 913.2142857142857 0.0 20.0
vertex 890.7857142857142 0.0 20.0
vertex 913.2142857142857 0.0 0.0
endloop
endfacet
facet normal -0.0 -0.9999999999999999 -0.0
outer loop
vertex 913.2142857142857 0.0 0.0
vertex 890.7857142857142 0.0 20.0
vertex 890.7857142857142 0.0 0.0
endloop
endfacet
facet normal 1.0 0.0 0.0
outer loop
vertex 913.2142857142857 50.0 20.0
vertex 913.2142857142857 0.0 20.0
vertex 913.2142857142857 50.0 0.0
endloop
endfacet
facet normal 1.0 0.0 0.0
outer loop
vertex 913.2142857142857 50.0 0.0
vertex 913.2142857142857 0.0 20.0
vertex 913.2142857142857 0.0 0.0
endloop
endfacet
facet normal -0.0 1.0 0.0
outer loop
vertex 908.6476190476192 50.0 20.0
vertex 913.2142857142857 50.0 20.0
vertex 908.6476190476192 50.0 0.0
endloop
endfacet
facet normal -0.0 1.0 0.0
outer loop
vertex 908.6476190476192 50.0 0.0
vertex 913.2142857142857 50.0 20.0
vertex 913.2142857142857 50.0 0.0
endloop
endfacet
facet normal 1.0 0.0 0.0
outer loop
vertex 908.6476190476192 145.0 20.0
vertex 908.6476190476192 50.0 20.0
vertex 908.6476190476192 145.0 0.0
endloop
endfacet
facet normal 1.0 0.0 0.0
outer loop
vertex 908.6476190476192 145.0 0.0
vertex 908.6476190476192 50.0 20.0
vertex 908.6476190476192 50.0 0.0
endloop
endfacet
facet normal -0.0 1.0 0.0
outer loop
vertex 895.352380952381 145.0 20.0
vertex 908.6476190476192 145.0 20.0
vertex 895.352380952381 145.0 0.0
endloop
endfacet
facet normal -0.0 1.0 0.0
outer loop
vertex 895.352380952381 145.0 0.0
vertex 908.6476190476192 145.0 20.0
vertex 908.6476190476192 145.0 0.0
endloop
endfacet
facet normal -1.0 0.0 -0.0
outer loop
vertex 895.352380952381 50.0 20.0
vertex 895.352380952381 145.0 20.0
vertex 895.352380952381 50.0 0.0
endloop
endfacet
facet normal -1.0 0.0 0.0
outer loop
vertex 895.352380952381 50.0 0.0
vertex 895.352380952381 145.0 20.0
vertex 895.352380952381 145.0 0.0
endloop
endfacet
facet normal -1.0 0.0 -0.0
outer loop
vertex 890.7857142857142 0.0 20.0
vertex 890.7857142857142 50.0 20.0
vertex 890.7857142857142 0.0 0.0
endloop
endfacet
facet normal -1.0 0.0 0.0
outer loop
vertex 890.7857142857142 0.0 0.0
vertex 890.7857142857142 50.0 20.0
vertex 890.7857142857142 50.0 0.0
endloop
endfacet
facet normal -0.0 1.0 0.0
outer loop
vertex 890.7857142857142 50.0 20.0
vertex 895.352380952381 50.0 20.0
vertex 890.7857142857142 50.0 0.0
endloop
endfacet
facet normal -0.0 1.0 0.0
outer loop
vertex 890.7857142857142 50.0 0.0
vertex 895.352380952381 50.0 20.0
vertex 895.352380952381 50.0 0.0
endloop
endfacet

endsolid 66_D6
solid 67_D#6
facet normal 0.0 0.0 -1.0
outer loop
vertex 909.6476190476192 50.0 0.0
vertex 909.6476190476192 145.0 0.0
vertex 922.3476190476192 145.0 0.0
endloop
endfacet
facet normal 0.0 0.0 -1.0
outer loop
vertex 909.6476190476192 50.0 0.0
vertex 922.3476190476192 145.0 0.0
vertex 922.3476190476192 50.0 0.0
endloop
endfacet
facet normal 0.0 -1.0 0.0
outer loop
vertex 909.6476190476192 50.0 0.0
vertex 922.3476190476192 50.0 0.0
vertex 922.3476190476192 50.0 20.0
endloop
endfacet
facet normal 0.0 -1.0 0.0
outer loop
vertex 909.6476190476192 50.0 0.0
vertex 922.3476190476192 50.0 20.0
vertex 909.6476190476192 50.0 20.0
endloop
endfacet
facet normal 1.0 0.0 0.0
outer loop
vertex 922.3476190476192 50.0 0.0
vertex 922.3476190476192 145.0 0.0
vertex 922.3476190476192 145.0 20.0
endloop
endfacet
facet normal 1.0 0.0 -0.0
outer loop
vertex 922.3476190476192 50.0 0.0
vertex 922.3476190476192 145.0 20.0
vertex 922.3476190476192 50.0 20.0
endloop
endfacet
facet normal 0.0 1.0 -0.0
outer loop
vertex 922.3476190476192 145.0 0.0
vertex 909.6476190476192 145.0 0.0
vertex 909.6476190476192 145.0 20.0
endloop
endfacet
facet normal 0.0 1.0 -0.0
outer loop
vertex 922.3476190476192 145.0 0.0
vertex 909.6476190476192 145.0 20.0
vertex 922.3476190476192 145.0 20.0
endloop
endfacet
facet normal -1.0 0.0 0.0
outer loop
vertex 909.6476190476192 145.0 0.0
vertex 909.6476190476192 50.0 0.0
vertex 909.6476190476192 50.0 20.0
endloop
endfacet
facet normal -1.0 0.0 0.0
outer loop
vertex 909.6476190476192 145.0 0.0
vertex 909.6476190476192 50.0 20.0
vertex 909.6476190476192 145.0 20.0
endloop
endfacet
facet normal 0.0 -0.9823385664224749 0.1871121078899952
outer loop
vertex 909.6476190476192 50.0 20.0
vertex 922.3476190476192 50.0 20.0
vertex 921.0976190476192 52.0 30.5
endloop
endfacet
facet normal 0.0 -0.9823385664224747 0.1871121078899952
outer loop
vertex 909.6476190476192 50.0 20.0
vertex 921.0976190476192 52.0 30.5
vertex 910.8976190476192 52.0 30.5
endloop
endfacet
facet normal 0.9929882741949437 -0.0 0.11821288978511235
outer loop
vertex 922.3476190476192 50.0 20.0
vertex 922.3476190476192 145.0 20.0
vertex 921.0976190476192 145.0 30.5
endloop
endfacet
facet normal 0.9929882741949438 0.0 0.11821288978511237
outer loop
vertex 922.3476190476192 50.0 20.0
vertex 921.0976190476192 145.0 30.5
vertex 921.0976190476192 52.0 30.5
endloop
endfacet
facet normal 0.0 1.0 -0.0
outer loop
vertex 922.3476190476192 145.0 20.0
vertex 909.6476190476192 145.0 20.0
vertex 910.8976190476192 145.0 30.5
endloop
endfacet
facet normal 0.0 1.0 -0.0
outer loop
vertex 922.3476190476192 145.0 20.0
vertex 910.8976190476192 145.0 30.5
vertex 921.0976190476192 145.0 30.5
endloop
endfacet
facet normal -0.9929882741949437 0.0 0.11821288978511235
outer loop
vertex 909.6476190476192 145.0 20.0
vertex 909.6476190476192 50.0 20.0
vertex 910.8976190476192 52.0 30.5
endloop
endfacet
facet normal -0.9929882741949438 0.0 0.11821288978511237
outer loop
vertex 909.6476190476192 145.0 20.0
vertex 910.8976190476192 52.0 30.5
vertex 910.8976190476192 145.0 30.5
endloop
endfacet
facet normal 0.0 0.0 1.0
outer loop
vertex 910.8976190476192 52.0 30.5
vertex 921.0976190476192 52.0 30.5
vertex 921.0976190476192 145.0 30.5
endloop
endfacet
facet normal 0.0 -0.0 1.0
outer loop
vertex 910.8976190476192 52.0 30.5
vertex 921.0976190476192 145.0 30.5
vertex 910.8976190476192 145.0 30.5
endloop
endfacet

endsolid 67_D#6
solid 68_E6
facet normal 0.0 0.0 -1.0
outer loop
vertex 936.6428571428571 0.0 0.0
vertex 914.2142857142857 0.0 0.0
vertex 914.2142857142857 50.0 0.0
endloop
endfacet
facet normal 0.0 -0.0 -1.0
outer loop
vertex 923.3476190476192 145.0 0.0
vertex 936.6428571428573 145.0 0.0
vertex 936.6428571428571 50.0 0.0
endloop
endfacet
facet normal 0.0 0.0 -1.0
outer loop
vertex 923.3476190476192 50.0 0.0
vertex 923.3476190476192 145.0 0.0
vertex 936.6428571428571 50.0 0.0
endloop
endfacet
facet normal 0.0 0.0 -1.0
outer loop
vertex 936.6428571428571 0.0 0.0
vertex 914.2142857142857 50.0 0.0
vertex 923.3476190476192 50.0 0.0
endloop
endfacet
facet normal -0.0 -0.0 -1.0
outer loop
vertex 936.6428571428571 50.0 0.0
vertex 936.6428571428571 0.0 0.0
vertex 923.3476190476192 50.0 0.0
endloop
endfacet
facet normal -0.0 0.0 1.0
outer loop
vertex 914.2142857142857 50.0 20.0
vertex 914.2142857142857 0.0 20.0
vertex 936.6428571428571 0.0 20.0
endloop
endfacet
facet normal 0.0 -0.0 1.0
outer loop
vertex 936.6428571428571 50.0 20.0
vertex 936.6428571428573 145.0 20.0
vertex 923.3476190476192 145.0 20.0
endloop
endfacet
facet normal 0.0 0.0 1.0
outer loop
vertex 936.6428571428571 50.0 20.0
vertex 923.3476190476192 145.0 20.0
vertex 923.3476190476192 50.0 20.0
endloop
endfacet
facet normal 0.0 0.0 1.0
outer loop
vertex 923.3476190476192 50.0 20.0
vertex 914.2142857142857 50.0 20.0
vertex 936.6428571428571 0.0 20.0
endloop
endfacet
facet normal -0.0 0.0 1.0
outer loop
vertex 923.3476190476192 50.0 20.0
vertex 936.6428571428571 0.0 20.0
vertex 936.6428571428571 50.0 20.0
endloop
endfacet
facet normal -0.0 -0.9999999999999999 -0.0
outer loop
vertex 936.6428571428571 0.0 20.0
vertex 914.2142857142857 0.0 20.0
vertex 936.6428571428571 0.0 0.0
endloop
endfacet
facet normal -0.0 -0.9999999999999999 -0.0
outer loop
vertex 936.6428571428571 0.0 0.0
vertex 914.2142857142857 0.0 20.0
vertex 914.2142857142857 0.0 0.0
endloop
endfacet
facet normal 1.0 0.0 0.0
outer loop
vertex 936.6428571428571 50.0 20.0
vertex 936.6428571428571 0.0 20.0
vertex 936.6428571428571 50.0 0.0
endloop
endfacet
facet normal 1.0 0.0 0.0
outer loop
vertex 936.6428571428571 50.0 0.0
vertex 936.6428571428571 0.0 20.0
vertex 936.6428571428571 0.0 0.0
endloop
endfacet
facet normal 1.0 -2.3934071099287585e-15 0.0
outer loop
vertex 936.6428571428573 145.0 20.0
vertex 936.6428571428571 50.0 20.0
vertex 936.6428571428573 145.0 0.0
endloop
endfacet
facet normal 1.0 -2.3934071099287585e-15 0.0
outer loop
vertex 936.6428571428573 145.0 0.0
vertex 936.6428571428571 50.0 20.0
vertex 936.6428571428571 50.0 0.0
endloop
endfacet
facet normal -0.0 1.0 0.0
outer loop
vertex 923.3476190476192 145.0 20.0
vertex 936.6428571428573 145.0 20.0
vertex 923.3476190476192 145.0 0.0
endloop
endfacet
facet normal -0.0 1.0 0.0
outer loop
vertex 923.3476190476192 145.0 0.0
vertex 936.6428571428573 145.0 20.0
vertex 936.6428571428573 145.0 0.0
endloop
endfacet
facet normal -1.0 0.0 -0.0
outer loop
vertex 923.3476190476192 50.0 20.0
vertex 923.3476190476192 145.0 20.0
vertex 923.3476190476192 50.0 0.0
endloop
endfacet
facet normal -1.0 0.0 0.0
outer loop
vertex 923.3476190476192 50.0 0.0
vertex 923.3476190476192 145.0 20.0
vertex 923.3476190476192 145.0 0.0
endloop
endfacet
facet normal -1.0 0.0 -0.0
outer loop
vertex 914.2142857142857 0.0 20.0
vertex 914.2142857142857 50.0 20.0
vertex 914.2142857142857 0.0 0.0
endloop
endfacet
facet normal -1.0 0.0 0.0
outer loop
vertex 914.2142857142857 0.0 0.0
vertex 914.2142857142857 50.0 20.0
vertex 914.2142857142857 50.0 0.0
endloop
endfacet
facet normal -0.0 1.0 0.0
outer loop
vertex 914.2142857142857 50.0 20.0
vertex 923.3476190476192 50.0 20.0
vertex 914.2142857142857 50.0 0.0
endloop
endfacet
facet normal -0.0 1.0 0.0
outer loop
vertex 914.2142857142857 50.0 0.0
vertex 923.3476190476192 50.0 20.0
vertex 923.3476190476192 50.0 0.0
endloop
endfacet

endsolid 68_E6
solid 69_F6
facet normal 0.0 0.0 -1.0
outer loop
vertex 960.0714285714286 0.0 0.0
vertex 937.6428571428571 0.0 0.0
vertex 937.6428571428573 50.0 0.0
endloop
endfacet
facet normal 0.0 0.0 -1.0
outer loop
vertex 949.7964285714288 50.0 0.0
vertex 960.0714285714286 50.0 0.0
vertex 960.0714285714286 0.0 0.0
endloop
endfacet
facet normal 0.0 0.0 -1.0
outer loop
vertex 937.6428571428573 145.0 0.0
vertex 949.7964285714288 145.0 0.0
vertex 949.7964285714288 50.0 0.0
endloop
endfacet
facet normal 0.0 0.0 -1.0
outer loop
vertex 937.6428571428573 50.0 0.0
vertex 937.6428571428573 145.0 0.0
vertex 949.7964285714288 50.0 0.0
endloop
endfacet
facet normal 0.0 0.0 -1.0
outer loop
vertex 960.0714285714286 0.0 0.0
vertex 937.6428571428573 50.0 0.0
vertex 949.7964285714288 50.0 0.0
endloop
endfacet
facet normal -0.0 0.0 1.0
outer loop
vertex 937.6428571428573 50.0 20.0
vertex 937.6428571428571 0.0 20.0
vertex 960.0714285714286 0.0 20.0
endloop
endfacet
facet normal 0.0 -0.0 1.0
outer loop
vertex 960.0714285714286 0.0 20.0
vertex 960.0714285714286 50.0 20.0
vertex 949.7964285714288 50.0 20.0
endloop
endfacet
facet normal 0.0 -0.0 1.0
outer loop
vertex 949.7964285714288 50.0 20.0
vertex 949.7964285714288 145.0 20.0
vertex 937.6428571428573 145.0 20.0
endloop
endfacet
facet normal 0.0 0.0 1.0
outer loop
vertex 949.7964285714288 50.0 20.0
vertex 937.6428571428573 145.0 20.0
vertex 937.6428571428573 50.0 20.0
endloop
endfacet
facet normal 0.0 0.0 1.0
outer loop
vertex 949.7964285714288 50.0 20.0
vertex 937.6428571428573 50.0 20.0
vertex 960.0714285714286 0.0 20.0
endloop
endfacet
facet normal -0.0 -0.9999999999999999 -0.0
outer loop
vertex 960.0714285714286 0.0 20.0
vertex 937.6428571428571 0.0 20.0
vertex 960.0714285714286 0.0 0.0
endloop
endfacet
facet normal -0.0 -0.9999999999999999 -0.0
outer loop
vertex 960.0714285714286 0.0 0.0
vertex 937.6428571428571 0.0 20.0
vertex 937.6428571428571 0.0 0.0
endloop
endfacet
facet normal 1.0 0.0 0.0
outer loop
vertex 960.0714285714286 50.0 20.0
vertex 960.0714285714286 0.0 20.0
vertex 960.0714285714286 50.0 0.0
endloop
endfacet
facet normal 1.0 0.0 0.0
outer loop
vertex 960.0714285714286 50.0 0.0
vertex 960.0714285714286 0.0 20.0
vertex 960.0714285714286 0.0 0.0
endloop
endfacet
facet normal -0.0 0.9999999999999999 0.0
outer loop
vertex 949.7964285714288 50.0 20.0
vertex 960.0714285714286 50.0 20.0
vertex 949.7964285714288 50.0 0.0
endloop
endfacet
facet normal -0.0 0.9999999999999999 0.0
outer loop
vertex 949.7964285714288 50.0 0.0
vertex 960.0714285714286 50.0 20.0
vertex 960.0714285714286 50.0 0.0
endloop
endfacet
facet normal 1.0 0.0 0.0
outer loop
vertex 949.7964285714288 145.0 20.0
vertex 949.7964285714288 50.0 20.0
vertex 949.7964285714288 145.0 0.0
endloop
endfacet
facet normal 1.0 0.0 0.0
outer loop
vertex 949.7964285714288 145.0 0.0
vertex 949.7964285714288 50.0 20.0
vertex 949.7964285714288 50.0 0.0
endloop
endfacet
facet normal -0.0 0.9999999999999999 0.0
outer loop
vertex 937.6428571428573 145.0 20.0
vertex 949.7964285714288 145.0 20.0
vertex 937.6428571428573 145.0 0.0
endloop
endfacet
facet normal -0.0 0.9999999999999999 0.0
outer loop
vertex 937.6428571428573 145.0 0.0
vertex 949.7964285714288 145.0 20.0
vertex 949.7964285714288 145.0 0.0
endloop
endfacet
facet normal -1.0 4.547473508864641e-15 0.0
outer loop
vertex 937.6428571428571 0.0 20.0
vertex 937.6428571428573 50.0 20.0
vertex 937.6428571428571 0.0 0.0
endloop
endfacet
facet normal -1.0 4.547473508864641e-15 0.0
outer loop
vertex 937.6428571428571 0.0 0.0
vertex 937.6428571428573 50.0 20.0
vertex 937.6428571428573 50.0 0.0
endloop
endfacet
facet normal -1.0 0.0 -0.0
outer loop
vertex 937.6428571428573 50.0 20.0
vertex 937.6428571428573 145.0 20.0
vertex 937.6428571428573 50.0 0.0
endloop
endfacet
facet normal -1.0 0.0 0.0
outer loop
vertex 937.6428571428573 50.0 0.0
vertex 937.6428571428573 145.0 20.0
vertex 937.6428571428573 145.0 0.0
endloop
endfacet

endsolid 69_F6
solid 70_F#6
facet normal 0.0 0.0 -1.0
outer loop
vertex 950.7964285714288 50.0 0.0
vertex 950.7964285714288 145.0 0.0
vertex 963.4964285714289 145.0 0.0
endloop
endfacet
facet normal 0.0 0.0 -1.0
outer loop
vertex 950.7964285714288 50.0 0.0
vertex 963.4964285714289 145.0 0.0
vertex 963.4964285714289 50.0 0.0
endloop
endfacet
facet normal 0.0 -1.0 0.0
outer loop
vertex 950.7964285714288 50.0 0.0
vertex 963.4964285714289 50.0 0.0
vertex 963.4964285714289 50.0 20.0
endloop
endfacet
facet normal 0.0 -1.0 0.0
outer loop
vertex 950.7964285714288 50.0 0.0
vertex 963.4964285714289 50.0 20.0
vertex 950.7964285714288 50.0 20.0
endloop
endfacet
facet normal 1.0 0.0 0.0
outer loop
vertex 963.4964285714289 50.0 0.0
vertex 963.4964285714289 145.0 0.0
vertex 963.4964285714289 145.0 20.0
endloop
endfacet
facet normal 1.0 0.0 -0.0
outer loop
vertex 963.4964285714289 50.0 0.0
vertex 963.4964285714289 145.0 20.0
vertex 963.4964285714289 50.0 20.0
endloop
endfacet
facet normal 0.0 1.0 -0.0
outer loop
vertex 963.4964285714289 145.0 0.0
vertex 950.7964285714288 145.0 0.0
vertex 950.7964285714288 145.0 20.0
endloop
endfacet
facet normal 0.0 1.0 -0.0
outer loop
vertex 963.4964285714289 145.0 0.0
vertex 950.7964285714288 145.0 20.0
vertex 963.4964285714289 145.0 20.0
endloop
endfacet
facet normal -1.0 0.0 0.0
outer loop
vertex 950.7964285714288 145.0 0.0
vertex 950.7964285714288 50.0 0.0
vertex 950.7964285714288 50.0 20.0
endloop
endfacet
facet normal -1.0 0.0 0.0
outer loop
vertex 950.7964285714288 145.0 0.0
vertex 950.7964285714288 50.0 20.0
vertex 950.7964285714288 145.0 20.0
endloop
endfacet
facet normal 0.0 -0.9823385664224749 0.1871121078899952
outer loop
vertex 950.7964285714288 50.0 20.0
vertex 963.4964285714289 50.0 20.0
vertex 962.2464285714289 52.0 30.5
endloop
endfacet
facet normal 0.0 -0.9823385664224747 0.1871121078899952
outer loop
vertex 950.7964285714288 50.0 20.0
vertex 962.2464285714289 52.0 30.5
vertex 952.0464285714288 52.0 30.5
endloop
endfacet
facet normal 0.9929882741949437 -0.0 0.11821288978511235
outer loop
vertex 963.4964285714289 50.0 20.0
vertex 963.4964285714289 145.0 20.0
vertex 962.2464285714289 145.0 30.5
endloop
endfacet
facet normal 0.9929882741949438 0.0 0.11821288978511237
outer loop
vertex 963.4964285714289 50.0 20.0
vertex 962.2464285714289 145.0 30.5
vertex 962.2464285714289 52.0 30.5
endloop
endfacet
facet normal 0.0 1.0 -0.0
outer loop
vertex 963.4964285714289 145.0 20.0
vertex 950.7964285714288 145.0 20.0
vertex 952.0464285714288 145.0 30.5
endloop
endfacet
facet normal 0.0 1.0 -0.0
outer loop
vertex 963.4964285714289 145.0 20.0
vertex 952.0464285714288 145.0 30.5
vertex 962.2464285714289 145.0 30.5
endloop
endfacet
facet normal -0.9929882741949437 0.0 0.11821288978511235
outer loop
vertex 950.7964285714288 145.0 20.0
vertex 950.7964285714288 50.0 20.0
vertex 952.0464285714288 52.0 30.5
endloop
endfacet
facet normal -0.9929882741949438 0.0 0.11821288978511237
outer loop
vertex 950.7964285714288 145.0 20.0
vertex 952.0464285714288 52.0 30.5
vertex 952.0464285714288 145.0 30.5
endloop
endfacet
facet normal 0.0 0.0 1.0
outer loop
vertex 952.0464285714288 52.0 30.5
vertex 962.2464285714289 52.0 30.5
vertex 962.2464285714289 145.0 30.5
endloop
endfacet
facet normal 0.0 -0.0 1.0
outer loop
vertex 952.0464285714288 52.0 30.5
vertex 962.2464285714289 145.0 30.5
vertex 952.0464285714288 145.0 30.5
endloop
endfacet

endsolid 70_F#6
solid 71_G6
facet normal 0.0 0.0 -1.0
outer loop
vertex 983.5 0.0 0.0
vertex 961.0714285714286 0.0 0.0
vertex 961.0714285714286 50.0 0.0
endloop
endfacet
facet normal 0.0 0.0 -1.0
outer loop
vertex 976.6500000000003 50.0 0.0
vertex 983.5 50.0 0.0
vertex 983.5 0.0 0.0
endloop
endfacet
facet normal 0.0 0.0 -1.0
outer loop
vertex 964.4964285714289 145.0 0.0
vertex 976.6500000000003 145.0 0.0
vertex 976.6500000000003 50.0 0.0
endloop
endfacet
facet normal 0.0 0.0 -1.0
outer loop
vertex 964.4964285714289 50.0 0.0
vertex 964.4964285714289 145.0 0.0
vertex 976.6500000000003 50.0 0.0
endloop
endfacet
facet normal 0.0 0.0 -0.9999999999999999
outer loop
vertex 983.5 0.0 0.0
vertex 961.0714285714286 50.0 0.0
vertex 964.4964285714289 50.0 0.0
endloop
endfacet
facet normal -0.0 -0.0 -1.0
outer loop
vertex 976.6500000000003 50.0 0.0
vertex 983.5 0.0 0.0
vertex 964.4964285714289 50.0 0.0
endloop
endfacet
facet normal -0.0 0.0 1.0
outer loop
vertex 961.0714285714286 50.0 20.0
vertex 961.0714285714286 0.0 20.0
vertex 983.5 0.0 20.0
endloop
endfacet
facet normal 0.0 -0.0 1.0
outer loop
vertex 983.5 0.0 20.0
vertex 983.5 50.0 20.0
vertex 976.6500000000003 50.0 20.0
endloop
endfacet
facet normal 0.0 -0.0 1.0
outer loop
vertex 976.6500000000003 50.0 20.0
vertex 976.6500000000003 145.0 20.0
vertex 964.4964285714289 145.0 20.0
endloop
endfacet
facet normal 0.0 0.0 1.0
outer loop
vertex 976.6500000000003 50.0 20.0
vertex 964.4964285714289 145.0 20.0
vertex 964.4964285714289 50.0 20.0
endloop
endfacet
facet normal 0.0 0.0 0.9999999999999999
outer loop
vertex 964.4964285714289 50.0 20.0
vertex 961.0714285714286 50.0 20.0
vertex 983.5 0.0 20.0
endloop
endfacet
facet normal -0.0 -0.0 1.0
outer loop
vertex 964.4964285714289 50.0 20.0
vertex 983.5 0.0 20.0
vertex 976.6500000000003 50.0 20.0
endloop
endfacet
facet normal -0.0 -0.9999999999999999 -0.0
outer loop
vertex 983.5 0.0 20.0
vertex 961.0714285714286 0.0 20.0
vertex 983.5 0.0 0.0
endloop
endfacet
facet normal -0.0 -0.9999999999999999 -0.0
outer loop
vertex 983.5 0.0 0.0
vertex 961.0714285714286 0.0 20.0
vertex 961.0714285714286 0.0 0.0
endloop
endfacet
facet normal 1.0 0.0 0.0
outer loop
vertex 983.5 50.0 20.0
vertex 983.5 0.0 20.0
vertex 983.5 50.0 0.0
endloop
endfacet
facet normal 1.0 0.0 0.0
outer loop
vertex 983.5 50.0 0.0
vertex 983.5 0.0 20.0
vertex 983.5 0.0 0.0
endloop
endfacet
facet normal -0.0 1.0 0.0
outer loop
vertex 976.6500000000003 50.0 20.0
vertex 983.5 50.0 20.0
vertex 976.6500000000003 50.0 0.0
endloop
endfacet
facet normal -0.0 1.0 0.0
outer loop
vertex 976.6500000000003 50.0 0.0
vertex 983.5 50.0 20.0
vertex 983.5 50.0 0.0
endloop
endfacet
facet normal 1.0 0.0 0.0
outer loop
vertex 976.6500000000003 145.0 20.0
vertex 976.6500000000003 50.0 20.0
vertex 976.6500000000003 145.0 0.0
endloop
endfacet
facet normal 1.0 0.0 0.0
outer loop
vertex 976.6500000000003 145.0 0.0
vertex 976.6500000000003 50.0 20.0
vertex 976.6500000000003 50.0 0.0
endloop
endfacet
facet normal -0.0 0.9999999999999999 0.0
outer loop
vertex 964.4964285714289 145.0 20.0
vertex 976.6500000000003 145.0 20.0
vertex 964.4964285714289 145.0 0.0
endloop
endfacet
facet normal -0.0 0.9999999999999999 0.0
outer loop
vertex 964.4964285714289 145.0 0.0
vertex 976.6500000000003 145.0 20.0
vertex 976.6500000000003 145.0 0.0
endloop
endfacet
facet normal -1.0 0.0 -0.0
outer loop
vertex 964.4964285714289 50.0 20.0
vertex 964.4964285714289 145.0 20.0
vertex 964.4964285714289 50.0 0.0
endloop
endfacet
facet normal -1.0 0.0 0.0
outer loop
vertex 964.4964285714289 50.0 0.0
vertex 964.4964285714289 145.0 20.0
vertex 964.4964285714289 145.0 0.0
endloop
endfacet
facet normal -1.0 0.0 -0.0
outer loop
vertex 961.0714285714286 0.0 20.0
vertex 961.0714285714286 50.0 20.0
vertex 961.0714285714286 0.0 0.0
endloop
endfacet
facet normal -1.0 0.0 0.0
outer loop
vertex 961.0714285714286 0.0 0.0
vertex 961.0714285714286 50.0 20.0
vertex 961.0714285714286 50.0 0.0
endloop
endfacet
facet normal -0.0 1.0 0.0
outer loop
vertex 961.0714285714286 50.0 20.0
vertex 964.4964285714289 50.0 20.0
vertex 961.0714285714286 50.0 0.0
endloop
endfacet
facet normal -0.0 1.0 0.0
outer loop
vertex 961.0714285714286 50.0 0.0
vertex 964.4964285714289 50.0 20.0
vertex 964.4964285714289 50.0 0.0
endloop
endfacet

endsolid 71_G6
solid 72_G#6
facet normal 0.0 0.0 -1.0
outer loop
vertex 977.6500000000003 50.0 0.0
vertex 977.6500000000003 145.0 0.0
vertex 990.3500000000004 145.0 0.0
endloop
endfacet
facet normal 0.0 0.0 -1.0
outer loop
vertex 977.6500000000003 50.0 0.0
vertex 990.3500000000004 145.0 0.0
vertex 990.3500000000004 50.0 0.0
endloop
endfacet
facet normal 0.0 -1.0 0.0
outer loop
vertex 977.6500000000003 50.0 0.0
vertex 990.3500000000004 50.0 0.0
vertex 990.3500000000004 50.0 20.0
endloop
endfacet
facet normal 0.0 -1.0 0.0
outer loop
vertex 977.6500000000003 50.0 0.0
vertex 990.3500000000004 50.0 20.0
vertex 977.6500000000003 50.0 20.0
endloop
endfacet
facet normal 1.0 0.0 0.0
outer loop
vertex 990.3500000000004 50.0 0.0
vertex 990.3500000000004 145.0 0.0
vertex 990.3500000000004 145.0 20.0
endloop
endfacet
facet normal 1.0 0.0 -0.0
outer loop
vertex 990.3500000000004 50.0 0.0
vertex 990.3500000000004 145.0 20.0
vertex 990.3500000000004 50.0 20.0
endloop
endfacet
facet normal 0.0 1.0 -0.0
outer loop
vertex 990.3500000000004 145.0 0.0
vertex 977.6500000000003 145.0 0.0
vertex 977.6500000000003 145.0 20.0
endloop
endfacet
facet normal 0.0 1.0 -0.0
outer loop
vertex 990.3500000000004 145.0 0.0
vertex 977.6500000000003 145.0 20.0
vertex 990.3500000000004 145.0 20.0
endloop
endfacet
facet normal -1.0 0.0 0.0
outer loop
vertex 977.6500000000003 145.0 0.0
vertex 977.6500000000003 50.0 0.0
vertex 977.6500000000003 50.0 20.0
endloop
endfacet
facet normal -1.0 0.0 0.0
outer loop
vertex 977.6500000000003 145.0 0.0
vertex 977.6500000000003 50.0 20.0
vertex 977.6500000000003 145.0 20.0
endloop
endfacet
facet normal 0.0 -0.9823385664224749 0.1871121078899952
outer loop
vertex 977.6500000000003 50.0 20.0
vertex 990.3500000000004 50.0 20.0
vertex 989.1000000000004 52.0 30.5
endloop
endfacet
facet normal 0.0 -0.9823385664224747 0.1871121078899952
outer loop
vertex 977.6500000000003 50.0 20.0
vertex 989.1000000000004 52.0 30.5
vertex 978.9000000000003 52.0 30.5
endloop
endfacet
facet normal 0.9929882741949437 -0.0 0.11821288978511235
outer loop
vertex 990.3500000000004 50.0 20.0
vertex 990.3500000000004 145.0 20.0
vertex 989.1000000000004 145.0 30.5
endloop
endfacet
facet normal 0.9929882741949438 0.0 0.11821288978511237
outer loop
vertex 990.3500000000004 50.0 20.0
vertex 989.1000000000004 145.0 30.5
vertex 989.1000000000004 52.0 30.5
endloop
endfacet
facet normal 0.0 1.0 -0.0
outer loop
vertex 990.3500000000004 145.0 20.0
vertex 977.6500000000003 145.0 20.0
vertex 978.9000000000003 145.0 30.5
endloop
endfacet
facet normal 0.0 1.0 -0.0
outer loop
vertex 990.3500000000004 145.0 20.0
vertex 978.9000000000003 145.0 30.5
vertex 989.1000000000004 145.0 30.5
endloop
endfacet
facet normal -0.9929882741949437 0.0 0.11821288978511235
outer loop
vertex 977.6500000000003 145.0 20.0
vertex 977.6500000000003 50.0 20.0
vertex 978.9000000000003 52.0 30.5
endloop
endfacet
facet normal -0.9929882741949438 0.0 0.11821288978511237
outer loop
vertex 977.6500000000003 145.0 20.0
vertex 978.9000000000003 52.0 30.5
vertex 978.9000000000003 145.0 30.5
endloop
endfacet
facet normal 0.0 0.0 1.0
outer loop
vertex 978.9000000000003 52.0 30.5
vertex 989.1000000000004 52.0 30.5
vertex 989.1000000000004 145.0 30.5
endloop
endfacet
facet normal 0.0 -0.0 1.0
outer loop
vertex 978.9000000000003 52.0 30.5
vertex 989.1000000000004 145.0 30.5
vertex 978.9000000000003 145.0 30.5
endloop
endfacet

endsolid 72_G#6
solid 73_A6
facet normal 0.0 0.0 -1.0
outer loop
vertex 1006.9285714285713 0.0 0.0
vertex 984.4999999999999 0.0 0.0
vertex 984.4999999999999 50.0 0.0
endloop
endfacet
facet normal 0.0 0.0 -1.0
outer loop
vertex 1003.5035714285718 50.0 0.0
vertex 1006.9285714285713 50.0 0.0
vertex 1006.9285714285713 0.0 0.0
endloop
endfacet
facet normal 0.0 0.0 -1.0
outer loop
vertex 991.3500000000004 145.0 0.0
vertex 1003.5035714285718 145.0 0.0
vertex 1003.5035714285718 50.0 0.0
endloop
endfacet
facet normal 0.0 0.0 -1.0
outer loop
vertex 991.3500000000004 50.0 0.0
vertex 991.3500000000004 145.0 0.0
vertex 1003.5035714285718 50.0 0.0
endloop
endfacet
facet normal 0.0 0.0 -1.0
outer loop
vertex 1006.9285714285713 0.0 0.0
vertex 984.4999999999999 50.0 0.0
vertex 991.3500000000004 50.0 0.0
endloop
endfacet
facet normal -0.0 -0.0 -1.0
outer loop
vertex 1003.5035714285718 50.0 0.0
vertex 1006.9285714285713 0.0 0.0
vertex 991.3500000000004 50.0 0.0
endloop
endfacet
facet normal -0.0 0.0 1.0
outer loop
vertex 984.4999999999999 50.0 20.0
vertex 984.4999999999999 0.0 20.0
vertex 1006.9285714285713 0.0 20.0
endloop
endfacet
facet normal 0.0 -0.0 1.0
outer loop
vertex 1006.9285714285713 0.0 20.0
vertex 1006.9285714285713 50.0 20.0
vertex 1003.5035714285718 50.0 20.0
endloop
endfacet
facet normal 0.0 -0.0 1.0
outer loop
vertex 1003.5035714285718 50.0 20.0
vertex 1003.5035714285718 145.0 20.0
vertex 991.3500000000004 145.0 20.0
endloop
endfacet
facet normal 0.0 0.0 1.0
outer loop
vertex 1003.5035714285718 50.0 20.0
vertex 991.3500000000004 145.0 20.0
vertex 991.3500000000004 50.0 20.0
endloop
endfacet
facet normal 0.0 0.0 1.0
outer loop
vertex 991.3500000000004 50.0 20.0
vertex 984.4999999999999 50.0 20.0
vertex 1006.9285714285713 0.0 20.0
endloop
endfacet
facet normal -0.0 -0.0 1.0
outer loop
vertex 991.3500000000004 50.0 20.0
vertex 1006.9285714285713 0.0 20.0
vertex 1003.5035714285718 50.0 20.0
endloop
endfacet
facet normal -0.0 -0.9999999999999999 -0.0
outer loop
vertex 1006.9285714285713 0.0 20.0
vertex 984.4999999999999 0.0 20.0
vertex 1006.9285714285713 0.0 0.0
endloop
endfacet
facet normal -0.0 -0.9999999999999999 -0.0
outer loop
vertex 1006.9285714285713 0.0 0.0
vertex 984.4999999999999 0.0 20.0
vertex 984.4999999999999 0.0 0.0
endloop
endfacet
facet normal 1.0 0.0 0.0
outer loop
vertex 1006.9285714285713 50.0 20.0
vertex 1006.9285714285713 0.0 20.0
vertex 1006.9285714285713 50.0 0.0
endloop
endfacet
facet normal 1.0 0.0 0.0
outer loop
vertex 1006.9285714285713 50.0 0.0
vertex 1006.9285714285713 0.0 20.0
vertex 1006.9285714285713 0.0 0.0
endloop
endfacet
facet normal -0.0 1.0 0.0
outer loop
vertex 1003.5035714285718 50.0 20.0
vertex 1006.9285714285713 50.0 20.0
vertex 1003.5035714285718 50.0 0.0
endloop
endfacet
facet normal -0.0 1.0 0.0
outer loop
vertex 1003.5035714285718 50.0 0.0
vertex 1006.9285714285713 50.0 20.0
vertex 1006.9285714285713 50.0 0.0
endloop
endfacet
facet normal 1.0 0.0 0.0
outer loop
vertex 1003.5035714285718 145.0 20.0
vertex 1003.5035714285718 50.0 20.0
vertex 1003.5035714285718 145.0 0.0
endloop
endfacet
facet normal 1.0 0.0 0.0
outer loop
vertex 1003.5035714285718 145.0 0.0
vertex 1003.5035714285718 50.0 20.0
vertex 1003.5035714285718 50.0 0.0
endloop
endfacet
facet normal -0.0 0.9999999999999999 0.0
outer loop
vertex 991.3500000000004 145.0 20.0
vertex 1003.5035714285718 145.0 20.0
vertex 991.3500000000004 145.0 0.0
endloop
endfacet
facet normal -0.0 0.9999999999999999 0.0
outer loop
vertex 991.3500000000004 145.0 0.0
vertex 1003.5035714285718 145.0 20.0
vertex 1003.5035714285718 145.0 0.0
endloop
endfacet
facet normal -1.0 0.0 -0.0
outer loop
vertex 991.3500000000004 50.0 20.0
vertex 991.3500000000004 145.0 20.0
vertex 991.3500000000004 50.0 0.0
endloop
endfacet
facet normal -1.0 0.0 0.0
outer loop
vertex 991.3500000000004 50.0 0.0
vertex 991.3500000000004 145.0 20.0
vertex 991.3500000000004 145.0 0.0
endloop
endfacet
facet normal -1.0 0.0 -0.0
outer loop
vertex 984.4999999999999 0.0 20.0
vertex 984.4999999999999 50.0 20.0
vertex 984.4999999999999 0.0 0.0
endloop
endfacet
facet normal -1.0 0.0 0.0
outer loop
vertex 984.4999999999999 0.0 0.0
vertex 984.4999999999999 50.0 20.0
vertex 984.4999999999999 50.0 0.0
endloop
endfacet
facet normal -0.0 1.0 0.0
outer loop
vertex 984.4999999999999 50.0 20.0
vertex 991.3500000000004 50.0 20.0
vertex 984.4999999999999 50.0 0.0
endloop
endfacet
facet normal -0.0 1.0 0.0
outer loop
vertex 984.4999999999999 50.0 0.0
vertex 991.3500000000004 50.0 20.0
vertex 991.3500000000004 50.0 0.0
endloop
endfacet

endsolid 73_A6
solid 74_A#6
facet normal 0.0 0.0 -1.0
outer loop
vertex 1004.5035714285718 50.0 0.0
vertex 1004.5035714285718 145.0 0.0
vertex 1017.2035714285719 145.0 0.0
endloop
endfacet
facet normal 0.0 0.0 -1.0
outer loop
vertex 1004.5035714285718 50.0 0.0
vertex 1017.2035714285719 145.0 0.0
vertex 1017.2035714285719 50.0 0.0
endloop
endfacet
facet normal 0.0 -1.0 0.0
outer loop
vertex 1004.5035714285718 50.0 0.0
vertex 1017.2035714285719 50.0 0.0
vertex 1017.2035714285719 50.0 20.0
endloop
endfacet
facet normal 0.0 -1.0 0.0
outer loop
vertex 1004.5035714285718 50.0 0.0
vertex 1017.2035714285719 50.0 20.0
vertex 1004.5035714285718 50.0 20.0
endloop
endfacet
facet normal 1.0 0.0 0.0
outer loop
vertex 1017.2035714285719 50.0 0.0
vertex 1017.2035714285719 145.0 0.0
vertex 1017.2035714285719 145.0 20.0
endloop
endfacet
facet normal 1.0 0.0 -0.0
outer loop
vertex 1017.2035714285719 50.0 0.0
vertex 1017.2035714285719 145.0 20.0
vertex 1017.2035714285719 50.0 20.0
endloop
endfacet
facet normal 0.0 1.0 -0.0
outer loop
vertex 1017.2035714285719 145.0 0.0
vertex 1004.5035714285718 145.0 0.0
vertex 1004.5035714285718 145.0 20.0
endloop
endfacet
facet normal 0.0 1.0 -0.0
outer loop
vertex 1017.2035714285719 145.0 0.0
vertex 1004.5035714285718 145.0 20.0
vertex 1017.2035714285719 145.0 20.0
endloop
endfacet
facet normal -1.0 0.0 0.0
outer loop
vertex 1004.5035714285718 145.0 0.0
vertex 1004.5035714285718 50.0 0.0
vertex 1004.5035714285718 50.0 20.0
endloop
endfacet
facet normal -1.0 0.0 0.0
outer loop
vertex 1004.5035714285718 145.0 0.0
vertex 1004.5035714285718 50.0 20.0
vertex 1004.5035714285718 145.0 20.0
endloop
endfacet
facet normal 0.0 -0.9823385664224749 0.1871121078899952
outer loop
vertex 1004.5035714285718 50.0 20.0
vertex 1017.2035714285719 50.0 20.0
vertex 1015.9535714285719 52.0 30.5
endloop
endfacet
facet normal 0.0 -0.9823385664224747 0.1871121078899952
outer loop
vertex 1004.5035714285718 50.0 20.0
vertex 1015.9535714285719 52.0 30.5
vertex 1005.7535714285718 52.0 30.5
endloop
endfacet
facet normal 0.9929882741949437 -0.0 0.11821288978511235
outer loop
vertex 1017.2035714285719 50.0 20.0
vertex 1017.2035714285719 145.0 20.0
vertex 1015.9535714285719 145.0 30.5
endloop
endfacet
facet normal 0.9929882741949438 0.0 0.11821288978511237
outer loop
vertex 1017.2035714285719 50.0 20.0
vertex 1015.9535714285719 145.0 30.5
vertex 1015.9535714285719 52.0 30.5
endloop
endfacet
facet normal 0.0 1.0 -0.0
outer loop
vertex 1017.2035714285719 145.0 20.0
vertex 1004.5035714285718 145.0 20.0
vertex 1005.7535714285718 145.0 30.5
endloop
endfacet
facet normal 0.0 1.0 -0.0
outer loop
vertex 1017.2035714285719 145.0 20.0
vertex 1005.7535714285718 145.0 30.5
vertex 1015.9535714285719 145.0 30.5
endloop
endfacet
facet normal -0.9929882741949437 0.0 0.11821288978511235
outer loop
vertex 1004.5035714285718 145.0 20.0
vertex 1004.5035714285718 50.0 20.0
vertex 1005.7535714285718 52.0 30.5
endloop
endfacet
facet normal -0.9929882741949438 0.0 0.11821288978511237
outer loop
vertex 1004.5035714285718 145.0 20.0
vertex 1005.7535714285718 52.0 30.5
vertex 1005.7535714285718 145.0 30.5
endloop
endfacet
facet normal 0.0 0.0 1.0
outer loop
vertex 1005.7535714285718 52.0 30.5
vertex 1015.9535714285719 52.0 30.5
vertex 1015.9535714285719 145.0 30.5
endloop
endfacet
facet normal 0.0 -0.0 1.0
outer loop
vertex 1005.7535714285718 52.0 30.5
vertex 1015.9535714285719 145.0 30.5
vertex 1005.7535714285718 145.0 30.5
endloop
endfacet

endsolid 74_A#6
solid 75_B6
facet normal 0.0 0.0 -1.0
outer loop
vertex 1030.3571428571427 0.0 0.0
vertex 1007.9285714285713 0.0 0.0
vertex 1007.9285714285713 50.0 0.0
endloop
endfacet
facet normal 0.0 -0.0 -1.0
outer loop
vertex 1018.2035714285719 145.0 0.0
vertex 1030.3571428571433 145.0 0.0
vertex 1030.3571428571427 50.0 0.0
endloop
endfacet
facet normal 0.0 0.0 -1.0
outer loop
vertex 1018.2035714285719 50.0 0.0
vertex 1018.2035714285719 145.0 0.0
vertex 1030.3571428571427 50.0 0.0
endloop
endfacet
facet normal 0.0 0.0 -1.0
outer loop
vertex 1030.3571428571427 0.0 0.0
vertex 1007.9285714285713 50.0 0.0
vertex 1018.2035714285719 50.0 0.0
endloop
endfacet
facet normal -0.0 -0.0 -1.0
outer loop
vertex 1030.3571428571427 50.0 0.0
vertex 1030.3571428571427 0.0 0.0
vertex 1018.2035714285719 50.0 0.0
endloop
endfacet
facet normal -0.0 0.0 1.0
outer loop
vertex 1007.9285714285713 50.0 20.0
vertex 1007.9285714285713 0.0 20.0
vertex 1030.3571428571427 0.0 20.0
endloop
endfacet
facet normal 0.0 -0.0 1.0
outer loop
vertex 1030.3571428571427 50.0 20.0
vertex 1030.3571428571433 145.0 20.0
vertex 1018.2035714285719 145.0 20.0
endloop
endfacet
facet normal 0.0 0.0 1.0
outer loop
vertex 1030.3571428571427 50.0 20.0
vertex 1018.2035714285719 145.0 20.0
vertex 1018.2035714285719 50.0 20.0
endloop
endfacet
facet normal 0.0 0.0 1.0
outer loop
vertex 1018.2035714285719 50.0 20.0
vertex 1007.9285714285713 50.0 20.0
vertex 1030.3571428571427 0.0 20.0
endloop
endfacet
facet normal -0.0 0.0 1.0
outer loop
vertex 1018.2035714285719 50.0 20.0
vertex 1030.3571428571427 0.0 20.0
vertex 1030.3571428571427 50.0 20.0
endloop
endfacet
facet normal -0.0 -0.9999999999999999 -0.0
outer loop
vertex 1030.3571428571427 0.0 20.0
vertex 1007.9285714285713 0.0 20.0
vertex 1030.3571428571427 0.0 0.0
endloop
endfacet
facet normal -0.0 -0.9999999999999999 -0.0
outer loop
vertex 1030.3571428571427 0.0 0.0
vertex 1007.9285714285713 0.0 20.0
vertex 1007.9285714285713 0.0 0.0
endloop
endfacet
facet normal 1.0 0.0 0.0
outer loop
vertex 1030.3571428571427 50.0 20.0
vertex 1030.3571428571427 0.0 20.0
vertex 1030.3571428571427 50.0 0.0
endloop
endfacet
facet normal 1.0 0.0 0.0
outer loop
vertex 1030.3571428571427 50.0 0.0
vertex 1030.3571428571427 0.0 20.0
vertex 1030.3571428571427 0.0 0.0
endloop
endfacet
facet normal 1.0 -7.180221329786276e-15 0.0
outer loop
vertex 1030.3571428571433 145.0 20.0
vertex 1030.3571428571427 50.0 20.0
vertex 1030.3571428571433 145.0 0.0
endloop
endfacet
facet normal 1.0 -7.180221329786276e-15 0.0
outer loop
vertex 1030.3571428571433 145.0 0.0
vertex 1030.3571428571427 50.0 20.0
vertex 1030.3571428571427 50.0 0.0
endloop
endfacet
facet normal -0.0 0.9999999999999999 0.0
outer loop
vertex 1018.2035714285719 145.0 20.0
vertex 1030.3571428571433 145.0 20.0
vertex 1018.2035714285719 145.0 0.0
endloop
endfacet
facet normal -0.0 0.9999999999999999 0.0
outer loop
vertex 1018.2035714285719 145.0 0.0
vertex 1030.3571428571433 145.0 20.0
vertex 1030.3571428571433 145.0 0.0
endloop
endfacet
facet normal -1.0 0.0 -0.0
outer loop
vertex 1018.2035714285719 50.0 20.0
vertex 1018.2035714285719 145.0 20.0
vertex 1018.2035714285719 50.0 0.0
endloop
endfacet
facet normal -1.0 0.0 0.0
outer loop
vertex 1018.2035714285719 50.0 0.0
vertex 1018.2035714285719 145.0 20.0
vertex 1018.2035714285719 145.0 0.0
endloop
endfacet
facet normal -1.0 0.0 -0.0
outer loop
vertex 1007.9285714285713 0.0 20.0
vertex 1007.9285714285713 50.0 20.0
vertex 1007.9285714285713 0.0 0.0
endloop
endfacet
facet normal -1.0 0.0 0.0
outer loop
vertex 1007.9285714285713 0.0 0.0
vertex 1007.9285714285713 50.0 20.0
vertex 1007.9285714285713 50.0 0.0
endloop
endfacet
facet normal -0.0 1.0 0.0
outer loop
vertex 1007.9285714285713 50.0 20.0
vertex 1018.2035714285719 50.0 20.0
vertex 1007.9285714285713 50.0 0.0
endloop
endfacet
facet normal -0.0 1.0 0.0
outer loop
vertex 1007.9285714285713 50.0 0.0
vertex 1018.2035714285719 50.0 20.0
vertex 1018.2035714285719 50.0 0.0
endloop
endfacet

endsolid 75_B6
solid 76_C7
facet normal 0.0 0.0 -1.0
outer loop
vertex 1053.7857142857142 0.0 0.0
vertex 1031.357142857143 0.0 0.0
vertex 1031.3571428571427 50.0 0.0
endloop
endfacet
facet normal 0.0 0.0 -1.0
outer loop
vertex 1044.6523809523808 50.0 0.0
vertex 1053.7857142857142 50.0 0.0
vertex 1053.7857142857142 0.0 0.0
endloop
endfacet
facet normal 0.0 0.0 -1.0
outer loop
vertex 1031.3571428571427 145.0 0.0
vertex 1044.6523809523808 145.0 0.0
vertex 1044.6523809523808 50.0 0.0
endloop
endfacet
facet normal 0.0 0.0 -1.0
outer loop
vertex 1031.3571428571427 50.0 0.0
vertex 1031.3571428571427 145.0 0.0
vertex 1044.6523809523808 50.0 0.0
endloop
endfacet
facet normal 0.0 0.0 -1.0
outer loop
vertex 1053.7857142857142 0.0 0.0
vertex 1031.3571428571427 50.0 0.0
vertex 1044.6523809523808 50.0 0.0
endloop
endfacet
facet normal -0.0 0.0 1.0
outer loop
vertex 1031.3571428571427 50.0 20.0
vertex 1031.357142857143 0.0 20.0
vertex 1053.7857142857142 0.0 20.0
endloop
endfacet
facet normal 0.0 -0.0 1.0
outer loop
vertex 1053.7857142857142 0.0 20.0
vertex 1053.7857142857142 50.0 20.0
vertex 1044.6523809523808 50.0 20.0
endloop
endfacet
facet normal 0.0 -0.0 1.0
outer loop
vertex 1044.6523809523808 50.0 20.0
vertex 1044.6523809523808 145.0 20.0
vertex 1031.3571428571427 145.0 20.0
endloop
endfacet
facet normal 0.0 0.0 1.0
outer loop
vertex 1044.6523809523808 50.0 20.0
vertex 1031.3571428571427 145.0 20.0
vertex 1031.3571428571427 50.0 20.0
endloop
endfacet
facet normal 0.0 0.0 1.0
outer loop
vertex 1044.6523809523808 50.0 20.0
vertex 1031.3571428571427 50.0 20.0
vertex 1053.7857142857142 0.0 20.0
endloop
endfacet
facet normal -0.0 -0.9999999999999999 -0.0
outer loop
vertex 1053.7857142857142 0.0 20.0
vertex 1031.357142857143 0.0 20.0
vertex 1053.7857142857142 0.0 0.0
endloop
endfacet
facet normal -0.0 -0.9999999999999999 -0.0
outer loop
vertex 1053.7857142857142 0.0 0.0
vertex 1031.357142857143 0.0 20.0
vertex 1031.357142857143 0.0 0.0
endloop
endfacet
facet normal 1.0 0.0 0.0
outer loop
vertex 1053.7857142857142 50.0 20.0
vertex 1053.7857142857142 0.0 20.0
vertex 1053.7857142857142 50.0 0.0
endloop
endfacet
facet normal 1.0 0.0 0.0
outer loop
vertex 1053.7857142857142 50.0 0.0
vertex 1053.7857142857142 0.0 20.0
vertex 1053.7857142857142 0.0 0.0
endloop
endfacet
facet normal -0.0 0.9999999999999999 0.0
outer loop
vertex 1044.6523809523808 50.0 20.0
vertex 1053.7857142857142 50.0 20.0
vertex 1044.6523809523808 50.0 0.0
endloop
endfacet
facet normal -0.0 0.9999999999999999 0.0
outer loop
vertex 1044.6523809523808 50.0 0.0
vertex 1053.7857142857142 50.0 20.0
vertex 1053.7857142857142 50.0 0.0
endloop
endfacet
facet normal 1.0 0.0 0.0
outer loop
vertex 1044.6523809523808 145.0 20.0
vertex 1044.6523809523808 50.0 20.0
vertex 1044.6523809523808 145.0 0.0
endloop
endfacet
facet normal 1.0 0.0 0.0
outer loop
vertex 1044.6523809523808 145.0 0.0
vertex 1044.6523809523808 50.0 20.0
vertex 1044.6523809523808 50.0 0.0
endloop
endfacet
facet normal -0.0 1.0 0.0
outer loop
vertex 1031.3571428571427 145.0 20.0
vertex 1044.6523809523808 145.0 20.0
vertex 1031.3571428571427 145.0 0.0
endloop
endfacet
facet normal -0.0 1.0 0.0
outer loop
vertex 1031.3571428571427 145.0 0.0
vertex 1044.6523809523808 145.0 20.0
vertex 1044.6523809523808 145.0 0.0
endloop
endfacet
facet normal -1.0 -4.547473508864641e-15 0.0
outer loop
vertex 1031.357142857143 0.0 20.0
vertex 1031.3571428571427 50.0 20.0
vertex 1031.357142857143 0.0 0.0
endloop
endfacet
facet normal -1.0 -4.547473508864641e-15 -0.0
outer loop
vertex 1031.357142857143 0.0 0.0
vertex 1031.3571428571427 50.0 20.0
vertex 1031.3571428571427 50.0 0.0
endloop
endfacet
facet normal -1.0 0.0 -0.0
outer loop
vertex 1031.3571428571427 50.0 20.0
vertex 1031.3571428571427 145.0 20.0
vertex 1031.3571428571427 50.0 0.0
endloop
endfacet
facet normal -1.0 0.0 0.0
outer loop
vertex 1031.3571428571427 50.0 0.0
vertex 1031.3571428571427 145.0 20.0
vertex 1031.3571428571427 145.0 0.0
endloop
endfacet

endsolid 76_C7
solid 77_C#7
facet normal 0.0 0.0 -1.0
outer loop
vertex 1045.6523809523808 50.0 0.0
vertex 1045.6523809523808 145.0 0.0
vertex 1058.3523809523808 145.0 0.0
endloop
endfacet
facet normal 0.0 0.0 -1.0
outer loop
vertex 1045.6523809523808 50.0 0.0
vertex 1058.3523809523808 145.0 0.0
vertex 1058.3523809523808 50.0 0.0
endloop
endfacet
facet normal 0.0 -1.0 0.0
outer loop
vertex 1045.6523809523808 50.0 0.0
vertex 1058.3523809523808 50.0 0.0
vertex 1058.3523809523808 50.0 20.0
endloop
endfacet
facet normal 0.0 -1.0 0.0
outer loop
vertex 1045.6523809523808 50.0 0.0
vertex 1058.3523809523808 50.0 20.0
vertex 1045.6523809523808 50.0 20.0
endloop
endfacet
facet normal 1.0 0.0 0.0
outer loop
vertex 1058.3523809523808 50.0 0.0
vertex 1058.3523809523808 145.0 0.0
vertex 1058.3523809523808 145.0 20.0
endloop
endfacet
facet normal 1.0 0.0 -0.0
outer loop
vertex 1058.3523809523808 50.0 0.0
vertex 1058.3523809523808 145.0 20.0
vertex 1058.3523809523808 50.0 20.0
endloop
endfacet
facet normal 0.0 1.0 -0.0
outer loop
vertex 1058.3523809523808 145.0 0.0
vertex 1045.6523809523808 145.0 0.0
vertex 1045.6523809523808 145.0 20.0
endloop
endfacet
facet normal 0.0 1.0 -0.0
outer loop
vertex 1058.3523809523808 145.0 0.0
vertex 1045.6523809523808 145.0 20.0
vertex 1058.3523809523808 145.0 20.0
endloop
endfacet
facet normal -1.0 0.0 0.0
outer loop
vertex 1045.6523809523808 145.0 0.0
vertex 1045.6523809523808 50.0 0.0
vertex 1045.6523809523808 50.0 20.0
endloop
endfacet
facet normal -1.0 0.0 0.0
outer loop
vertex 1045.6523809523808 145.0 0.0
vertex 1045.6523809523808 50.0 20.0
vertex 1045.6523809523808 145.0 20.0
endloop
endfacet
facet normal 0.0 -0.9823385664224749 0.1871121078899952
outer loop
vertex 1045.6523809523808 50.0 20.0
vertex 1058.3523809523808 50.0 20.0
vertex 1057.1023809523808 52.0 30.5
endloop
endfacet
facet normal 0.0 -0.9823385664224747 0.1871121078899952
outer loop
vertex 1045.6523809523808 50.0 20.0
vertex 1057.1023809523808 52.0 30.5
vertex 1046.9023809523808 52.0 30.5
endloop
endfacet
facet normal 0.9929882741949437 -0.0 0.11821288978511235
outer loop
vertex 1058.3523809523808 50.0 20.0
vertex 1058.3523809523808 145.0 20.0
vertex 1057.1023809523808 145.0 30.5
endloop
endfacet
facet normal 0.9929882741949438 0.0 0.11821288978511237
outer loop
vertex 1058.3523809523808 50.0 20.0
vertex 1057.1023809523808 145.0 30.5
vertex 1057.1023809523808 52.0 30.5
endloop
endfacet
facet normal 0.0 1.0 -0.0
outer loop
vertex 1058.3523809523808 145.0 20.0
vertex 1045.6523809523808 145.0 20.0
vertex 1046.9023809523808 145.0 30.5
endloop
endfacet
facet normal 0.0 1.0 -0.0
outer loop
vertex 1058.3523809523808 145.0 20.0
vertex 1046.9023809523808 145.0 30.5
vertex 1057.1023809523808 145.0 30.5
endloop
endfacet
facet normal -0.9929882741949437 0.0 0.11821288978511235
outer loop
vertex 1045.6523809523808 145.0 20.0
vertex 1045.6523809523808 50.0 20.0
vertex 1046.9023809523808 52.0 30.5
endloop
endfacet
facet normal -0.9929882741949438 0.0 0.11821288978511237
outer loop
vertex 1045.6523809523808 145.0 20.0
vertex 1046.9023809523808 52.0 30.5
vertex 1046.9023809523808 145.0 30.5
endloop
endfacet
facet normal 0.0 0.0 1.0
outer loop
vertex 1046.9023809523808 52.0 30.5
vertex 1057.1023809523808 52.0 30.5
vertex 1057.1023809523808 145.0 30.5
endloop
endfacet
facet normal 0.0 -0.0 1.0
outer loop
vertex 1046.9023809523808 52.0 30.5
vertex 1057.1023809523808 145.0 30.5
vertex 1046.9023809523808 145.0 30.5
endloop
endfacet

endsolid 77_C#7
solid 78_D7
facet normal 0.0 0.0 -1.0
outer loop
vertex 1077.2142857142856 0.0 0.0
vertex 1054.7857142857142 0.0 0.0
vertex 1054.7857142857142 50.0 0.0
endloop
endfacet
facet normal 0.0 0.0 -1.0
outer loop
vertex 1072.647619047619 50.0 0.0
vertex 1077.2142857142856 50.0 0.0
vertex 1077.2142857142856 0.0 0.0
endloop
endfacet
facet normal 0.0 0.0 -1.0
outer loop
vertex 1059.3523809523808 145.0 0.0
vertex 1072.647619047619 145.0 0.0
vertex 1072.647619047619 50.0 0.0
endloop
endfacet
facet normal 0.0 0.0 -1.0
outer loop
vertex 1059.3523809523808 50.0 0.0
vertex 1059.3523809523808 145.0 0.0
vertex 1072.647619047619 50.0 0.0
endloop
endfacet
facet normal 0.0 0.0 -1.0
outer loop
vertex 1077.2142857142856 0.0 0.0
vertex 1054.7857142857142 50.0 0.0
vertex 1059.3523809523808 50.0 0.0
endloop
endfacet
facet normal -0.0 -0.0 -1.0
outer loop
vertex 1072.647619047619 50.0 0.0
vertex 1077.2142857142856 0.0 0.0
vertex 1059.3523809523808 50.0 0.0
endloop
endfacet
facet normal -0.0 0.0 1.0
outer loop
vertex 1054.7857142857142 50.0 20.0
vertex 1054.7857142857142 0.0 20.0
vertex 1077.2142857142856 0.0 20.0
endloop
endfacet
facet normal 0.0 -0.0 1.0
outer loop
vertex 1077.2142857142856 0.0 20.0
vertex 1077.2142857142856 50.0 20.0
vertex 1072.647619047619 50.0 20.0
endloop
endfacet
facet normal 0.0 -0.0 1.0
outer loop
vertex 1072.647619047619 50.0 20.0
vertex 1072.647619047619 145.0 20.0
vertex 1059.3523809523808 145.0 20.0
endloop
endfacet
facet normal 0.0 0.0 1.0
outer loop
vertex 1072.647619047619 50.0 20.0
vertex 1059.3523809523808 145.0 20.0
vertex 1059.3523809523808 50.0 20.0
endloop
endfacet
facet normal 0.0 0.0 1.0
outer loop
vertex 1059.3523809523808 50.0 20.0
vertex 1054.7857142857142 50.0 20.0
vertex 1077.2142857142856 0.0 20.0
endloop
endfacet
facet normal -0.0 -0.0 1.0
outer loop
vertex 1059.3523809523808 50.0 20.0
vertex 1077.2142857142856 0.0 20.0
vertex 1072.647619047619 50.0 20.0
endloop
endfacet
facet normal -0.0 -0.9999999999999999 -0.0
outer loop
vertex 1077.2142857142856 0.0 20.0
vertex 1054.7857142857142 0.0 20.0
vertex 1077.2142857142856 0.0 0.0
endloop
endfacet
facet normal -0.0 -0.9999999999999999 -0.0
outer loop
vertex 1077.2142857142856 0.0 0.0
vertex 1054.7857142857142 0.0 20.0
vertex 1054.7857142857142 0.0 0.0
endloop
endfacet
facet normal 1.0 0.0 0.0
outer loop
vertex 1077.2142857142856 50.0 20.0
vertex 1077.2142857142856 0.0 20.0
vertex 1077.2142857142856 50.0 0.0
endloop
endfacet
facet normal 1.0 0.0 0.0
outer loop
vertex 1077.2142857142856 50.0 0.0
vertex 1077.2142857142856 0.0 20.0
vertex 1077.2142857142856 0.0 0.0
endloop
endfacet
facet normal -0.0 1.0 0.0
outer loop
vertex 1072.647619047619 50.0 20.0
vertex 1077.2142857142856 50.0 20.0
vertex 1072.647619047619 50.0 0.0
endloop
endfacet
facet normal -0.0 1.0 0.0
outer loop
vertex 1072.647619047619 50.0 0.0
vertex 1077.2142857142856 50.0 20.0
vertex 1077.2142857142856 50.0 0.0
endloop
endfacet
facet normal 1.0 0.0 0.0
outer loop
vertex 1072.647619047619 145.0 20.0
vertex 1072.647619047619 50.0 20.0
vertex 1072.647619047619 145.0 0.0
endloop
endfacet
facet normal 1.0 0.0 0.0
outer loop
vertex 1072.647619047619 145.0 0.0
vertex 1072.647619047619 50.0 20.0
vertex 1072.647619047619 50.0 0.0
endloop
endfacet
facet normal -0.0 1.0 0.0
outer loop
vertex 1059.3523809523808 145.0 20.0
vertex 1072.647619047619 145.0 20.0
vertex 1059.3523809523808 145.0 0.0
endloop
endfacet
facet normal -0.0 1.0 0.0
outer loop
vertex 1059.3523809523808 145.0 0.0
vertex 1072.647619047619 145.0 20.0
vertex 1072.647619047619 145.0 0.0
endloop
endfacet
facet normal -1.0 0.0 -0.0
outer loop
vertex 1059.3523809523808 50.0 20.0
vertex 1059.3523809523808 145.0 20.0
vertex 1059.3523809523808 50.0 0.0
endloop
endfacet
facet normal -1.0 0.0 0.0
outer loop
vertex 1059.3523809523808 50.0 0.0
vertex 1059.3523809523808 145.0 20.0
vertex 1059.3523809523808 145.0 0.0
endloop
endfacet
facet normal -1.0 0.0 -0.0
outer loop
vertex 1054.7857142857142 0.0 20.0
vertex 1054.7857142857142 50.0 20.0
vertex 1054.7857142857142 0.0 0.0
endloop
endfacet
facet normal -1.0 0.0 0.0
outer loop
vertex 1054.7857142857142 0.0 0.0
vertex 1054.7857142857142 50.0 20.0
vertex 1054.7857142857142 50.0 0.0
endloop
endfacet
facet normal -0.0 1.0 0.0
outer loop
vertex 1054.7857142857142 50.0 20.0
vertex 1059.3523809523808 50.0 20.0
vertex 1054.7857142857142 50.0 0.0
endloop
endfacet
facet normal -0.0 1.0 0.0
outer loop
vertex 1054.7857142857142 50.0 0.0
vertex 1059.3523809523808 50.0 20.0
vertex 1059.3523809523808 50.0 0.0
endloop
endfacet

endsolid 78_D7
solid 79_D#7
facet normal 0.0 0.0 -1.0
outer loop
vertex 1073.647619047619 50.0 0.0
vertex 1073.647619047619 145.0 0.0
vertex 1086.347619047619 145.0 0.0
endloop
endfacet
facet normal 0.0 0.0 -1.0
outer loop
vertex 1073.647619047619 50.0 0.0
vertex 1086.347619047619 145.0 0.0
vertex 1086.347619047619 50.0 0.0
endloop
endfacet
facet normal 0.0 -1.0 0.0
outer loop
vertex 1073.647619047619 50.0 0.0
vertex 1086.347619047619 50.0 0.0
vertex 1086.347619047619 50.0 20.0
endloop
endfacet
facet normal 0.0 -1.0 0.0
outer loop
vertex 1073.647619047619 50.0 0.0
vertex 1086.347619047619 50.0 20.0
vertex 1073.647619047619 50.0 20.0
endloop
endfacet
facet normal 1.0 0.0 0.0
outer loop
vertex 1086.347619047619 50.0 0.0
vertex 1086.347619047619 145.0 0.0
vertex 1086.347619047619 145.0 20.0
endloop
endfacet
facet normal 1.0 0.0 -0.0
outer loop
vertex 1086.347619047619 50.0 0.0
vertex 1086.347619047619 145.0 20.0
vertex 1086.347619047619 50.0 20.0
endloop
endfacet
facet normal 0.0 1.0 -0.0
outer loop
vertex 1086.347619047619 145.0 0.0
vertex 1073.647619047619 145.0 0.0
vertex 1073.647619047619 145.0 20.0
endloop
endfacet
facet normal 0.0 1.0 -0.0
outer loop
vertex 1086.347619047619 145.0 0.0
vertex 1073.647619047619 145.0 20.0
vertex 1086.347619047619 145.0 20.0
endloop
endfacet
facet normal -1.0 0.0 0.0
outer loop
vertex 1073.647619047619 145.0 0.0
vertex 1073.647619047619 50.0 0.0
vertex 1073.647619047619 50.0 20.0
endloop
endfacet
facet normal -1.0 0.0 0.0
outer loop
vertex 1073.647619047619 145.0 0.0
vertex 1073.647619047619 50.0 20.0
vertex 1073.647619047619 145.0 20.0
endloop
endfacet
facet normal 0.0 -0.9823385664224749 0.1871121078899952
outer loop
vertex 1073.647619047619 50.0 20.0
vertex 1086.347619047619 50.0 20.0
vertex 1085.097619047619 52.0 30.5
endloop
endfacet
facet normal 0.0 -0.9823385664224747 0.1871121078899952
outer loop
vertex 1073.647619047619 50.0 20.0
vertex 1085.097619047619 52.0 30.5
vertex 1074.897619047619 52.0 30.5
endloop
endfacet
facet normal 0.9929882741949437 -0.0 0.11821288978511235
outer loop
vertex 1086.347619047619 50.0 20.0
vertex 1086.347619047619 145.0 20.0
vertex 1085.097619047619 145.0 30.5
endloop
endfacet
facet normal 0.9929882741949438 0.0 0.11821288978511237
outer loop
vertex 1086.347619047619 50.0 20.0
vertex 1085.097619047619 145.0 30.5
vertex 1085.097619047619 52.0 30.5
endloop
endfacet
facet normal 0.0 1.0 -0.0
outer loop
vertex 1086.347619047619 145.0 20.0
vertex 1073.647619047619 145.0 20.0
vertex 1074.897619047619 145.0 30.5
endloop
endfacet
facet normal 0.0 1.0 -0.0
outer loop
vertex 1086.347619047619 145.0 20.0
vertex 1074.897619047619 145.0 30.5
vertex 1085.097619047619 145.0 30.5
endloop
endfacet
facet normal -0.9929882741949437 0.0 0.11821288978511235
outer loop
vertex 1073.647619047619 145.0 20.0
vertex 1073.647619047619 50.0 20.0
vertex 1074.897619047619 52.0 30.5
endloop
endfacet
facet normal -0.9929882741949438 0.0 0.11821288978511237
outer loop
vertex 1073.647619047619 145.0 20.0
vertex 1074.897619047619 52.0 30.5
vertex 1074.897619047619 145.0 30.5
endloop
endfacet
facet normal 0.0 0.0 1.0
outer loop
vertex 1074.897619047619 52.0 30.5
vertex 1085.097619047619 52.0 30.5
vertex 1085.097619047619 145.0 30.5
endloop
endfacet
facet normal 0.0 -0.0 1.0
outer loop
vertex 1074.897619047619 52.0 30.5
vertex 1085.097619047619 145.0 30.5
vertex 1074.897619047619 145.0 30.5
endloop
endfacet

endsolid 79_D#7
solid 80_E7
facet normal 0.0 0.0 -1.0
outer loop
vertex 1100.6428571428569 0.0 0.0
vertex 1078.2142857142856 0.0 0.0
vertex 1078.2142857142856 50.0 0.0
endloop
endfacet
facet normal 0.0 -0.0 -1.0
outer loop
vertex 1087.347619047619 145.0 0.0
vertex 1100.642857142857 145.0 0.0
vertex 1100.6428571428569 50.0 0.0
endloop
endfacet
facet normal 0.0 0.0 -1.0
outer loop
vertex 1087.347619047619 50.0 0.0
vertex 1087.347619047619 145.0 0.0
vertex 1100.6428571428569 50.0 0.0
endloop
endfacet
facet normal 0.0 0.0 -1.0
outer loop
vertex 1100.6428571428569 0.0 0.0
vertex 1078.2142857142856 50.0 0.0
vertex 1087.347619047619 50.0 0.0
endloop
endfacet
facet normal -0.0 -0.0 -1.0
outer loop
vertex 1100.6428571428569 50.0 0.0
vertex 1100.6428571428569 0.0 0.0
vertex 1087.347619047619 50.0 0.0
endloop
endfacet
facet normal -0.0 0.0 1.0
outer loop
vertex 1078.2142857142856 50.0 20.0
vertex 1078.2142857142856 0.0 20.0
vertex 1100.6428571428569 0.0 20.0
endloop
endfacet
facet normal 0.0 -0.0 1.0
outer loop
vertex 1100.6428571428569 50.0 20.0
vertex 1100.642857142857 145.0 20.0
vertex 1087.347619047619 145.0 20.0
endloop
endfacet
facet normal 0.0 0.0 1.0
outer loop
vertex 1100.6428571428569 50.0 20.0
vertex 1087.347619047619 145.0 20.0
vertex 1087.347619047619 50.0 20.0
endloop
endfacet
facet normal 0.0 0.0 1.0
outer loop
vertex 1087.347619047619 50.0 20.0
vertex 1078.2142857142856 50.0 20.0
vertex 1100.6428571428569 0.0 20.0
endloop
endfacet
facet normal -0.0 0.0 1.0
outer loop
vertex 1087.347619047619 50.0 20.0
vertex 1100.6428571428569 0.0 20.0
vertex 1100.6428571428569 50.0 20.0
endloop
endfacet
facet normal -0.0 -0.9999999999999999 -0.0
outer loop
vertex 1100.6428571428569 0.0 20.0
vertex 1078.2142857142856 0.0 20.0
vertex 1100.6428571428569 0.0 0.0
endloop
endfacet
facet normal -0.0 -0.9999999999999999 -0.0
outer loop
vertex 1100.6428571428569 0.0 0.0
vertex 1078.2142857142856 0.0 20.0
vertex 1078.2142857142856 0.0 0.0
endloop
endfacet
facet normal 1.0 0.0 0.0
outer loop
vertex 1100.6428571428569 50.0 20.0
vertex 1100.6428571428569 0.0 20.0
vertex 1100.6428571428569 50.0 0.0
endloop
endfacet
facet normal 1.0 0.0 0.0
outer loop
vertex 1100.6428571428569 50.0 0.0
vertex 1100.6428571428569 0.0 20.0
vertex 1100.6428571428569 0.0 0.0
endloop
endfacet
facet normal 1.0 -2.3934071099287585e-15 0.0
outer loop
vertex 1100.642857142857 145.0 20.0
vertex 1100.6428571428569 50.0 20.0
vertex 1100.642857142857 145.0 0.0
endloop
endfacet
facet normal 1.0 -2.3934071099287585e-15 0.0
outer loop
vertex 1100.642857142857 145.0 0.0
vertex 1100.6428571428569 50.0 20.0
vertex 1100.6428571428569 50.0 0.0
endloop
endfacet
facet normal -0.0 1.0 0.0
outer loop
vertex 1087.347619047619 145.0 20.0
vertex 1100.642857142857 145.0 20.0
vertex 1087.347619047619 145.0 0.0
endloop
endfacet
facet normal -0.0 1.0 0.0
outer loop
vertex 1087.347619047619 145.0 0.0
vertex 1100.642857142857 145.0 20.0
vertex 1100.642857142857 145.0 0.0
endloop
endfacet
facet normal -1.0 0.0 -0.0
outer loop
vertex 1087.347619047619 50.0 20.0
vertex 1087.347619047619 145.0 20.0
vertex 1087.347619047619 50.0 0.0
endloop
endfacet
facet normal -1.0 0.0 0.0
outer loop
vertex 1087.347619047619 50.0 0.0
vertex 1087.347619047619 145.0 20.0
vertex 1087.347619047619 145.0 0.0
endloop
endfacet
facet normal -1.0 0.0 -0.0
outer loop
vertex 1078.2142857142856 0.0 20.0
vertex 1078.2142857142856 50.0 20.0
vertex 1078.2142857142856 0.0 0.0
endloop
endfacet
facet normal -1.0 0.0 0.0
outer loop
vertex 1078.2142857142856 0.0 0.0
vertex 1078.2142857142856 50.0 20.0
vertex 1078.2142857142856 50.0 0.0
endloop
endfacet
facet normal -0.0 0.9999999999999999 0.0
outer loop
vertex 1078.2142857142856 50.0 20.0
vertex 1087.347619047619 50.0 20.0
vertex 1078.2142857142856 50.0 0.0
endloop
endfacet
facet normal -0.0 0.9999999999999999 0.0
outer loop
vertex 1078.2142857142856 50.0 0.0
vertex 1087.347619047619 50.0 20.0
vertex 1087.347619047619 50.0 0.0
endloop
endfacet

endsolid 80_E7
solid 81_F7
facet normal 0.0 0.0 -1.0
outer loop
vertex 1124.0714285714284 0.0 0.0
vertex 1101.642857142857 0.0 0.0
vertex 1101.642857142857 50.0 0.0
endloop
endfacet
facet normal 0.0 0.0 -1.0
outer loop
vertex 1113.7964285714286 50.0 0.0
vertex 1124.0714285714284 50.0 0.0
vertex 1124.0714285714284 0.0 0.0
endloop
endfacet
facet normal 0.0 0.0 -1.0
outer loop
vertex 1101.642857142857 145.0 0.0
vertex 1113.7964285714286 145.0 0.0
vertex 1113.7964285714286 50.0 0.0
endloop
endfacet
facet normal 0.0 0.0 -1.0
outer loop
vertex 1101.642857142857 50.0 0.0
vertex 1101.642857142857 145.0 0.0
vertex 1113.7964285714286 50.0 0.0
endloop
endfacet
facet normal 0.0 0.0 -1.0
outer loop
vertex 1124.0714285714284 0.0 0.0
vertex 1101.642857142857 50.0 0.0
vertex 1113.7964285714286 50.0 0.0
endloop
endfacet
facet normal -0.0 0.0 1.0
outer loop
vertex 1101.642857142857 50.0 20.0
vertex 1101.642857142857 0.0 20.0
vertex 1124.0714285714284 0.0 20.0
endloop
endfacet
facet normal 0.0 -0.0 1.0
outer loop
vertex 1124.0714285714284 0.0 20.0
vertex 1124.0714285714284 50.0 20.0
vertex 1113.7964285714286 50.0 20.0
endloop
endfacet
facet normal 0.0 -0.0 1.0
outer loop
vertex 1113.7964285714286 50.0 20.0
vertex 1113.7964285714286 145.0 20.0
vertex 1101.642857142857 145.0 20.0
endloop
endfacet
facet normal 0.0 0.0 1.0
outer loop
vertex 1113.7964285714286 50.0 20.0
vertex 1101.642857142857 145.0 20.0
vertex 1101.642857142857 50.0 20.0
endloop
endfacet
facet normal 0.0 0.0 1.0
outer loop
vertex 1113.7964285714286 50.0 20.0
vertex 1101.642857142857 50.0 20.0
vertex 1124.0714285714284 0.0 20.0
endloop
endfacet
facet normal -0.0 -0.9999999999999999 -0.0
outer loop
vertex 1124.0714285714284 0.0 20.0
vertex 1101.642857142857 0.0 20.0
vertex 1124.0714285714284 0.0 0.0
endloop
endfacet
facet normal -0.0 -0.9999999999999999 -0.0
outer loop
vertex 1124.0714285714284 0.0 0.0
vertex 1101.642857142857 0.0 20.0
vertex 1101.642857142857 0.0 0.0
endloop
endfacet
facet normal 1.0 0.0 0.0
outer loop
vertex 1124.0714285714284 50.0 20.0
vertex 1124.0714285714284 0.0 20.0
vertex 1124.0714285714284 50.0 0.0
endloop
endfacet
facet normal 1.0 0.0 0.0
outer loop
vertex 1124.0714285714284 50.0 0.0
vertex 1124.0714285714284 0.0 20.0
vertex 1124.0714285714284 0.0 0.0
endloop
endfacet
facet normal -0.0 0.9999999999999999 0.0
outer loop
vertex 1113.7964285714286 50.0 20.0
vertex 1124.0714285714284 50.0 20.0
vertex 1113.7964285714286 50.0 0.0
endloop
endfacet
facet normal -0.0 0.9999999999999999 0.0
outer loop
vertex 1113.7964285714286 50.0 0.0
vertex 1124.0714285714284 50.0 20.0
vertex 1124.0714285714284 50.0 0.0
endloop
endfacet
facet normal 1.0 0.0 0.0
outer loop
vertex 1113.7964285714286 145.0 20.0
vertex 1113.7964285714286 50.0 20.0
vertex 1113.7964285714286 145.0 0.0
endloop
endfacet
facet normal 1.0 0.0 0.0
outer loop
vertex 1113.7964285714286 145.0 0.0
vertex 1113.7964285714286 50.0 20.0
vertex 1113.7964285714286 50.0 0.0
endloop
endfacet
facet normal -0.0 0.9999999999999999 0.0
outer loop
vertex 1101.642857142857 145.0 20.0
vertex 1113.7964285714286 145.0 20.0
vertex 1101.642857142857 145.0 0.0
endloop
endfacet
facet normal -0.0 0.9999999999999999 0.0
outer loop
vertex 1101.642857142857 145.0 0.0
vertex 1113.7964285714286 145.0 20.0
vertex 1113.7964285714286 145.0 0.0
endloop
endfacet
facet normal -1.0 0.0 -0.0
outer loop
vertex 1101.642857142857 0.0 20.0
vertex 1101.642857142857 50.0 20.0
vertex 1101.642857142857 0.0 0.0
endloop
endfacet
facet normal -1.0 0.0 0.0
outer loop
vertex 1101.642857142857 0.0 0.0
vertex 1101.642857142857 50.0 20.0
vertex 1101.642857142857 50.0 0.0
endloop
endfacet
facet normal -1.0 0.0 -0.0
outer loop
vertex 1101.642857142857 50.0 20.0
vertex 1101.642857142857 145.0 20.0
vertex 1101.642857142857 50.0 0.0
endloop
endfacet
facet normal -1.0 0.0 0.0
outer loop
vertex 1101.642857142857 50.0 0.0
vertex 1101.642857142857 145.0 20.0
vertex 1101.642857142857 145.0 0.0
endloop
endfacet

endsolid 81_F7
solid 82_F#7
facet normal 0.0 0.0 -1.0
outer loop
vertex 1114.7964285714286 50.0 0.0
vertex 1114.7964285714286 145.0 0.0
vertex 1127.4964285714286 145.0 0.0
endloop
endfacet
facet normal 0.0 0.0 -1.0
outer loop
vertex 1114.7964285714286 50.0 0.0
vertex 1127.4964285714286 145.0 0.0
vertex 1127.4964285714286 50.0 0.0
endloop
endfacet
facet normal 0.0 -1.0 0.0
outer loop
vertex 1114.7964285714286 50.0 0.0
vertex 1127.4964285714286 50.0 0.0
vertex 1127.4964285714286 50.0 20.0
endloop
endfacet
facet normal 0.0 -1.0 0.0
outer loop
vertex 1114.7964285714286 50.0 0.0
vertex 1127.4964285714286 50.0 20.0
vertex 1114.7964285714286 50.0 20.0
endloop
endfacet
facet normal 1.0 0.0 0.0
outer loop
vertex 1127.4964285714286 50.0 0.0
vertex 1127.4964285714286 145.0 0.0
vertex 1127.4964285714286 145.0 20.0
endloop
endfacet
facet normal 1.0 0.0 -0.0
outer loop
vertex 1127.4964285714286 50.0 0.0
vertex 1127.4964285714286 145.0 20.0
vertex 1127.4964285714286 50.0 20.0
endloop
endfacet
facet normal 0.0 1.0 -0.0
outer loop
vertex 1127.4964285714286 145.0 0.0
vertex 1114.7964285714286 145.0 0.0
vertex 1114.7964285714286 145.0 20.0
endloop
endfacet
facet normal 0.0 1.0 -0.0
outer loop
vertex 1127.4964285714286 145.0 0.0
vertex 1114.7964285714286 145.0 20.0
vertex 1127.4964285714286 145.0 20.0
endloop
endfacet
facet normal -1.0 0.0 0.0
outer loop
vertex 1114.7964285714286 145.0 0.0
vertex 1114.7964285714286 50.0 0.0
vertex 1114.7964285714286 50.0 20.0
endloop
endfacet
facet normal -1.0 0.0 0.0
outer loop
vertex 1114.7964285714286 145.0 0.0
vertex 1114.7964285714286 50.0 20.0
vertex 1114.7964285714286 145.0 20.0
endloop
endfacet
facet normal 0.0 -0.9823385664224749 0.1871121078899952
outer loop
vertex 1114.7964285714286 50.0 20.0
vertex 1127.4964285714286 50.0 20.0
vertex 1126.2464285714286 52.0 30.5
endloop
endfacet
facet normal 0.0 -0.9823385664224747 0.1871121078899952
outer loop
vertex 1114.7964285714286 50.0 20.0
vertex 1126.2464285714286 52.0 30.5
vertex 1116.0464285714286 52.0 30.5
endloop
endfacet
facet normal 0.9929882741949437 -0.0 0.11821288978511235
outer loop
vertex 1127.4964285714286 50.0 20.0
vertex 1127.4964285714286 145.0 20.0
vertex 1126.2464285714286 145.0 30.5
endloop
endfacet
facet normal 0.9929882741949438 0.0 0.11821288978511237
outer loop
vertex 1127.4964285714286 50.0 20.0
vertex 1126.2464285714286 145.0 30.5
vertex 1126.2464285714286 52.0 30.5
endloop
endfacet
facet normal 0.0 1.0 -0.0
outer loop
vertex 1127.4964285714286 145.0 20.0
vertex 1114.7964285714286 145.0 20.0
vertex 1116.0464285714286 145.0 30.5
endloop
endfacet
facet normal 0.0 1.0 -0.0
outer loop
vertex 1127.4964285714286 145.0 20.0
vertex 1116.0464285714286 145.0 30.5
vertex 1126.2464285714286 145.0 30.5
endloop
endfacet
facet normal -0.9929882741949437 0.0 0.11821288978511235
outer loop
vertex 1114.7964285714286 145.0 20.0
vertex 1114.7964285714286 50.0 20.0
vertex 1116.0464285714286 52.0 30.5
endloop
endfacet
facet normal -0.9929882741949438 0.0 0.11821288978511237
outer loop
vertex 1114.7964285714286 145.0 20.0
vertex 1116.0464285714286 52.0 30.5
vertex 1116.0464285714286 145.0 30.5
endloop
endfacet
facet normal 0.0 0.0 1.0
outer loop
vertex 1116.0464285714286 52.0 30.5
vertex 1126.2464285714286 52.0 30.5
vertex 1126.2464285714286 145.0 30.5
endloop
endfacet
facet normal 0.0 -0.0 1.0
outer loop
vertex 1116.0464285714286 52.0 30.5
vertex 1126.2464285714286 145.0 30.5
vertex 1116.0464285714286 145.0 30.5
endloop
endfacet

endsolid 82_F#7
solid 83_G7
facet normal 0.0 0.0 -1.0
outer loop
vertex 1147.4999999999998 0.0 0.0
vertex 1125.0714285714284 0.0 0.0
vertex 1125.0714285714284 50.0 0.0
endloop
endfacet
facet normal 0.0 0.0 -1.0
outer loop
vertex 1140.65 50.0 0.0
vertex 1147.4999999999998 50.0 0.0
vertex 1147.4999999999998 0.0 0.0
endloop
endfacet
facet normal 0.0 0.0 -1.0
outer loop
vertex 1128.4964285714286 145.0 0.0
vertex 1140.65 145.0 0.0
vertex 1140.65 50.0 0.0
endloop
endfacet
facet normal 0.0 0.0 -1.0
outer loop
vertex 1128.4964285714286 50.0 0.0
vertex 1128.4964285714286 145.0 0.0
vertex 1140.65 50.0 0.0
endloop
endfacet
facet normal 0.0 0.0 -1.0
outer loop
vertex 1147.4999999999998 0.0 0.0
vertex 1125.0714285714284 50.0 0.0
vertex 1128.4964285714286 50.0 0.0
endloop
endfacet
facet normal -0.0 -0.0 -1.0
outer loop
vertex 1140.65 50.0 0.0
vertex 1147.4999999999998 0.0 0.0
vertex 1128.4964285714286 50.0 0.0
endloop
endfacet
facet normal -0.0 0.0 1.0
outer loop
vertex 1125.0714285714284 50.0 20.0
vertex 1125.0714285714284 0.0 20.0
vertex 1147.4999999999998 0.0 20.0
endloop
endfacet
facet normal 0.0 -0.0 1.0
outer loop
vertex 1147.4999999999998 0.0 20.0
vertex 1147.4999999999998 50.0 20.0
vertex 1140.65 50.0 20.0
endloop
endfacet
facet normal 0.0 -0.0 1.0
outer loop
vertex 1140.65 50.0 20.0
vertex 1140.65 145.0 20.0
vertex 1128.4964285714286 145.0 20.0
endloop
endfacet
facet normal 0.0 0.0 1.0
outer loop
vertex 1140.65 50.0 20.0
vertex 1128.4964285714286 145.0 20.0
vertex 1128.4964285714286 50.0 20.0
endloop
endfacet
facet normal 0.0 0.0 1.0
outer loop
vertex 1128.4964285714286 50.0 20.0
vertex 1125.0714285714284 50.0 20.0
vertex 1147.4999999999998 0.0 20.0
endloop
endfacet
facet normal -0.0 -0.0 1.0
outer loop
vertex 1128.4964285714286 50.0 20.0
vertex 1147.4999999999998 0.0 20.0
vertex 1140.65 50.0 20.0
endloop
endfacet
facet normal -0.0 -0.9999999999999999 -0.0
outer loop
vertex 1147.4999999999998 0.0 20.0
vertex 1125.0714285714284 0.0 20.0
vertex 1147.4999999999998 0.0 0.0
endloop
endfacet
facet normal -0.0 -0.9999999999999999 -0.0
outer loop
vertex 1147.4999999999998 0.0 0.0
vertex 1125.0714285714284 0.0 20.0
vertex 1125.0714285714284 0.0 0.0
endloop
endfacet
facet normal 1.0 0.0 0.0
outer loop
vertex 1147.4999999999998 50.0 20.0
vertex 1147.4999999999998 0.0 20.0
vertex 1147.4999999999998 50.0 0.0
endloop
endfacet
facet normal 1.0 0.0 0.0
outer loop
vertex 1147.4999999999998 50.0 0.0
vertex 1147.4999999999998 0.0 20.0
vertex 1147.4999999999998 0.0 0.0
endloop
endfacet
facet normal -0.0 1.0 0.0
outer loop
vertex 1140.65 50.0 20.0
vertex 1147.4999999999998 50.0 20.0
vertex 1140.65 50.0 0.0
endloop
endfacet
facet normal -0.0 1.0 0.0
outer loop
vertex 1140.65 50.0 0.0
vertex 1147.4999999999998 50.0 20.0
vertex 1147.4999999999998 50.0 0.0
endloop
endfacet
facet normal 1.0 0.0 0.0
outer loop
vertex 1140.65 145.0 20.0
vertex 1140.65 50.0 20.0
vertex 1140.65 145.0 0.0
endloop
endfacet
facet normal 1.0 0.0 0.0
outer loop
vertex 1140.65 145.0 0.0
vertex 1140.65 50.0 20.0
vertex 1140.65 50.0 0.0
endloop
endfacet
facet normal -0.0 0.9999999999999999 0.0
outer loop
vertex 1128.4964285714286 145.0 20.0
vertex 1140.65 145.0 20.0
vertex 1128.4964285714286 145.0 0.0
endloop
endfacet
facet normal -0.0 0.9999999999999999 0.0
outer loop
vertex 1128.4964285714286 145.0 0.0
vertex 1140.65 145.0 20.0
vertex 1140.65 145.0 0.0
endloop
endfacet
facet normal -1.0 0.0 -0.0
outer loop
vertex 1128.4964285714286 50.0 20.0
vertex 1128.4964285714286 145.0 20.0
vertex 1128.4964285714286 50.0 0.0
endloop
endfacet
facet normal -1.0 0.0 0.0
outer loop
vertex 1128.4964285714286 50.0 0.0
vertex 1128.4964285714286 145.0 20.0
vertex 1128.4964285714286 145.0 0.0
endloop
endfacet
facet normal -1.0 0.0 -0.0
outer loop
vertex 1125.0714285714284 0.0 20.0
vertex 1125.0714285714284 50.0 20.0
vertex 1125.0714285714284 0.0 0.0
endloop
endfacet
facet normal -1.0 0.0 0.0
outer loop
vertex 1125.0714285714284 0.0 0.0
vertex 1125.0714285714284 50.0 20.0
vertex 1125.0714285714284 50.0 0.0
endloop
endfacet
facet normal -0.0 1.0 0.0
outer loop
vertex 1125.0714285714284 50.0 20.0
vertex 1128.4964285714286 50.0 20.0
vertex 1125.0714285714284 50.0 0.0
endloop
endfacet
facet normal -0.0 1.0 0.0
outer loop
vertex 1125.0714285714284 50.0 0.0
vertex 1128.4964285714286 50.0 20.0
vertex 1128.4964285714286 50.0 0.0
endloop
endfacet

endsolid 83_G7
solid 84_G#7
facet normal 0.0 0.0 -1.0
outer loop
vertex 1141.65 50.0 0.0
vertex 1141.65 145.0 0.0
vertex 1154.3500000000001 145.0 0.0
endloop
endfacet
facet normal 0.0 0.0 -1.0
outer loop
vertex 1141.65 50.0 0.0
vertex 1154.3500000000001 145.0 0.0
vertex 1154.3500000000001 50.0 0.0
endloop
endfacet
facet normal 0.0 -1.0 0.0
outer loop
vertex 1141.65 50.0 0.0
vertex 1154.3500000000001 50.0 0.0
vertex 1154.3500000000001 50.0 20.0
endloop
endfacet
facet normal 0.0 -1.0 0.0
outer loop
vertex 1141.65 50.0 0.0
vertex 1154.3500000000001 50.0 20.0
vertex 1141.65 50.0 20.0
endloop
endfacet
facet normal 1.0 0.0 0.0
outer loop
vertex 1154.3500000000001 50.0 0.0
vertex 1154.3500000000001 145.0 0.0
vertex 1154.3500000000001 145.0 20.0
endloop
endfacet
facet normal 1.0 0.0 -0.0
outer loop
vertex 1154.3500000000001 50.0 0.0
vertex 1154.3500000000001 145.0 20.0
vertex 1154.3500000000001 50.0 20.0
endloop
endfacet
facet normal 0.0 1.0 -0.0
outer loop
vertex 1154.3500000000001 145.0 0.0
vertex 1141.65 145.0 0.0
vertex 1141.65 145.0 20.0
endloop
endfacet
facet normal 0.0 1.0 -0.0
outer loop
vertex 1154.3500000000001 145.0 0.0
vertex 1141.65 145.0 20.0
vertex 1154.3500000000001 145.0 20.0
endloop
endfacet
facet normal -1.0 0.0 0.0
outer loop
vertex 1141.65 145.0 0.0
vertex 1141.65 50.0 0.0
vertex 1141.65 50.0 20.0
endloop
endfacet
facet normal -1.0 0.0 0.0
outer loop
vertex 1141.65 145.0 0.0
vertex 1141.65 50.0 20.0
vertex 1141.65 145.0 20.0
endloop
endfacet
facet normal 0.0 -0.9823385664224749 0.1871121078899952
outer loop
vertex 1141.65 50.0 20.0
vertex 1154.3500000000001 50.0 20.0
vertex 1153.1000000000001 52.0 30.5
endloop
endfacet
facet normal 0.0 -0.9823385664224747 0.1871121078899952
outer loop
vertex 1141.65 50.0 20.0
vertex 1153.1000000000001 52.0 30.5
vertex 1142.9 52.0 30.5
endloop
endfacet
facet normal 0.9929882741949437 -0.0 0.11821288978511235
outer loop
vertex 1154.3500000000001 50.0 20.0
vertex 1154.3500000000001 145.0 20.0
vertex 1153.1000000000001 145.0 30.5
endloop
endfacet
facet normal 0.9929882741949438 0.0 0.11821288978511237
outer loop
vertex 1154.3500000000001 50.0 20.0
vertex 1153.1000000000001 145.0 30.5
vertex 1153.1000000000001 52.0 30.5
endloop
endfacet
facet normal 0.0 1.0 -0.0
outer loop
vertex 1154.3500000000001 145.0 20.0
vertex 1141.65 145.0 20.0
vertex 1142.9 145.0 30.5
endloop
endfacet
facet normal 0.0 1.0 -0.0
outer loop
vertex 1154.3500000000001 145.0 20.0
vertex 1142.9 145.0 30.5
vertex 1153.1000000000001 145.0 30.5
endloop
endfacet
facet normal -0.9929882741949437 0.0 0.11821288978511235
outer loop
vertex 1141.65 145.0 20.0
vertex 1141.65 50.0 20.0
vertex 1142.9 52.0 30.5
endloop
endfacet
facet normal -0.9929882741949438 0.0 0.11821288978511237
outer loop
vertex 1141.65 145.0 20.0
vertex 1142.9 52.0 30.5
vertex 1142.9 145.0 30.5
endloop
endfacet
facet normal 0.0 0.0 1.0
outer loop
vertex 1142.9 52.0 30.5
vertex 1153.1000000000001 52.0 30.5
vertex 1153.1000000000001 145.0 30.5
endloop
endfacet
facet normal 0.0 -0.0 1.0
outer loop
vertex 1142.9 52.0 30.5
vertex 1153.1000000000001 145.0 30.5
vertex 1142.9 145.0 30.5
endloop
endfacet

endsolid 84_G#7
solid 85_A7
facet normal 0.0 0.0 -1.0
outer loop
vertex 1170.9285714285713 0.0 0.0
vertex 1148.5 0.0 0.0
vertex 1148.5 50.0 0.0
endloop
endfacet
facet normal 0.0 0.0 -1.0
outer loop
vertex 1167.5035714285716 50.0 0.0
vertex 1170.9285714285713 50.0 0.0
vertex 1170.9285714285713 0.0 0.0
endloop
endfacet
facet normal 0.0 0.0 -1.0
outer loop
vertex 1155.3500000000001 145.0 0.0
vertex 1167.5035714285716 145.0 0.0
vertex 1167.5035714285716 50.0 0.0
endloop
endfacet
facet normal 0.0 0.0 -1.0
outer loop
vertex 1155.3500000000001 50.0 0.0
vertex 1155.3500000000001 145.0 0.0
vertex 1167.5035714285716 50.0 0.0
endloop
endfacet
facet normal 0.0 0.0 -1.0
outer loop
vertex 1170.9285714285713 0.0 0.0
vertex 1148.5 50.0 0.0
vertex 1155.3500000000001 50.0 0.0
endloop
endfacet
facet normal -0.0 -0.0 -1.0
outer loop
vertex 1167.5035714285716 50.0 0.0
vertex 1170.9285714285713 0.0 0.0
vertex 1155.3500000000001 50.0 0.0
endloop
endfacet
facet normal -0.0 0.0 1.0
outer loop
vertex 1148.5 50.0 20.0
vertex 1148.5 0.0 20.0
vertex 1170.9285714285713 0.0 20.0
endloop
endfacet
facet normal 0.0 -0.0 1.0
outer loop
vertex 1170.9285714285713 0.0 20.0
vertex 1170.9285714285713 50.0 20.0
vertex 1167.5035714285716 50.0 20.0
endloop
endfacet
facet normal 0.0 -0.0 1.0
outer loop
vertex 1167.5035714285716 50.0 20.0
vertex 1167.5035714285716 145.0 20.0
vertex 1155.3500000000001 145.0 20.0
endloop
endfacet
facet normal 0.0 0.0 1.0
outer loop
vertex 1167.5035714285716 50.0 20.0
vertex 1155.3500000000001 145.0 20.0
vertex 1155.3500000000001 50.0 20.0
endloop
endfacet
facet normal 0.0 0.0 1.0
outer loop
vertex 1155.3500000000001 50.0 20.0
vertex 1148.5 50.0 20.0
vertex 1170.9285714285713 0.0 20.0
endloop
endfacet
facet normal -0.0 -0.0 1.0
outer loop
vertex 1155.3500000000001 50.0 20.0
vertex 1170.9285714285713 0.0 20.0
vertex 1167.5035714285716 50.0 20.0
endloop
endfacet
facet normal -0.0 -0.9999999999999999 -0.0
outer loop
vertex 1170.9285714285713 0.0 20.0
vertex 1148.5 0.0 20.0
vertex 1170.9285714285713 0.0 0.0
endloop
endfacet
facet normal -0.0 -0.9999999999999999 -0.0
outer loop
vertex 1170.9285714285713 0.0 0.0
vertex 1148.5 0.0 20.0
vertex 1148.5 0.0 0.0
endloop
endfacet
facet normal 1.0 0.0 0.0
outer loop
vertex 1170.9285714285713 50.0 20.0
vertex 1170.9285714285713 0.0 20.0
vertex 1170.9285714285713 50.0 0.0
endloop
endfacet
facet normal 1.0 0.0 0.0
outer loop
vertex 1170.9285714285713 50.0 0.0
vertex 1170.9285714285713 0.0 20.0
vertex 1170.9285714285713 0.0 0.0
endloop
endfacet
facet normal -0.0 1.0 0.0
outer loop
vertex 1167.5035714285716 50.0 20.0
vertex 1170.9285714285713 50.0 20.0
vertex 1167.5035714285716 50.0 0.0
endloop
endfacet
facet normal -0.0 1.0 0.0
outer loop
vertex 1167.5035714285716 50.0 0.0
vertex 1170.9285714285713 50.0 20.0
vertex 1170.9285714285713 50.0 0.0
endloop
endfacet
facet normal 1.0 0.0 0.0
outer loop
vertex 1167.5035714285716 145.0 20.0
vertex 1167.5035714285716 50.0 20.0
vertex 1167.5035714285716 145.0 0.0
endloop
endfacet
facet normal 1.0 0.0 0.0
outer loop
vertex 1167.5035714285716 145.0 0.0
vertex 1167.5035714285716 50.0 20.0
vertex 1167.5035714285716 50.0 0.0
endloop
endfacet
facet normal -0.0 0.9999999999999999 0.0
outer loop
vertex 1155.3500000000001 145.0 20.0
vertex 1167.5035714285716 145.0 20.0
vertex 1155.3500000000001 145.0 0.0
endloop
endfacet
facet normal -0.0 0.9999999999999999 0.0
outer loop
vertex 1155.3500000000001 145.0 0.0
vertex 1167.5035714285716 145.0 20.0
vertex 1167.5035714285716 145.0 0.0
endloop
endfacet
facet normal -1.0 0.0 -0.0
outer loop
vertex 1155.3500000000001 50.0 20.0
vertex 1155.3500000000001 145.0 20.0
vertex 1155.3500000000001 50.0 0.0
endloop
endfacet
facet normal -1.0 0.0 0.0
outer loop
vertex 1155.3500000000001 50.0 0.0
vertex 1155.3500000000001 145.0 20.0
vertex 1155.3500000000001 145.0 0.0
endloop
endfacet
facet normal -1.0 0.0 -0.0
outer loop
vertex 1148.5 0.0 20.0
vertex 1148.5 50.0 20.0
vertex 1148.5 0.0 0.0
endloop
endfacet
facet normal -1.0 0.0 0.0
outer loop
vertex 1148.5 0.0 0.0
vertex 1148.5 50.0 20.0
vertex 1148.5 50.0 0.0
endloop
endfacet
facet normal -0.0 1.0 0.0
outer loop
vertex 1148.5 50.0 20.0
vertex 1155.3500000000001 50.0 20.0
vertex 1148.5 50.0 0.0
endloop
endfacet
facet normal -0.0 1.0 0.0
outer loop
vertex 1148.5 50.0 0.0
vertex 1155.3500000000001 50.0 20.0
vertex 1155.3500000000001 50.0 0.0
endloop
endfacet

endsolid 85_A7
solid 86_A#7
facet normal 0.0 0.0 -1.0
outer loop
vertex 1168.5035714285716 50.0 0.0
vertex 1168.5035714285716 145.0 0.0
vertex 1181.2035714285716 145.0 0.0
endloop
endfacet
facet normal 0.0 0.0 -1.0
outer loop
vertex 1168.5035714285716 50.0 0.0
vertex 1181.2035714285716 145.0 0.0
vertex 1181.2035714285716 50.0 0.0
endloop
endfacet
facet normal 0.0 -1.0 0.0
outer loop
vertex 1168.5035714285716 50.0 0.0
vertex 1181.2035714285716 50.0 0.0
vertex 1181.2035714285716 50.0 20.0
endloop
endfacet
facet normal 0.0 -1.0 0.0
outer loop
vertex 1168.5035714285716 50.0 0.0
vertex 1181.2035714285716 50.0 20.0
vertex 1168.5035714285716 50.0 20.0
endloop
endfacet
facet normal 1.0 0.0 0.0
outer loop
vertex 1181.2035714285716 50.0 0.0
vertex 1181.2035714285716 145.0 0.0
vertex 1181.2035714285716 145.0 20.0
endloop
endfacet
facet normal 1.0 0.0 -0.0
outer loop
vertex 1181.2035714285716 50.0 0.0
vertex 1181.2035714285716 145.0 20.0
vertex 1181.2035714285716 50.0 20.0
endloop
endfacet
facet normal 0.0 1.0 -0.0
outer loop
vertex 1181.2035714285716 145.0 0.0
vertex 1168.5035714285716 145.0 0.0
vertex 1168.5035714285716 145.0 20.0
endloop
endfacet
facet normal 0.0 1.0 -0.0
outer loop
vertex 1181.2035714285716 145.0 0.0
vertex 1168.5035714285716 145.0 20.0
vertex 1181.2035714285716 145.0 20.0
endloop
endfacet
facet normal -1.0 0.0 0.0
outer loop
vertex 1168.5035714285716 145.0 0.0
vertex 1168.5035714285716 50.0 0.0
vertex 1168.5035714285716 50.0 20.0
endloop
endfacet
facet normal -1.0 0.0 0.0
outer loop
vertex 1168.5035714285716 145.0 0.0
vertex 1168.5035714285716 50.0 20.0
vertex 1168.5035714285716 145.0 20.0
endloop
endfacet
facet normal 0.0 -0.9823385664224749 0.1871121078899952
outer loop
vertex 1168.5035714285716 50.0 20.0
vertex 1181.2035714285716 50.0 20.0
vertex 1179.9535714285716 52.0 30.5
endloop
endfacet
facet normal 0.0 -0.9823385664224747 0.1871121078899952
outer loop
vertex 1168.5035714285716 50.0 20.0
vertex 1179.9535714285716 52.0 30.5
vertex 1169.7535714285716 52.0 30.5
endloop
endfacet
facet normal 0.9929882741949437 -0.0 0.11821288978511235
outer loop
vertex 1181.2035714285716 50.0 20.0
vertex 1181.2035714285716 145.0 20.0
vertex 1179.9535714285716 145.0 30.5
endloop
endfacet
facet normal 0.9929882741949438 0.0 0.11821288978511237
outer loop
vertex 1181.2035714285716 50.0 20.0
vertex 1179.9535714285716 145.0 30.5
vertex 1179.9535714285716 52.0 30.5
endloop
endfacet
facet normal 0.0 1.0 -0.0
outer loop
vertex 1181.2035714285716 145.0 20.0
vertex 1168.5035714285716 145.0 20.0
vertex 1169.7535714285716 145.0 30.5
endloop
endfacet
facet normal 0.0 1.0 -0.0
outer loop
vertex 1181.2035714285716 145.0 20.0
vertex 1169.7535714285716 145.0 30.5
vertex 1179.9535714285716 145.0 30.5
endloop
endfacet
facet normal -0.9929882741949437 0.0 0.11821288978511235
outer loop
vertex 1168.5035714285716 145.0 20.0
vertex 1168.5035714285716 50.0 20.0
vertex 1169.7535714285716 52.0 30.5
endloop
endfacet
facet normal -0.9929882741949438 0.0 0.11821288978511237
outer loop
vertex 1168.5035714285716 145.0 20.0
vertex 1169.7535714285716 52.0 30.5
vertex 1169.7535714285716 145.0 30.5
endloop
endfacet
facet normal 0.0 0.0 1.0
outer loop
vertex 1169.7535714285716 52.0 30.5
vertex 1179.9535714285716 52.0 30.5
vertex 1179.9535714285716 145.0 30.5
endloop
endfacet
facet normal 0.0 -0.0 1.0
outer loop
vertex 1169.7535714285716 52.0 30.5
vertex 1179.9535714285716 145.0 30.5
vertex 1169.7535714285716 145.0 30.5
endloop
endfacet

endsolid 86_A#7
solid 87_B7
facet normal 0.0 0.0 -1.0
outer loop
vertex 1194.3571428571427 0.0 0.0
vertex 1171.9285714285713 0.0 0.0
vertex 1171.9285714285713 50.0 0.0
endloop
endfacet
facet normal 0.0 -0.0 -1.0
outer loop
vertex 1182.2035714285716 145.0 0.0
vertex 1194.3571428571431 145.0 0.0
vertex 1194.3571428571427 50.0 0.0
endloop
endfacet
facet normal 0.0 0.0 -1.0
outer loop
vertex 1182.2035714285716 50.0 0.0
vertex 1182.2035714285716 145.0 0.0
vertex 1194.3571428571427 50.0 0.0
endloop
endfacet
facet normal 0.0 0.0 -1.0
outer loop
vertex 1194.3571428571427 0.0 0.0
vertex 1171.9285714285713 50.0 0.0
vertex 1182.2035714285716 50.0 0.0
endloop
endfacet
facet normal -0.0 -0.0 -1.0
outer loop
vertex 1194.3571428571427 50.0 0.0
vertex 1194.3571428571427 0.0 0.0
vertex 1182.2035714285716 50.0 0.0
endloop
endfacet
facet normal -0.0 0.0 1.0
outer loop
vertex 1171.9285714285713 50.0 20.0
vertex 1171.9285714285713 0.0 20.0
vertex 1194.3571428571427 0.0 20.0
endloop
endfacet
facet normal 0.0 -0.0 1.0
outer loop
vertex 1194.3571428571427 50.0 20.0
vertex 1194.3571428571431 145.0 20.0
vertex 1182.2035714285716 145.0 20.0
endloop
endfacet
facet normal 0.0 0.0 1.0
outer loop
vertex 1194.3571428571427 50.0 20.0
vertex 1182.2035714285716 145.0 20.0
vertex 1182.2035714285716 50.0 20.0
endloop
endfacet
facet normal 0.0 0.0 1.0
outer loop
vertex 1182.2035714285716 50.0 20.0
vertex 1171.9285714285713 50.0 20.0
vertex 1194.3571428571427 0.0 20.0
endloop
endfacet
facet normal -0.0 0.0 1.0
outer loop
vertex 1182.2035714285716 50.0 20.0
vertex 1194.3571428571427 0.0 20.0
vertex 1194.3571428571427 50.0 20.0
endloop
endfacet
facet normal -0.0 -0.9999999999999999 -0.0
outer loop
vertex 1194.3571428571427 0.0 20.0
vertex 1171.9285714285713 0.0 20.0
vertex 1194.3571428571427 0.0 0.0
endloop
endfacet
facet normal -0.0 -0.9999999999999999 -0.0
outer loop
vertex 1194.3571428571427 0.0 0.0
vertex 1171.9285714285713 0.0 20.0
vertex 1171.9285714285713 0.0 0.0
endloop
endfacet
facet normal 1.0 0.0 0.0
outer loop
vertex 1194.3571428571427 50.0 20.0
vertex 1194.3571428571427 0.0 20.0
vertex 1194.3571428571427 50.0 0.0
endloop
endfacet
facet normal 1.0 0.0 0.0
outer loop
vertex 1194.3571428571427 50.0 0.0
vertex 1194.3571428571427 0.0 20.0
vertex 1194.3571428571427 0.0 0.0
endloop
endfacet
facet normal 1.0 -4.786814219857517e-15 0.0
outer loop
vertex 1194.3571428571431 145.0 20.0
vertex 1194.3571428571427 50.0 20.0
vertex 1194.3571428571431 145.0 0.0
endloop
endfacet
facet normal 1.0 -4.786814219857517e-15 0.0
outer loop
vertex 1194.3571428571431 145.0 0.0
vertex 1194.3571428571427 50.0 20.0
vertex 1194.3571428571427 50.0 0.0
endloop
endfacet
facet normal -0.0 0.9999999999999999 0.0
outer loop
vertex 1182.2035714285716 145.0 20.0
vertex 1194.3571428571431 145.0 20.0
vertex 1182.2035714285716 145.0 0.0
endloop
endfacet
facet normal -0.0 0.9999999999999999 0.0
outer loop
vertex 1182.2035714285716 145.0 0.0
vertex 1194.3571428571431 145.0 20.0
vertex 1194.3571428571431 145.0 0.0
endloop
endfacet
facet normal -1.0 0.0 -0.0
outer loop
vertex 1182.2035714285716 50.0 20.0
vertex 1182.2035714285716 145.0 20.0
vertex 1182.2035714285716 50.0 0.0
endloop
endfacet
facet normal -1.0 0.0 0.0
outer loop
vertex 1182.2035714285716 50.0 0.0
vertex 1182.2035714285716 145.0 20.0
vertex 1182.2035714285716 145.0 0.0
endloop
endfacet
facet normal -1.0 0.0 -0.0
outer loop
vertex 1171.9285714285713 0.0 20.0
vertex 1171.9285714285713 50.0 20.0
vertex 1171.9285714285713 0.0 0.0
endloop
endfacet
facet normal -1.0 0.0 0.0
outer loop
vertex 1171.9285714285713 0.0 0.0
vertex 1171.9285714285713 50.0 20.0
vertex 1171.9285714285713 50.0 0.0
endloop
endfacet
facet normal -0.0 1.0 0.0
outer loop
vertex 1171.9285714285713 50.0 20.0
vertex 1182.2035714285716 50.0 20.0
vertex 1171.9285714285713 50.0 0.0
endloop
endfacet
facet normal -0.0 1.0 0.0
outer loop
vertex 1171.9285714285713 50.0 0.0
vertex 1182.2035714285716 50.0 20.0
vertex 1182.2035714285716 50.0 0.0
endloop
endfacet

endsolid 87_B7
solid 88_C8
facet normal 0.0 0.0 -1.0
outer loop
vertex 1218.2857142857142 0.0 0.0
vertex 1195.357142857143 0.0 0.0
vertex 1195.357142857143 50.0 0.0
endloop
endfacet
facet normal -0.0 -0.0 -1.0
outer loop
vertex 1218.2857142857142 50.0 0.0
vertex 1218.2857142857142 0.0 0.0
vertex 1195.357142857143 50.0 0.0
endloop
endfacet
facet normal -0.0 -0.0 -1.0
outer loop
vertex 1218.2857142857142 145.0 0.0
vertex 1218.2857142857142 50.0 0.0
vertex 1195.357142857143 50.0 0.0
endloop
endfacet
facet normal 0.0 -0.0 -1.0
outer loop
vertex 1195.357142857143 145.0 0.0
vertex 1218.2857142857142 145.0 0.0
vertex 1195.357142857143 50.0 0.0
endloop
endfacet
facet normal -0.0 0.0 1.0
outer loop
vertex 1195.357142857143 50.0 20.0
vertex 1195.357142857143 0.0 20.0
vertex 1218.2857142857142 0.0 20.0
endloop
endfacet
facet normal -0.0 0.0 1.0
outer loop
vertex 1195.357142857143 50.0 20.0
vertex 1218.2857142857142 0.0 20.0
vertex 1218.2857142857142 50.0 20.0
endloop
endfacet
facet normal 0.0 0.0 1.0
outer loop
vertex 1195.357142857143 50.0 20.0
vertex 1218.2857142857142 50.0 20.0
vertex 1218.2857142857142 145.0 20.0
endloop
endfacet
facet normal 0.0 -0.0 1.0
outer loop
vertex 1195.357142857143 50.0 20.0
vertex 1218.2857142857142 145.0 20.0
vertex 1195.357142857143 145.0 20.0
endloop
endfacet
facet normal -0.0 -0.9999999999999999 -0.0
outer loop
vertex 1218.2857142857142 0.0 20.0
vertex 1195.357142857143 0.0 20.0
vertex 1218.2857142857142 0.0 0.0
endloop
endfacet
facet normal -0.0 -0.9999999999999999 -0.0
outer loop
vertex 1218.2857142857142 0.0 0.0
vertex 1195.357142857143 0.0 20.0
vertex 1195.357142857143 0.0 0.0
endloop
endfacet
facet normal 1.0 0.0 0.0
outer loop
vertex 1218.2857142857142 50.0 20.0
vertex 1218.2857142857142 0.0 20.0
vertex 1218.2857142857142 50.0 0.0
endloop
endfacet
facet normal 1.0 0.0 0.0
outer loop
vertex 1218.2857142857142 50.0 0.0
vertex 1218.2857142857142 0.0 20.0
vertex 1218.2857142857142 0.0 0.0
endloop
endfacet
facet normal 1.0 0.0 0.0
outer loop
vertex 1218.2857142857142 145.0 20.0
vertex 1218.2857142857142 50.0 20.0
vertex 1218.2857142857142 145.0 0.0
endloop
endfacet
facet normal 1.0 0.0 0.0
outer loop
vertex 1218.2857142857142 145.0 0.0
vertex 1218.2857142857142 50.0 20.0
vertex 1218.2857142857142 50.0 0.0
endloop
endfacet
facet normal -0.0 0.9999999999999999 0.0
outer loop
vertex 1195.357142857143 145.0 20.0
vertex 1218.2857142857142 145.0 20.0
vertex 1195.357142857143 145.0 0.0
endloop
endfacet
facet normal -0.0 0.9999999999999999 0.0
outer loop
vertex 1195.357142857143 145.0 0.0
vertex 1218.2857142857142 145.0 20.0
vertex 1218.2857142857142 145.0 0.0
endloop
endfacet
facet normal -1.0 0.0 -0.0
outer loop
vertex 1195.357142857143 0.0 20.0
vertex 1195.357142857143 50.0 20.0
vertex 1195.357142857143 0.0 0.0
endloop
endfacet
facet normal -1.0 0.0 0.0
outer loop
vertex 1195.357142857143 0.0 0.0
vertex 1195.357142857143 50.0 20.0
vertex 1195.357142857143 50.0 0.0
endloop
endfacet
facet normal -1.0 0.0 -0.0
outer loop
vertex 1195.357142857143 50.0 20.0
vertex 1195.357142857143 145.0 20.0
vertex 1195.357142857143 50.0 0.0
endloop
endfacet
facet normal -1.0 0.0 0.0
outer loop
vertex 1195.357142857143 50.0 0.0
vertex 1195.357142857143 145.0 20.0
vertex 1195.357142857143 145.0 0.0
endloop
endfacet

endsolid 88_C8
